dff,demixed,raw,neuropil_corrected,events,plane,col,volume,roi
[0.42380401 0.37287766 0.48394495 ... 0.15319468 0.05466144 0.0646693 ],[418.2715  427.99326 461.58002 ... 401.92163 366.20804 349.78412],[441.7383  452.8318  486.01868 ... 434.63553 388.71027 368.51868],[386.61475 394.77914 430.13464 ... 372.91022 328.08548 307.75323],[0.         0.         0.05297471 ... 0.         0.         0.        ],0,1,3,0
[0.24761494 0.02103203 0.14381145 ... 0.13200676 0.267653   0.00586273],[415.7202  390.63217 424.28104 ... 457.69916 484.1956  395.71872],[422.56097 391.84756 427.7073  ... 465.19513 485.65244 397.0061 ],[356.04297 321.29114 356.89233 ... 388.86182 415.22012 328.99237],[0.         0.         0.04511147 ... 0.02799688 0.         0.        ],0,1,3,1
[0.59060085 0.15092514 0.19300096 ... 0.21971689 0.14789656 0.03110218],[408.03488 348.72675 367.84885 ... 387.65698 342.69766 300.85464],[408.03488 348.72675 367.84885 ... 387.65698 342.69766 300.85464],[364.56964 300.32623 316.08975 ... 337.44006 292.89752 254.59334],[0. 0. 0. ... 0. 0. 0.],0,1,3,2
[0.1667362  0.         0.         ... 0.26696768 0.1880979  0.35621807],[425.92554 382.968   377.9024  ... 468.75443 453.44122 448.0974 ],[462.49734 413.8201  428.74075 ... 504.3439  482.1799  481.04233],[411.09155 364.54926 369.32175 ... 453.53598 428.89963 430.998  ],[0.         0.         0.03555892 ... 0.0483671  0.         0.        ],0,1,3,3
[0.04901794 0.24696194 0.20830138 ... 0.04292816 0.09175479 0.19631422],[370.2254  435.5751  425.75577 ... 417.79388 433.8019  431.02087],[371.14737 436.4158  426.61053 ... 421.21054 434.68948 432.     ],[307.88763 365.808   357.23172 ... 350.96088 355.83884 358.7148 ],[0.         0.         0.         ... 0.         0.02857465 0.        ],0,1,3,4
"[ 0.02509172  0.06627402  0.02116277 ... -0.16743024  0.30823392
  0.20658089]",[325.47653 334.71243 326.68155 ... 328.63422 435.82227 364.50922],[337.38614 352.11386 345.98514 ... 355.21783 454.41583 388.8119 ],[258.51117 276.0439  268.5366  ... 268.74002 375.1882  303.69366],[0.         0.         0.         ... 0.05160794 0.         0.        ],0,1,3,5
"[ 0.          0.24970916  0.03765249 ... -0.08816434  0.2500628
  0.23726366]",[347.52475 476.10928 417.7273  ... 403.58194 483.54642 438.69598],[357.6564  482.18503 424.62994 ... 414.69162 495.4229  454.51984],[321.9689  443.06583 380.5044  ... 372.9356  457.0236  416.58923],[0.         0.         0.         ... 0.05052598 0.         0.        ],0,1,3,6
[0.08493526 0.5214325  0.25407898 ... 0.08116801 0.09027281 0.37098157],[239.4489  324.72952 296.11127 ... 300.9735  304.39072 294.03668],[245.41618 340.8844  306.10983 ... 308.7977  310.52023 302.0578 ],[181.206   276.13742 237.07507 ... 239.8814  239.63638 235.56238],[0.         0.         0.         ... 0.         0.05977945 0.        ],0,1,3,7
"[ 0.          0.          0.01562466 ...  0.2271337  -0.01550666
  0.22174057]",[292.84988 301.37912 315.2274  ... 369.70068 316.44806 378.5393 ],[332.31122 345.39005 357.87967 ... 441.92117 367.32364 423.59335],[265.8929 284.9625 292.3911 ... 377.2145 302.4905 357.7117],[0.         0.         0.         ... 0.         0.03528737 0.        ],0,1,3,8
"[ 0.16518196  0.21801826  0.17653047 ... -0.03833649  0.10349068
  0.12782595]",[306.95938 336.71518 331.68866 ... 295.8816  330.82236 319.4718 ],[321.8125  354.34134 351.8846  ... 313.26923 342.53366 332.87018],[280.2961  311.08542 303.73087 ... 268.05228 297.91467 292.94308],[0.         0.         0.         ... 0.         0.02507497 0.        ],0,1,3,9
[0.01493313 0.13948357 0.07712542 ... 0.04980943 0.1504726  0.11303393],[229.83794 253.5931  253.60449 ... 255.10562 266.78018 254.7603 ],[242.53983 272.67258 266.04425 ... 276.34512 287.323   270.3761 ],[230.97435 262.09814 254.29416 ... 262.80545 275.77875 257.59232],[0. 0. 0. ... 0. 0. 0.],0,1,3,10
[0.20699203 0.42843986 0.2917731  ... 0.02428081 0.10829516 0.2807403 ],[300.13608 398.78864 373.99344 ... 348.18768 341.29605 367.4084 ],[312.6359  416.8051  404.8     ... 365.68716 369.7436  398.2564 ],[263.4261  369.66766 350.5759  ... 312.38525 317.89938 346.85596],[0.         0.         0.         ... 0.         0.03685285 0.        ],0,1,3,11
[0.27989733 0.12376557 0.2139874  ... 1.6780311  0.89675164 0.96655196],[420.26712 383.01578 411.8342  ... 834.10187 609.48114 630.16345],[430.12372 392.51547 435.86084 ... 851.3815  621.7371  641.17523],[381.9921  345.6218  379.68222 ... 798.1766  569.53503 587.11475],[0.         0.         0.10122941 ... 0.         0.         0.        ],0,1,3,12
"[ 0.3837427   0.          0.35558093 ...  0.18368962 -0.13364477
  0.23954923]",[354.46646 295.26035 346.3188  ... 336.23636 286.70865 312.20654],[473.0792  380.94058 482.64355 ... 463.53467 370.25742 416.51486],[414.37476 316.10397 411.1482  ... 397.09882 303.11603 353.05725],[0.         0.         0.         ... 0.         0.03694062 0.        ],0,1,3,13
[0.09015749 0.04218426 0.2711482  ... 0.29622793 0.00527304 0.24179247],[299.08667 302.05728 349.98956 ... 378.40042 311.39282 332.66748],[304.29474 305.7     354.78946 ... 383.57895 314.03683 336.8158 ],[247.50604 246.72183 294.62564 ... 317.82056 250.59074 272.54352],[0. 0. 0. ... 0. 0. 0.],0,1,3,14
"[ 0.14234608  0.84684503  0.5457811  ... -0.01236595  0.2639084
  0.21454391]",[383.85083 522.0678  482.05817 ... 363.63632 427.6338  368.5931 ],[418.60895 593.2905  528.48047 ... 406.60336 473.82123 404.26816],[331.59158 509.91125 440.4376  ... 320.4958  389.98288 317.90887],[0.09135036 0.         0.         ... 0.         0.         0.        ],0,1,3,15
[0.         0.19807196 0.24634194 ... 0.09249458 0.08541938 0.3712319 ],[318.16672 363.10583 379.9596  ... 362.94247 349.31305 394.7197 ],[328.94064 376.17352 395.85846 ... 372.3242  361.31506 407.81735],[276.85977 327.17792 339.3948  ... 321.17755 304.94196 355.42007],[0.         0.02823386 0.         ... 0.         0.06080581 0.        ],0,1,3,16
"[ 0.2114592   0.13104557  0.03920038 ... -0.11151244  0.18672751
  0.12874694]",[297.6945  276.89957 259.88974 ... 256.98294 317.4664  277.71414],[409.07065 389.59238 376.21194 ... 355.27173 429.38043 380.97827],[366.50378 348.47662 332.46024 ... 311.7875  389.50977 339.325  ],[0. 0. 0. ... 0. 0. 0.],0,1,3,17
[0.10969976 0.18644853 0.04974142 ... 0.05125468 0.0928065  0.02003907],[313.9511  335.84    311.02667 ... 311.20444 313.08444 290.63556],[313.9511  335.84    311.02667 ... 311.20444 313.08444 290.63556],[269.80188 291.33347 264.48218 ... 264.3482  268.44498 246.02158],[0. 0. 0. ... 0. 0. 0.],0,1,3,18
[0.00246456 0.12030408 0.16194518 ... 0.14169112 0.11094675 0.20199332],[303.22983 328.87473 349.14304 ... 338.2516  323.3292  347.10437],[309.1402  336.96262 356.31775 ... 351.18692 344.00934 358.014  ],[270.16174 299.80734 314.17325 ... 313.60715 303.81274 319.4317 ],[0. 0. 0. ... 0. 0. 0.],0,1,3,19
[0.38753477 0.26085454 0.10940548 ... 0.1636048  0.0917526  0.15912387],[318.66135 304.86032 296.3894  ... 332.9013  310.3888  325.8059 ],[336.2594  320.76987 312.1799  ... 350.51465 326.93723 339.1883 ],[302.50037 289.70746 281.45514 ... 315.8891  294.0118  306.6492 ],[0. 0. 0. ... 0. 0. 0.],0,1,3,20
[0.09784613 0.14444801 0.00390021 ... 0.66953766 0.8080247  0.72588676],[251.70732 272.39722 243.45113 ... 366.22913 399.22122 396.4916 ],[354.21396 364.75348 343.0279  ... 517.2093  550.52094 522.84186],[300.23254 313.9997  288.66348 ... 460.28952 493.751   469.66473],[0.         0.         0.         ... 0.03740358 0.         0.        ],0,1,3,21
[0.11122273 0.01135911 0.18487959 ... 0.07519022 0.36341736 0.14277427],[340.08038 353.35184 420.75388 ... 409.65704 459.55603 383.458  ],[382.97937 391.3402  450.6701  ... 453.71133 505.47937 421.97937],[332.35193 343.85126 393.58987 ... 401.26575 455.11777 372.54846],[0.         0.         0.         ... 0.04940861 0.         0.        ],0,1,3,22
"[ 0.11708782  0.39151588  0.04152999 ... -0.05877465  0.14411712
  0.18636625]",[333.42844 441.54208 349.2913  ... 326.0033  374.01254 348.88156],[382.0345  491.7192  416.46304 ... 386.3744  421.7143  412.40393],[290.32028 397.18454 314.50513 ... 286.38528 325.81964 317.0776 ],[0.         0.         0.         ... 0.         0.03636177 0.        ],0,1,3,23
"[ 0.18215486 -0.04282476  0.11960892 ...  0.10277053  0.14051159
  0.        ]",[279.35666 256.45892 302.23535 ... 303.60678 313.4667  263.1886 ],[321.03317 291.76303 338.36493 ... 339.3886  348.09006 293.3128 ],[275.19952 246.38722 293.483   ... 294.50204 299.58087 246.85454],[0. 0. 0. ... 0. 0. 0.],0,1,3,24
"[ 0.27260053  0.15627281  0.09871823 ... -0.00110716  0.16129838
  0.00110716]",[347.4474  324.63013 317.1988  ... 303.44858 347.68207 310.42667],[400.1991  382.85068 380.7783  ... 360.0543  406.71494 358.3439 ],[359.1073  346.28793 341.61734 ... 317.1066  362.15677 316.0676 ],[0. 0. 0. ... 0. 0. 0.],0,1,3,25
"[ 0.3544327   0.51143897  0.6779371  ...  0.         -0.02740574
  0.30955556]",[477.96027 550.1973  599.06024 ... 461.11066 440.54108 529.0176 ],[484.13986 553.35315 603.535   ... 465.55246 447.1259  535.13635],[377.98804 444.93787 496.00073 ... 346.3091  334.81113 420.9551 ],[0.         0.03977416 0.         ... 0.         0.05060374 0.        ],0,1,3,26
[0.35901582 0.09115493 0.16681978 ... 0.21241792 0.21193098 0.11326751],[261.80447 244.47203 272.4197  ... 303.262   282.82523 257.67865],[314.02042 302.0255  321.5     ... 339.83673 324.65308 294.58673],[291.87988 279.17484 300.95795 ... 321.19882 306.95624 276.0987 ],[0. 0. 0. ... 0. 0. 0.],0,1,3,27
[0.05858764 0.2642871  0.15336658 ... 0.03407338 0.22797495 0.00864377],[326.4659  372.08267 349.6959  ... 327.0923  368.61862 315.14035],[330.51175 378.31924 358.3427  ... 338.22534 382.03757 319.51175],[279.5526  325.6975  301.67807 ... 284.56894 331.6807  271.09232],[0. 0. 0. ... 0. 0. 0.],0,1,3,28
[0.         0.13935572 0.13025707 ... 0.180071   0.066544   0.5083303 ],[198.17618 255.96553 240.46788 ... 263.74112 229.56168 296.6567 ],[285.6282  328.66025 334.33334 ... 332.41666 305.84616 372.40384],[232.92621 273.71417 272.5932  ... 277.2811  250.12988 317.23492],[0.         0.         0.         ... 0.         0.05832994 0.        ],0,1,3,29
"[ 0.13957487 -0.02428749  0.01218353 ...  0.18954535  0.00422186
  0.27677888]",[240.80734 218.57265 224.64929 ... 292.79462 246.27043 284.6329 ],[306.398   285.26865 297.28854 ... 367.4179  317.26367 357.50748],[284.49246 263.9337  273.66302 ... 344.8872  294.9282  335.8432 ],[0.         0.         0.         ... 0.         0.02821344 0.        ],0,1,3,30
[0.18192276 0.31357136 0.08034774 ... 0.16105758 0.01909457 0.16165152],[317.7118  349.82407 319.81177 ... 357.2882  316.65356 342.77557],[335.4091  370.24545 328.43182 ... 378.4     338.4909  359.84546],[277.90967 312.92398 267.90594 ... 315.2537  273.02502 297.27393],[0. 0. 0. ... 0. 0. 0.],0,1,3,31
[0.21953478 0.26502618 0.53725845 ... 0.2811013  0.20098092 0.02196402],[345.2804  363.36774 429.46735 ... 406.44632 387.42267 329.53885],[375.84772 391.3604  468.60406 ... 438.07108 417.2132  358.9543 ],[327.45865 342.99323 416.8007  ... 389.48865 365.8523  309.11087],[0.         0.05405504 0.         ... 0.         0.         0.        ],0,1,3,32
[0.13318457 0.         0.11120187 ... 0.11229066 0.02331553 0.        ],[288.71573 269.5408  303.94244 ... 307.2932  289.45605 256.8711 ],[308.56784 288.0402  325.80905 ... 327.79398 308.35175 277.15076],[262.5225  239.4126  275.56903 ... 279.92493 258.67838 224.78252],[0. 0. 0. ... 0. 0. 0.],0,1,3,33
[0.04125689 0.10512241 0.10510513 ... 0.01315679 0.         0.32043454],[224.3529  223.92273 243.55415 ... 259.25156 254.0625  250.6869 ],[283.56488 308.33588 309.4122  ... 316.48856 301.74045 337.08398],[245.6285  270.09158 273.15268 ... 276.2224  263.23917 300.54987],[0.         0.         0.0235697  ... 0.         0.04240642 0.        ],0,1,3,34
"[ 0.1654938   0.26627824 -0.02633263 ... -0.12525497  0.08697632
  0.16576271]",[215.58081 231.56747 196.2485  ... 202.68979 220.91563 194.3336 ],[248.15338 280.9632  233.70552 ... 234.29448 256.45398 240.23926],[217.73074 248.7626  202.96771 ... 201.9172  224.1884  209.73404],[0.         0.         0.         ... 0.         0.02942596 0.        ],0,1,3,35
"[ 0.12099916  0.17327522  0.18956086 ... -0.15711194  0.10768201
  0.15196735]",[352.12366 367.32257 393.      ... 346.01614 426.0215  387.9086 ],[352.12366 367.32257 393.      ... 346.01614 426.0215  387.9086 ],[300.79575 315.30447 340.02502 ... 297.68417 368.34634 331.94196],[0. 0. 0. ... 0. 0. 0.],0,1,3,36
"[ 0.37936863  0.11124456  0.4943536  ... -0.18326026  0.01809332
  0.45933896]",[423.5158  357.27585 459.71918 ... 317.75406 359.8071  419.7082 ],[458.03473 387.1111  499.2639  ... 339.5486  392.53473 454.88196],[418.32266 351.3684  458.85608 ... 302.19205 352.48877 417.06024],[0.         0.         0.09323101 ... 0.         0.07083468 0.        ],0,1,3,37
[0.4683797  0.24487855 0.39997    ... 0.4753393  0.35250047 0.5273412 ],[381.91467 356.18277 400.65158 ... 412.01843 361.59143 386.89465],[410.83545 392.1266  427.2342  ... 439.50632 408.21518 419.15823],[361.67813 333.7307  374.38437 ... 389.73526 354.05936 362.52588],[0. 0. 0. ... 0. 0. 0.],0,1,3,38
[0.10761428 0.18003778 0.16626364 ... 0.4018914  0.25384524 0.1459182 ],[321.5054  349.06003 358.55536 ... 427.59955 365.22406 338.41766],[404.3458  416.35513 432.78036 ... 489.11215 443.62616 411.74298],[335.51297 354.49896 366.16837 ... 424.01706 378.91916 339.10916],[0.         0.         0.01856986 ... 0.         0.         0.        ],0,1,3,39
"[ 0.323303   -0.09468278  0.1554847  ...  0.0929794  -0.05711773
  0.09907951]",[404.6435  344.37546 414.81424 ... 423.4638  379.42212 415.2956 ],[425.55804 362.48215 433.6116  ... 456.5982  411.5491  435.1473 ],[362.08542 292.7726  367.76337 ... 389.86478 342.47952 370.07904],[0. 0. 0. ... 0. 0. 0.],0,1,3,40
[0.         0.11265364 0.15984628 ... 0.10700447 0.24608277 0.4252351 ],[273.93167 313.66797 336.95734 ... 312.49298 320.12158 318.30737],[292.60767 333.11963 356.14832 ... 331.30142 343.92822 348.64594],[246.16101 283.20462 303.16818 ... 281.51517 296.29282 300.09586],[0.         0.         0.         ... 0.         0.06308021 0.        ],0,1,3,41
[0.2801356  0.00030369 0.22613424 ... 0.         0.04417848 0.2274476 ],[372.2161  333.9045  392.2412  ... 365.2814  368.13568 399.7186 ],[372.2161  333.9045  392.2412  ... 365.2814  368.13568 399.7186 ],[298.5306  256.92508 308.29218 ... 281.30627 289.56436 318.43912],[0.         0.         0.         ... 0.         0.02599865 0.        ],0,1,3,42
[0.11164491 0.15691593 0.10374943 ... 0.11786659 0.05580216 0.21563411],[336.42697 379.18137 396.61844 ... 414.84546 398.59018 424.78622],[366.76794 409.8945  413.46835 ... 441.38818 427.62024 446.52744],[305.4667  344.4646  342.09915 ... 375.3488  355.9973  385.9323 ],[0.         0.         0.         ... 0.         0.02945903 0.        ],0,1,3,43
[0.06046715 0.04750073 0.13230552 ... 0.16744165 0.11972383 0.17367463],[251.64293 252.25017 264.53058 ... 269.2616  245.49731 269.82394],[297.83255 297.933   318.86124 ... 332.54068 315.12918 317.95694],[278.96027 278.3519  299.84482 ... 312.31433 293.85275 299.38516],[0. 0. 0. ... 0. 0. 0.],0,1,3,44
[0.01647899 0.3177302  0.85993224 ... 0.30812857 0.13423498 0.29378828],[313.79626 401.0621  516.54333 ... 406.4497  359.4215  366.35037],[391.02548 479.51593 634.35034 ... 490.85352 441.6688  481.43314],[322.50458 405.7807  548.5327  ... 415.30017 368.7151  407.21323],[0.         0.09331917 0.         ... 0.         0.         0.        ],0,1,3,45
[0.         0.00723538 0.01459147 ... 0.04710314 0.         0.22730419],[182.35818 184.66148 185.73604 ... 189.13885 185.35329 223.49123],[243.07663 248.86974 252.16858 ... 257.15707 247.46361 295.7931 ],[227.93321 232.95839 236.8027  ... 241.14714 230.72456 278.79663],[0.         0.         0.01420191 ... 0.         0.03223629 0.        ],0,1,3,46
[0.28317636 0.14970523 0.26805034 ... 0.07809103 0.24850897 0.04717597],[348.90396 394.87958 448.80545 ... 406.13477 423.7933  374.33035],[420.33743 455.54602 508.7546  ... 470.27606 511.9632  440.41718],[367.21277 401.908   451.82135 ... 415.89914 453.71826 389.66943],[0.         0.         0.         ... 0.02134733 0.         0.        ],0,1,3,47
[0.04839448 0.22739981 0.450192   ... 0.06571537 0.11808361 0.27911702],[349.92163 405.51764 465.64224 ... 380.51907 345.22345 381.92776],[398.51282 453.7641  522.89746 ... 427.20514 393.26666 428.1436 ],[348.7038  405.2909  468.69568 ... 372.6962  343.67227 377.82553],[0.         0.04789966 0.         ... 0.         0.03124733 0.        ],0,1,3,48
"[ 0.0754578   0.02496506  0.10367132 ... -0.04495382  0.17629369
  0.49583498]",[298.3907  299.4933  322.28745 ... 298.673   337.9684  372.86362],[352.60577 344.47116 363.6875  ... 332.72595 381.58655 424.21634],[318.89142 308.78958 328.95032 ... 298.00717 347.41037 389.39917],[0.         0.02151106 0.         ... 0.         0.06692484 0.        ],0,1,3,49
[0.265495   0.18507808 0.30159158 ... 0.16212356 0.00297536 0.42392695],[404.09314 373.10492 422.24326 ... 410.41052 334.16037 412.50366],[461.0351  457.32748 502.2807  ... 478.61987 415.08188 507.00586],[408.42197 402.72592 448.6657  ... 424.36365 363.15436 452.46115],[0.         0.         0.         ... 0.         0.05274909 0.        ],0,1,3,50
[0.22289693 0.37051427 0.24069744 ... 0.23321949 0.0229233  0.15131727],[279.7434  362.78003 315.49307 ... 332.31467 299.884   302.88943],[371.1824  459.91196 437.77988 ... 438.8113  375.33334 384.9937 ],[317.8409  404.9234  375.4605  ... 384.19028 319.94232 325.0257 ],[0. 0. 0. ... 0. 0. 0.],0,1,3,51
[0.18092205 0.01046812 0.04066831 ... 0.0980746  0.         0.10359278],[220.42511 200.25127 229.01164 ... 219.36574 201.53537 203.83415],[309.24405 300.83334 316.24405 ... 329.3155  293.8274  298.4107 ],[281.7682  273.38235 285.409   ... 298.75998 265.86108 271.88693],[0. 0. 0. ... 0. 0. 0.],0,1,3,52
[0.32744324 0.23396914 0.16771264 ... 0.27913406 0.07491149 0.2244454 ],[372.4411  400.16867 391.19495 ... 410.49002 362.47308 370.4025 ],[402.94513 430.73172 419.83536 ... 450.09756 395.94513 408.36584],[336.99048 364.13843 350.05542 ... 380.94858 327.24265 349.3667 ],[0. 0. 0. ... 0. 0. 0.],0,1,3,53
[0.06959303 0.24347113 0.28385702 ... 0.05971586 0.         0.14817616],[324.67026 385.80542 406.3081  ... 358.73514 344.9946  331.35675],[324.67026 385.80542 406.3081  ... 358.73514 344.9946  331.35675],[251.63974 310.11902 327.2487  ... 286.88013 271.476   261.02747],[0. 0. 0. ... 0. 0. 0.],0,1,3,54
"[ 0.4208562   0.24264915  0.22830775 ... -0.08050038  0.
  0.08050038]",[256.00204 223.10965 244.03647 ... 191.49014 199.01358 190.9147 ],[383.01315 346.9408  354.75    ... 298.41446 296.6908  312.19736],[333.55853 298.66473 303.08545 ... 248.97627 246.39815 258.6963 ],[0. 0. 0. ... 0. 0. 0.],0,1,3,55
"[ 0.3593655  -0.12424216  0.11216211 ... -0.04742584  0.
  0.10878769]",[366.95557 283.54907 348.3088  ... 326.34634 328.15936 329.77313],[371.02347 285.85916 350.71832 ... 328.42722 331.38028 333.93896],[330.6726  251.6443  313.42673 ... 289.62277 291.1348  292.46872],[0. 0. 0. ... 0. 0. 0.],0,1,3,56
"[ 0.18970677  0.18803738  0.32637265 ... -0.04204553  0.11712041
  0.12223052]",[420.6709  427.03284 478.85596 ... 409.76083 441.8748  430.2634 ],[439.30582 457.5097  505.49515 ... 425.35437 461.69904 444.59708],[375.0025  387.14572 430.5439  ... 354.5355  399.34988 380.2309 ],[0.         0.         0.         ... 0.02151323 0.         0.        ],0,1,3,57
"[ 0.05742804  0.48894346  0.37040645 ...  0.106492   -0.09739024
  0.4341155 ]",[222.89818 326.67984 284.18802 ... 270.41757 242.70065 321.9699 ],[350.44852 470.7353  454.60294 ... 408.77206 342.21323 456.39706],[305.0512  425.17282 403.04074 ... 359.1523  297.8891  412.20273],[0.04519186 0.         0.         ... 0.         0.0677516  0.        ],0,1,3,58
"[ 0.50632244 -0.00803536  0.18286748 ...  0.21032038  0.27750242
  0.1356491 ]",[399.01028 325.40924 360.28174 ... 376.08163 375.8748  340.50937],[467.61453 374.98325 458.55865 ... 453.41342 468.31845 399.93854],[384.58316 287.70645 355.75064 ... 365.43765 378.65298 320.3264 ],[0. 0. 0. ... 0. 0. 0.],0,1,3,59
"[ 0.          0.22347416  0.12280126 ... -0.10392607  0.22304408
  0.22404931]",[351.91183 431.29263 411.27988 ... 340.50992 418.08856 388.59146],[403.6009  489.7175  470.53812 ... 403.2601  477.04483 465.4933 ],[343.358   418.3198  393.0055  ... 339.92734 411.60315 401.6141 ],[0.         0.         0.         ... 0.04667643 0.         0.        ],0,1,3,60
"[ 0.15169953  0.         -0.02495098 ...  0.2496988   0.12040035
  0.36251974]",[310.74884 292.4576  296.69485 ... 400.603   367.29834 418.26562],[324.9304  301.96204 302.12024 ... 416.88608 383.90506 426.42404],[274.60672 251.32185 252.20164 ... 363.32297 326.0018  371.02646],[0.         0.         0.03735282 ... 0.         0.03274274 0.        ],0,1,3,61
[0.1837012  0.15383117 0.46386325 ... 0.3189686  0.05178587 0.        ],[286.8165  300.56744 386.14017 ... 364.45453 289.20038 276.02463],[290.22314 307.0496  394.6529  ... 368.9339  296.42975 279.86777],[258.9433  274.06088 354.60638 ... 329.91428 260.45514 244.13583],[0. 0. 0. ... 0. 0. 0.],0,1,3,62
[0.00186143 0.24420562 0.19942507 ... 0.17572166 0.08704759 0.16879818],[220.07277 263.18362 273.00772 ... 300.73026 255.85341 268.64105],[246.44444 293.86667 308.47223 ... 337.9222  302.13333 306.6889 ],[210.74803 260.15707 272.4331  ... 301.13577 267.2537  272.40265],[0.04213817 0.         0.         ... 0.         0.         0.        ],0,1,3,63
[0.15433338 0.         0.10771938 ... 0.05305303 0.0530088  0.        ],[294.1329  276.15714 315.55634 ... 313.5992  295.44443 288.09198],[343.21906 323.85715 355.77618 ... 370.63333 349.6381  319.24286],[295.11258 275.8813  309.67737 ... 323.37796 308.29898 273.54218],[0.        0.        0.0283902 ... 0.        0.        0.       ],0,1,3,64
"[ 0.17031734  0.12839587  0.13312097 ... -0.07769879  0.09016398
  0.22158223]",[419.47256 410.31888 434.63742 ... 394.313   415.00943 455.79083],[476.8095  472.71906 484.08572 ... 452.1857  473.45715 507.17618],[430.24576 421.47028 427.25687 ... 398.76993 427.7692  458.066  ],[0.         0.         0.         ... 0.         0.03525751 0.        ],0,1,3,65
[0.24148777 0.44623658 0.07949226 ... 0.06090821 0.13718607 0.3656491 ],[357.72247 407.49084 340.53293 ... 332.67044 331.7244  359.5831 ],[387.07144 444.2143  366.8631  ... 383.85715 357.5238  392.375  ],[321.8144  377.44754 296.84406 ... 314.38748 293.85718 324.14444],[0.         0.         0.         ... 0.         0.05106461 0.        ],0,1,3,66
[0.         0.2419206  0.05642652 ... 0.         0.11872326 0.28898332],[257.9943  333.51328 290.10425 ... 304.23737 335.59854 335.1526 ],[311.79724 387.95853 348.86176 ... 369.37326 391.81567 407.97696],[258.1179  334.68805 293.3793  ... 316.92914 340.71848 353.8521 ],[0.         0.         0.         ... 0.         0.03924984 0.        ],0,1,3,67
"[ 0.01973569  0.15773097  0.18104497 ... -0.02091544  0.12880708
  0.24409139]",[310.00195 348.67886 357.51328 ... 315.48865 342.77353 335.25534],[312.2961  351.03885 359.53885 ... 319.69904 346.64078 337.38834],[261.79807 300.6928  309.0774  ... 267.1711  290.96277 287.28156],[0.         0.         0.         ... 0.         0.03552938 0.        ],0,1,3,68
[0.13659927 0.06876364 0.14463606 ... 0.1622504  0.07733318 0.20606615],[290.983   276.28513 302.85626 ... 314.22452 288.6349  309.88953],[342.7371  332.46478 356.84506 ... 374.4507  357.15494 374.01877],[292.33398 281.11536 298.49164 ... 320.68283 299.48898 319.47882],[0.         0.         0.01975148 ... 0.         0.         0.        ],0,1,3,69
[0.07752895 0.16665098 0.45398316 ... 0.5348704  0.714427   0.84934914],[225.23103 210.72049 262.15213 ... 302.0213  337.46982 345.2822 ],[307.125   325.3875  395.74374 ... 436.09375 472.7625  494.19376],[278.21484 297.79916 362.56854 ... 403.2611  442.21124 462.9414 ],[0.         0.05139564 0.03854031 ... 0.         0.02214049 0.        ],0,1,3,70
"[ 0.          0.19498323  0.1396619  ...  0.2702844  -0.02118394
  0.12160332]",[297.18127 373.93393 349.93362 ... 420.46182 353.49347 368.4917 ],[311.07693 379.96155 365.4011  ... 436.4945  360.72528 383.6813 ],[266.24832 333.828   322.6007  ... 389.30542 311.06168 333.00113],[0. 0. 0. ... 0. 0. 0.],0,1,3,71
[0.14156595 0.0984875  0.12956615 ... 0.         0.11903378 0.1447825 ],[268.72528 266.55984 280.66504 ... 266.9759  291.5072  293.27322],[307.9842  301.46246 324.51382 ... 304.415   336.40317 335.0158 ],[271.42526 264.87158 287.04184 ... 269.69446 297.65475 299.05814],[0.         0.         0.         ... 0.         0.02242853 0.        ],0,1,3,72
"[ 0.2009891   0.21382181 -0.07361074 ...  0.06937655  0.1381317
  0.0393875 ]",[303.64276 345.1955  265.58368 ... 312.02844 313.55194 286.15372],[330.31052 368.08948 302.32104 ... 337.8421  350.14737 315.72104],[279.87723 313.6873  250.8148  ... 281.96426 297.62695 256.18723],[0. 0. 0. ... 0. 0. 0.],0,1,3,73
"[ 0.46264544 -0.0076148   0.47778502 ...  0.15782179  0.15903269
  0.32943398]",[358.32718 271.18527 394.38086 ... 315.1921  320.72656 330.59485],[396.9936  309.57693 428.66025 ... 351.42307 348.51923 350.31412],[366.12958 280.2653  394.45917 ... 317.09253 316.3096  322.93228],[0.         0.03103735 0.         ... 0.         0.03931891 0.        ],0,1,3,74
[0.1335305  0.40968326 0.02479479 ... 0.16072387 0.20719926 0.20712695],[358.7611  416.2238  355.15796 ... 398.57434 400.81982 384.20856],[404.24313 488.38992 407.72476 ... 464.42203 457.15598 451.32568],[346.37695 427.38535 340.21487 ... 402.8953  403.1538  388.61075],[0. 0. 0. ... 0. 0. 0.],0,1,3,75
"[ 0.1091529   0.          0.10073683 ... -0.03137003  0.14692876
  0.17127782]",[366.1696  356.8518  374.7551  ... 410.4018  451.69388 436.457  ],[387.66815 375.65488 402.72568 ... 433.97787 468.85397 464.5885 ],[309.93674 290.9766  319.9016  ... 338.37515 381.20383 377.31555],[0.         0.         0.02421645 ... 0.         0.         0.        ],0,1,3,76
[0.27679387 0.         0.06079501 ... 0.09912898 0.25287426 0.12161244],[269.31046 245.54546 261.56973 ... 285.09787 310.2937  260.1749 ],[302.89755 273.34634 293.9561  ... 315.3951  341.90244 295.7561 ],[252.55307 222.98637 240.85616 ... 262.12698 291.7234  244.77858],[0. 0. 0. ... 0. 0. 0.],0,1,3,77
[0.10299381 0.13610758 0.13242413 ... 0.22207    0.24654162 0.        ],[332.90698 355.16827 348.07294 ... 408.40866 412.30734 332.61423],[406.17545 432.88303 440.78946 ... 484.0234  475.4269  385.33917],[348.2319  370.12732 376.9064  ... 424.76544 414.1774  324.5357 ],[0. 0. 0. ... 0. 0. 0.],0,1,3,78
[0.36149222 0.5178282  0.00272716 ... 0.17983897 0.03495329 0.33520457],[262.6201  306.94833 230.13034 ... 278.36133 243.1857  279.7574 ],[325.93924 378.80112 290.3149  ... 342.59668 297.12708 352.61877],[276.41623 327.56976 238.33842 ... 291.5417  239.79262 297.58002],[0.         0.         0.         ... 0.         0.04950098 0.        ],0,1,3,79
[0.43201932 0.         0.0461571  ... 0.05966495 0.19679062 0.04012904],[353.91342 299.32678 295.3303  ... 350.05365 365.2521  330.1733 ],[458.54602 361.908   389.73007 ... 437.2454  471.1411  410.52148],[422.0575  324.2171  345.24356 ... 399.3594  435.07358 372.37714],[0. 0. 0. ... 0. 0. 0.],0,1,3,80
"[ 0.16567807 -0.0146447   0.20280671 ...  0.06114979  0.03714821
  0.33699986]",[378.00452 325.08224 375.356   ... 363.3555  341.66675 381.60553],[411.0897  369.287   432.47983 ... 404.1435  382.43945 426.722  ],[354.18732 311.0564  372.14526 ... 346.6132  327.3867  373.4617 ],[0.         0.         0.         ... 0.         0.04312045 0.        ],0,1,3,81
[0.27725872 0.02072453 0.11793829 ... 0.097147   0.11017057 0.17783603],[316.36218 252.17932 282.47137 ... 272.57632 273.0854  278.08563],[357.73965 303.16568 328.20117 ... 309.24854 309.69232 317.07693],[328.34314 274.03674 297.3515  ... 277.23935 279.5946  287.16608],[0.         0.         0.         ... 0.01959351 0.         0.        ],0,1,3,82
[0.15058322 0.39920226 0.08464587 ... 0.15091667 0.24128368 0.3787471 ],[325.13196 396.23923 358.8219  ... 406.0017  453.77863 452.58066],[369.03467 452.62872 405.48514 ... 488.0396  518.3416  528.8366 ],[299.74335 379.87845 321.18967 ... 399.05533 424.35556 447.6373 ],[0.         0.         0.         ... 0.         0.05407668 0.        ],0,1,3,83
[0.02089883 0.03399239 0.13684037 ... 0.17400014 0.0795816  0.03530632],[256.0303  264.29517 297.5846  ... 315.41278 287.57074 286.33026],[344.47778 354.85    382.6611  ... 420.8278  377.78333 361.96667],[293.73285 301.14328 329.64627 ... 368.70618 327.14813 306.13953],[0.         0.         0.02856038 ... 0.         0.         0.        ],0,1,3,84
"[ 0.2700507  -0.08393931  0.2548549  ...  0.10542886  0.
  0.2304063 ]",[298.71115 223.11565 305.2464  ... 312.3786  270.97473 333.6274 ],[342.32535 281.2488  374.48325 ... 374.0622  340.39713 389.0622 ],[280.05075 224.15962 316.48123 ... 307.93018 275.52393 325.62527],[0. 0. 0. ... 0. 0. 0.],0,1,3,85
"[ 0.16765687 -0.03775925  0.10722198 ...  0.19342773  0.15442057
  0.08919919]",[310.16537 285.00763 317.42645 ... 353.93274 334.59567 313.35312],[316.79254 288.53113 322.39005 ... 362.29462 338.6307  318.41495],[277.91666 245.07104 278.6253  ... 319.78708 297.86295 275.46454],[0.         0.         0.02887057 ... 0.         0.         0.        ],0,1,3,86
[0.06438749 0.3356495  0.39892593 ... 0.13344692 0.04880334 0.20691052],[328.51724 404.79718 425.4655  ... 401.84744 379.14346 390.02618],[329.18027 405.75964 426.18884 ... 402.6824  379.93134 390.98712],[272.48456 348.87186 370.4626  ... 350.94614 324.49265 338.5045 ],[0.         0.         0.         ... 0.         0.02376253 0.        ],0,1,3,87
[0.2512773  0.         0.01387161 ... 0.21467724 0.14881045 0.23656559],[432.8947  385.8265  412.26038 ... 485.1674  450.2513  436.68802],[436.      391.3943  415.84    ... 494.44    456.57715 444.30286],[338.42288 296.85275 305.95865 ... 395.44992 360.2774  352.23346],[0. 0. 0. ... 0. 0. 0.],0,1,3,88
[0.33099145 0.28400493 0.18979864 ... 0.09493162 0.10979193 0.28940323],[363.79233 385.5037  361.7884  ... 358.10953 346.90015 367.87015],[409.77036 427.17776 411.0148  ... 395.3111  382.52594 406.39258],[352.19855 366.4746  346.18817 ... 337.759   328.34116 351.82355],[0.         0.         0.         ... 0.         0.03940705 0.        ],0,1,3,89
"[ 0.          0.          0.13315576 ... -0.03321225  0.27609247
  0.07475188]",[187.06834 190.91821 211.62196 ... 207.69673 248.23381 207.35918],[234.28244 235.85497 267.40457 ... 255.59924 308.5878  256.25192],[203.96436 206.62834 236.98088 ... 224.22517 277.0178  224.61333],[0.         0.01851835 0.         ... 0.03254697 0.         0.        ],0,1,3,90
[0.41052046 0.32283586 0.37875518 ... 0.06843343 0.00239569 0.3255392 ],[308.7161  295.81442 312.50314 ... 256.24338 237.42609 274.3048 ],[343.89175 337.4536  352.85052 ... 285.93298 267.20618 305.7835 ],[318.2394  311.27325 323.03235 ... 259.51038 241.48923 279.73663],[0.         0.         0.         ... 0.         0.04280897 0.        ],0,1,3,91
[0.2207097  0.16719472 0.23906812 ... 0.10814066 0.07700535 0.13631865],[294.79465 300.92075 306.2748  ... 279.8297  286.6725  286.25815],[373.39682 376.28043 401.84128 ... 380.28043 373.15344 376.32803],[290.75027 292.2829  310.27704 ... 300.5623  289.6325  296.82428],[0. 0. 0. ... 0. 0. 0.],0,1,3,92
[0.27769476 0.1122971  0.13514854 ... 0.17968917 0.05865948 0.1188385 ],[272.71082 248.47519 260.57425 ... 275.11533 245.61322 250.0399 ],[293.15897 265.8513  280.8359  ... 299.92307 269.3436  270.37436],[273.68753 245.50198 259.79434 ... 278.87543 251.02238 250.14209],[0. 0. 0. ... 0. 0. 0.],0,1,3,93
[0.22911985 0.         0.0179939  ... 0.17985798 0.18093356 0.11148367],[287.52942 250.61765 254.59663 ... 303.06302 302.83194 283.21008],[287.52942 250.61765 254.59663 ... 303.06302 302.83194 283.21008],[253.87914 218.32079 221.81668 ... 267.915   267.90048 247.91093],[0. 0. 0. ... 0. 0. 0.],0,1,3,94
[0.29461074 0.         0.21060976 ... 0.05910357 0.06942813 0.09342004],[324.71222 273.32132 327.0895  ... 323.78827 315.30756 309.59445],[356.76355 294.3005  351.92117 ... 342.6995  336.39407 334.40887],[325.88965 262.95593 321.5036  ... 310.10934 301.91763 303.80746],[0. 0. 0. ... 0. 0. 0.],0,1,3,95
[0.36962226 0.41665635 0.11962727 ... 0.08079373 0.24300487 0.18667985],[440.5335  452.43912 409.81943 ... 397.01938 419.30588 397.15482],[483.2436  500.1346  440.81412 ... 430.10898 447.70514 433.89743],[422.01358 435.4478  367.39056 ... 365.78674 386.47073 370.56165],[0. 0. 0. ... 0. 0. 0.],0,1,3,96
[0.08175861 0.         0.19399774 ... 0.17441326 0.23256929 0.09864885],[268.70914 262.74603 315.06256 ... 316.2467  316.93677 288.57828],[303.47394 292.45972 343.08057 ... 348.21802 347.891   314.9431 ],[251.47575 235.35335 285.53894 ... 293.06357 292.19763 258.39584],[0.         0.02011889 0.         ... 0.         0.         0.        ],0,1,3,97
[0.07537773 0.2121598  0.10569543 ... 0.13070747 0.14668594 0.0551505 ],[195.26506 218.34369 205.85991 ... 199.99818 206.8565  182.01271],[262.29303 300.3907  282.      ... 284.4372  279.99536 255.26512],[232.52243 269.90857 251.63358 ... 254.99911 250.09132 225.772  ],[0. 0. 0. ... 0. 0. 0.],0,1,3,98
[0.34713653 0.05707855 0.38751158 ... 0.31693447 0.38227537 0.2536407 ],[400.6845  350.24405 416.41666 ... 409.95834 416.61905 349.6131 ],[400.6845  350.24405 416.41666 ... 409.95834 416.61905 349.6131 ],[331.2002  272.07712 340.85638 ... 338.24753 340.69907 274.9841 ],[0. 0. 0. ... 0. 0. 0.],0,1,3,99
[0.35582685 0.15007684 0.05228991 ... 0.30036435 0.28290606 0.        ],[281.60962 275.51425 273.27258 ... 329.5969  311.04544 254.64822],[304.6989  294.98386 289.10214 ... 351.82257 330.5     273.75806],[267.21335 254.45683 245.13574 ... 310.08224 288.1632  228.52731],[0. 0. 0. ... 0. 0. 0.],0,1,3,100
[0.06185164 0.07592487 0.04467386 ... 0.40066007 0.12304988 0.39541787],[291.67487 322.42743 315.69513 ... 381.9812  309.35995 358.3783 ],[363.28494 390.0269  383.4731  ... 460.78494 375.59677 423.7527 ],[298.03778 322.8295  315.92062 ... 394.4456  310.29138 358.35083],[0. 0. 0. ... 0. 0. 0.],0,1,3,101
"[ 0.2114207   0.27906677  0.36333233 ... -0.00147876  0.17157269
  0.        ]",[298.43536 359.8922  374.5655  ... 308.00162 338.91058 294.4717 ],[346.76636 406.21027 431.02805 ... 346.40656 384.92523 333.85513],[307.22293 363.1664  387.1535  ... 304.53732 343.4788  286.88898],[0. 0. 0. ... 0. 0. 0.],0,1,3,102
[0.12167856 0.37075022 0.3878787  ... 0.09607744 0.27159652 0.02219834],[366.75595 450.2049  479.2453  ... 393.28806 420.054   351.69727],[385.18878 468.2602  496.30103 ... 408.47958 449.82654 371.31122],[312.76163 393.3325  419.15057 ... 328.61606 370.15616 294.21655],[0.         0.         0.         ... 0.02085225 0.         0.        ],0,1,3,103
"[ 0.288313   -0.03879238  0.23666462 ...  0.07169764 -0.04601121
  0.13000576]",[274.66107 209.20135 284.04663 ... 263.0817  228.60022 240.84433],[319.225 264.065 339.015 ... 314.975 278.225 300.915],[282.44986 228.56628 299.0669  ... 274.96017 239.21497 263.1779 ],[0. 0. 0. ... 0. 0. 0.],0,1,3,104
[0.09157208 0.16057058 0.09696563 ... 0.17363374 0.         0.16007578],[386.8363  419.87546 410.94305 ... 475.33807 404.17795 437.01422],[386.8363  419.87546 410.94305 ... 475.33807 404.17795 437.01422],[327.17245 359.52988 343.8505  ... 407.22058 334.96335 371.75787],[0. 0. 0. ... 0. 0. 0.],0,1,3,105
"[ 0.12142763  0.10741559 -0.004409   ... -0.02159432  0.05084215
  0.04915966]",[277.14297 268.74075 256.17065 ... 287.59866 304.68643 272.1639 ],[327.65384 328.25482 305.71634 ... 336.14905 356.85095 345.24518],[297.8254  297.50098 275.72504 ... 303.62964 321.38577 313.55038],[0. 0. 0. ... 0. 0. 0.],0,1,3,106
"[ 0.30750722 -0.10198603  0.18597019 ...  0.27466032  0.21282148
  0.39637685]",[347.483   292.61325 372.17105 ... 390.35135 377.11075 376.19736],[369.19254 309.96274 392.0559  ... 426.5031  397.70187 404.51553],[316.40625 253.59224 334.1262  ... 366.8849  342.28506 349.11697],[0.         0.         0.02434818 ... 0.         0.03163587 0.        ],0,1,3,107
[0.16647772 0.18568803 0.04881904 ... 0.05930657 0.19893898 0.20198439],[263.55115 277.83136 253.84015 ... 272.97113 262.4164  258.10098],[301.60336 315.7095  304.06705 ... 310.31284 323.82123 307.31845],[263.47656 276.4818  265.74887 ... 268.90723 284.2708  267.90814],[0.         0.         0.         ... 0.03006975 0.         0.        ],0,1,3,108
[0.18538204 0.09505796 0.26532856 ... 0.24496344 0.0447717  0.06769479],[239.71474 256.1386  290.57642 ... 309.86057 257.3967  260.4661 ],[323.84915 340.92737 379.8827  ... 403.78214 339.68155 333.6257 ],[272.55566 289.34235 328.61707 ... 348.32364 285.37506 281.8078 ],[0. 0. 0. ... 0. 0. 0.],0,1,3,109
[0.1207858  0.14126927 0.10638038 ... 0.05103917 0.03557736 0.00068532],[323.04868 331.25586 323.76566 ... 327.97534 306.82822 303.0821 ],[339.57434 346.68512 347.76385 ... 343.51895 328.72595 321.46646],[291.57822 297.8778  293.11487 ... 292.9396  280.1494  271.50433],[0. 0. 0. ... 0. 0. 0.],0,1,3,110
[0.1408908  0.02640487 0.16469787 ... 0.21892555 0.02811474 0.41983533],[266.51846 280.3306  303.39908 ... 347.6811  304.3111  380.04614],[296.9381  295.8857  322.25714 ... 381.31906 329.99524 413.25714],[247.7708  244.29399 274.66476 ... 331.95972 283.27667 364.07446],[0.         0.         0.         ... 0.         0.05143325 0.        ],0,1,3,111
[0.34463197 0.26208895 0.13043922 ... 0.12245367 0.04311259 0.21972936],[275.71802 300.22403 286.75656 ... 287.74432 265.41904 288.61438],[297.39087 323.39087 310.7259  ... 317.41116 285.56854 314.3198 ],[261.01416 283.482   268.40918 ... 274.686   247.292   273.9333 ],[0. 0. 0. ... 0. 0. 0.],0,1,3,112
[0.         0.30119932 0.19282705 ... 0.04421007 0.08632313 0.11198163],[283.1133  362.33496 350.6995  ... 327.7192  324.91132 323.60098],[283.1133  362.33496 350.6995  ... 327.7192  324.91132 323.60098],[231.6957  308.66782 292.76077 ... 270.58316 269.87076 270.4343 ],[0. 0. 0. ... 0. 0. 0.],0,1,3,113
[0.16054027 0.30982763 0.09753486 ... 0.16348845 0.2921545  0.21592945],[362.09482 401.46698 343.5176  ... 405.23257 415.62936 358.16104],[369.63678 415.50223 369.1928  ... 414.30045 428.66367 372.52466],[314.1543  359.1165  310.13284 ... 352.1444  370.25034 311.89572],[0. 0. 0. ... 0. 0. 0.],0,1,3,114
[0.6104432  0.14668831 0.35058132 ... 0.22150573 0.09747479 0.06252088],[342.68488 277.91107 329.82092 ... 298.27966 255.44434 236.83119],[352.512 282.112 333.92  ... 302.544 259.896 240.728],[316.801   246.49811 294.63126 ... 266.16745 224.18086 206.88554],[0. 0. 0. ... 0. 0. 0.],0,1,3,115
[0.34433678 0.17746164 0.5869627  ... 0.2696356  0.12037497 0.2028537 ],[462.2434  461.24832 591.58203 ... 526.7932  461.7124  478.76764],[463.6842  463.47772 597.6518  ... 527.6032  463.02023 482.57895],[362.80997 355.1988  474.48825 ... 407.17307 358.86703 368.5105 ],[0. 0. 0. ... 0. 0. 0.],0,1,3,116
[0.5608765  0.36893764 0.89869887 ... 0.40687817 0.60594267 0.5747958 ],[428.13864 413.20856 545.762   ... 436.59177 459.48386 451.0111 ],[433.59113 419.17776 550.7822  ... 439.28    469.16446 460.2622 ],[366.2864  346.8439  480.01953 ... 370.19574 401.80057 391.63193],[0.         0.06608005 0.04606138 ... 0.04284211 0.         0.        ],0,1,3,117
"[ 0.48410913 -0.00792261  0.0892774  ...  0.24297655  0.
  0.12254623]",[342.8284  254.62157 289.83328 ... 346.62784 287.63037 292.34735],[386.01428 286.22858 322.65714 ... 373.51428 315.75    318.23572],[356.6229  257.15414 289.04205 ... 344.04785 285.58698 285.67145],[0. 0. 0. ... 0. 0. 0.],0,1,3,118
"[ 0.17275089  0.02302066  0.09192227 ...  0.1864933  -0.00635742
  0.12579174]",[276.06985 276.24188 288.30093 ... 306.495   244.81703 271.30008],[326.8836  310.89417 328.74603 ... 342.42328 281.78836 312.6455 ],[288.10443 273.08835 291.3997  ... 302.22006 242.13097 272.58905],[0. 0. 0. ... 0. 0. 0.],0,1,3,119
"[ 0.00336502  0.00733441 -0.00336502 ...  0.02335986  0.02294671
  0.1125738 ]",[279.33173 291.28845 288.33655 ... 312.60577 305.76923 321.54807],[279.33173 291.28845 288.33655 ... 312.60577 305.76923 321.54807],[229.22449 239.31949 237.21231 ... 259.7535  253.81422 272.268  ],[0. 0. 0. ... 0. 0. 0.],0,1,3,120
"[ 0.09334067 -0.00488947  0.09248608 ...  0.21044907  0.00399814
  0.        ]",[267.88577 255.856   285.04782 ... 309.21213 269.7231  255.9409 ],[286.5837  273.76923 304.93213 ... 337.73755 290.33032 272.28506],[245.23843 231.71014 261.0605  ... 295.0481  247.35414 229.66434],[0. 0. 0. ... 0. 0. 0.],0,1,3,121
[0.16407226 0.37353706 0.07910211 ... 0.11716195 0.04459699 0.23987003],[284.20447 329.88904 284.4191  ... 306.19302 297.30225 316.2851 ],[306.08243 355.54395 304.37912 ... 330.05493 314.36264 329.83517],[262.15356 311.3234  256.20917 ... 286.73166 269.44876 281.74924],[0. 0. 0. ... 0. 0. 0.],0,1,3,122
[0.12747338 0.11684935 0.17802908 ... 0.14623068 0.00469734 0.08864539],[361.18805 396.62387 386.73935 ... 390.47137 368.12366 390.4332 ],[384.61203 410.19125 424.43716 ... 435.01093 390.88525 407.2459 ],[328.14645 347.34082 364.17178 ... 376.7569  334.38663 351.08624],[0. 0. 0. ... 0. 0. 0.],0,1,3,123
"[ 0.38791043  0.41752166  0.49682438 ...  0.44442567 -0.13716397
  0.29048195]",[322.95834 354.2396  382.3125  ... 382.6354  275.85416 330.81772],[322.95834 354.2396  382.3125  ... 382.6354  275.85416 330.81772],[253.47269 281.35562 305.6926  ... 309.66138 201.8496  254.84492],[0. 0. 0. ... 0. 0. 0.],0,1,3,124
[0.18551618 0.01296346 0.24540377 ... 0.08784149 0.12576951 0.07187101],[312.08087 308.61084 353.07053 ... 349.17947 345.86716 331.6534 ],[332.41394 326.2869  380.12704 ... 368.7869  373.41803 353.92212],[275.71072 266.0142  320.60477 ... 308.07236 316.66858 287.90814],[0. 0. 0. ... 0. 0. 0.],0,1,3,125
[0.04324812 0.17138334 0.08503119 ... 0.10119554 0.12818474 0.23379476],[262.29156 276.42575 270.62085 ... 260.43536 250.9758  274.68793],[293.70554 326.1411  312.25766 ... 301.60123 297.5399  308.7914 ],[259.4335  291.64606 276.02277 ... 265.0927  261.48914 273.92984],[0.         0.         0.         ... 0.         0.02635249 0.        ],0,1,3,126
"[ 0.11833284  0.13688296  0.03409231 ...  0.06808311 -0.00724499
  0.12925974]",[242.99895 260.2967  248.99188 ... 290.5378  266.58096 282.30417],[299.45407 325.43878 312.59692 ... 348.35715 329.0408  355.51532],[260.7267  285.58212 273.41187 ... 307.38263 282.39853 313.16437],[0. 0. 0. ... 0. 0. 0.],0,1,3,127
[0.17015819 0.04367279 0.2844343  ... 0.08514719 0.33144468 0.41026103],[228.21925 209.19638 261.24786 ... 238.10135 264.1335  258.16333],[346.04868 346.98672 410.15045 ... 372.88937 422.27432 415.88495],[295.32587 291.7387  352.47    ... 314.92056 368.82834 362.76776],[0.         0.         0.         ... 0.06756365 0.         0.        ],0,1,3,128
[0.12337582 0.14644766 0.2654376  ... 0.03872172 0.05844782 0.01116749],[197.46465 195.18771 211.53505 ... 189.40483 187.27325 171.81348],[310.87134 316.16376 342.20468 ... 311.92398 307.05264 279.97076],[260.91284 266.41992 291.3261  ... 260.35403 257.8897  229.60321],[0. 0. 0. ... 0. 0. 0.],0,1,3,129
[0.10869838 0.22462007 0.19410482 ... 0.12459128 0.06001421 0.        ],[319.47638 363.1982  371.61185 ... 388.23608 373.75168 352.03558],[327.55383 367.3846  377.41153 ... 396.33847 377.47308 356.01154],[264.80115 302.6047  310.49634 ... 330.49808 311.70508 284.98007],[0. 0. 0. ... 0. 0. 0.],0,1,3,130
"[ 0.          0.25723097  0.02378993 ... -0.15036437  0.05128733
  0.33310962]",[365.2748  424.11365 386.8771  ... 350.7801  396.09933 413.30377],[383.13635 449.63635 410.69318 ... 372.24432 414.69885 435.44885],[295.90985 367.02225 315.22562 ... 288.87387 335.84164 351.3931 ],[0.         0.         0.02520689 ... 0.         0.05252911 0.        ],0,1,3,131
"[ 0.          0.03986588  0.23981248 ...  0.05884621 -0.06339505
  0.16486968]",[268.69974 287.52173 306.34274 ... 291.45468 264.09015 286.53845],[294.61057 311.23077 356.7596  ... 327.04807 290.11057 322.5529 ],[242.60559 258.44162 302.06143 ... 274.2568  237.70877 272.93396],[0.         0.04018873 0.         ... 0.         0.         0.        ],0,1,3,132
[0.18768157 0.06680007 0.05965362 ... 0.14757542 0.20397826 0.34382373],[194.50145 222.23856 215.84145 ... 227.52098 245.15941 228.11983],[293.8743  298.82858 314.10858 ... 313.29715 318.38284 323.76572],[247.12561 256.29327 269.2464  ... 265.41916 273.92624 278.88644],[0.         0.         0.         ... 0.         0.03586036 0.        ],0,1,3,133
[0.14890458 0.27451983 0.14632446 ... 0.11744107 0.07032679 0.04318221],[241.22757 285.42807 287.27106 ... 284.7723  279.2613  269.24557],[301.34247 340.30594 338.7032  ... 348.0274  333.42923 322.81277],[257.916   297.60492 294.6839  ... 300.95767 289.35565 279.91357],[0. 0. 0. ... 0. 0. 0.],0,1,3,134
[0.0547663  0.08953875 0.10171313 ... 0.02151728 0.13715892 0.00444166],[286.03687 294.8583  301.21088 ... 281.71783 306.47003 261.7101 ],[294.41974 306.10495 317.69135 ... 293.57407 315.66666 270.4321 ],[243.97134 252.06151 262.03543 ... 235.48387 259.01135 212.62282],[0. 0. 0. ... 0. 0. 0.],0,1,3,135
"[ 0.36824033  0.13889688  0.2932535  ... -0.02318673  0.21826941
  0.36631516]",[365.81357 345.68585 385.6587  ... 331.73245 351.88834 336.6545 ],[373.1092  351.86783 389.7069  ... 336.12643 357.77585 350.71838],[310.8546  285.4544  321.57855 ... 272.9158  296.35834 283.52066],[0.         0.         0.         ... 0.         0.06265736 0.        ],0,1,3,136
[0.13624677 0.         0.13115102 ... 0.32154712 0.01172778 0.11285218],[279.23856 268.09277 295.77808 ... 339.42084 270.20428 284.37225],[309.9119  301.5727  335.0837  ... 383.9163  308.77972 319.46255],[268.5465  258.9829  294.3508  ... 338.22974 267.19287 277.89798],[0. 0. 0. ... 0. 0. 0.],0,1,3,137
"[ 0.          0.1988107  -0.02554652 ...  0.00224668  0.06781774
  0.03908374]",[254.52437 310.74457 270.49997 ... 262.28162 263.9735  244.07489],[315.0117  376.69006 328.5614  ... 320.9766  333.94153 309.93567],[266.01965 323.18277 278.6969  ... 273.417   283.74002 258.58542],[0. 0. 0. ... 0. 0. 0.],0,1,3,138
[0.20671761 0.1687418  0.         ... 0.12086727 0.27744094 0.37532705],[240.8241  267.92545 239.00845 ... 251.10373 275.2237  296.74792],[331.38217 346.707   313.65604 ... 344.3121  368.52228 377.6688 ],[282.9852  298.02985 264.38718 ... 289.6277  317.24155 329.48727],[0.         0.         0.         ... 0.05948785 0.         0.        ],0,1,3,139
[0.         0.16131058 0.18896516 ... 0.09618911 0.01264942 0.24349427],[201.67282 233.37903 253.3717  ... 254.81723 232.25002 256.45935],[257.36526 310.32336 323.81436 ... 327.63474 300.32935 340.67065],[225.96634 280.33228 286.7131  ... 291.3692  266.37125 308.81833],[0.         0.         0.         ... 0.         0.03357462 0.        ],0,1,3,140
"[ 0.25804085 -0.05091248  0.02589245 ...  0.34020078  0.04248765
  0.253992  ]",[284.80304 238.31628 265.1608  ... 315.16925 290.12616 284.8238 ],[376.1488  324.67856 342.0357  ... 442.74405 365.17856 391.70834],[310.34262 257.37653 273.8924  ... 376.05484 300.29578 324.07742],[0.         0.         0.04900706 ... 0.         0.         0.        ],0,1,3,141
"[ 0.0518907  -0.01547075  0.03068342 ...  0.05081677  0.1110203
  0.13239887]",[220.50952 212.04707 224.81754 ... 232.98412 226.57207 216.33093],[287.2069  283.93103 298.97043 ... 305.58127 301.17734 305.66504],[244.76186 239.39493 252.71973 ... 260.01346 257.77573 261.0526 ],[0. 0. 0. ... 0. 0. 0.],0,1,3,142
[0.3398047  0.         0.14703    ... 0.12969424 0.19212168 0.37940773],[298.91913 261.54367 286.64316 ... 305.87265 310.45273 305.26868],[314.20535 281.2723  308.9018  ... 325.7143  330.6473  333.03125],[262.02005 224.95262 253.76707 ... 269.04657 278.99777 281.4167 ],[0.        0.        0.        ... 0.        0.0448563 0.       ],0,1,3,143
[0.31747562 0.         0.06272674 ... 0.1427505  0.20642743 0.23265444],[276.60825 230.91432 270.1834  ... 283.46332 286.99957 258.88608],[284.34946 240.31183 280.1129  ... 291.2473  294.63977 273.03763],[242.52222 195.58977 234.23909 ... 247.51555 250.2479  228.85948],[0. 0. 0. ... 0. 0. 0.],0,1,3,144
"[ 0.3158902  -0.14026907  0.35560453 ...  0.04726434  0.35617775
  0.18037042]",[284.55048 233.8731  329.0659  ... 267.8403  320.94675 270.59097],[298.31863 244.93137 355.33823 ... 289.07843 338.44608 288.68628],[260.56573 204.36214 311.97403 ... 245.75945 297.24396 246.04427],[0.         0.03391094 0.         ... 0.03837129 0.         0.        ],0,1,3,145
[0.         0.1275295  0.05859984 ... 0.17101853 0.12130681 0.45586106],[259.2245  283.97714 301.0223  ... 324.72412 336.9397  356.6946 ],[327.84723 375.55554 372.75    ... 460.4861  440.625   479.84723],[271.9289  317.445   302.31866 ... 388.58487 365.60864 412.212  ],[0.         0.         0.         ... 0.         0.06701016 0.        ],0,1,3,146
[0.47331017 0.15688494 0.05417394 ... 0.18217237 0.09166302 0.04830043],[249.29178 235.15659 227.76013 ... 264.0005  242.13591 233.44385],[317.89948 303.15872 294.50266 ... 335.38623 309.50793 292.44974],[280.7109  267.7763  254.86427 ... 295.98328 272.29782 258.1677 ],[0. 0. 0. ... 0. 0. 0.],0,1,3,147
[0.34663036 0.2878005  0.32087484 ... 0.1777478  0.2729688  0.17628855],[380.82898 414.9353  397.24747 ... 409.04312 405.93866 371.42715],[447.22223 458.91974 488.60495 ... 472.23456 489.11728 426.82098],[379.29327 387.6176  405.68127 ... 399.52008 415.96262 360.39105],[0.         0.         0.         ... 0.03583923 0.         0.        ],0,1,3,148
[0.07640128 0.19464356 0.24016438 ... 0.16478215 0.21147873 0.05524369],[280.50522 310.87378 327.49762 ... 325.0107  324.45367 281.1627 ],[281.74725 312.17032 328.46704 ... 327.53845 325.47253 282.17032],[227.59627 256.06216 269.20462 ... 271.22055 269.80154 222.72908],[0. 0. 0. ... 0. 0. 0.],0,1,3,149
[0.3206738  0.039535   0.1948148  ... 0.24370275 0.19685459 0.06150663],[286.0331  272.015   291.758   ... 338.85815 302.97446 278.59027],[320.28333 295.1     331.7875  ... 364.66666 345.50418 305.99167],[293.6738  267.55997 303.71222 ... 335.90607 317.42422 276.42557],[0. 0. 0. ... 0. 0. 0.],0,1,3,150
[0.0619237  0.27254468 0.15925016 ... 0.17695904 0.02264293 0.00424365],[311.17194 362.354   349.27826 ... 366.8876  325.01508 311.86505],[349.2414  407.02298 390.31033 ... 410.33908 358.76437 350.35632],[303.64194 360.4611  344.06393 ... 358.7411  310.89606 302.56485],[0. 0. 0. ... 0. 0. 0.],0,1,3,151
"[ 0.50871724  0.4042689   0.00736918 ... -0.01942493 -0.03440291
  0.3121576 ]",[440.64453 453.1279  378.43948 ... 380.84256 367.45694 450.96985],[455.5595  468.0595  395.15475 ... 400.50595 381.00595 464.8512 ],[393.19238 405.52402 324.53833 ... 329.39526 319.4993  400.9033 ],[0.         0.         0.         ... 0.         0.04594805 0.        ],0,1,3,152
"[ 0.3420986   0.15290654 -0.02712549 ...  0.01303181  0.17522028
  0.3038596 ]",[275.78363 258.6686  235.00433 ... 264.8335  283.9206  280.41968],[349.44846 332.04123 304.12372 ... 323.5     356.19073 356.3402 ],[302.90695 284.74136 253.72165 ... 274.85373 303.21356 308.0457 ],[0.         0.         0.         ... 0.         0.04868615 0.        ],0,1,3,153
"[ 0.21961771  0.10635933 -0.0156209  ...  0.16167188 -0.03456843
  0.49271533]",[262.75534 261.36093 239.97272 ... 282.16867 226.30525 310.37073],[276.0894  272.21228 255.65363 ... 295.00558 241.34637 325.56982],[226.69339 223.57527 204.22171 ... 242.12163 190.4111  274.2422 ],[0.         0.         0.         ... 0.         0.06880774 0.        ],0,1,3,154
[0.17018315 0.         0.0657397  ... 0.00395916 0.         0.15785667],[270.66394 248.78258 273.656   ... 284.90936 272.15677 304.4098 ],[338.55307 318.7989  347.6313  ... 361.4525  337.63687 366.60336],[297.03833 270.60037 293.61087 ... 314.48236 291.1377  318.90445],[0.         0.         0.02654606 ... 0.         0.         0.        ],0,1,3,155
"[ 0.270925    0.27093247  0.32375017 ... -0.07074926  0.14861067
  0.1831794 ]",[331.22986 338.47876 343.31332 ... 278.79605 295.15912 283.54532],[366.34482 364.4253  381.73563 ... 301.48276 326.9253  323.4138 ],[309.73007 310.6923  322.10437 ... 242.98251 272.36304 270.0473 ],[0. 0. 0. ... 0. 0. 0.],0,1,3,156
"[ 0.3443001   0.72972226  0.5208942  ...  0.08105511 -0.01910854
  0.11578925]",[384.57095 456.05777 405.4933  ... 332.25504 308.55307 323.561  ],[476.20862 581.56116 538.93524 ... 448.26617 422.69785 409.08633],[419.47946 523.4465  472.92044 ... 390.2451  358.89932 348.68878],[0. 0. 0. ... 0. 0. 0.],0,1,3,157
[0.197158   0.06411368 0.10063736 ... 0.06247804 0.21883132 0.36288017],[358.56284 332.4317  343.59015 ... 365.29507 387.65573 384.0273 ],[358.56284 332.4317  343.59015 ... 365.29507 387.65573 384.0273 ],[297.33502 271.28534 285.95883 ... 305.43506 323.08987 319.05283],[0.        0.        0.        ... 0.        0.0483472 0.       ],0,1,3,158
[0.56647205 0.3537124  0.34641483 ... 0.24609476 0.23692329 0.18869218],[327.81027 335.92255 330.9107  ... 337.9847  325.94928 276.91248],[385.04495 390.15732 391.78653 ... 401.71347 384.66293 324.38202],[305.97003 314.398   319.52905 ... 317.87543 304.69885 246.71384],[0. 0. 0. ... 0. 0. 0.],0,1,3,159
"[ 0.2698891  -0.06865267  0.12364082 ...  0.13863981  0.02329476
  0.5891333 ]",[319.36066 282.85666 334.48434 ... 331.1367  309.80304 394.47293],[387.97403 331.56494 384.60388 ... 382.9156  350.38962 437.76624],[355.7745  298.87363 349.5274  ... 348.43402 316.5427  403.40836],[0.         0.         0.         ... 0.         0.06813521 0.        ],0,1,3,160
"[ 0.08432619 -0.05264983  0.12820561 ...  0.12712258  0.12606218
  0.26911795]",[270.0629 263.5275 313.8346 ... 331.7443 315.3599 306.814 ],[311.90155 293.74612 344.12955 ... 364.89636 347.55957 344.9741 ],[274.33185 256.14526 305.41934 ... 319.7099  304.3398  307.60107],[0.         0.         0.         ... 0.         0.02726753 0.        ],0,1,3,161
[0.27031463 0.29114485 0.26613712 ... 0.11463924 0.00635534 0.11494104],[402.02176 416.77664 433.69867 ... 406.1764  369.48654 376.4994 ],[432.2802  441.53296 455.13736 ... 443.75275 389.93958 406.2143 ],[369.63797 379.52045 387.6261  ... 378.2125  333.1299  342.0063 ],[0. 0. 0. ... 0. 0. 0.],0,1,3,162
"[ 0.27671123  0.3388275   0.1318934  ...  0.10212489 -0.08257335
  0.21327072]",[333.30957 400.32584 345.25797 ... 366.78546 329.0112  350.80414],[347.54236 406.51978 361.19208 ... 383.3842  336.4633  366.47458],[289.52148 343.66824 304.76263 ... 323.47067 272.9433  300.5201 ],[0.         0.         0.         ... 0.         0.02802998 0.        ],0,1,3,163
"[ 0.03192465  0.17129129 -0.0301317  ... -0.1312509   0.
  0.2386549 ]",[240.7348  264.9908  245.16646 ... 236.90683 242.21536 272.62057],[277.17932 309.18622 277.32413 ... 264.96896 270.33792 306.05173],[236.19443 266.5152  231.23405 ... 219.84818 228.291   263.8644 ],[0.         0.         0.         ... 0.         0.03055811 0.        ],0,1,3,164
"[ 0.11010257  0.25067472 -0.00160295 ...  0.29139712  0.27061832
  0.12051492]",[259.5104  305.50394 261.51477 ... 329.40894 318.32535 284.62717],[261.38727 307.59537 263.38727 ... 331.42773 320.19653 286.68207],[208.55939 256.05417 210.6503  ... 275.06033 266.72913 231.51906],[0. 0. 0. ... 0. 0. 0.],0,1,3,165
[0.19594377 0.         0.14311787 ... 0.15741172 0.34385803 0.39923167],[307.7284  315.82883 345.09882 ... 369.5954  396.93707 376.4095 ],[337.7857  337.95715 378.79285 ... 383.84286 425.2857  397.4357 ],[293.98334 293.23758 332.12717 ... 331.0053  374.1447  349.21652],[0.         0.         0.         ... 0.04823053 0.         0.        ],0,1,3,166
"[ 0.2516586   0.10777771  0.2268021  ...  0.24657284 -0.04655014
  0.19023055]",[355.33612 335.30386 352.6295  ... 365.69415 302.4198  336.42303],[428.765   394.25684 436.8142  ... 452.38797 367.0164  411.31146],[377.37518 348.39297 384.4784  ... 399.74396 317.73276 358.22775],[0. 0. 0. ... 0. 0. 0.],0,1,3,167
[0.09050213 0.00917156 0.242769   ... 0.0120332  0.         0.20719057],[246.05945 243.34047 290.36798 ... 265.11752 245.06305 280.94583],[276.95816 266.51465 327.69873 ... 290.69873 274.98746 312.80753],[247.86813 236.96196 296.4493  ... 259.68723 245.44315 284.17517],[0.         0.0274628  0.         ... 0.         0.02823355 0.        ],0,1,3,168
[0.10204459 0.08635614 0.07818925 ... 0.42481366 0.12811244 0.1043832 ],[284.19577 286.32797 289.90753 ... 379.46335 320.1618  292.32092],[285.39154 287.57672 290.84128 ... 381.89417 321.14285 293.29102],[239.93787 242.84006 242.1091  ... 333.98584 272.786   245.37134],[0. 0. 0. ... 0. 0. 0.],0,1,3,169
[0.14889035 0.15643732 0.04989258 ... 0.00340436 0.04983772 0.0741813 ],[292.1754  306.4288  294.44586 ... 295.91467 308.34448 303.3294 ],[316.27652 328.18182 314.0341  ... 315.29166 321.0644  318.80304],[272.0598  282.49393 269.85223 ... 269.05118 272.35287 271.65463],[0. 0. 0. ... 0. 0. 0.],0,1,3,170
[0.47693428 0.27122742 0.11950245 ... 0.15650263 0.         0.30814624],[424.20834 409.08334 409.5238  ... 446.76785 390.08334 457.73215],[424.20834 409.08334 409.5238  ... 446.76785 390.08334 457.73215],[351.28116 329.40567 327.08844 ... 367.14597 307.96463 376.2905 ],[0.         0.         0.         ... 0.         0.03561928 0.        ],0,1,3,171
[0.06768913 0.22339538 0.23069364 ... 0.16853824 0.27841127 0.40594992],[301.7618  359.67648 356.73413 ... 376.20386 360.67767 380.64594],[331.51514 377.30908 388.6182  ... 398.37576 388.94547 403.49698],[279.43823 319.911   329.97128 ... 338.03726 328.28262 349.80725],[0.         0.         0.         ... 0.         0.05851732 0.        ],0,1,3,172
[0.05244169 0.         0.24029724 ... 0.16670892 0.16100807 0.1150976 ],[315.82904 311.19397 375.90878 ... 377.2518  364.06488 320.87888],[347.7619  341.79047 433.9619  ... 412.7381  406.6381  363.21906],[294.54993 282.2712  368.85245 ... 354.399   350.7836  307.6019 ],[0.       0.027021 0.       ... 0.       0.       0.      ],0,1,3,173
"[ 0.15702164  0.26008993  0.20722783 ... -0.11694629  0.42498034
  0.36421576]",[256.37015 301.25034 285.51157 ... 203.49171 296.00293 265.54352],[311.7284  351.50616 340.31482 ... 245.15433 361.26544 322.19135],[282.29727 321.61395 311.673   ... 215.39388 333.50327 293.84372],[0.         0.         0.         ... 0.07888039 0.         0.        ],0,1,3,174
[0.1517197  0.16781178 0.3369684  ... 0.11546442 0.00713599 0.305771  ],[266.62653 305.0353  339.56638 ... 308.46237 272.6048  327.18658],[301.0534  338.81552 378.80096 ... 338.97574 311.49515 361.92233],[265.32996 300.2195  338.29346 ... 298.47415 271.24115 322.02676],[0.         0.         0.         ... 0.         0.04921925 0.        ],0,1,3,175
"[ 0.2564793  -0.02062462  0.39757207 ...  0.15478414  0.05319045
  0.24918954]",[289.54492 248.3473  337.35928 ... 311.99402 282.7006  283.05988],[289.54492 248.3473  337.35928 ... 311.99402 282.7006  283.05988],[249.2401  205.32504 293.14258 ... 269.0216  242.00534 243.69249],[0.        0.        0.        ... 0.        0.0310018 0.       ],0,1,3,176
[0.04066886 0.30673432 0.4870318  ... 0.27581015 0.         0.14614026],[338.2898  435.74454 495.6522  ... 438.2222  352.76434 365.56277],[351.37714 442.7257  504.6857  ... 443.8343  360.25143 374.7257 ],[275.19315 358.82007 417.2796  ... 362.6593  282.98746 301.93936],[0. 0. 0. ... 0. 0. 0.],0,1,3,177
"[ 0.02260059 -0.02260059  0.3222751  ...  0.2656477   0.21016136
  0.10744613]",[291.80353 310.7194  399.5023  ... 416.43332 387.89468 354.65854],[333.4825  349.86713 450.5175  ... 461.04196 447.69232 408.36365],[268.63    278.47284 372.12958 ... 391.9786  377.5427  343.886  ],[0.         0.04893465 0.         ... 0.         0.         0.        ],0,1,3,178
[0.36079916 0.40243995 0.38123477 ... 0.21614125 0.02034233 0.        ],[354.1314  369.03015 385.26132 ... 367.41534 311.34167 292.63626],[380.33582 412.47015 423.44775 ... 397.8433  342.3955  324.0821 ],[303.41223 335.3688  334.0559  ... 315.91797 263.2964  246.42487],[0. 0. 0. ... 0. 0. 0.],0,1,3,179
[0.17415714 0.         0.10580833 ... 0.11231005 0.09354023 0.26002118],[266.73895 231.33621 260.28763 ... 276.67255 258.91647 280.68903],[284.16666 257.50504 293.3889  ... 300.98486 281.01514 311.0505 ],[234.01822 204.98518 236.97882 ... 247.46823 228.08698 256.307  ],[0.         0.         0.         ... 0.         0.03068337 0.        ],0,1,3,180
[0.17773631 0.08300453 0.2784764  ... 0.04395987 0.17319584 0.21310966],[246.12271 236.86403 260.15613 ... 262.51617 272.18558 260.22067],[296.6931  281.16403 323.0688  ... 316.9365  322.1693  314.62964],[236.2889  223.65205 264.3862  ... 253.99226 263.33624 255.43819],[0.         0.         0.         ... 0.03987489 0.         0.        ],0,1,3,181
[0.03857908 0.06927068 0.26782453 ... 0.30856976 0.         0.        ],[267.7915  288.6615  334.49695 ... 350.5685  290.0127  261.32617],[285.13217 301.39655 355.56323 ... 373.90805 298.65518 280.1092 ],[234.9165  252.71895 303.61978 ... 317.81033 246.05603 229.59535],[0.         0.         0.05356693 ... 0.         0.         0.        ],0,1,3,182
[0.43761975 0.1755295  0.3760156  ... 0.15403226 0.3364839  0.09818985],[362.96918 313.5615  355.68723 ... 314.18982 355.51743 319.42853],[505.86462 441.393   498.4847  ... 464.91266 515.3624  436.17468],[463.17844 393.3469  450.98788 ... 419.75897 471.93192 391.21793],[0. 0. 0. ... 0. 0. 0.],0,1,3,183
"[ 0.0718528   0.05130425  0.5334061  ... -0.05071964  0.03692868
  0.07873037]",[299.9586  296.57    407.97177 ... 283.9616  301.44586 277.51666],[354.55722 353.08456 473.42288 ... 330.29352 340.8209  331.38806],[306.04507 303.31598 418.19028 ... 277.46414 291.45676 283.18658],[0.         0.05091653 0.         ... 0.         0.         0.        ],0,1,3,184
[0.17208996 0.         0.09644414 ... 0.29088122 0.02642309 0.06743298],[245.41164 228.88942 257.44006 ... 297.092   234.21175 233.59178],[264.1841  247.46985 275.50793 ... 318.88254 259.07938 253.39365],[224.57942 204.13983 231.73923 ... 276.11188 218.51265 211.53963],[0. 0. 0. ... 0. 0. 0.],0,1,3,185
[0.2717149  0.01369181 0.16969906 ... 0.05952546 0.09873912 0.24507198],[261.79312 247.96783 275.01315 ... 269.45734 270.11996 280.97653],[322.52487 290.83978 328.54144 ... 334.07184 321.70166 338.39227],[280.52213 248.13748 285.2731  ... 288.96066 279.67966 296.50516],[0.         0.         0.02377292 ... 0.         0.02669576 0.        ],0,1,3,186
[0.33988187 0.15333903 0.00151721 ... 0.1337319  0.         0.05270075],[236.26872 215.78497 201.28732 ... 233.17096 202.81033 215.06712],[329.89673 304.11414 289.04892 ... 323.31522 289.75    297.55435],[297.51938 269.79767 252.6297  ... 289.59268 255.42258 264.45328],[0. 0. 0. ... 0. 0. 0.],0,1,3,187
"[ 0.33741087  0.76312506  0.9486025  ...  0.21854515 -0.00513702
  0.21956299]",[367.7823  485.64035 500.76462 ... 399.04092 320.22726 371.632  ],[430.62872 556.8614  604.8713  ... 453.48514 381.5891  436.45544],[347.15552 467.30508 513.21625 ... 360.20776 296.69455 348.73483],[0.07812778 0.         0.         ... 0.         0.         0.        ],0,1,3,188
"[ 0.3412665   0.1601816   0.0090508  ... -0.16388075  0.4890305
  0.4311795 ]",[269.6061  245.54123 248.24777 ... 213.0206  317.0639  273.48676],[311.95032 292.6087  283.6087  ... 246.77019 352.4907  318.3913 ],[263.40573 240.13632 227.61577 ... 194.02701 297.87375 262.08292],[0.        0.        0.        ... 0.0729641 0.        0.       ],0,1,3,189
[0.30527246 0.16141312 0.09236719 ... 0.20435081 0.00579951 0.2478517 ],[311.8966  320.01254 317.5965  ... 340.30878 287.42545 340.7142 ],[332.28    338.44888 345.77335 ... 363.39557 310.7911  361.06223],[273.20776 276.21643 278.17426 ... 298.17697 250.90266 298.66226],[0.         0.         0.         ... 0.         0.02889737 0.        ],0,1,3,190
[0.         0.         0.05640493 ... 0.28371626 0.         0.10660101],[270.52078 287.51468 313.40118 ... 372.87027 297.95538 295.50525],[272.9914  290.7845  319.0819  ... 375.20258 300.17242 298.76724],[213.74709 231.80826 255.06212 ... 310.33902 234.52702 234.84637],[0.         0.         0.03926178 ... 0.         0.         0.        ],0,1,3,191
[0.09807505 0.03764893 0.05327078 ... 0.11841532 0.23671244 0.        ],[296.74866 292.40198 313.35178 ... 322.0042  340.27402 277.81802],[298.75363 294.78262 315.08694 ... 324.35748 342.16425 282.6715 ],[242.83745 241.43036 256.35257 ... 267.97256 289.82883 227.95213],[0. 0. 0. ... 0. 0. 0.],0,1,3,192
[0.30393708 0.29835287 0.50410014 ... 0.08769898 0.21931395 0.06936999],[314.73428 338.83865 401.32535 ... 308.37134 328.917   270.27838],[360.4132  386.7686  444.52066 ... 350.21487 364.29752 313.3967 ],[286.28656 304.8099  362.12717 ... 275.48312 287.6062  242.09152],[0. 0. 0. ... 0. 0. 0.],0,1,3,193
"[ 0.32351267  0.14431989  0.14389059 ... -0.05390391  0.
  0.06200839]",[364.37985 340.11703 346.50327 ... 318.17194 320.76303 292.68396],[383.32642 370.01553 368.26944 ... 331.20724 335.3368  325.70984],[325.87946 309.9937  309.89682 ... 274.88254 283.0229  271.921  ],[0. 0. 0. ... 0. 0. 0.],0,1,3,194
[0.17638315 0.22864152 0.7307059  ... 0.08813746 0.1727207  0.        ],[250.59334 274.94244 392.29926 ... 296.44962 320.3     216.22343],[389.03638 412.6606  572.22424 ... 417.59393 436.93332 350.4788 ],[353.69772 374.9187  532.32983 ... 381.19376 401.93555 315.4073 ],[0.         0.12276431 0.         ... 0.         0.         0.        ],0,1,3,195
[0.01960529 0.43585476 0.12838396 ... 0.05928797 0.         0.28518018],[225.4545  311.97415 236.13875 ... 241.53656 227.14749 263.55902],[330.88425 435.31018 370.21295 ... 374.97223 349.04166 398.5463 ],[280.01086 387.3254  315.91837 ... 321.4304  296.00677 344.7837 ],[0.04957449 0.         0.         ... 0.         0.04079043 0.        ],0,1,3,196
[0.4196793  0.18632369 0.19913062 ... 0.04438168 0.08122139 0.06755677],[380.26575 368.5035  384.93707 ... 368.4196  371.1049  346.2028 ],[380.26575 368.5035  384.93707 ... 368.4196  371.1049  346.2028 ],[316.68152 299.73343 320.2408  ... 300.45688 308.4956  282.122  ],[0. 0. 0. ... 0. 0. 0.],0,1,3,197
[0.13151588 0.11032251 0.01838382 ... 0.28005818 0.         0.16116023],[353.1173  354.1676  343.      ... 382.93295 320.04468 349.51398],[353.1173  354.1676  343.      ... 382.93295 320.04468 349.51398],[284.6085  281.73608 263.6843  ... 313.92212 251.7517  281.01248],[0. 0. 0. ... 0. 0. 0.],0,1,3,198
[0.         0.31704527 0.33759385 ... 0.20990178 0.15721865 0.09811626],[240.61206 310.32898 307.68536 ... 296.7606  302.05008 243.6457 ],[314.1858  394.51367 414.4153  ... 406.11475 386.97815 349.06558],[258.81042 340.74896 362.16547 ... 355.3129  335.91132 299.3996 ],[0.03914962 0.         0.         ... 0.         0.         0.        ],0,1,3,199
[0.4433454  0.22137496 0.36994615 ... 0.25642398 0.00363016 0.08788194],[293.41232 291.98767 327.44025 ... 293.20782 259.2324  270.1713 ],[365.22302 354.29495 393.44604 ... 394.6259  332.09354 347.5036 ],[329.90417 316.00116 351.46075 ... 352.06906 292.7488  309.09955],[0. 0. 0. ... 0. 0. 0.],0,1,3,200
"[ 0.35022268  0.43472865  0.6566479  ... -0.02200756  0.44226488
  0.2535918 ]",[405.19754 433.8575  505.61108 ... 337.17105 454.24033 372.77484],[458.84668 495.17334 566.35333 ... 379.48666 496.63333 419.65332],[409.3886  442.48404 506.60004 ... 318.46112 441.34558 367.67526],[0.         0.04189919 0.         ... 0.05594666 0.         0.        ],0,1,3,201
"[ 0.15876934  0.12746555  0.2391404  ... -0.07680274  0.0905092
  0.3865504 ]",[157.87802 170.21861 211.44176 ... 159.11783 198.94475 191.76155],[300.4026  323.11038 356.55194 ... 305.18182 326.27924 348.83118],[261.64816 286.89395 315.03714 ... 266.52698 286.40417 312.4759 ],[0.         0.         0.         ... 0.         0.04478543 0.        ],0,1,3,202
"[ 0.12624963  0.1411411  -0.05546468 ...  0.13036245  0.2913037
  0.22980791]",[248.18044 244.0427  234.16406 ... 261.4033  291.12048 275.64838],[265.15332 271.77335 252.42667 ... 289.57333 319.07333 298.43332],[233.71664 243.1667  218.84671 ... 256.68454 287.35565 267.88287],[0.         0.         0.         ... 0.04384658 0.         0.        ],0,1,3,203
[0.00104357 0.09427844 0.04611387 ... 0.04552821 0.1518159  0.00046049],[304.47092 324.31033 334.099   ... 324.33044 334.54575 306.592  ],[327.7027  356.45947 368.5946  ... 351.63245 360.55136 325.5946 ],[248.69662 277.09424 278.92136 ... 276.31393 283.7333  248.5212 ],[0. 0. 0. ... 0. 0. 0.],0,1,3,204
[0.16946153 0.         0.01985737 ... 0.03747577 0.08287779 0.10590356],[228.2358  241.50008 245.66702 ... 286.90823 271.3955  296.209  ],[303.55978 305.8315  337.54892 ... 349.68478 359.13043 365.17392],[262.23132 261.34018 287.3615  ... 303.53748 314.2275  315.77908],[0. 0. 0. ... 0. 0. 0.],0,1,3,205
[0.01698713 0.25111258 0.10098063 ... 0.22650717 0.02927067 0.21045476],[223.81879 282.57962 253.43976 ... 314.90405 272.8907  280.00214],[265.7414  326.83334 300.24713 ... 366.01724 316.65518 322.1207 ],[225.56956 283.47382 253.9405  ... 316.46854 271.23395 274.7526 ],[0. 0. 0. ... 0. 0. 0.],0,1,3,206
[0.16479279 0.25082484 0.37725616 ... 0.21795306 0.09034723 0.27137622],[293.26065 320.45203 360.9841  ... 328.34326 287.6896  295.06854],[294.3512  321.49405 367.72025 ... 329.3631  288.6845  296.1131 ],[243.07405 267.9623  309.9109  ... 272.07217 233.97357 241.07533],[0. 0. 0. ... 0. 0. 0.],0,1,3,207
[0.         0.13932113 0.23000418 ... 0.03882392 0.0637147  0.68717396],[251.02477 286.30453 328.07993 ... 283.6381  282.4604  342.3464 ],[329.15555 392.45184 432.4963  ... 393.51852 382.62222 479.8963 ],[283.09174 348.00372 381.06192 ... 345.7138  337.28088 436.4311 ],[0.         0.03047337 0.         ... 0.         0.10227652 0.        ],0,1,3,208
[0.06169229 0.14822677 0.06920858 ... 0.19749689 0.12800638 0.18734857],[238.54155 249.6985  251.08499 ... 279.87457 266.57703 268.53726],[278.40552 298.0645  298.50232 ... 326.64056 308.29953 313.13364],[229.93509 248.80957 243.40349 ... 272.68088 257.62073 261.83383],[0. 0. 0. ... 0. 0. 0.],0,1,3,209
"[ 0.21128613  0.30524006  0.20443918 ... -0.01444452  0.06816555
  0.07980151]",[350.9403  369.10052 382.15332 ... 326.88385 358.3017  353.08777],[357.60242 393.7229  388.494   ... 338.56625 368.46988 363.0241 ],[297.86627 333.7754  323.88705 ... 286.08154 303.65768 300.30783],[0. 0. 0. ... 0. 0. 0.],0,1,3,210
[0.61666864 0.38114953 0.1499044  ... 0.01517321 0.3737348  0.5890151 ],[424.73712 426.03592 357.97467 ... 364.97147 372.90677 424.20044],[521.73724 514.27734 463.8905  ... 459.16788 497.21896 539.56934],[452.37735 439.5554  381.66    ... 383.58545 430.79684 473.79996],[0.         0.         0.         ... 0.         0.10443287 0.        ],0,1,3,211
[0.05664808 0.38330767 0.6320159  ... 0.1280282  0.28855664 0.4633782 ],[310.40732 375.7593  441.36426 ... 348.2575  385.92468 374.19226],[351.83636 429.70303 496.8909  ... 399.28485 431.07272 406.71515],[296.34998 377.30795 438.91626 ... 339.36234 373.91418 353.6263 ],[0.         0.07795946 0.         ... 0.         0.06443278 0.        ],0,1,3,212
[0.10813614 0.21529344 0.04904395 ... 0.00810073 0.2318943  0.2369218 ],[144.39977 156.19107 146.44516 ... 145.27403 167.01671 183.24033],[269.11322 303.92926 273.1085  ... 280.08963 307.7736  297.5849 ],[229.38733 263.04633 232.80907 ... 235.47325 266.1228  256.0839 ],[0.         0.         0.         ... 0.03722111 0.         0.        ],0,1,3,213
[0.11968479 0.12116271 0.14210773 ... 0.00073557 0.00887681 0.29200724],[222.52904 234.547   247.13818 ... 209.24318 205.3929  241.42322],[276.5238  293.66232 301.29437 ... 259.4632  254.87878 296.45023],[248.03676 266.46    272.5699  ... 229.84572 226.30742 267.9511 ],[0.         0.         0.         ... 0.         0.04230043 0.        ],0,1,3,214
[0.33533335 0.109597   0.04517179 ... 0.07436732 0.2728556  0.19380604],[281.13498 282.21014 276.10144 ... 299.0359  347.75125 302.81073],[335.60675 318.35956 309.5674  ... 341.20786 386.14044 355.05057],[296.7034  280.45288 269.65637 ... 302.5066  346.24295 316.2968 ],[0.         0.         0.         ... 0.03610564 0.         0.        ],0,1,3,215
[0.01828361 0.         0.32954866 ... 0.10041414 0.00743798 0.        ],[308.71173 306.9522  377.71802 ... 326.1998  299.34668 293.07748],[310.92023 309.57446 379.62766 ... 328.79254 301.43085 298.42554],[239.21768 237.97578 304.9565  ... 252.39749 230.37001 224.3981 ],[0.         0.03409621 0.         ... 0.         0.         0.        ],0,1,3,216
[0.01000789 0.13985048 0.18197614 ... 0.14717793 0.2395737  0.06074576],[237.73505 274.08038 287.98752 ... 286.99402 307.7667  260.58618],[271.87006 305.83615 333.2938  ... 329.32202 352.19208 296.74576],[250.6205  282.936   310.19818 ... 307.18594 328.92017 274.42477],[0. 0. 0. ... 0. 0. 0.],0,1,3,217
[0.2663022  0.31314197 0.195964   ... 0.2935321  0.05942038 0.        ],[239.35698 250.31743 234.0675  ... 265.91592 228.03618 190.20091],[344.49  347.835 343.015 ... 370.065 319.16  273.41 ],[288.94614 298.35925 288.20343 ... 317.34738 263.2831  219.71602],[0. 0. 0. ... 0. 0. 0.],0,1,3,218
"[ 0.29299644  0.01114675 -0.01114675 ...  0.32497233  0.1726847
  0.21441478]",[257.09308 228.83134 236.19298 ... 280.23013 254.49557 229.35986],[361.28735 313.1207  328.23563 ... 369.5     336.5747  314.71265],[278.0897  238.21915 237.46922 ... 291.33557 256.57803 232.96303],[0. 0. 0. ... 0. 0. 0.],0,1,3,219
"[ 0.28325275  0.23309253 -0.04150962 ...  0.13385527  0.2724348
  0.02684619]",[216.172   210.53825 173.43834 ... 236.08041 242.19496 193.329  ],[333.78146 331.51657 279.82782 ... 359.92715 369.19205 298.62915],[301.02377 300.06992 247.15695 ... 325.6808  335.5439  266.25113],[0.         0.         0.         ... 0.03701567 0.         0.        ],0,1,3,220
"[ 0.07073475  0.05207105  0.21207061 ... -0.02839824  0.188983
  0.07413897]",[217.50703 230.8625  261.92184 ... 245.39539 279.37408 250.96553],[242.67957 254.85083 289.72928 ... 273.51382 304.64087 276.6243 ],[201.23729 210.66096 244.74088 ... 228.14433 261.95535 234.32283],[0.         0.02431585 0.         ... 0.         0.         0.        ],0,1,3,221
[0.         0.02991023 0.09862713 ... 0.17281224 0.17969853 0.16861863],[204.9092  226.94287 251.96066 ... 279.37775 275.23965 261.07822],[261.5427  296.92682 315.7927  ... 373.2073  354.31708 331.5061 ],[232.90677 272.41132 288.97476 ... 344.3538  326.855   304.5152 ],[0. 0. 0. ... 0. 0. 0.],0,1,3,222
[0.3266837  0.10353871 0.26139444 ... 0.27248296 0.00098785 0.16434012],[299.8969  282.1598  325.56186 ... 349.0567  291.68558 309.49484],[299.8969  282.1598  325.56186 ... 349.0567  291.68558 309.49484],[240.60283 219.15176 261.8343  ... 283.74765 224.33795 245.04233],[0. 0. 0. ... 0. 0. 0.],0,1,3,223
[0.07010315 0.1116719  0.12169974 ... 0.20474973 0.23715925 0.17788325],[272.91763 285.3353  292.1059  ... 314.8294  316.6706  290.7    ],[272.91763 285.3353  292.1059  ... 314.8294  316.6706  290.7    ],[246.51093 260.4565  267.0908  ... 287.69287 290.33426 266.01483],[0.         0.         0.         ... 0.04368263 0.         0.        ],0,1,3,224
[0.2792538  0.3684586  0.09658545 ... 0.         0.02290227 0.05043042],[273.37445 309.3004  254.7249  ... 252.32616 244.02902 250.87878],[336.38043 366.14673 309.22284 ... 294.74457 294.19022 297.5    ],[310.31558 336.1238  281.3303  ... 266.44983 265.0829  269.81418],[0. 0. 0. ... 0. 0. 0.],0,1,3,225
[0.13827401 0.00643263 0.         ... 0.15404382 0.0069799  0.        ],[247.77742 242.44608 259.71396 ... 291.67877 258.47238 221.92763],[284.18704 278.5108  294.72662 ... 340.6331  300.741   269.32373],[264.91803 260.53952 276.0535  ... 320.7927  281.78888 251.82516],[0. 0. 0. ... 0. 0. 0.],0,1,3,226
[0.34700304 0.2711916  0.08027444 ... 0.09702765 0.07866894 0.16435714],[351.9919  362.4998  348.0337  ... 334.60318 319.8936  330.25714],[391.69537 395.07947 376.49667 ... 366.40396 350.0265  355.7285 ],[311.12094 311.2712  280.91794 ... 285.63837 267.5386  272.4773 ],[0. 0. 0. ... 0. 0. 0.],0,1,3,227
[0.4317507  0.21100156 0.36594826 ... 0.17020813 0.30573398 0.23662634],[353.78207 326.8461  389.19263 ... 360.36948 343.772   309.98056],[460.1103  424.77942 481.24265 ... 453.27942 462.0147  421.66913],[424.97717 392.5298  441.17407 ... 417.58572 426.53635 386.41803],[0.         0.         0.         ... 0.05535956 0.         0.        ],0,1,3,228
[0.48761228 0.18391937 0.1266183  ... 0.03649571 0.         0.20057894],[299.50037 249.94121 291.42938 ... 260.07996 251.42206 284.52866],[451.43262 405.65958 412.11346 ... 405.40427 382.80142 427.86523],[390.2571  339.55884 340.79205 ... 338.61105 317.0253  368.72644],[0. 0. 0. ... 0. 0. 0.],0,1,3,229
"[ 0.00422207  0.04331251  0.0403967  ... -0.04764914  0.1614338
  0.20484357]",[258.8431  274.47327 280.7509  ... 288.51855 304.30115 306.5637 ],[288.47668 314.1917  315.24872 ... 322.61658 343.5285  346.39377],[229.59247 247.58269 247.77777 ... 253.94232 281.00394 279.50055],[0.         0.         0.05999424 ... 0.03603501 0.         0.        ],0,1,3,230
"[ 0.16697143  0.18645613 -0.01410895 ...  0.04080866  0.20529246
  0.20391479]",[242.49019 248.93231 225.79788 ... 253.53459 277.07846 261.64194],[313.66013 323.04575 292.97385 ... 317.9608  344.55554 332.77124],[255.89186 267.5406  232.24155 ... 260.56357 290.61942 273.60858],[0. 0. 0. ... 0. 0. 0.],0,1,3,231
"[ 0.26698637  0.11553068  0.35641962 ...  0.08237485 -0.01397155
  0.04719167]",[282.11066 262.1711  300.69678 ... 264.41617 241.14006 235.80829],[315.7195  288.82925 341.92075 ... 299.0061  274.9573  277.47562],[292.862   265.94403 319.19522 ... 276.4361  252.96182 255.70386],[0. 0. 0. ... 0. 0. 0.],0,1,3,232
[0.317502   0.23920748 0.05907913 ... 0.08845221 0.38695386 0.4925659 ],[323.2445  373.54306 325.156   ... 360.71408 391.52692 381.32288],[371.93054 400.65973 360.875   ... 399.05554 426.9236  409.55554],[327.1234  353.78738 313.06964 ... 347.4819  372.34436 356.67065],[0.         0.         0.         ... 0.07804473 0.         0.        ],0,1,3,233
"[ 0.00579059  0.08105054  0.1334074  ...  0.20835793 -0.04903473
  0.16788599]",[271.9316  281.64188 295.76645 ... 338.78784 280.35904 306.50903],[306.4682  326.25433 345.92487 ... 389.60693 314.53757 354.51447],[276.1077  296.57474 318.0051  ... 360.00928 284.37903 322.47015],[0. 0. 0. ... 0. 0. 0.],0,1,3,234
"[ 0.10554334  0.06263465 -0.09889079 ... -0.03808702  0.03770132
  0.04810176]",[249.14005 273.42377 248.1221  ... 255.26782 272.0724  287.5681 ],[336.03738 356.05606 321.4486  ... 356.03738 374.8972  369.26636],[311.83826 329.60287 292.06357 ... 327.17892 345.27744 337.27682],[0.         0.         0.03017587 ... 0.         0.         0.        ],0,1,3,235
"[ 0.19042017  0.34695268  0.30569845 ...  0.10390898 -0.0670584
  0.07338671]",[288.04175 320.98074 330.2587  ... 309.3198  266.43274 274.70032],[328.18604 366.5756  375.69766 ... 348.59302 301.63373 321.36627],[273.14893 313.5592  319.0967  ... 291.49057 251.41248 266.25464],[0. 0. 0. ... 0. 0. 0.],0,1,3,236
[0.21086842 0.         0.20998    ... 0.2095381  0.00723183 0.45567158],[239.67607 214.92581 270.3668  ... 248.39413 223.82149 269.32068],[366.82352 336.22354 398.41177 ... 390.6588  337.2647  384.87646],[307.88223 275.1605  335.6357  ... 326.7812  277.1589  326.43994],[0.         0.         0.         ... 0.         0.05999133 0.        ],0,1,3,237
[0.30980006 0.0239217  0.04115842 ... 0.03454189 0.11852134 0.12752783],[369.62112 344.27042 353.83636 ... 387.07812 404.8682  385.8996 ],[385.6216  350.43784 362.18918 ... 400.53513 413.21622 394.15677],[336.83084 300.05563 306.27386 ... 337.875   350.29395 335.10516],[0.         0.         0.         ... 0.02555549 0.         0.        ],0,1,3,238
[0.51045674 0.33330435 0.         ... 0.15958793 0.20229286 0.23799166],[261.03085 265.10553 212.40195 ... 260.07632 275.64542 254.41757],[348.9375  341.5     281.6875  ... 363.61804 374.24304 354.78473],[303.5307  296.82242 234.62727 ... 316.79706 325.48914 307.89252],[0.         0.         0.         ... 0.02600894 0.         0.        ],0,1,3,239
[0.54554087 0.1863608  0.3941837  ... 0.03503212 0.32736167 0.45204654],[301.41348 269.4533  322.30847 ... 294.55286 317.4888  325.0821 ],[350.2923  326.58463 373.66153 ... 339.7846  361.7077  386.19232],[296.60657 276.89465 324.27167 ... 283.417   307.88068 332.15854],[0.         0.         0.         ... 0.         0.07099006 0.        ],0,1,3,240
[0.1500421  0.         0.15063024 ... 0.13224031 0.02746523 0.31385055],[217.26166 224.38206 225.45763 ... 254.5402  233.2686  261.88812],[301.8446  296.93243 334.6284  ... 341.75674 310.3446  359.24326],[269.11414 264.5167  301.58594 ... 308.89523 276.37585 328.89667],[0.         0.         0.         ... 0.         0.03671541 0.        ],0,1,3,241
"[ 0.06555322  0.13756074  0.02988901 ... -0.05033206  0.20826203
  0.18481986]",[239.04572 258.97714 246.28572 ... 227.48    269.77142 254.01143],[239.04572 258.97714 246.28572 ... 227.48    269.77142 254.01143],[199.13501 219.85355 204.2566  ... 186.72769 230.02359 214.17271],[0.         0.         0.         ... 0.04040383 0.         0.        ],0,1,3,242
[0.2000179  0.2447863  0.7633691  ... 0.23500669 0.32050642 0.2294954 ],[308.      327.39395 422.03787 ... 337.64395 332.83334 296.59848],[308.      327.39395 422.03787 ... 337.64395 332.83334 296.59848],[236.64389 258.32632 346.09537 ... 259.38385 262.98547 225.96948],[0.         0.09336819 0.         ... 0.04136916 0.         0.        ],0,1,3,243
[0.40530562 0.17383495 0.35722345 ... 0.36715636 0.04049224 0.34117314],[330.76093 298.75934 346.3341  ... 357.41937 285.2767  330.25284],[375.67532 334.63635 387.0065  ... 401.68182 310.35715 375.1948 ],[344.35272 300.64456 353.32773 ... 367.42996 277.25266 343.0256 ],[0. 0. 0. ... 0. 0. 0.],0,1,3,244
"[ 0.28237697  0.          0.18200727 ... -0.02959639  0.01385546
  0.1197653 ]",[264.6043  232.10435 279.08508 ... 228.1545  250.46199 249.945  ],[310.22705 268.53622 332.30435 ... 286.74396 285.37198 300.99518],[280.7112  233.71971 300.1253  ... 252.91302 255.32426 268.60318],[0. 0. 0. ... 0. 0. 0.],0,1,3,245
[0.29182833 0.38558963 0.24746764 ... 0.17863674 0.11965105 0.16718279],[308.9901  354.23822 326.77682 ... 351.16257 324.41885 310.10074],[336.3163  375.07144 347.90308 ... 375.7143  349.2755  334.14795],[273.95853 314.44226 288.0782  ... 311.4143  283.37488 269.00525],[0. 0. 0. ... 0. 0. 0.],0,1,3,246
"[ 0.20045377  0.25886908 -0.11442751 ...  0.12184456 -0.02440584
  0.1820265 ]",[307.70532 338.06763 272.25604 ... 326.44928 291.0338  329.99033],[307.70532 338.06763 272.25604 ... 326.44928 291.0338  329.99033],[263.18793 291.72443 224.52304 ... 280.51804 246.07315 284.0326 ],[0. 0. 0. ... 0. 0. 0.],0,1,3,247
"[ 0.09271462  0.04164775  0.5891369  ...  0.06563252 -0.06139021
  0.09632096]",[332.3142  310.0596  430.71146 ... 338.32834 301.0889  321.9545 ],[355.55844 352.66882 476.46753 ... 370.34415 325.37012 343.96103],[299.98648 291.52054 417.99384 ... 308.24582 269.585   286.68848],[0.         0.04764506 0.         ... 0.         0.         0.        ],0,1,3,248
[0.13953343 0.26335418 0.37925863 ... 0.18350625 0.         0.1384605 ],[316.03043 329.43472 378.1865  ... 359.3866  318.728   328.01053],[386.4491  418.4072  459.08383 ... 456.1078  392.54492 421.9461 ],[303.85117 332.91537 367.46982 ... 363.66574 311.97824 332.24417],[0.         0.02954964 0.         ... 0.         0.         0.        ],0,1,3,249
[0.18777205 0.29901853 0.03729711 ... 0.26530543 0.11962914 0.17337577],[206.90079 272.12054 227.28987 ... 184.5899  138.89418 151.017  ],[401.16992 466.24835 391.75165 ... 305.39868 263.1307  268.05884],[399.86002 464.53427 390.46982 ... 304.1606  261.8739  266.62918],[0. 0. 0. ... 0. 0. 0.],0,1,3,250
"[ 0.25155646  0.16193734  0.3474522  ... -0.02355181  0.0183816
  0.30832404]",[393.77014 394.97394 439.67786 ... 320.45193 326.56195 389.15445],[415.74243 413.5404  475.70203 ... 339.45456 342.85858 406.79797],[342.18292 332.80988 381.63046 ... 263.12064 268.52472 328.5915 ],[0.         0.         0.04207625 ... 0.         0.04206929 0.        ],0,1,3,251
[0.45593312 0.07039212 0.14997159 ... 0.         0.10858344 0.1057585 ],[308.51257 269.6546  292.52704 ... 263.64905 287.32608 277.4342 ],[316.02838 284.17023 300.3688  ... 273.539   296.0142  288.15604],[273.25333 238.1078  255.19283 ... 227.35818 249.78532 242.32591],[0. 0. 0. ... 0. 0. 0.],0,1,3,252
"[ 0.10975119 -0.10975119  0.16228965 ...  0.11216208  0.15332931
  0.3237578 ]",[164.74654 120.38946 158.0563  ... 168.77373 178.38608 174.0341 ],[296.34885 282.01163 341.4244  ... 347.64536 345.90698 358.2907 ],[255.00398 233.48383 293.4787  ... 298.94717 300.96106 311.00772],[0.         0.         0.04589087 ... 0.         0.04441347 0.        ],0,1,3,253
[0.15320301 0.19892307 0.24769025 ... 0.00295772 0.19553614 0.34606355],[286.688 308.912 323.944 ... 284.456 293.736 309.176],[286.688 308.912 323.944 ... 284.456 293.736 309.176],[243.28575 266.97974 278.683   ... 239.543   249.3005  266.6    ],[0.        0.        0.        ... 0.        0.0605816 0.       ],0,1,3,254
"[ 0.4410728  -0.03506159  0.05385672 ... -0.03681562  0.05710789
  0.07356427]",[323.41803 261.96237 261.2947  ... 282.0729  280.88794 275.45316],[382.17743 294.64517 310.957   ... 316.5645  326.32257 316.55914],[338.28986 245.73207 267.36526 ... 271.71515 275.8867  270.22266],[0. 0. 0. ... 0. 0. 0.],0,1,3,255
[0.21923885 0.         0.26797155 ... 0.         0.14775601 0.18217891],[255.56113 249.20047 309.2383  ... 260.3455  274.5962  243.68994],[303.9085  297.98038 362.94772 ... 315.98694 336.98694 299.549  ],[248.6423  239.62515 298.6493  ... 250.65114 277.59106 244.2846 ],[0.         0.         0.         ... 0.         0.02126168 0.        ],0,1,3,256
[0.1601593  0.17179905 0.13873844 ... 0.1328193  0.19425382 0.32784462],[288.50552 290.36374 280.34436 ... 313.02405 297.76324 300.9087 ],[347.269   345.97076 341.66083 ... 378.87134 349.8538  346.53217],[266.81128 270.35226 265.34412 ... 295.34494 270.91238 268.24802],[0.         0.         0.         ... 0.         0.04411291 0.        ],0,1,3,257
"[ 0.33761317 -0.01548842  0.25722504 ...  0.4894347   0.2478754
  0.08754136]",[283.52234 235.09181 291.01263 ... 387.30933 328.05707 262.0436 ],[420.6497  346.40128 431.15286 ... 511.84076 438.61783 368.61145],[370.0182  297.85797 378.73947 ... 462.4493  391.93176 321.58325],[0.         0.         0.04048909 ... 0.         0.         0.        ],0,1,3,258
[0.12007983 0.01255788 0.34434435 ... 0.14301348 0.00349844 0.35529324],[351.38834 327.30463 413.5992  ... 350.9393  318.66785 381.50256],[385.15195 358.2108  447.41177 ... 397.62256 355.13727 417.05884],[331.1594  305.51306 390.19232 ... 340.43268 298.75458 359.31482],[0.         0.05038562 0.         ... 0.         0.04604182 0.        ],0,1,3,259
[0.18825196 0.24864414 0.07261699 ... 0.07040711 0.15092482 0.25429404],[287.71716 330.205   298.2283  ... 328.18225 308.71603 327.62518],[291.80554 336.6     306.14444 ... 334.37222 318.76666 336.82224],[250.49097 296.89743 260.98187 ... 290.52844 273.9679  292.24063],[0.        0.        0.        ... 0.        0.0270783 0.       ],0,1,3,260
[0.2312618  0.26155555 0.15148918 ... 0.03250521 0.12476335 0.18388687],[295.9226  304.8274  299.04166 ... 287.6607  298.82144 280.0774 ],[295.9226  304.8274  299.04166 ... 287.6607  298.82144 280.0774 ],[247.71013 256.30682 251.32704 ... 239.67221 251.45096 234.09131],[0.        0.        0.        ... 0.        0.0213393 0.       ],0,1,3,261
[0.46024844 0.05081135 0.15480366 ... 0.         0.25293487 0.1738176 ],[356.57578 295.5767  326.31976 ... 293.87366 337.09433 309.20544],[357.95767 297.9312  330.91006 ... 295.28043 339.95767 310.55026],[301.12244 244.53427 272.36618 ... 239.70541 281.84723 251.20404],[0.         0.         0.         ... 0.02588641 0.         0.        ],0,1,3,262
"[ 0.36911872  0.12540518  0.4015316  ... -0.03868688  0.21099627
  0.5897707 ]",[329.32996 291.69058 381.95145 ... 282.77176 333.72345 398.42722],[444.5871  412.01935 498.12903 ... 379.95483 442.27097 522.1742 ],[402.95993 373.65683 456.20712 ... 339.42795 399.39044 480.47778],[0.         0.         0.         ... 0.         0.08574425 0.        ],0,1,3,263
"[ 0.13983692  0.12506008 -0.0338249  ...  0.0653443   0.0248029
  0.10725569]",[230.09265 229.77893 209.17801 ... 233.17818 221.45331 237.30693],[290.45312 299.95312 280.6875  ... 312.26562 298.03906 313.98438],[258.0316  267.29138 247.66644 ... 273.80484 263.08868 278.37347],[0. 0. 0. ... 0. 0. 0.],0,1,3,264
[0.44152224 0.00856529 0.09730363 ... 0.01214457 0.19943874 0.20782478],[355.59244 291.32172 300.71936 ... 288.98495 321.1895  288.7457 ],[387.41797 311.5625  331.48828 ... 320.97656 355.58984 311.46094],[332.47897 253.81711 272.8404  ... 264.3228  296.0017  254.22443],[0.         0.         0.         ... 0.03503154 0.         0.        ],0,1,3,265
[0.         0.3432944  0.18452129 ... 0.21786018 0.         0.23461185],[188.88136 263.28973 229.59422 ... 241.58334 196.08105 228.70279],[230.22917 301.3889  276.8125  ... 279.46527 233.27083 270.11804],[205.90408 278.01062 250.58893 ... 253.19061 206.95705 243.50954],[0. 0. 0. ... 0. 0. 0.],0,1,3,266
[0.22190082 0.2322241  0.31817827 ... 0.         0.20912094 0.40502465],[256.93552 272.45636 293.289   ... 253.45387 259.52094 295.6619 ],[333.85367 345.4878  375.02927 ... 315.14633 331.4878  357.85367],[285.1988  299.52158 323.6281  ... 267.90085 282.81946 309.79367],[0.         0.         0.         ... 0.         0.06691144 0.        ],0,1,3,267
"[ 0.04505903 -0.04732033  0.2009936  ...  0.12323377 -0.0189943
  0.13626806]",[276.83734 264.21133 331.30368 ... 366.94366 317.10922 336.82413],[328.4427  321.18182 407.64032 ... 426.89725 387.22925 409.4229 ],[259.5312  248.34117 330.8625  ... 355.80185 311.57532 339.00864],[0.         0.03521987 0.         ... 0.         0.         0.        ],0,1,3,268
[0.24768881 0.17474198 0.05247505 ... 0.3177292  0.15557323 0.02015078],[349.81866 351.67358 328.51294 ... 406.96375 357.68393 327.67874],[349.81866 351.67358 328.51294 ... 406.96375 357.68393 327.67874],[277.44315 276.9381  252.57852 ... 327.8541  283.71094 245.43846],[0. 0. 0. ... 0. 0. 0.],0,1,3,269
"[ 0.1853232   0.11943083 -0.04872314 ...  0.14764754  0.38051763
  0.305231  ]",[269.6139  277.8153  248.83737 ... 294.7392  348.9752  299.9254 ],[316.86243 316.36508 285.73544 ... 338.2381  379.49207 347.1799 ],[263.7     264.7709  233.40263 ... 281.18472 324.42004 293.92627],[0.         0.         0.         ... 0.05352169 0.         0.        ],0,1,3,270
[0.35560057 0.01063939 0.0078809  ... 0.07300831 0.08982231 0.17673512],[401.42892 363.65594 361.94363 ... 410.61316 415.10944 372.83658],[416.94244 383.33813 386.6403  ... 429.67627 428.41006 395.8993 ],[351.86942 301.59497 311.9722  ... 352.986   352.14133 325.9412 ],[0.         0.         0.03024855 ... 0.         0.         0.        ],0,1,3,271
"[ 0.22993173  0.          0.28809172 ... -0.06791126  0.04846939
  0.16472062]",[294.0423  282.94873 355.76498 ... 270.92365 288.3217  300.93976],[304.51852 294.2381  363.8201  ... 284.04233 298.43915 308.6455 ],[250.53    241.81114 302.9807  ... 230.94739 246.51263 254.63852],[0. 0. 0. ... 0. 0. 0.],0,1,3,272
[0.         0.28005692 0.09564502 ... 0.09785164 0.20965382 0.14228028],[282.23624 366.00272 358.6045  ... 371.41803 369.90616 338.8179 ],[307.97144 404.19287 381.80713 ... 405.07858 405.6     374.82858],[254.67458 351.4772  319.73486 ... 347.32874 356.5101  323.28024],[0. 0. 0. ... 0. 0. 0.],0,1,3,273
[0.00890996 0.00457623 0.00584766 ... 0.12381192 0.01111024 0.15114264],[220.54643 224.3057  222.69211 ... 256.862   231.38042 221.86902],[275.1157  282.4876  284.52893 ... 325.32233 292.86777 294.10745],[252.10918 259.0915  260.49197 ... 297.49814 267.3729  268.23718],[0. 0. 0. ... 0. 0. 0.],0,1,3,274
[0.22481228 0.1061912  0.17349415 ... 0.16479312 0.03175566 0.        ],[281.63593 266.83047 284.1186  ... 303.9593  275.6668  263.34027],[299.83636 284.5212  301.70303 ... 329.12122 294.63635 280.27274],[259.27466 241.82161 259.0753  ... 287.61996 254.43477 239.80527],[0. 0. 0. ... 0. 0. 0.],0,1,3,275
"[ 0.22794439  0.05922287 -0.05922287 ... -0.02793456  0.34053877
  0.34651676]",[274.19693 267.31958 256.20422 ... 273.04745 318.39404 318.2306 ],[307.4922  281.5625  270.6797  ... 297.03906 361.60938 346.46875],[266.22726 238.67989 227.69896 ... 248.16342 315.7451  306.13788],[0.         0.         0.         ... 0.         0.02968384 0.        ],0,1,3,276
[0.14923213 0.18565251 0.11016551 ... 0.06241076 0.03632953 0.16322993],[285.88812 297.4004  284.35352 ... 289.26038 271.59286 285.1207 ],[342.2857  348.35715 339.37662 ... 337.68182 325.65585 340.46753],[289.1846  297.20233 283.3553  ... 282.2195  273.48376 285.7764 ],[0.         0.         0.         ... 0.         0.02115216 0.        ],0,1,3,277
[0.25206366 0.19401866 0.29590133 ... 0.0140215  0.02602356 0.30403197],[330.3466  333.28976 360.625   ... 319.35794 313.8409  341.05115],[330.3466  333.28976 360.625   ... 319.35794 313.8409  341.05115],[255.71368 257.2686  284.72165 ... 242.47182 237.2785  263.69247],[0.         0.         0.         ... 0.         0.04073432 0.        ],0,1,3,278
"[ 0.17330994 -0.08823128  0.26415896 ... -0.12580521  0.19213644
  0.23444338]",[299.13525 283.20126 358.01004 ... 312.1329  357.45984 329.859  ],[310.4565  288.4855  363.2029  ... 321.71014 362.7029  359.28986],[265.87997 239.91052 316.19455 ... 271.91125 313.03717 311.29767],[0.         0.03706088 0.         ... 0.         0.04139285 0.        ],0,1,3,279
[0.06654043 0.08658759 0.08038795 ... 0.11655834 0.06730022 0.19890268],[243.35623 261.17532 261.48886 ... 252.3098  228.44691 242.86179],[316.02222 343.01666 352.27222 ... 337.53888 310.1611  314.7611 ],[275.04407 295.88284 301.5142  ... 291.8187  264.1174  269.1541 ],[0. 0. 0. ... 0. 0. 0.],0,1,3,280
[0.16835691 0.1367274  0.         ... 0.01153436 0.07243591 0.10551967],[321.302   320.4235  303.00543 ... 331.0669  342.03314 319.5074 ],[325.5602  325.4555  308.35602 ... 335.      347.7173  323.98428],[261.64612 262.4102  243.55415 ... 265.44147 275.9504  253.78975],[0. 0. 0. ... 0. 0. 0.],0,1,3,281
[0.         0.30169973 0.10616083 ... 0.28463423 0.07873754 0.7686103 ],[218.18686 277.355   264.8447  ... 298.17212 273.59714 357.58554],[269.11975 322.43115 296.54492 ... 363.31137 316.38922 412.97604],[211.09406 269.65125 236.84541 ... 301.67303 259.76053 356.1518 ],[0.         0.         0.         ... 0.         0.10601196 0.        ],0,1,3,282
[0.         0.2541629  0.23857334 ... 0.16963875 0.07031985 0.        ],[264.1378  316.67853 311.12695 ... 339.52667 295.5003  269.4887 ],[290.2033  351.8132  353.1154  ... 374.7088  344.12088 319.06595],[254.03438 316.25137 315.3257  ... 335.94406 305.57196 281.4936 ],[0.04029662 0.         0.         ... 0.         0.         0.        ],0,1,3,283
[0.10049888 0.07093019 0.1324475  ... 0.         0.14335017 0.2518166 ],[183.38597 199.24414 204.49004 ... 187.54138 198.96014 234.79668],[281.0904  295.99435 311.0791  ... 296.83615 306.52542 323.0113 ],[247.92088 260.62238 275.57812 ... 261.19858 271.84048 286.42303],[0. 0. 0. ... 0. 0. 0.],0,1,3,284
[0.22033477 0.17400715 0.19840485 ... 0.2376568  0.00607151 0.        ],[228.49603 228.06131 231.01767 ... 258.39645 201.4845  189.28273],[303.41144 296.62286 310.12    ... 330.86285 276.9886  251.13715],[262.54977 253.7368  262.45575 ... 289.11182 235.11317 208.73322],[0. 0. 0. ... 0. 0. 0.],0,1,3,285
[0.20213053 0.2920554  0.48004702 ... 0.09451075 0.         0.1743162 ],[280.20575 315.84604 370.978   ... 313.07468 270.2903  295.8708 ],[345.2865  378.64325 426.78918 ... 380.64865 326.7027  356.55676],[282.5859  316.1758  358.7652  ... 316.8885  261.50223 294.45697],[0. 0. 0. ... 0. 0. 0.],0,1,3,286
"[ 0.04398268 -0.00263089  0.2331802  ...  0.21042265  0.0563419
  0.3877153 ]",[249.93047 252.35422 295.38968 ... 300.92767 265.7168  305.6548 ],[329.51  328.045 389.605 ... 394.935 352.465 392.195],[247.44221 240.41582 296.49374 ... 314.02942 268.24637 311.51947],[0.         0.04448552 0.         ... 0.         0.04494443 0.        ],0,1,3,287
[0.         0.         0.02127162 ... 0.03634096 0.02883572 0.27274355],[226.0259  245.42023 256.30948 ... 256.20798 245.553   284.9528 ],[285.7579  303.05264 328.67368 ... 321.2158  317.92105 360.24738],[242.68758 258.0322  279.47034 ... 274.0614  271.94757 317.4116 ],[0.         0.         0.04196395 ... 0.         0.03514998 0.        ],0,1,3,288
[0.40215892 0.1389664  0.05773114 ... 0.14141382 0.01076836 0.50462675],[268.38013 255.40053 241.22504 ... 286.1164  256.64914 317.70035],[309.14285 290.29364 280.79364 ... 324.96826 294.37302 362.5635 ],[268.3184  247.82726 238.38826 ... 279.99832 252.37547 322.77094],[0.         0.         0.03674921 ... 0.         0.06118341 0.        ],0,1,3,289
"[ 0.48253092  0.198049    0.1872648  ... -0.04161241  0.02600421
  1.0684259 ]",[458.36734 414.92407 421.26993 ... 355.76825 372.062   526.91907],[498.10318 438.84128 454.2381  ... 396.38095 401.07938 560.34125],[401.62308 340.8398  348.9933  ... 300.836   308.77377 470.77173],[0.         0.         0.02700943 ... 0.         0.18140294 0.        ],0,1,3,290
[0.15028508 0.14232995 0.46604007 ... 0.10717934 0.2778856  0.15650524],[372.06757 378.62393 458.8813  ... 373.5162  415.03427 377.8701 ],[389.58865 393.04254 480.8085  ... 398.86523 427.96454 398.05673],[298.51428 297.09506 375.9921  ... 306.6141  343.7517  311.26392],[0.         0.06942269 0.         ... 0.04071531 0.         0.        ],0,1,3,291
[0.0181088  0.27944702 0.09844214 ... 0.25714618 0.13664809 0.37912738],[268.886   340.3449  293.11444 ... 321.6062  295.47153 346.32208],[336.14084 405.1831  364.0493  ... 420.8169  390.8169  423.21832],[308.2795  377.79852 335.38657 ... 393.57956 361.9144  392.34573],[0.        0.        0.        ... 0.        0.0357878 0.       ],0,1,3,292
[0.22929682 0.01356115 0.230129   ... 0.01824343 0.01926833 0.07900453],[255.96281 242.63203 283.86597 ... 266.48898 260.20944 269.52057],[274.64468 260.07108 307.44162 ... 285.99493 283.56345 290.75635],[233.16705 220.71715 264.15567 ... 243.56848 241.97446 248.55397],[0. 0. 0. ... 0. 0. 0.],0,1,3,293
[0.0681201  0.13498664 0.39636555 ... 0.12789355 0.53945744 0.33505446],[285.73297 319.5724  380.87567 ... 325.72726 396.64218 345.12332],[311.29413 346.41177 405.5401  ... 347.21924 424.35294 371.19788],[257.05786 287.58755 350.53836 ... 293.96606 371.03656 311.13028],[0.         0.04179834 0.         ... 0.08929138 0.         0.        ],0,1,3,294
"[ 0.30972877  0.14691481  0.1145355  ...  0.07951737 -0.09251992
  0.28640407]",[301.69077 286.9611  298.48672 ... 283.36624 239.2686  289.29877],[382.35184 369.44446 374.8395  ... 363.17902 307.69135 355.80246],[315.44424 289.66852 296.5752  ... 292.4082  235.22038 288.0902 ],[0.         0.         0.         ... 0.         0.04187195 0.        ],0,1,3,295
"[ 0.05224711 -0.05224711  0.3275191  ...  0.14746197  0.
  0.16760093]",[261.24646 254.38695 342.02414 ... 324.9999  278.77142 296.13815],[281.75473 273.68396 369.32074 ... 347.68396 296.78302 312.81604],[229.24687 219.45346 308.79355 ... 289.06952 241.03362 259.06516],[0.         0.03891407 0.         ... 0.         0.02214663 0.        ],0,1,3,296
"[ 0.329309    0.03642333 -0.12236731 ...  0.10410691  0.07527599
  0.41641936]",[262.55835 227.1073  199.92052 ... 244.71887 247.00002 272.60602],[320.56287 285.86826 259.3952  ... 326.8982  316.02396 351.67664],[277.74594 239.31813 214.73033 ... 280.55307 267.1277  304.0097 ],[0.         0.         0.         ... 0.         0.06002813 0.        ],0,1,3,297
[0.         0.18328747 0.15174584 ... 0.2350694  0.15341339 0.515897  ],[194.50653 233.91006 238.36305 ... 258.59753 239.84798 260.23502],[323.86765 374.03677 384.06616 ... 392.30148 363.13235 394.54413],[243.43787 297.38214 299.92413 ... 300.36194 269.1258  307.69867],[0.         0.         0.         ... 0.         0.05418422 0.        ],0,1,3,298
[0.04015763 0.28619352 0.06542388 ... 0.01677617 0.08206851 0.21422888],[330.74902 395.5275  352.1974  ... 387.26248 394.49692 399.23758],[332.14706 399.3603  357.18384 ... 395.69116 396.7353  404.18384],[284.66806 358.19595 313.45367 ... 354.8957  351.2062  356.97705],[0.         0.         0.         ... 0.         0.02665988 0.        ],0,1,3,299
[0.6203154  0.35782075 0.34046838 ... 0.14731722 0.12749995 0.22397909],[307.56458 324.69162 318.88168 ... 315.291   309.86584 282.2682 ],[370.55118 393.04724 394.38583 ... 376.67715 360.87402 342.19684],[319.28793 337.76825 335.65326 ... 323.99646 307.51114 290.4649 ],[0.         0.         0.         ... 0.03150345 0.         0.        ],0,1,3,300
"[ 0.35058808  0.35605654  0.03356836 ...  0.3062655  -0.02171019
  0.3019855 ]",[285.75937 337.34488 269.37027 ... 316.39325 238.48978 285.28415],[332.81955 393.9699  336.3609  ... 392.29324 284.594   355.37595],[284.51474 338.9277  279.86676 ... 338.7614  234.57489 302.38275],[0. 0. 0. ... 0. 0. 0.],0,1,3,301
[0.         0.         0.21691221 ... 0.1855375  0.28411976 0.5624915 ],[153.54991 177.05809 184.73499 ... 191.33281 199.64919 199.82655],[290.7754  323.42245 386.5829  ... 364.62567 369.10696 395.77005],[224.69449 257.5043  313.22446 ... 295.62283 304.41025 331.10364],[0.         0.04300155 0.         ... 0.         0.06610654 0.        ],0,1,3,302
"[ 0.17279099  0.2847601   0.33828425 ...  0.18388659 -0.00895203
  0.087153  ]",[307.06317 387.2884  412.41922 ... 419.98196 346.814   400.9191 ],[346.29745 441.4114  490.6519  ... 510.7658  443.84177 459.10126],[291.65387 380.2276  424.0603  ... 440.74716 374.16153 396.41116],[0. 0. 0. ... 0. 0. 0.],0,1,3,303
[0.04680729 0.07869957 0.01443221 ... 0.15450534 0.00454416 0.06436361],[286.3936  306.70654 296.2077  ... 342.96875 309.46744 299.34576],[292.0284  310.64206 301.4091  ... 348.57385 312.32385 303.83524],[246.33105 262.6795  249.74075 ... 295.7141  260.56616 252.04071],[0. 0. 0. ... 0. 0. 0.],0,1,3,304
[0.36521965 0.28139776 0.76120013 ... 0.31107408 0.14468002 0.4331184 ],[303.10382 341.72556 445.69934 ... 342.604   279.54767 267.87616],[461.62296 472.81967 613.4672  ... 482.31967 428.11475 441.08197],[421.83582 428.94107 566.9073  ... 438.09885 385.0517  399.29532],[0.         0.0376653  0.         ... 0.         0.03760252 0.        ],0,1,3,305
[0.05755253 0.08949203 0.13086718 ... 0.20996559 0.24554394 0.29593933],[243.624   265.51245 259.1404  ... 290.8815  284.12994 279.21274],[303.0134  314.6027  328.92856 ... 338.87054 334.3393  332.1607 ],[253.65573 267.28622 276.59253 ... 288.38345 288.37402 285.16177],[0. 0. 0. ... 0. 0. 0.],0,1,3,306
"[ 0.21452153 -0.01304725  0.30753204 ...  0.29938316  0.
  0.35826686]",[255.9243  227.13428 331.9577  ... 352.17035 267.85446 343.2951 ],[311.88654 269.92908 372.82977 ... 396.1915  322.6454  401.922  ],[286.9003  245.87544 346.39536 ... 372.48227 297.0886  375.6805 ],[0.        0.0344489 0.        ... 0.        0.        0.       ],0,1,3,307
[0.20505217 0.11380414 0.31920102 ... 0.28641102 0.05941078 0.20672536],[331.7391  327.59262 372.3576  ... 387.7141  318.4684  315.32947],[383.02762 388.18784 438.35913 ... 450.8453  377.663   380.14365],[318.8885  317.22522 368.33466 ... 387.16504 311.55585 315.8876 ],[0. 0. 0. ... 0. 0. 0.],0,1,3,308
[0.         0.06102628 0.37834066 ... 0.4245048  0.40694937 0.18196198],[222.05855 260.15204 284.3917  ... 345.7455  308.55768 255.28581],[279.81818 320.17273 382.63635 ... 419.86365 373.6     301.86365],[220.32228 262.52362 327.87    ... 356.2166  310.46964 245.684  ],[0.         0.04135815 0.         ... 0.         0.         0.        ],0,1,3,309
[0.23533694 0.25579634 0.12415076 ... 0.30147952 0.26905382 0.44701794],[243.42064 268.42276 223.65417 ... 270.60327 245.42696 256.33334],[343.8601  378.0311  356.3575  ... 385.2021  363.81866 362.48706],[303.42047 338.11472 311.03217 ... 343.9624  320.51285 325.2808 ],[0.         0.         0.         ... 0.         0.03193394 0.        ],0,1,3,310
[0.21079424 0.38791516 0.14859374 ... 0.09565604 0.19733052 0.07371666],[329.4129  380.09677 355.8     ... 356.0129  372.23227 335.6516 ],[329.4129  380.09677 355.8     ... 356.0129  372.23227 335.6516 ],[269.05124 315.78622 283.79694 ... 285.86575 304.40915 269.8795 ],[0. 0. 0. ... 0. 0. 0.],0,1,3,311
[0.03153085 0.2466642  0.12864521 ... 0.07764722 0.19398512 0.14969829],[235.54509 288.6337  277.81815 ... 285.5177  306.40872 291.49887],[255.60959 311.23972 296.99316 ... 304.86987 322.41095 310.43835],[207.71454 259.12366 244.28897 ... 254.77101 271.11597 255.73047],[0.         0.         0.         ... 0.03467551 0.         0.        ],0,1,3,312
[0.49361303 0.24293874 0.22152759 ... 0.18749799 0.09849513 0.07293209],[429.74988 388.29807 399.41568 ... 407.82678 387.24194 344.47864],[437.59167 403.41666 414.86667 ... 414.76666 394.8     366.225  ],[379.25424 343.43567 346.5069  ... 354.05325 330.01132 305.5678 ],[0. 0. 0. ... 0. 0. 0.],0,1,3,313
[0.04278068 0.0419851  0.16025263 ... 0.11206725 0.10608403 0.11521582],[209.63283 216.46199 262.2701  ... 241.87987 239.0528  218.89415],[269.5819  274.1681  311.56467 ... 306.10776 282.2112  266.2155 ],[235.0139  241.15033 274.30734 ... 270.79538 247.09805 230.00691],[0. 0. 0. ... 0. 0. 0.],0,1,3,314
"[ 0.2506251   0.03691604  0.26547807 ... -0.02461737  0.10767926
  0.0640391 ]",[241.05428 214.45894 258.20178 ... 230.52512 256.68286 227.98224],[313.4593  275.64536 328.88953 ... 293.48254 319.5     302.8779 ],[271.3856  233.32693 282.93677 ... 250.11267 275.38806 258.05408],[0. 0. 0. ... 0. 0. 0.],0,1,3,315
[0.28078526 0.18596493 0.45044118 ... 0.19946119 0.17323324 0.06774309],[338.91208 327.84067 413.04395 ... 363.1813  339.93405 303.5055 ],[338.91208 327.84067 413.04395 ... 363.1813  339.93405 303.5055 ],[281.8714  272.32703 354.69647 ... 306.14972 282.6782  245.39667],[0. 0. 0. ... 0. 0. 0.],0,1,3,316
[0.41839972 0.1256706  0.29317874 ... 0.36664847 0.11986004 0.5413266 ],[321.4122  324.69467 360.1145  ... 391.37405 319.23663 368.20612],[321.4122  324.69467 360.1145  ... 391.37405 319.23663 368.20612],[261.8884  262.42538 300.8798  ... 330.1756  257.2293  307.13477],[0.         0.         0.         ... 0.         0.05071454 0.        ],0,1,3,317
[0.22876455 0.24696514 0.34493515 ... 0.269636   0.27125242 0.28484845],[330.96838 338.37772 365.47382 ... 334.63528 333.93314 335.70822],[338.27484 342.25146 371.78946 ... 343.57895 344.65497 339.23392],[274.03677 283.23758 305.16705 ... 282.05536 276.62326 276.18692],[0. 0. 0. ... 0. 0. 0.],0,1,3,318
"[ 0.06657762  0.05346224  0.00548789 ... -0.18865973  0.3953865
  0.18865973]",[204.98563 228.89355 209.51353 ... 206.67728 296.59723 225.14197],[263.0064  284.1346  273.80127 ... 260.6154  380.19232 298.3718 ],[232.2055  246.70876 237.37346 ... 223.34836 340.30783 261.16318],[0.         0.         0.         ... 0.05616334 0.         0.        ],0,1,3,319
"[ 0.14000653 -0.0771043   0.08508754 ...  1.38299     1.0952331
  0.83077526]",[381.37274 353.68814 387.01657 ... 835.2438  743.7237  682.6399 ],[420.4074  401.2815  457.66666 ... 922.82965 831.7778  733.6    ],[331.40747 308.8716  352.08902 ... 810.5205  720.4533  633.12683],[0. 0. 0. ... 0. 0. 0.],0,1,3,320
[0.00866781 0.09748165 0.2072149  ... 0.0232143  0.08370131 0.0348146 ],[269.68854 298.5082  331.1858  ... 306.89618 308.21857 289.1202 ],[269.68854 298.5082  331.1858  ... 306.89618 308.21857 289.1202 ],[214.75468 241.79489 273.07492 ... 247.75089 254.00436 233.48747],[0.         0.02269514 0.         ... 0.         0.         0.        ],0,1,3,321
"[ 0.0898087  -0.04734245  0.29291934 ...  0.0155213   0.02274928
  0.1479499 ]",[241.36133 235.17659 310.67633 ... 252.80128 235.29968 265.028  ],[342.213   329.3432  409.83432 ... 357.53253 355.59763 375.11835],[261.26443 246.10605 317.45975 ... 273.5931  272.84708 295.0769 ],[0.         0.         0.06190351 ... 0.         0.         0.        ],0,1,3,322
[0.17317861 0.18403333 0.16565649 ... 0.2777444  0.20750959 0.07220036],[251.74129 263.78238 265.62772 ... 277.10898 266.93698 238.38971],[262.25806 275.18893 276.95392 ... 300.51154 277.0645  250.05069],[232.39531 244.26663 246.93094 ... 267.5978  248.00471 218.83653],[0. 0. 0. ... 0. 0. 0.],0,1,3,323
"[ 0.14673173  0.26236448  0.1880257  ...  0.21022362 -0.07272962
  0.48461547]",[260.39203 319.13962 300.44492 ... 329.60352 247.22845 357.51508],[329.48734 384.3734  370.62024 ... 400.01898 307.50632 413.9114 ],[286.79495 338.78925 323.7415  ... 353.2296  260.00198 368.97272],[0.         0.         0.         ... 0.         0.06447202 0.        ],0,1,3,324
[0.13687661 0.12933469 0.22257319 ... 0.23630302 0.5774472  0.28613597],[230.64185 241.3825  279.8974  ... 275.0519  342.77832 285.96793],[263.6723  271.5367  310.8418  ... 315.9322  373.39548 318.44067],[228.1351  233.75404 274.29016 ... 279.97263 340.16183 280.74222],[0.         0.         0.         ... 0.06750327 0.         0.        ],0,1,3,325
[0.31426072 0.04953273 0.07950856 ... 0.5253188  0.12126786 0.38218054],[393.57843 325.72104 376.9099  ... 441.1427  364.13098 381.36374],[434.04294 388.23312 417.14725 ... 531.4847  415.04294 446.13498],[378.36578 330.16995 353.12885 ... 477.97128 356.31104 396.31177],[0.         0.         0.02129793 ... 0.         0.         0.        ],0,1,3,326
"[ 0.2889444  -0.057734    0.04531191 ...  0.          0.12847671
  0.03765896]",[323.5612  276.23914 300.54337 ... 297.78226 321.61282 291.54724],[325.71906 278.41428 303.9762  ... 303.53333 323.62857 295.99048],[267.14645 217.70468 243.48979 ... 241.80553 265.18317 237.46507],[0. 0. 0. ... 0. 0. 0.],0,1,3,327
[0.23993485 0.08162654 0.32583973 ... 0.25113145 0.         0.09994838],[239.20811 225.18837 262.76758 ... 265.0008  226.06638 224.80675],[264.4715  247.79274 294.14508 ... 298.4715  245.05182 248.45596],[239.69798 220.55591 267.56912 ... 269.775   218.96808 221.32594],[0. 0. 0. ... 0. 0. 0.],0,1,3,328
[0.19430885 0.14864749 0.29247904 ... 0.14855784 0.00625338 0.0550171 ],[307.05615 315.37427 369.83405 ... 387.0469  325.9699  320.72885],[379.8849  401.94965 474.5108  ... 453.70505 402.8489  373.02158],[303.6436  319.57697 390.32712 ... 371.79605 327.10666 298.13876],[0. 0. 0. ... 0. 0. 0.],0,1,3,329
[0.         0.191774   0.19397016 ... 0.01477547 0.36887535 0.3472808 ],[249.45425 303.34265 308.40707 ... 278.182   330.56345 319.2437 ],[326.7927  385.9573  395.79877 ... 355.2561  425.07318 397.42682],[261.23505 315.8622  316.6101  ... 284.51318 359.95413 326.20618],[0.         0.         0.         ... 0.05467672 0.         0.        ],0,1,3,330
[0.25894055 0.06033424 0.09156286 ... 0.19069949 0.10698853 0.05956751],[288.08588 262.43668 275.25177 ... 275.00464 263.5964  245.94847],[325.56958 299.90436 310.36957 ... 320.56522 294.87827 274.90436],[292.5199  270.64804 277.4694  ... 288.5256  262.18704 242.07329],[0. 0. 0. ... 0. 0. 0.],0,1,3,331
[0.18313253 0.37237546 0.24246733 ... 0.19967298 0.15033081 0.        ],[303.18152 343.82462 365.5509  ... 350.15176 337.0276  279.26962],[364.70834 421.4236  423.95834 ... 430.03473 393.6736  326.8611 ],[309.63925 366.71997 365.10397 ... 374.9125  333.87488 271.85638],[0. 0. 0. ... 0. 0. 0.],0,1,3,332
[0.19355291 0.14184423 0.23441346 ... 0.06177833 0.1460452  0.09409092],[249.48816 242.70699 277.95526 ... 247.92317 256.12784 230.63918],[294.90356 293.15228 325.3807  ... 295.7259  305.8325  274.58884],[258.76697 256.74908 286.5111  ... 259.9427  267.54208 237.47884],[0. 0. 0. ... 0. 0. 0.],0,1,3,333
"[2.2482041e-01 1.4442080e-04 6.8182960e-02 ... 1.6811137e-01 3.3230141e-01
 9.2953155e-03]",[328.13278 310.60696 319.19724 ... 354.81833 357.14102 289.11005],[335.01898 317.70255 334.79745 ... 367.48734 371.6709  300.05698],[278.52472 252.62909 274.33224 ... 303.47415 308.6522  237.18571],[0.         0.         0.02413202 ... 0.         0.         0.        ],0,1,3,334
[0.34673518 0.14418922 0.29428574 ... 0.31425    0.37972814 0.28407204],[272.07434 271.93958 297.56613 ... 311.85635 311.34955 283.86514],[337.97076 309.81287 342.8772  ... 375.33334 385.50293 352.85965],[294.54523 265.31546 298.0083  ... 326.43152 338.64584 309.15042],[0.        0.        0.0240827 ... 0.        0.        0.       ],0,1,3,335
[0.27076337 0.27458736 0.         ... 0.17208703 0.02963359 0.09402224],[315.28616 342.20282 285.236   ... 333.2472  282.56247 300.84818],[334.62048 356.7289  304.2229  ... 347.29517 307.01807 318.4759 ],[284.34885 308.00146 252.81337 ... 296.22852 257.103   270.64194],[0. 0. 0. ... 0. 0. 0.],0,1,3,336
[0.30234063 0.3793405  0.21583113 ... 0.         0.00150731 0.24547035],[296.7181  338.01343 319.37662 ... 273.9497  293.13065 302.0587 ],[340.4054  399.44864 363.3784  ... 323.65405 327.2919  349.8919 ],[298.74677 354.0582  320.29727 ... 281.3362  279.53964 303.4431 ],[0.         0.         0.         ... 0.         0.03742028 0.        ],0,1,3,337
[0.24919419 0.21151659 0.16387632 ... 0.04365054 0.14639734 0.2514735 ],[365.99454 432.56757 420.6572  ... 407.1314  422.30496 424.6451 ],[369.66455 436.90506 426.65823 ... 414.10126 427.98102 427.58228],[317.15497 373.8516  366.7871  ... 350.4925  370.09402 372.16324],[0. 0. 0. ... 0. 0. 0.],0,1,3,338
[0.0415509  0.26005277 0.31088632 ... 0.17882332 0.         0.2718719 ],[271.91467 306.43747 331.90338 ... 315.82538 272.14246 299.022  ],[286.69635 328.9267  346.46597 ... 327.94763 282.99475 315.93716],[231.79025 275.68997 289.49304 ... 274.11533 230.82515 262.55307],[0.         0.         0.         ... 0.         0.02903571 0.        ],0,1,3,339
[0.26254547 0.13927835 0.16005191 ... 0.03823385 0.22312334 0.26755518],[281.94528 305.18256 313.21118 ... 294.3772  309.95557 313.4481 ],[286.91205 306.6111  314.70834 ... 295.7639  312.2037  315.4676 ],[239.723   257.0057  261.67484 ... 243.98715 262.66827 265.39484],[0.         0.         0.         ... 0.04425841 0.         0.        ],0,1,3,340
"[ 0.          0.28072903  0.36332932 ...  0.09152237 -0.10100607
  0.24743985]",[215.35495 286.52246 315.6931  ... 278.37952 242.77437 303.6894 ],[303.50995 402.74835 427.1457  ... 386.80133 339.62253 400.74173],[241.67844 338.62396 358.01938 ... 329.94348 281.44678 338.21786],[0.05464392 0.         0.         ... 0.         0.03223488 0.        ],0,1,3,341
"[ 0.28455544  0.12934451  0.50282925 ...  0.1909087  -0.0907601
  0.23094904]",[278.18698 259.3228  322.88092 ... 286.9929  216.01076 254.1035 ],[355.0838  338.10614 424.60895 ... 375.6313  281.4246  334.65363],[300.04987 283.6639  365.8201  ... 317.3641  225.36414 277.41177],[0.         0.03458726 0.         ... 0.         0.         0.        ],0,1,3,342
[0.7829449  0.49569118 1.2553166  ... 0.24156898 0.20973259 0.8430075 ],[344.47433 304.47845 471.2427  ... 286.31308 238.38074 349.22565],[536.7969  473.85156 686.1094  ... 434.47656 406.8125  495.03906],[483.48087 419.65778 621.7015  ... 378.21396 353.4365  439.37436],[0.         0.13721156 0.08764596 ... 0.         0.10642882 0.        ],0,1,3,343
[0.39624462 0.13580634 0.27049202 ... 0.11652084 0.11569021 0.3511569 ],[312.9819  282.73544 319.8445  ... 275.75073 286.58237 291.23953],[364.12155 330.0884  366.05524 ... 338.4917  337.20993 350.33148],[342.86548 306.32138 343.1424  ... 316.40744 313.7299  327.04636],[0.         0.         0.         ... 0.         0.04444975 0.        ],0,1,3,344
[0.37290597 0.05174597 0.06799103 ... 0.3367018  0.3952646  0.63369846],[376.81097 315.74478 359.2483  ... 362.78702 381.59845 409.4422 ],[424.6688  368.3376  384.16562 ... 419.68152 428.76434 437.67517],[360.40033 301.11282 306.22546 ... 350.16153 362.82498 371.87762],[0.         0.         0.         ... 0.         0.06680529 0.        ],0,1,3,345
[0.13819706 0.01814635 0.20537728 ... 0.31902122 0.6099698  0.48576683],[203.85701 190.61612 233.07735 ... 267.03482 330.035   297.78317],[258.84338 250.43373 294.13254 ... 333.5723  390.31927 364.80722],[249.73523 239.83466 283.8756  ... 322.98166 380.95245 354.22406],[0.         0.         0.         ... 0.03099569 0.         0.        ],0,1,3,346
[0.22988966 0.07550473 0.03595443 ... 0.06881982 0.04491    0.33585727],[282.63904 267.37073 265.19513 ... 273.57562 262.92682 318.18536],[282.63904 267.37073 265.19513 ... 273.57562 262.92682 318.18536],[248.16699 230.21002 230.11171 ... 234.14684 227.93683 281.75024],[0.         0.         0.         ... 0.         0.04278927 0.        ],0,1,3,347
[0.1629146  0.05712759 0.2430616  ... 0.03280165 0.02224657 0.2747006 ],[280.5489  262.0263  318.56604 ... 290.8895  291.06595 324.3237 ],[304.42957 291.19717 343.77466 ... 326.6831  311.57043 355.57043],[260.5711  247.32321 299.14392 ... 282.994   266.1911  311.82916],[0.         0.         0.         ... 0.         0.04115413 0.        ],0,1,3,348
[0.1566193  0.50299984 0.11564294 ... 0.13024226 0.         0.26467636],[321.0765  389.01987 319.46405 ... 335.61526 303.73285 342.6532 ],[357.96933 440.70554 358.87115 ... 371.3681  336.34357 371.44785],[306.09146 388.77716 303.20865 ... 319.2529  283.25015 323.38016],[0.         0.         0.         ... 0.         0.04001787 0.        ],0,1,3,349
[0.25332117 0.13950129 0.23028485 ... 0.09046046 0.27524436 0.15329103],[260.60547 237.58183 274.11188 ... 261.8613  291.19357 252.83884],[279.45255 274.1533  301.8832  ... 283.41605 310.0292  284.42337],[241.42104 235.8918  261.16937 ... 242.82095 268.01752 243.63657],[0.         0.         0.         ... 0.04077169 0.         0.        ],0,1,3,350
[0.17193955 0.43730953 0.27395496 ... 0.27186042 0.33242488 0.32731673],[356.03174 423.0635  405.10318 ... 390.25397 395.36508 377.94446],[356.03174 423.0635  405.10318 ... 390.25397 395.36508 377.94446],[300.74478 360.3844  338.99023 ... 330.72452 336.41464 321.03064],[0. 0. 0. ... 0. 0. 0.],0,1,3,351
[0.14638501 0.08487112 0.29675287 ... 0.21388946 0.22197323 0.22253808],[200.14038 189.62456 237.59207 ... 259.3641  260.51285 234.88345],[287.86163 278.06918 330.02515 ... 346.20755 344.66666 311.1635 ],[256.3643  246.70535 297.53162 ... 314.37415 313.10257 278.15778],[0. 0. 0. ... 0. 0. 0.],0,1,3,352
"[ 0.17618373 -0.10831667  0.15897362 ...  0.12603624  0.06801606
  0.11757287]",[324.6336  283.93497 357.9703  ... 349.59033 325.728   337.0019 ],[331.137   293.26712 366.19177 ... 366.28082 348.56848 347.73972],[299.39932 265.46747 332.4163  ... 337.1159  318.63605 314.8842 ],[0.         0.         0.02359595 ... 0.         0.         0.        ],0,1,3,353
[0.45722392 0.37517422 0.14711888 ... 0.14857018 0.15291932 0.2483996 ],[345.2748  375.66656 351.1624  ... 379.49612 378.30743 391.6071 ],[376.8113  388.72327 361.46542 ... 391.78616 389.73584 401.69812],[316.64282 323.2945  293.4806  ... 317.93466 314.33163 328.9583 ],[0. 0. 0. ... 0. 0. 0.],0,1,3,354
[0.05056955 0.1787029  0.15157974 ... 0.04237554 0.01438984 0.14482096],[296.55667 331.09775 331.38818 ... 316.23734 296.17557 303.42957],[393.02615 430.66666 433.00653 ... 434.5229  411.9085  427.96732],[331.04044 369.08835 365.51297 ... 373.2533  353.66504 362.6218 ],[0. 0. 0. ... 0. 0. 0.],0,1,3,355
[0.05284389 0.37349498 0.31099927 ... 0.02289625 0.20544408 0.6019006 ],[265.75455 333.2108  333.9048  ... 268.60367 288.6035  354.27457],[269.8941  335.4294  336.08237 ... 270.74118 292.      359.07648],[220.2103  287.40338 283.3075  ... 216.35104 243.32147 312.05554],[0.         0.         0.         ... 0.         0.08430579 0.        ],0,1,3,356
[0.14330803 0.04811736 0.20395647 ... 0.05839446 0.04961711 0.11251771],[203.30444 202.25449 217.46202 ... 219.2985  213.87819 211.47308],[249.90811 249.67567 275.93515 ... 269.74054 264.77298 270.0973 ],[208.64833 208.2048  235.54831 ... 225.99457 223.31369 229.35089],[0. 0. 0. ... 0. 0. 0.],0,1,3,357
"[ 0.          0.15444498  0.30658454 ... -0.00216978  0.07743432
  0.06566743]",[242.38806 316.04974 349.2985  ... 305.53732 314.94528 300.0597 ],[242.38806 316.04974 349.2985  ... 305.53732 314.94528 300.0597 ],[191.37473 265.29034 296.92624 ... 250.94614 262.75787 249.50491],[0.        0.0299169 0.        ... 0.        0.        0.       ],0,1,3,358
"[ 0.35967633  0.21572238  0.22228089 ...  0.09967549 -0.07477137
  0.25353742]",[323.8014  313.0426  323.61353 ... 306.08374 263.5276  312.09802],[336.2825  323.95966 333.73093 ... 319.81165 272.88788 327.4843 ],[296.18793 279.33594 291.73795 ... 276.333   232.38326 287.34073],[0.         0.         0.         ... 0.         0.03511157 0.        ],0,1,3,359
"[ 0.6853784   0.38169926  0.15143104 ...  0.07742738 -0.09243777
  0.44728562]",[450.21365 414.57645 407.92337 ... 401.41553 328.63766 417.04224],[528.4094  470.26846 449.91946 ... 445.73154 382.49664 498.92618],[462.3054  402.71133 374.5198  ... 377.25952 316.9226  442.27527],[0.         0.         0.         ... 0.         0.06587632 0.        ],0,1,3,360
[0.32749787 0.01724744 0.20449089 ... 0.12598008 0.0747611  0.2776164 ],[234.09348 206.98769 226.34479 ... 230.28217 222.327   241.01808],[372.17978 305.32584 360.1292  ... 365.86517 350.5618  362.82584],[338.87897 273.69678 326.6338  ... 328.41818 314.55252 326.694  ],[0.         0.         0.         ... 0.         0.03201932 0.        ],0,1,3,361
[0.10618564 0.08476872 0.17176747 ... 0.07090002 0.10073645 0.14122124],[229.22179 246.84294 259.97012 ... 262.96683 264.21878 261.47382],[261.13705 271.67004 294.89847 ... 295.34518 297.4619  297.41623],[230.77011 239.391   262.7213  ... 263.88068 267.96695 267.0911 ],[0.         0.02641859 0.         ... 0.02433667 0.         0.        ],0,1,3,362
"[ 0.09205438  0.08290815 -0.09205438 ...  0.16549012  0.06481444
  0.28481242]",[361.54285 370.41452 351.0383  ... 429.80606 389.36133 436.5456 ],[381.1709  383.1519  363.51898 ... 440.68988 415.      453.55063],[301.17923 301.89838 280.12134 ... 353.57434 324.89352 367.9626 ],[0. 0. 0. ... 0. 0. 0.],0,1,3,363
[0.49241206 0.32916513 0.13097388 ... 0.         0.26898804 0.37449595],[320.2059  311.35553 280.321   ... 264.16592 312.86908 306.39102],[353.32632 347.37894 311.83157 ... 291.27896 344.29474 341.1263 ],[319.835   311.07495 273.66858 ... 251.35828 308.2669  304.41064],[0.         0.         0.         ... 0.         0.05782582 0.        ],0,1,3,364
[0.05628321 0.19331278 0.29705232 ... 0.17766184 0.15085393 0.14544064],[307.59958 336.0055  350.29184 ... 315.3687  306.62088 290.15628],[354.64368 390.454   417.12643 ... 379.18967 369.70114 361.78162],[298.97864 333.76907 359.79434 ... 328.2636  320.0106  308.92636],[0. 0. 0. ... 0. 0. 0.],0,1,3,365
[0.19263896 0.11362079 0.24599795 ... 0.14311333 0.21071237 0.1739666 ],[305.27774 301.0524  322.32867 ... 341.7348  353.0707  331.13702],[329.15338 314.80368 347.64417 ... 363.22086 366.30676 351.773  ],[279.16574 265.36383 295.7476  ... 313.3171  312.2705  298.15808],[0. 0. 0. ... 0. 0. 0.],0,1,3,366
"[ 0.18062113 -0.09454548  0.13074546 ...  0.24506718  0.03661654
  0.13445711]",[265.0259  223.85376 272.06296 ... 286.31842 244.14091 239.28421],[337.8798  308.13663 364.20764 ... 375.80328 323.306   317.40436],[272.07123 239.41397 291.90475 ... 308.19482 257.7219  248.97067],[0.         0.         0.03223139 ... 0.         0.         0.        ],0,1,3,367
"[ 0.22158277 -0.03489372  0.24212582 ...  0.05209338  0.18489496
  0.09186289]",[234.01155 199.98933 239.68681 ... 239.87267 259.63614 236.70784],[329.89743 284.95514 357.53845 ... 344.23718 359.94873 339.02563],[292.05057 244.13676 316.02087 ... 300.37247 319.25714 297.62415],[0.         0.02901611 0.         ... 0.02073249 0.         0.        ],0,1,3,368
[0.23943011 0.05552947 0.08404427 ... 0.1092746  0.26618606 0.03226507],[353.49734 333.8325  358.42215 ... 370.43448 404.24    320.7171 ],[369.40372 351.68323 372.60248 ... 388.31677 423.15527 340.18634],[315.2653  296.80072 316.4485  ... 335.27676 373.39963 289.76215],[0. 0. 0. ... 0. 0. 0.],0,1,3,369
[0.2570945  0.         0.00272646 ... 0.2218612  0.         0.44156072],[274.92    227.08928 264.9474  ... 327.3414  253.28404 330.54636],[366.02084 318.1736  351.6875  ... 411.25696 321.78473 412.66666],[303.259   255.63702 282.63925 ... 345.87314 258.73013 349.9907 ],[0.         0.         0.         ... 0.         0.05299031 0.        ],0,1,3,370
[0.02014177 0.4148338  0.66732645 ... 0.22607319 0.08733498 0.59731966],[304.63086 407.70605 492.99246 ... 401.3206  372.49573 462.56348],[352.0876  460.30658 546.61316 ... 474.09488 431.927   533.4379 ],[297.10574 401.842   478.04776 ... 416.25708 373.6016  475.01462],[0.06390136 0.         0.         ... 0.         0.08397183 0.        ],0,1,3,371
"[ 0.40843597  0.168602   -0.0019014  ...  0.257418    0.36722338
  0.43640786]",[317.93036 318.12106 285.3821  ... 315.3284  349.27118 327.1444 ],[346.69266 345.44037 311.01834 ... 351.41284 371.4587  350.211  ],[301.03894 294.82693 257.7449  ... 301.4518  321.7093  306.59982],[0.         0.         0.         ... 0.03435604 0.         0.        ],0,1,3,372
"[ 0.          0.19158408 -0.07502089 ...  0.          0.22851054
  0.37371016]",[247.99347 294.49673 273.77777 ... 271.817   304.96732 318.51633],[247.99347 294.49673 273.77777 ... 271.817   304.96732 318.51633],[187.4136  236.43533 205.00557 ... 206.8558  241.10454 256.00446],[0.         0.         0.         ... 0.         0.04536511 0.        ],0,1,3,373
"[ 0.13617413  0.05397152 -0.00750462 ...  0.76375836  0.5618316
  0.30944106]",[247.60374 247.30978 241.74706 ... 402.46185 338.02402 295.593  ],[296.3475  289.97873 286.24115 ... 464.2553  412.32623 349.29788],[262.29218 253.89464 251.25601 ... 428.58926 378.0511  313.53024],[0. 0. 0. ... 0. 0. 0.],0,1,3,374
[0.1088746  0.03554351 0.21960816 ... 0.0067538  0.18742819 0.05422663],[263.3586  259.51968 298.2013  ... 263.5818  293.0428  256.08258],[274.64117 269.28235 305.45883 ... 270.79413 300.17648 263.4    ],[236.36118 228.68852 264.0957  ... 228.48471 261.0193  223.93695],[0. 0. 0. ... 0. 0. 0.],0,1,3,375
[0.0095167  0.07639646 0.08315171 ... 0.37224022 0.05714545 0.21902782],[266.1312  276.95538 287.8869  ... 343.01474 261.92355 300.88593],[316.10526 331.6184  337.25    ... 412.19736 323.0987  354.9079 ],[281.91498 298.67352 302.87317 ... 379.80872 290.25235 321.72812],[0.         0.         0.02264611 ... 0.         0.         0.        ],0,1,3,376
"[ 0.11446325  0.2267373  -0.0770753  ...  0.33259454  0.10048059
  0.2833747 ]",[314.77298 370.07645 302.37842 ... 400.3545  334.94043 377.50043],[345.52942 389.60132 325.      ... 424.2549  361.86273 397.77777],[300.29953 347.76898 279.96005 ... 381.0579  315.43747 352.37292],[0. 0. 0. ... 0. 0. 0.],0,1,3,377
[0.2659015  0.21382487 0.32313618 ... 0.13313931 0.4890434  0.34306103],[242.93309 241.49414 280.72098 ... 255.30705 305.16986 266.2721 ],[310.54053 329.3081  371.15677 ... 328.58377 384.8973  351.80542],[259.93332 280.4245  316.85843 ... 272.3283  332.04733 298.11908],[0.         0.         0.         ... 0.07831877 0.         0.        ],0,1,3,378
[0.11995844 0.25931412 0.24517232 ... 0.06956849 0.         0.12275144],[343.92316 382.54974 375.67804 ... 372.59912 336.66953 330.6951 ],[376.7158  426.64212 437.72104 ... 406.80527 375.2579  373.46317],[298.609   346.32123 348.81833 ... 325.00632 297.3731  293.93173],[0. 0. 0. ... 0. 0. 0.],0,1,3,379
"[ 0.09708498  0.07778358 -0.01297361 ...  0.14300387  0.
  0.15919216]",[304.41763 305.08627 295.91187 ... 344.43066 305.1286  331.6388 ],[305.5061  309.06097 297.06097 ... 345.65244 306.75    336.63416],[276.1101  274.99966 263.68823 ... 311.89276 272.95544 307.12564],[0. 0. 0. ... 0. 0. 0.],0,1,3,380
[0.14032999 0.1739168  0.07511859 ... 0.11299545 0.05429068 0.11886059],[278.7069  294.65405 287.18616 ... 301.22125 268.31757 290.37866],[300.50247 313.46304 306.0394  ... 326.25616 301.67487 315.55664],[250.77089 263.5975  254.45644 ... 273.2589  252.19846 262.75705],[0. 0. 0. ... 0. 0. 0.],0,1,3,381
"[ 0.          0.16595908 -0.03390873 ...  0.5593365   0.03569053
  0.60525405]",[267.8855  299.771   277.73282 ... 378.83206 266.64886 360.17557],[267.8855  299.771   277.73282 ... 378.83206 266.64886 360.17557],[210.52167 244.01053 215.8575  ... 321.78085 213.1491  305.77145],[0.         0.         0.04678166 ... 0.         0.05413125 0.        ],0,1,3,382
[0.33773935 0.1145454  0.30282784 ... 0.01071465 0.14289391 0.22455665],[275.52274 260.0286  302.27652 ... 270.04135 301.23444 307.2318 ],[386.66083 353.95322 399.193   ... 355.6842  378.1111  383.0351 ],[344.69232 308.61536 353.1737  ... 305.73923 331.9719  342.3673 ],[0.         0.         0.         ... 0.         0.02862906 0.        ],0,1,3,383
[0.5271094  0.31295165 0.2505001  ... 0.14999977 0.1510473  0.3807436 ],[516.7886  487.11038 476.4274  ... 474.5651  457.43933 497.6566 ],[523.0955  492.81528 483.08917 ... 486.52228 469.07645 502.01273],[444.5518  400.23676 386.80145 ... 395.21393 383.39917 421.2032 ],[0.         0.         0.         ... 0.         0.04010293 0.        ],0,1,3,384
[0.10614879 0.27976793 0.02479968 ... 0.22001645 0.19673955 0.36314043],[301.11798 355.19662 315.13483 ... 360.21347 354.6292  372.20224],[301.11798 355.19662 315.13483 ... 360.21347 354.6292  372.20224],[246.17422 305.17108 261.43668 ... 303.59634 295.37997 315.20514],[0.         0.         0.         ... 0.         0.04103666 0.        ],0,1,3,385
[0.31810823 0.19766092 0.12608197 ... 0.01504304 0.15222266 0.11712024],[315.14905 322.62006 331.5034  ... 305.20807 330.4578  319.93045],[381.14816 389.64197 385.50616 ... 379.67902 410.40125 387.87656],[346.21686 352.40134 347.8691  ... 336.5391  369.8827  347.3417 ],[0. 0. 0. ... 0. 0. 0.],0,1,3,386
[0.36262506 0.5356551  0.23611784 ... 0.01669548 0.49764907 0.67816997],[369.26645 420.9693  376.553   ... 402.0166  490.15942 507.4965 ],[396.83066 441.1855  407.34677 ... 416.28226 515.0887  549.2339 ],[335.25958 377.94165 340.52045 ... 340.36176 447.44586 479.40167],[0.         0.         0.         ... 0.         0.06512134 0.        ],0,1,3,387
"[ 0.46298158  0.12154566 -0.1616218  ...  0.03419026  0.254727
  0.22594747]",[306.78683 277.16254 244.6403  ... 287.34622 320.32083 281.48282],[351.7752  314.81396 267.0155  ... 309.71317 350.0775  321.54263],[307.46045 270.57306 220.90227 ... 260.21445 302.41806 275.91293],[0.         0.         0.         ... 0.03668922 0.         0.        ],0,1,3,388
"[ 0.23352015  0.26873997  0.41229212 ...  0.09738082 -0.04535777
  0.26830912]",[216.55995 243.39871 275.91837 ... 265.8656  208.97256 251.80249],[329.57352 366.98038 409.02942 ... 359.94608 312.58334 367.40686],[268.04715 301.71667 340.4131  ... 292.95273 244.59915 304.3248 ],[0.         0.         0.         ... 0.         0.04335311 0.        ],0,1,3,389
"[ 0.3202196   0.43256125  0.20561667 ... -0.10860758  0.23582132
  0.4674951 ]",[289.25397 328.3545  304.79364 ... 278.22223 318.8254  352.31216],[289.25397 328.3545  304.79364 ... 278.22223 318.8254  352.31216],[233.94598 264.77774 243.5733  ... 217.86147 259.1459  294.42664],[0.         0.         0.         ... 0.         0.07971098 0.        ],0,1,3,390
"[ 0.10821504  0.07414527  0.12176704 ...  0.13793996 -0.01043625
  0.2684876 ]",[284.10205 277.1182  305.97226 ... 296.33716 263.6056  313.7124 ],[327.02423 329.6182  353.3818  ... 350.97577 306.42426 358.42426],[262.84042 265.89307 284.03482 ... 283.88116 241.96361 295.3433 ],[0.         0.         0.         ... 0.         0.02541532 0.        ],0,1,3,391
[0.38263577 0.09551044 0.5140491  ... 0.14095622 0.00167572 0.24560227],[404.03192 362.8351  467.45212 ... 383.57446 337.3617  361.12234],[404.03192 362.8351  467.45212 ... 383.57446 337.3617  361.12234],[367.4927  323.46115 426.96695 ... 344.6153  301.0753  326.0867 ],[0.         0.         0.         ... 0.         0.03808754 0.        ],0,1,3,392
"[ 0.20376499  0.33575252 -0.07925608 ...  0.11074495  0.08760337
  0.26681763]",[255.32535 298.1899  234.51436 ... 287.77917 273.2959  296.8748 ],[284.9669  326.51657 259.05298 ... 309.35098 295.17218 322.41058],[249.87547 291.95404 220.28151 ... 274.0494  261.87067 287.283  ],[0.         0.         0.         ... 0.         0.03298855 0.        ],0,1,3,393
[0.2762359  0.182409   0.33642346 ... 0.01277603 0.46103022 0.36159876],[303.76746 294.21704 349.25583 ... 295.86047 346.53488 317.6744 ],[303.76746 294.21704 349.25583 ... 295.86047 346.53488 317.6744 ],[242.73315 230.83348 282.0913  ... 235.21852 288.013   255.28674],[0.         0.         0.         ... 0.07684528 0.         0.        ],0,1,3,394
[0.15377669 0.10326894 0.         ... 0.12715425 0.22339022 0.291485  ],[242.03317 244.21945 246.32999 ... 270.1968  250.66707 242.94   ],[319.97333 339.71335 324.92667 ... 376.13333 369.09332 331.15332],[268.0856  286.82193 266.20657 ... 315.08704 315.16815 275.60278],[0.         0.         0.         ... 0.04669214 0.         0.        ],0,1,3,395
"[ 0.04737921  0.10956044  0.09358315 ... -0.08112349  0.08441665
  0.26374707]",[279.6856  289.04004 278.90494 ... 254.24593 296.8722  305.41992],[293.10376 310.40567 309.79245 ... 290.84906 309.04718 323.71698],[263.8934  280.19913 279.39832 ... 258.38498 278.88016 294.58185],[0.         0.         0.         ... 0.         0.03262057 0.        ],0,1,3,396
"[ 0.          0.1703316   0.10358632 ... -0.05832519  0.39032707
  0.48386797]",[290.13052 339.27344 345.0864  ... 311.9319  385.22855 372.58658],[307.6708  360.0559  367.62112 ... 323.57144 400.62732 399.13043],[256.639   309.0794  310.62134 ... 267.5221  348.0788  348.94577],[0.         0.         0.02252979 ... 0.         0.08412213 0.        ],0,1,3,397
[0.17941041 0.1967948  0.26151866 ... 0.52222    0.22599474 0.13811943],[291.59985 310.81946 324.92938 ... 403.2601  322.56683 284.95193],[301.8012  317.93976 336.5241  ... 415.13855 331.2711  294.25903],[267.68427 283.79398 299.99136 ... 375.2486  295.1758  261.74875],[0. 0. 0. ... 0. 0. 0.],0,1,3,398
[0.20010442 0.16142352 0.31736487 ... 0.17034933 0.3589318  0.29947394],[323.58948 308.43338 341.79144 ... 300.9263  306.53064 286.86258],[346.75165 336.38562 374.56863 ... 331.75165 346.7843  310.2745 ],[289.14453 282.37134 317.6127  ... 270.11975 290.1352  255.12793],[0.         0.         0.         ... 0.06850871 0.         0.        ],0,1,3,399
"[ 0.27632043  0.40615234  0.3942819  ...  0.         -0.08437693
  0.25325164]",[343.0067  403.98596 410.0909  ... 336.97864 302.3323  338.04907],[358.27518 425.22147 426.98657 ... 347.44968 325.08725 358.85907],[315.85495 379.69742 377.16904 ... 298.2409  272.29556 312.4184 ],[0.         0.         0.         ... 0.         0.03281195 0.        ],0,1,3,400
[0.         0.4273718  0.23200405 ... 0.         0.34766534 0.2589322 ],[283.4534  384.74817 353.31387 ... 301.66452 346.45224 321.98297],[284.63635 386.06293 354.46854 ... 302.93707 347.63635 325.4825 ],[231.30142 329.47745 301.98727 ... 246.71936 291.4572  270.89548],[0.         0.         0.         ... 0.03770883 0.         0.        ],0,1,3,401
[0.07937143 0.18211125 0.43809488 ... 0.15162548 0.63761014 0.65183777],[313.19342 366.32263 456.27264 ... 358.1786  443.1087  455.92007],[349.8855  395.1985  477.1374  ... 390.01526 493.15268 484.26718],[277.66937 314.7354  390.54102 ... 313.2453  415.62042 411.0042 ],[0.         0.06292756 0.         ... 0.13603358 0.         0.        ],0,1,3,402
[0.17368273 0.         0.26105618 ... 0.14370394 0.09540072 0.24297917],[318.5247  298.9307  356.9597  ... 338.1777  315.48764 304.923  ],[333.02667 308.80667 366.49335 ... 356.44666 326.63333 317.44666],[298.26767 267.1263  326.66882 ... 311.3532  282.9064  280.49176],[0. 0. 0. ... 0. 0. 0.],0,1,3,403
[0.37467057 0.15538661 0.         ... 0.26851302 0.34822482 0.36153522],[334.3052  311.11038 282.86365 ... 320.8052  317.73376 323.7013 ],[334.3052  311.11038 282.86365 ... 320.8052  317.73376 323.7013 ],[282.74667 254.00858 225.34442 ... 268.3297  265.39255 266.6237 ],[0.         0.         0.         ... 0.02955252 0.         0.        ],0,1,3,404
[0.31823304 0.23821484 0.43989635 ... 0.01515878 0.01508939 0.02886674],[224.54733 203.03574 265.99564 ... 200.10393 174.3288  163.7661 ],[377.05673 367.60284 433.58865 ... 332.94327 315.43973 311.24115],[338.6983  326.4814  390.91684 ... 287.59323 273.61813 274.2313 ],[0. 0. 0. ... 0. 0. 0.],0,1,3,405
"[ 0.20166664  0.28932643 -0.03226479 ... -0.09316214  0.25248292
  0.32653165]",[208.45503 267.23956 227.16145 ... 224.57574 273.5186  268.70453],[352.83435 428.84048 379.35583 ... 369.092   437.93253 435.39877],[277.67432 350.58154 295.42014 ... 286.46045 363.22318 357.611  ],[0.         0.         0.         ... 0.         0.06035087 0.        ],0,1,3,406
[0.2917429  0.25520733 0.38183025 ... 0.         0.21530852 0.19031022],[274.78323 264.46262 303.19516 ... 240.34435 283.0253  266.56888],[292.37036 291.70987 320.58643 ... 254.94444 295.8889  286.88272],[243.9976  243.90771 270.48718 ... 208.0813  250.17795 240.96628],[0.         0.         0.         ... 0.04093198 0.         0.        ],0,1,3,407
[0.05208975 0.13598496 0.14974302 ... 0.10853835 0.20781787 0.16607961],[283.6008  304.06998 315.89767 ... 330.60657 341.75046 319.401  ],[300.92593 315.83597 330.79364 ... 349.74603 359.59787 341.2963 ],[254.56358 273.50995 288.11572 ... 301.6554  318.8456  298.75034],[0.         0.         0.         ... 0.02237344 0.         0.        ],0,1,3,408
[0.26261514 0.15549657 0.14594631 ... 0.41613296 0.4632606  0.7755458 ],[519.8119  486.64355 514.1782  ... 663.1485  666.3267  769.0743 ],[519.8119  486.64355 514.1782  ... 663.1485  666.3267  769.0743 ],[468.84277 436.27197 456.8848  ... 608.61395 619.5744  719.15076],[0.         0.         0.         ... 0.         0.06114832 0.        ],1,1,3,0
"[ 0.24710448  0.2335711   0.09460106 ... -0.18298155  0.13146959
  0.09166613]",[301.13022 310.6807  290.52063 ... 245.71088 286.31332 259.55927],[326.32996 334.45685 313.0609  ... 267.24365 313.4619  280.25888],[280.90494 289.9636  264.79803 ... 220.41939 269.6028  235.51427],[0. 0. 0. ... 0. 0. 0.],1,1,3,1
"[ 0.37574336  0.18087699  0.22169627 ...  0.00990143 -0.00148656
  0.17936355]",[313.43042 305.5167  301.6947  ... 292.07892 281.77112 311.35535],[353.83084 335.88058 348.29352 ... 326.08954 319.78607 351.8955 ],[321.0359  302.08414 312.62308 ... 287.12073 282.22314 314.37485],[0.         0.         0.         ... 0.         0.02223913 0.        ],1,1,3,2
[0.239231   0.10875071 0.         ... 0.5775247  0.5882436  0.7085365 ],[350.43683 332.4779  309.88516 ... 515.0658  511.45166 544.6896 ],[366.42056 344.4159  329.83646 ... 532.6121  534.4673  558.45325],[323.90234 304.30814 285.88757 ... 487.7692  489.1746  515.2233 ],[0.         0.         0.         ... 0.         0.02957041 0.        ],1,1,3,3
[0.36203033 0.11745482 0.39555857 ... 0.04454896 0.18296176 0.49564978],[394.77557 352.24747 438.78845 ... 363.20517 407.43063 439.1693 ],[418.7189  386.46082 475.6083  ... 403.69125 432.63135 486.37326],[372.9735  343.74188 429.66824 ... 349.70358 384.0707  438.93204],[0.        0.        0.        ... 0.        0.0618457 0.       ],1,1,3,4
[0.20738333 0.16832478 0.45003614 ... 0.45859915 0.3730102  0.3672228 ],[362.5801  411.91275 503.11993 ... 560.6197  528.8232  511.94846],[367.58365 427.11523 517.9554  ... 572.40894 541.10034 527.79926],[290.7666  348.94763 426.99677 ... 480.2178  455.2817  445.5569 ],[0. 0. 0. ... 0. 0. 0.],1,1,3,5
"[ 0.08788847 -0.08788847  0.03868349 ... -0.12496515  0.
  0.1050811 ]",[268.1159  260.80963 291.74252 ... 245.66267 263.3891  273.7427 ],[308.88266 292.64285 331.87244 ... 283.35205 305.19388 309.6837 ],[277.3909  260.1958  297.8504  ... 248.67809 270.69138 274.80945],[0. 0. 0. ... 0. 0. 0.],1,1,3,6
[0.17740971 0.10431239 0.22104043 ... 0.18844928 0.47860315 0.3464221 ],[365.1835  354.4804  398.30267 ... 379.67142 452.5672  384.00388],[395.98438 382.95312 429.97397 ... 412.69272 491.6354  409.38022],[350.61795 340.2689  379.43817 ... 366.31842 442.31525 365.1673 ],[0.         0.         0.         ... 0.07660262 0.         0.        ],1,1,3,7
[0.34645876 0.32534385 0.15874061 ... 0.19336762 0.15559609 0.22696185],[484.25256 485.55154 461.57217 ... 475.8299  456.28867 451.42267],[484.25256 485.55154 461.57217 ... 475.8299  456.28867 451.42267],[420.74365 421.22635 391.18875 ... 403.77084 388.40637 384.42776],[0. 0. 0. ... 0. 0. 0.],1,1,3,8
"[ 0.31466272  0.20161182 -0.07996566 ...  0.29977152  0.08873626
  0.22779804]",[292.3144  281.96863 238.54991 ... 326.37305 289.10727 299.6064 ],[335.05945 321.04865 268.45947 ... 378.27026 328.627   343.3243 ],[305.23236 290.80438 236.99736 ... 345.53958 294.21707 312.39355],[0. 0. 0. ... 0. 0. 0.],1,1,3,9
[0.079767   0.18554094 0.09290214 ... 0.34919217 0.3270723  0.34455955],[290.90775 323.71503 305.00012 ... 410.5866  405.4353  406.81204],[305.93695 333.27478 321.0811  ... 426.2928  417.1216  419.8243 ],[276.74527 301.49    291.07803 ... 394.44785 384.733   388.44812],[0. 0. 0. ... 0. 0. 0.],1,1,3,10
"[ 0.09520921  0.09712288  0.12321997 ... -0.13890979  0.04422012
  0.4531784 ]",[240.45464 278.28772 285.74374 ... 256.27158 269.0355  313.48837],[321.59296 359.6834  368.56784 ... 326.45227 367.42712 422.42212],[281.46814 316.21945 324.29736 ... 280.69626 322.22427 379.74313],[0.         0.         0.01756643 ... 0.         0.07456292 0.        ],1,1,3,11
[0.29069293 0.07846156 0.         ... 0.17261614 0.04772418 0.22080584],[243.47067 240.93098 216.25041 ... 277.3748  236.79192 257.70648],[317.53732 305.35074 299.07462 ... 359.46268 328.2015  362.53732],[292.98325 279.21017 275.07672 ... 336.89444 300.2936  338.06052],[0. 0. 0. ... 0. 0. 0.],1,1,3,12
[0.06199856 0.17544582 0.29447904 ... 0.04060039 0.00543844 0.01204108],[405.0021  447.06717 498.25235 ... 460.9763  441.70074 413.26288],[437.0258  477.84537 521.567   ... 485.72165 467.19073 444.1701 ],[390.72717 428.9643  468.1941  ... 431.7941  416.7707  396.56537],[0. 0. 0. ... 0. 0. 0.],1,1,3,13
[0.08533213 0.07148394 0.11282529 ... 0.21211626 0.19012706 0.09180348],[303.2022  312.5048  339.67712 ... 358.13376 336.48993 321.97177],[306.84744 318.26273 343.339   ... 363.84323 355.34323 326.92798],[258.3113  266.5948  287.3381  ... 309.45465 303.82794 276.84573],[0. 0. 0. ... 0. 0. 0.],1,1,3,14
"[ 0.10681994  0.05767469  0.04204703 ... -0.03545184  0.19467032
  0.2154348 ]",[303.63266 313.9949  320.89795 ... 302.4694  346.94388 335.33163],[303.63266 313.9949  320.89795 ... 302.4694  346.94388 335.33163],[257.88858 263.66867 269.46902 ... 252.09209 299.21942 288.38644],[0.        0.        0.        ... 0.        0.0319627 0.       ],1,1,3,15
[0.         0.20046718 0.04104073 ... 0.20154351 0.2472087  0.24701703],[256.27747 303.51608 281.06656 ... 359.9037  360.75333 357.33517],[286.16217 342.05405 315.7135  ... 397.84323 396.14053 392.78918],[250.75616 307.2663  282.8978  ... 361.80136 359.56723 359.30734],[0.         0.         0.         ... 0.02424036 0.         0.        ],1,1,3,16
[0.4427807  0.11408127 0.         ... 0.11205301 0.307801   0.        ],[408.22882 386.15836 375.35864 ... 423.56293 476.6807  373.1029 ],[431.34634 411.64877 388.97073 ... 450.95123 504.0195  400.50244],[382.89893 358.86063 335.793   ... 397.33478 447.7452  348.91098],[0.         0.         0.         ... 0.02456755 0.         0.        ],1,1,3,17
[0.31638822 0.10741309 0.34493145 ... 0.12693423 0.20245422 0.17564479],[371.8164  367.16183 446.6257  ... 435.1303  442.3166  428.6864 ],[415.3     408.5     477.84286 ... 474.75238 490.7857  461.70477],[364.53302 352.46515 419.17035 ... 418.1867  436.00574 410.85693],[0. 0. 0. ... 0. 0. 0.],1,1,3,18
[0.06927687 0.17310481 0.16980882 ... 0.06234759 0.12748499 0.21759291],[405.55618 440.75024 433.89066 ... 437.6401  462.58868 498.32526],[439.1506  471.86145 489.89758 ... 486.3554  507.74097 539.4458 ],[409.04602 446.1026  462.3953  ... 460.41098 482.6734  513.3826 ],[0.         0.         0.03360641 ... 0.         0.03238548 0.        ],1,1,3,19
[0.16625953 0.45689484 0.         ... 0.0460359  0.0026816  0.40555432],[301.08612 377.608   283.45224 ... 330.28177 305.7442  384.93277],[326.82874 400.34805 307.48065 ... 348.99448 334.29834 406.27625],[299.79742 370.69406 276.3912  ... 318.36234 304.87772 375.42816],[0.         0.         0.         ... 0.         0.06159908 0.        ],1,1,3,20
"[ 0.3024133   0.1232194   0.06034778 ...  0.16147935 -0.01020422
  0.19781856]",[426.26318 438.14435 422.98004 ... 470.8063  423.19757 464.92844],[427.23157 438.9421  423.6     ... 472.43683 423.93158 465.70526],[369.9915  377.6245  360.4344  ... 409.99582 356.698   403.3113 ],[0. 0. 0. ... 0. 0. 0.],1,1,3,21
[0.2054217  0.26233363 0.1912659  ... 0.14643179 0.32396433 0.14376494],[274.81018 305.50925 299.8889  ... 314.9537  350.60184 310.7963 ],[274.81018 305.50925 299.8889  ... 314.9537  350.60184 310.7963 ],[240.49522 269.7216  263.84433 ... 278.99744 314.51608 272.65457],[0.         0.         0.         ... 0.04005533 0.         0.        ],1,1,3,22
[0.         0.0415598  0.11975428 ... 0.         0.06134851 0.0750105 ],[316.83606 344.40262 363.23767 ... 364.9626  386.24197 384.63702],[322.99042 347.73685 369.39713 ... 371.6268  391.      388.92822],[291.0198  316.29767 339.04437 ... 336.22003 354.53555 352.54086],[0.        0.0189628 0.        ... 0.        0.        0.       ],1,1,3,23
[0.10478251 0.1661993  0.39390337 ... 0.0135615  0.13186036 0.00738324],[311.3341  334.6141  397.43384 ... 308.49722 327.65942 296.04056],[349.84433 370.24527 422.8066  ... 335.9198  361.9764  320.0613 ],[301.80426 317.06277 370.78748 ... 286.32816 311.98962 269.1719 ],[0.         0.04000427 0.         ... 0.         0.         0.        ],1,1,3,24
[0.22342977 0.00687161 0.30297518 ... 0.02926988 0.323412   0.46146995],[274.42236 265.88046 324.44617 ... 325.78845 349.03955 362.45657],[333.82812 316.08853 390.85938 ... 383.77603 425.34375 432.45834],[289.89178 271.4877  345.7017  ... 332.6406  375.58    384.0308 ],[0.         0.         0.         ... 0.08149436 0.         0.        ],1,1,3,25
"[ 0.11964177  0.13453442  0.25548172 ... -0.01120447  0.12024011
  0.26623875]",[368.6984  408.33508 426.99878 ... 413.10016 409.21765 451.0059 ],[453.46472 480.38174 523.60583 ... 487.71783 498.14523 521.5602 ],[343.49713 362.20807 403.12643 ... 357.42358 377.44687 403.75327],[0.         0.         0.         ... 0.         0.04223819 0.        ],1,1,3,26
"[ 0.15367763 -0.00273422  0.06487554 ...  0.29584685  0.15848465
  0.27105674]",[302.28674 285.89584 313.50647 ... 423.62338 363.6824  394.35544],[317.46445 295.75732 325.4435  ... 431.5565  377.69037 404.45605],[282.83322 259.77875 287.76932 ... 392.19858 342.53278 365.56537],[0. 0. 0. ... 0. 0. 0.],1,1,3,27
[0.4377476  0.17096795 0.49328133 ... 0.04646955 0.31379095 0.18951249],[402.68616 367.07785 441.84784 ... 367.5531  409.28232 382.64746],[430.90732 388.85855 467.63416 ... 385.83902 441.76584 400.45364],[368.27292 323.8488  399.87357 ... 316.84256 370.69235 327.5329 ],[0.         0.         0.         ... 0.02748418 0.         0.        ],1,1,3,28
"[ 0.39485258  0.07693795 -0.01902151 ...  0.2724933   0.19621156
  0.13329864]",[425.64868 372.0241  335.4319  ... 466.0864  420.12848 401.71753],[463.67883 388.78104 368.1095  ... 491.45255 438.0657  418.80292],[421.82648 345.83002 326.15533 ... 446.9206  398.09964 377.10977],[0. 0. 0. ... 0. 0. 0.],1,1,3,29
[0.19486599 0.22155221 0.1839157  ... 0.00548568 0.0315658  0.25199687],[423.97897 461.91724 441.28522 ... 416.3153  418.18628 445.70474],[450.64114 484.04785 474.6268  ... 458.76077 451.4067  478.59808],[385.29764 412.55347 404.4743  ... 384.1172  381.50513 406.7938 ],[0.         0.         0.         ... 0.         0.02672784 0.        ],1,1,3,30
"[ 0.0365968   0.15477741  0.10506278 ... -0.06586623 -0.00320004
  0.2529759 ]",[396.9435  427.60486 430.94202 ... 382.87057 396.56494 441.53958],[417.8663  462.5936  454.5187  ... 413.5829  414.05884 468.17648],[367.16595 403.29324 389.46198 ... 351.4399  350.3699  409.0029 ],[0.         0.         0.         ... 0.         0.04077161 0.        ],1,1,3,31
[0.26768458 0.00615521 0.19557236 ... 0.19344085 0.1372392  0.02162168],[342.65964 321.27448 368.77094 ... 368.31305 352.31805 320.12686],[353.92172 330.93594 382.17438 ... 379.80426 362.2847  328.4235 ],[318.94073 291.2682  339.95148 ... 343.50565 325.12595 289.72638],[0. 0. 0. ... 0. 0. 0.],1,1,3,32
"[ 0.11703535  0.00050679 -0.01450797 ...  0.0315293   0.06879301
  0.1530033 ]",[323.13358 313.27435 312.21298 ... 341.83392 349.72925 357.65344],[323.13358 313.27435 312.21298 ... 341.83392 349.72925 357.65344],[294.92767 283.96777 281.3793  ... 309.7917  318.21713 327.7786 ],[0.         0.         0.         ... 0.         0.02117169 0.        ],1,1,3,33
[0.22955091 0.07816937 0.28453395 ... 0.869144   0.5256004  0.74900264],[421.2752  388.45905 466.4447  ... 650.4251  537.1394  614.80005],[458.60388 429.61688 492.73376 ... 721.74677 598.5974  667.8442 ],[412.69742 379.90503 441.06464 ... 665.88776 549.8659  618.6937 ],[0. 0. 0. ... 0. 0. 0.],1,1,3,34
[0.43037674 0.1407429  0.03039064 ... 0.15256442 0.03773645 0.16821356],[404.74963 391.54163 380.61905 ... 443.8495  382.26953 423.6785 ],[441.9554  413.414   398.44586 ... 470.51593 426.78345 450.65604],[409.25305 379.2747  363.109   ... 434.10587 391.52377 416.98825],[0. 0. 0. ... 0. 0. 0.],1,1,3,35
[0.25677246 0.2060848  0.1638368  ... 0.         0.04114097 0.16137722],[320.7484  313.8499  315.4225  ... 294.18845 297.0858  308.89172],[333.8259  325.34818 326.8664  ... 309.166   311.78946 323.45343],[296.23032 286.53458 286.2274  ... 267.5774  271.08926 286.55463],[0.         0.         0.         ... 0.         0.02589549 0.        ],1,1,3,36
[0.         0.15163064 0.116382   ... 0.15685283 0.19780149 0.31639645],[324.6666  362.80966 369.15897 ... 379.29266 374.9896  381.54282],[359.76495 402.2564  411.75214 ... 423.40598 414.63248 422.60684],[288.97055 331.18976 336.535   ... 354.52493 343.49628 357.64005],[0.         0.         0.         ... 0.         0.03200062 0.        ],1,1,3,37
[0.11365702 0.07146675 0.27758932 ... 0.10214011 0.13962731 0.        ],[329.0053  334.4956  384.11658 ... 396.49405 402.04517 363.2327 ],[348.674   346.2555  421.29956 ... 413.78854 420.48016 382.10132],[282.18195 279.44897 355.57532 ... 348.0938  351.77252 309.06744],[0. 0. 0. ... 0. 0. 0.],1,1,3,38
[0.06859417 0.12689555 0.         ... 0.2551363  0.14702874 0.07110326],[300.28674 326.97824 296.97192 ... 337.7041  302.54517 261.79636],[302.48254 329.55814 298.1686  ... 338.94766 303.80234 262.88953],[287.86496 313.00885 282.42578 ... 325.97647 287.586   247.40999],[0. 0. 0. ... 0. 0. 0.],1,1,3,39
"[ 0.3662835   0.0702913   0.14703506 ... -0.01543147  0.42953795
  0.3181629 ]",[342.69534 274.08655 277.85507 ... 296.41373 360.42215 326.60175],[412.45807 343.25806 374.4645  ... 374.11612 479.3871  426.10968],[374.1518  307.8587  335.93588 ... 329.96243 437.7424  384.28217],[0.         0.         0.         ... 0.06530651 0.         0.        ],1,1,3,40
[0.2719101  0.12060598 0.47208264 ... 0.25426966 0.01339029 0.11852323],[399.3121  380.40295 467.37463 ... 455.0902  382.12692 405.6239 ],[453.95856 419.3575  515.399   ... 504.32642 431.21243 446.8912 ],[396.8448  360.4772  454.93414 ... 439.99725 368.1326  386.39777],[0.         0.04498818 0.         ... 0.         0.         0.        ],1,1,3,41
"[ 0.14851843  0.21211246 -0.08586755 ...  0.15030076  0.0854004
  0.24035254]",[283.30618 346.39172 289.88    ... 346.4388  313.9397  330.3271 ],[292.79913 356.94873 294.73505 ... 356.39316 319.71368 336.75214],[252.54944 314.14124 255.7849  ... 313.9372  278.2344  293.09552],[0.         0.         0.         ... 0.03094806 0.         0.        ],1,1,3,42
[0.48048872 0.46539944 0.46650147 ... 0.2833843  0.09263439 0.16957904],[339.97266 368.36084 361.16217 ... 360.5858  297.63583 324.93002],[398.9896  416.95312 427.29166 ... 409.04688 359.20834 374.35938],[365.82483 382.11575 392.32782 ... 375.60358 326.62695 342.57898],[0. 0. 0. ... 0. 0. 0.],1,1,3,43
"[ 0.30103394 -0.10816198 -0.04755727 ...  0.49522662  0.5458592
  0.6302119 ]",[277.10376 222.50307 242.69139 ... 353.68365 368.47012 368.07272],[322.32025 266.9085  293.64053 ... 414.37256 423.18954 439.22223],[286.94165 230.13245 256.6081  ... 376.1807  386.81027 402.7209 ],[0.         0.         0.02969386 ... 0.         0.03837885 0.        ],1,1,3,44
[0.30899173 0.03992112 0.15686789 ... 0.09511984 0.08731544 0.        ],[309.6105  288.2907  316.58148 ... 300.1399  287.43027 265.145  ],[333.93332 298.9128  328.3231  ... 312.63077 304.92307 289.44617],[280.7283  243.65327 270.01138 ... 256.2553  249.5918  229.97798],[0. 0. 0. ... 0. 0. 0.],1,1,3,45
[0.27568737 0.4046113  0.02799986 ... 0.32778928 0.16871771 0.69118375],[321.89597 350.4842  282.11053 ... 339.7792  291.48996 384.00015],[342.73584 378.74213 309.20755 ... 363.61008 319.25787 412.84906],[305.84512 341.8244  267.11465 ... 321.3583  277.53558 371.2838 ],[0.        0.        0.        ... 0.        0.0742017 0.       ],1,1,3,46
"[ 0.30563638 -0.0166579   0.01783029 ...  0.06110979  0.22522604
  0.346143  ]",[294.51917 226.60725 237.64525 ... 249.83026 278.19785 270.1477 ],[358.9946  291.63785 302.9946  ... 327.21622 358.5946  339.23242],[323.4624  258.0117  266.7087  ... 290.63358 323.81378 302.4896 ],[0.         0.         0.         ... 0.         0.03690371 0.        ],1,1,3,47
[0.1423787  0.26016304 0.1379563  ... 0.06200978 0.23086274 0.08674725],[238.9231  271.284   243.84198 ... 228.50183 253.85239 223.229  ],[340.67197 377.89417 353.56613 ... 341.31747 373.9894  335.62433],[286.16626 319.87057 293.70303 ... 281.66336 315.09305 278.08862],[0.         0.         0.         ... 0.02213468 0.         0.        ],1,1,3,48
"[ 0.11765275  0.16647042  0.24784651 ...  0.14586827 -0.03275529
  0.17669812]",[288.6474  310.24954 332.88943 ... 305.6575  245.71248 298.11755],[345.86957 360.92175 390.25217 ... 361.3739  306.03912 347.9478 ],[305.13293 320.05853 344.38635 ... 319.7782  265.44766 307.5351 ],[0.         0.         0.         ... 0.         0.02445932 0.        ],1,1,3,49
[0.06247026 0.2026832  0.47588316 ... 0.13285007 0.07758272 0.        ],[401.70657 459.3842  556.2141  ... 487.69757 466.13458 431.0599 ],[413.81735 478.95435 577.98175 ... 518.08673 480.93152 445.26483],[317.72314 365.78827 457.71506 ... 401.50943 362.0828  329.32596],[0. 0. 0. ... 0. 0. 0.],1,1,3,50
[0.16854215 0.         0.1221014  ... 0.12368915 0.03168682 0.31423762],[304.2466  293.0457  317.99765 ... 324.63574 297.14557 332.2922 ],[308.65625 295.375   323.3828  ... 327.78125 303.52344 338.9453 ],[259.5075  243.32036 270.7058  ... 276.07626 251.4462  290.4347 ],[0.         0.         0.         ... 0.         0.03602706 0.        ],1,1,3,51
"[ 0.22360635 -0.0204694   0.05989152 ...  0.00522214  0.
  0.18632747]",[312.68283 287.06625 307.487   ... 305.88092 303.93756 318.77167],[315.00858 288.69098 309.618   ... 308.27896 306.3219  322.794  ],[273.81198 247.60919 265.89288 ... 267.79297 263.62524 280.21234],[0.         0.         0.         ... 0.         0.02132941 0.        ],1,1,3,52
[0.16487597 0.03184509 0.04981826 ... 0.08777025 0.05910618 0.1541469 ],[277.23755 266.8557  285.0694  ... 288.97787 267.25903 279.78845],[318.2165  305.28867 323.1701  ... 338.90723 309.0825  324.40207],[294.4236  280.75797 300.1955  ... 312.72125 283.70886 300.1171 ],[0. 0. 0. ... 0. 0. 0.],1,1,3,53
"[ 0.1341284  -0.0170755   0.14051227 ...  0.          0.
  0.3138236 ]",[272.3586  228.99484 300.403   ... 282.60715 265.076   318.56052],[389.81546 373.0644  420.6781  ... 391.51074 374.21887 452.78113],[355.18744 335.26627 381.07043 ... 348.28302 333.40607 415.0703 ],[0.         0.         0.03495455 ... 0.         0.04892545 0.        ],1,1,3,54
[0.17325242 0.19438149 0.09652776 ... 0.0861817  0.0274963  0.21606757],[275.5478  274.9405  279.10736 ... 279.27353 264.2802  294.4346 ],[300.80844 304.318   304.4636  ... 307.18774 283.19156 315.27203],[263.54388 268.17505 264.92786 ... 269.30676 246.35977 279.9232 ],[0.         0.         0.         ... 0.         0.03352983 0.        ],1,1,3,55
"[ 0.30658007  0.13565347  0.4347558  ... -0.04923461  0.16103786
  0.414179  ]",[376.1712  352.28168 456.47397 ... 370.1611  404.27017 413.38797],[377.9608  357.5098  458.52942 ... 371.7598  406.56372 415.19116],[303.5116  284.51367 383.4548  ... 291.35812 328.45395 345.7725 ],[0.         0.         0.         ... 0.         0.05474499 0.        ],1,1,3,56
[0.         0.13619602 0.23084114 ... 0.17769578 0.08594884 0.24038541],[386.63803 438.18466 477.13654 ... 483.46094 439.9835  461.08292],[398.20993 450.5304  505.09946 ... 498.67957 462.30386 485.56906],[361.86792 412.38766 468.30927 ... 462.83612 428.2277  448.4504 ],[0.         0.03385329 0.         ... 0.         0.02387058 0.        ],1,1,3,57
[0.27602834 0.07755578 0.15537828 ... 0.20329183 0.0524695  0.1595924 ],[292.90674 273.96707 308.60153 ... 340.87726 303.1533  317.0311 ],[368.40884 328.1105  353.59668 ... 403.4254  360.337   380.82874],[336.03693 294.98575 322.36163 ... 372.27084 328.0796  347.27283],[0. 0. 0. ... 0. 0. 0.],1,1,3,58
[0.08841528 0.14636992 0.14411205 ... 0.19701812 0.18414599 0.13192078],[237.15294 249.90392 276.42395 ... 302.1479  264.88742 249.53261],[279.26086 305.7764  313.31677 ... 341.54037 309.39752 287.08075],[250.60872 276.4605  278.81644 ... 308.3245  277.8937  257.4327 ],[0. 0. 0. ... 0. 0. 0.],1,1,3,59
"[ 0.17992891  0.00602337  0.32474834 ... -0.07975955  0.2543492
  0.35310113]",[301.31378 291.5797  357.8411  ... 275.6611  340.70773 340.98944],[332.65604 318.586   389.44586 ... 298.6242  369.90445 364.24203],[272.9215  258.53674 329.70084 ... 239.8309  312.9031  304.93338],[0.         0.0315574  0.         ... 0.         0.06687767 0.        ],1,1,3,60
"[ 0.          0.2612068   0.         ...  0.08114018 -0.00615645
  0.17986135]",[285.6711  345.28445 302.67557 ... 331.12888 293.80444 322.83554],[285.6711  345.28445 302.67557 ... 331.12888 293.80444 322.83554],[215.04138 278.55832 228.36182 ... 259.83157 223.6527  252.06923],[0. 0. 0. ... 0. 0. 0.],1,1,3,61
[0.         0.08562072 0.3094165  ... 0.09783101 0.1325816  0.29291648],[280.66553 311.79245 369.1054  ... 321.66293 330.81696 334.95438],[295.79828 326.485   381.65665 ... 338.8455  345.69528 357.90558],[250.22632 278.2147  328.40112 ... 286.59082 292.99448 304.37534],[0.         0.03739553 0.         ... 0.         0.04180287 0.        ],1,1,3,62
[0.09131502 0.         0.15481994 ... 0.23004586 0.14493048 0.09886528],[358.03958 351.19345 399.52438 ... 415.22012 388.2717  365.50333],[361.14917 356.75137 404.71823 ... 420.19888 392.23758 371.03867],[287.33105 276.00513 326.05914 ... 353.2354  321.29706 304.99298],[0. 0. 0. ... 0. 0. 0.],1,1,3,63
[0.28405443 0.07968651 0.3018542  ... 0.14458096 0.42483836 0.17530634],[372.96088 375.6127  438.85812 ... 413.05655 444.97794 379.78317],[485.94446 473.06174 545.4877  ... 515.19135 568.6667  475.76544],[408.81113 390.05548 463.67392 ... 427.5707  485.17773 391.2722 ],[0.         0.         0.         ... 0.05302336 0.         0.        ],1,1,3,64
"[ 0.6020426   0.24972871  0.23595016 ... -0.04537914 -0.18279754
  0.5564635 ]",[520.3615  454.45996 458.75125 ... 404.65146 348.1477  518.35205],[525.76794 463.96133 466.05524 ... 415.32043 361.76794 524.68506],[464.6838  391.6859  396.9909  ... 346.70258 292.83575 452.54105],[0.         0.         0.         ... 0.         0.08048581 0.        ],1,1,3,65
[0.08208655 0.20863488 0.05514645 ... 0.07382844 0.0595036  0.20835334],[293.33655 332.49872 299.00015 ... 333.31882 322.75903 357.46436],[301.87555 343.0178  312.43555 ... 340.61777 335.06668 367.21777],[265.43808 305.6152  273.72525 ... 306.32312 298.07462 329.47015],[0.         0.         0.         ... 0.         0.02847153 0.        ],1,1,3,66
"[ 0.05499323 -0.04518811  0.4047633  ...  0.15139219  0.159122
  0.01962636]",[251.72845 256.33423 350.26056 ... 296.5556  294.048   262.28293],[283.20535 281.64285 385.19644 ... 340.96875 330.84375 295.01785],[252.92073 249.73631 351.98734 ... 307.42545 297.79007 262.0938 ],[0.         0.03408062 0.         ... 0.         0.         0.        ],1,1,3,67
"[ 0.28814375 -0.02890671  0.05091222 ...  0.12598129 -0.01277396
  0.31373838]",[279.97702 232.59042 262.08762 ... 284.06317 240.27338 286.91025],[350.03845 298.58548 332.73505 ... 359.12393 312.70087 370.1752 ],[305.51044 253.01521 283.85132 ... 306.66614 264.77884 323.22186],[0.         0.         0.         ... 0.         0.04187578 0.        ],1,1,3,68
[0.22162966 0.01017931 0.13149653 ... 0.05725044 0.05852934 0.        ],[315.51944 312.6703  332.49475 ... 334.04816 328.9848  312.2446 ],[365.5561  345.90244 376.07806 ... 372.41464 374.05365 348.97073],[314.37177 294.44244 323.93005 ... 318.11404 318.42184 292.03705],[0. 0. 0. ... 0. 0. 0.],1,1,3,69
"[ 0.09793989  0.00365975 -0.00365975 ... -0.04206611  0.03925885
  0.18574844]",[293.8387  279.16315 289.1468  ... 295.75995 310.96567 340.72855],[308.6887  299.8302  305.00943 ... 312.21225 335.33963 353.11792],[265.25146 256.0115  257.24072 ... 266.65396 284.6399  305.60233],[0.         0.         0.         ... 0.         0.02926244 0.        ],1,1,3,70
[0.         0.01009211 0.14156778 ... 0.06942011 0.13414371 0.17202976],[345.83185 359.4202  399.42593 ... 389.96606 406.31107 392.227  ],[368.88306 371.59677 418.78226 ... 404.8871  421.3992  407.74194],[314.33182 318.12912 355.01138 ... 346.28873 363.28967 353.49588],[0.         0.02908918 0.         ... 0.03060149 0.         0.        ],1,1,3,71
[0.         0.02017137 0.11955025 ... 0.16757911 0.19720538 0.03568746],[330.26678 366.3639  401.07742 ... 462.3005  467.47247 400.16595],[357.7421  395.07693 433.2534  ... 499.62442 495.53845 433.9819 ],[304.45737 338.6591  370.83585 ... 435.231   434.6199  373.57358],[0.         0.02884541 0.         ... 0.         0.         0.        ],1,1,3,72
[0.32381335 0.18421984 0.11703137 ... 0.10478634 0.15817721 0.16275771],[424.55258 394.04382 389.08215 ... 422.84857 423.91473 379.89172],[455.3305  426.50848 426.23306 ... 460.56357 467.6822  410.30933],[402.446   370.1995  368.88602 ... 404.22122 410.02725 353.97318],[0. 0. 0. ... 0. 0. 0.],1,1,3,73
[0.7708266  0.5697016  0.81858295 ... 0.4381093  0.28863618 0.3195604 ],[471.9726  448.52838 505.6219  ... 453.24615 413.20633 384.96555],[542.4828  515.84235 596.1872  ... 566.36945 514.8571  486.9409 ],[453.3142  419.70078 498.7825  ... 459.50528 415.6782  385.20172],[0.         0.         0.03168385 ... 0.         0.         0.        ],1,1,3,74
[0.16031215 0.22895584 0.32086426 ... 0.07985151 0.38251555 0.07860567],[370.52847 395.84128 415.10672 ... 358.16183 409.87442 344.8256 ],[396.50784 414.5445  443.32462 ... 381.97906 446.75916 361.67538],[328.0976  350.1002  372.29962 ... 316.91946 381.80408 299.49655],[0.         0.         0.07192826 ... 0.03320917 0.         0.        ],1,1,3,75
"[ 0.03732772  0.15164393  0.20815845 ...  0.13960406 -0.00465012
  0.05946802]",[306.84024 344.60355 362.60355 ... 365.8994  329.67456 334.3432 ],[306.84024 344.60355 362.60355 ... 365.8994  329.67456 334.3432 ],[258.52817 291.80542 308.59946 ... 307.56784 272.15216 279.60562],[0. 0. 0. ... 0. 0. 0.],1,1,3,76
[0.18189125 0.05236756 0.00583593 ... 0.24446541 0.09755412 0.33603382],[366.35544 337.21802 327.98578 ... 398.0569  356.72037 364.5545 ],[366.35544 337.21802 327.98578 ... 398.0569  356.72037 364.5545 ],[304.8291  279.00424 269.69162 ... 333.3649  298.30383 300.67694],[0.         0.         0.         ... 0.         0.02662885 0.        ],1,1,3,77
[0.33522594 0.14203374 0.15745962 ... 0.05999747 0.13041233 0.02123148],[332.64206 309.2027  328.92596 ... 334.95255 348.803   317.30692],[372.98566 357.42294 373.21863 ... 377.7491  391.9104  353.6201 ],[310.9127  295.73898 308.7411  ... 310.705   327.3263  284.97583],[0. 0. 0. ... 0. 0. 0.],1,1,3,78
"[ 0.27160317 -0.08307106  0.13927603 ...  0.          0.1309649
  0.06107103]",[273.93793 214.42311 260.49255 ... 270.88168 294.42722 256.4532 ],[318.90134 263.7713  319.93274 ... 331.2332  358.81165 319.41705],[278.88898 225.98993 278.82175 ... 289.40988 320.76953 277.9498 ],[0. 0. 0. ... 0. 0. 0.],1,1,3,79
[0.0228346  0.251605   0.2980692  ... 0.0253334  0.18714656 0.09986848],[231.39267 289.87524 292.53503 ... 236.21815 261.62122 229.26114],[278.17703 330.0622  341.24402 ... 282.51675 311.22488 283.5263 ],[250.97127 301.56332 313.8098  ... 255.9169  282.0658  257.17404],[0.03456532 0.         0.         ... 0.         0.         0.        ],1,1,3,80
"[ 0.          0.21431006  0.12959775 ... -0.06136167  0.2825411
  0.06136167]",[219.56189 281.21915 262.88318 ... 245.82747 296.7786  241.82149],[298.31082 351.3243  346.39865 ... 315.6284  383.73648 322.06757],[251.46077 303.11594 296.32178 ... 262.5556  332.73355 270.58173],[0.         0.         0.         ... 0.02408092 0.         0.        ],1,1,3,81
[0.01037785 0.3514824  0.33660802 ... 0.16660096 0.07988025 0.        ],[280.07257 367.28598 384.0224  ... 363.35413 333.80072 293.08072],[355.92026 460.58282 474.51535 ... 463.97546 428.58282 355.82208],[304.3124  409.01498 421.1769  ... 410.39737 376.4704  297.94333],[0.05204552 0.         0.         ... 0.         0.         0.        ],1,1,3,82
[0.         0.2130319  0.23372875 ... 0.01396679 0.08601183 0.24134369],[293.04623 335.70084 368.36563 ... 338.1741  349.98315 344.4574 ],[336.81967 404.94534 439.55737 ... 405.10928 415.94534 411.6011 ],[277.53992 343.62262 369.6087  ... 336.21042 351.19443 348.02316],[0.         0.         0.         ... 0.         0.02855557 0.        ],1,1,3,83
[0.13848165 0.1637994  0.09330378 ... 0.02786575 0.1306452  0.36234117],[295.1071  309.23242 302.99326 ... 294.47833 307.4785  320.41113],[297.51028 314.0288  305.11523 ... 297.4321  314.5926  327.12756],[249.76376 267.82394 253.54729 ... 245.84947 262.63437 276.22003],[0.         0.         0.         ... 0.         0.05252263 0.        ],1,1,3,84
[0.03079882 0.         0.06158243 ... 0.06809546 0.13610978 0.24631822],[283.1935  296.54898 306.92978 ... 324.73904 346.70642 362.79633],[301.40778 317.733   331.27185 ... 349.88834 366.54855 381.61652],[264.68677 275.22412 294.6997  ... 311.8669  327.36057 343.25406],[0.         0.         0.         ... 0.         0.02411023 0.        ],1,1,3,85
"[ 0.08907189  0.2414261   0.04161817 ... -0.0534583  -0.11153493
  0.2149869 ]",[243.01424 297.40463 251.89195 ... 233.77151 205.86502 251.24937],[289.48096 337.15714 295.70953 ... 271.02856 244.78094 288.84286],[262.7374  306.57086 264.5674  ... 239.98627 213.16496 258.99265],[0.         0.         0.         ... 0.         0.02763766 0.        ],1,1,3,86
"[ 0.05900007  0.0045301   0.01345176 ... -0.01926762  0.06749523
  0.13191664]",[239.48549 239.52371 245.06694 ... 227.63358 245.21753 255.73882],[249.82455 254.47807 258.9386  ... 242.80263 262.05264 270.6491 ],[240.19997 244.13632 248.5514  ... 233.30612 251.60274 260.6073 ],[0. 0. 0. ... 0. 0. 0.],1,1,3,87
"[ 0.02164913  0.16877744 -0.01887749 ...  0.1406191   0.0046532
  0.10093825]",[306.84656 344.22302 303.77435 ... 340.74435 314.6929  299.2568 ],[349.3768  388.19324 343.657   ... 400.30435 361.55072 347.76813],[305.71802 348.23407 302.17426 ... 358.342   318.9394  309.28906],[0.         0.         0.02167894 ... 0.         0.         0.        ],1,1,3,88
[0.09908537 0.2311064  0.12865807 ... 0.09150512 0.14281498 0.18626863],[293.62814 327.05615 311.43094 ... 323.95    355.09143 323.95145],[347.65726 390.9153  388.2984  ... 410.8871  424.4113  405.8629 ],[293.00812 338.38736 322.753   ... 350.14926 362.30008 345.68515],[0.         0.         0.         ... 0.03302559 0.         0.        ],1,1,3,89
"[ 0.07871215  0.05238833  0.15115376 ... -0.02320792  0.03737053
  0.168917  ]",[288.7203  293.11703 325.66678 ... 302.78195 315.2158  339.59146],[295.72562 303.54877 333.17682 ... 309.91464 323.55487 344.7439 ],[263.3459  275.07913 303.7208  ... 278.76727 292.96243 315.80435],[0.         0.         0.         ... 0.         0.02430763 0.        ],1,1,3,90
[0.19292066 0.28504056 0.34292778 ... 0.         0.07691909 0.11314715],[381.5882  409.96268 437.83795 ... 362.69446 386.79282 376.0557 ],[395.00452 424.05405 456.03604 ... 380.36487 402.13965 392.13065],[330.04938 360.0926  378.86655 ... 315.65555 335.26892 329.8604 ],[0. 0. 0. ... 0. 0. 0.],1,1,3,91
"[ 0.13951243  0.158707    0.18134831 ...  0.18425646 -0.02948119
  0.17456916]",[316.82324 336.4159  340.41013 ... 355.4348  304.01303 329.04172],[318.93805 337.83627 344.88052 ... 356.4292  306.54425 330.08408],[277.26047 292.71014 300.3232  ... 312.63654 262.5378  288.7546 ],[0.         0.         0.         ... 0.         0.02410951 0.        ],1,1,3,92
[0.26505005 0.         0.05614164 ... 0.14112544 0.11429714 0.14746185],[253.78726 232.35954 252.9922  ... 279.9217  257.4102  269.08643],[318.9789  304.9958  324.63715 ... 347.39664 335.78058 337.6751 ],[281.27637 267.4137  280.85175 ... 306.5274  294.2512  297.5191 ],[0. 0. 0. ... 0. 0. 0.],1,1,3,93
"[ 0.43517676 -0.13088757  0.1797644  ...  0.16210589  0.1736884
  0.        ]",[402.83777 300.82855 390.4668  ... 402.1131  390.14127 317.1482 ],[408.62396 306.9132  399.51654 ... 409.47107 394.38016 324.02478],[358.9698  252.49432 342.7694  ... 354.93558 340.08078 265.92242],[0.         0.02850574 0.         ... 0.         0.         0.        ],1,1,3,94
[0.30966657 0.05377212 0.21239732 ... 0.28149912 0.0557239  0.        ],[333.97025 298.53662 330.7202  ... 383.78763 319.46936 302.5084 ],[395.64575 342.56055 384.23767 ... 445.44843 388.09866 353.83856],[349.76828 296.60992 337.40475 ... 399.8951  338.269   306.0305 ],[0. 0. 0. ... 0. 0. 0.],1,1,3,95
[0.19814633 0.32473448 0.06920613 ... 0.19779453 0.00733324 0.4075725 ],[282.01807 321.96988 281.4277  ... 338.9277  296.48193 324.75302],[282.01807 321.96988 281.4277  ... 338.9277  296.48193 324.75302],[238.39539 274.3242  231.31145 ... 285.6501  244.60382 278.2597 ],[0.         0.         0.         ... 0.         0.05779203 0.        ],1,1,3,96
[0.20054653 0.15779147 0.18008885 ... 0.26967448 0.04083707 0.11641045],[415.61157 393.72025 437.8762  ... 468.93857 400.16782 410.75668],[455.10382 456.2459  483.90164 ... 522.53    447.18033 460.4317 ],[378.6331  380.6132  389.6578  ... 438.28006 371.4514  384.09924],[0. 0. 0. ... 0. 0. 0.],1,1,3,97
[0.27576482 0.013735   0.23156407 ... 0.15308219 0.14287671 0.16023211],[271.13684 272.43753 291.28476 ... 272.8632  280.96634 251.33647],[357.0645  340.6903  399.49677 ... 366.4258  358.09033 355.81937],[310.73044 299.12045 355.43298 ... 322.80435 315.96478 313.3438 ],[0. 0. 0. ... 0. 0. 0.],1,1,3,98
"[ 0.08801403 -0.05590672  0.26268047 ...  0.13627923  0.62597394
  0.10081272]",[329.66602 317.3126  388.48648 ... 372.12927 462.3953  337.60422],[348.20856 326.05884 407.01605 ... 384.08557 493.66846 352.05884],[302.39752 284.29364 363.73016 ... 338.67804 450.77142 310.2336 ],[0.         0.05646154 0.         ... 0.07038517 0.         0.        ],1,1,3,99
[0.19012102 0.04743485 0.1536055  ... 0.06477841 0.12402824 0.05105083],[256.24506 238.18477 243.28261 ... 263.8647  268.25156 252.83119],[313.61084 290.48276 316.8522  ... 322.46304 328.78818 312.0591 ],[269.32355 245.90053 270.7412  ... 275.06583 282.48404 263.7616 ],[0. 0. 0. ... 0. 0. 0.],1,1,3,100
"[ 0.17947051  0.00492431 -0.00588136 ...  0.          0.3657017
  0.3277564 ]",[384.6943  336.00848 331.57306 ... 354.93295 433.5259  427.78415],[424.70193 379.23557 384.8221  ... 400.37018 481.4904  454.53845],[357.8434  312.4456  311.5156  ... 327.0792  414.86972 383.15735],[0.         0.         0.         ... 0.06684771 0.         0.        ],1,1,3,101
"[ 0.02226462 -0.00220843  0.25684586 ...  0.03608937  0.01242277
  0.48759708]",[248.91628 253.04652 301.0394  ... 280.38895 271.69034 330.9759 ],[301.41476 301.63635 351.74432 ... 322.92044 314.86932 393.2216 ],[222.18604 219.36653 267.31238 ... 239.06076 231.11563 308.32318],[0.         0.03678621 0.         ... 0.         0.0615053  0.        ],1,1,3,102
[0.18303469 0.13070546 0.22502266 ... 0.13369732 0.07737901 0.27461264],[325.84406 334.7177  373.75986 ... 390.62372 369.6436  371.37463],[339.18283 346.4067  385.50748 ... 400.6567  380.96268 388.17538],[295.5264  303.70352 336.04327 ... 354.58438 334.34488 338.51144],[0.         0.         0.         ... 0.         0.02303039 0.        ],1,1,3,103
[0.16921417 0.15209547 0.23090805 ... 0.10240012 0.3206678  0.01476536],[344.36124 345.32993 379.5183  ... 361.58618 410.36118 322.92593],[355.1837  361.88266 389.19388 ... 378.94897 423.81122 339.7449 ],[306.08368 313.0872  336.65353 ... 324.61905 371.36725 288.05377],[0.         0.         0.         ... 0.02517136 0.         0.        ],1,1,3,104
[0.46640158 0.55833566 0.4520643  ... 0.00940301 0.10474245 0.16069552],[379.83823 397.54004 388.2012  ... 286.3807  293.6752  284.824  ],[424.12323 456.0493  430.72183 ... 326.45422 343.3134  329.86267],[413.8603  444.3483  420.16757 ... 315.13214 331.0206  318.4847 ],[0.         0.         0.         ... 0.         0.02041988 0.        ],1,1,3,105
[0.42887333 0.36807847 0.6998124  ... 0.79141295 0.68502533 0.55365604],[346.6733  337.27133 414.63324 ... 459.5543  419.89734 373.8454 ],[380.78537 371.0683  446.54147 ... 493.31708 460.88293 411.239  ],[334.0246  323.3075  393.36447 ... 440.47177 407.85056 360.93597],[0.         0.08205433 0.         ... 0.         0.         0.        ],1,1,3,106
[0.05988146 0.19790319 0.12883411 ... 0.11582603 0.16915427 0.16654712],[337.7534  377.7566  376.17685 ... 421.37256 427.03366 359.55573],[375.56195 414.32742 416.68585 ... 448.72568 464.3938  398.1239 ],[322.29663 361.34814 357.5456  ... 395.48438 407.62427 342.1354 ],[0.         0.         0.         ... 0.02939594 0.         0.        ],1,1,3,107
"[ 0.15111157 -0.09526315  0.27279323 ...  0.17816265  0.08279599
  0.14212742]",[303.585   294.97937 365.2059  ... 365.828   328.0099  340.47766],[349.8846  325.36057 412.07693 ... 407.6346  370.33173 375.79807],[291.10028 259.48456 346.1193  ... 339.1826  302.43607 310.4744 ],[0. 0. 0. ... 0. 0. 0.],1,1,3,108
[0.39447227 0.24809986 0.37482193 ... 0.18424104 0.14444801 0.2072037 ],[389.68332 389.99445 435.6611  ... 400.8278  375.6611  378.04443],[389.68332 389.99445 435.6611  ... 400.8278  375.6611  378.04443],[343.14572 338.79742 382.5832  ... 351.2355  323.08536 331.6136 ],[0. 0. 0. ... 0. 0. 0.],1,1,3,109
"[ 0.40473115  0.01851151 -0.00480074 ...  0.0871663  -0.02379069
  0.3034284 ]",[409.24518 338.09134 338.26443 ... 366.0529  329.95673 397.03366],[409.24518 338.09134 338.26443 ... 366.0529  329.95673 397.03366],[347.25198 274.01212 274.1748  ... 299.88892 264.314   337.91922],[0.         0.         0.         ... 0.         0.04580449 0.        ],1,1,3,110
[0.29377726 0.0990289  0.06477512 ... 0.03862646 0.22366214 0.20699543],[382.30807 364.5407  365.15485 ... 377.48126 424.0833  388.5204 ],[399.44446 386.45752 381.1438  ... 394.42484 448.64706 405.54248],[352.30624 337.5573  332.56113 ... 346.9071  395.9034  357.8812 ],[0.        0.        0.        ... 0.0316767 0.        0.       ],1,1,3,111
[0.09650989 0.03823581 0.08698408 ... 0.06935484 0.17503202 0.17204875],[289.34372 273.0475  296.661   ... 313.5218  326.36084 312.24536],[316.85245 308.16394 321.16394 ... 338.69946 355.42624 339.2787 ],[282.64813 272.02762 283.55017 ... 296.6831  318.32678 302.3774 ],[0.         0.         0.03243671 ... 0.02254831 0.         0.        ],1,1,3,112
"[ 0.22363834  0.07885356 -0.02360491 ...  0.17886579  0.33612013
  0.25532675]",[208.02556 208.25832 196.50166 ... 232.04997 249.86316 227.69353],[246.48634 241.36612 233.78688 ... 275.02185 302.91803 279.57376],[208.33586 202.41335 193.01643 ... 235.94258 262.8521  238.53337],[0.         0.         0.01923368 ... 0.01923495 0.         0.        ],1,1,3,113
"[ 0.09949104 -0.08193136  0.33086187 ...  0.16432993  0.
  0.2786557 ]",[238.88736 207.85037 282.99216 ... 270.147   217.20776 267.67728],[337.      317.61987 418.88303 ... 397.8889  336.193   391.15204],[281.92285 261.68246 359.1006  ... 339.1238  272.32455 329.04816],[0.         0.04516158 0.         ... 0.         0.04117912 0.        ],1,1,3,114
"[ 0.25753826  0.12899365  0.12710118 ... -0.06022746  0.2543148
  0.28586143]",[312.1087  296.64032 310.5642  ... 271.6529  306.07193 304.0317 ],[315.6591  302.57272 314.18637 ... 275.09546 309.79544 309.9818 ],[271.9874  258.7199  266.57782 ... 226.62827 261.8939  263.93686],[0.         0.         0.         ... 0.05606969 0.         0.        ],1,1,3,115
"[ 0.28228438  0.1954895  -0.04145267 ...  0.28234893  0.02511255
  0.01961372]",[326.55597 329.20117 293.62732 ... 363.26337 305.34995 291.6865 ],[330.10114 332.15732 296.85394 ... 373.08987 308.84268 303.28653],[275.3061  273.65237 234.7196  ... 311.21005 249.51062 240.68045],[0. 0. 0. ... 0. 0. 0.],1,1,3,116
[0.         0.18937597 0.2191272  ... 0.36168376 0.08180061 0.3000749 ],[282.9977  347.06314 330.48938 ... 390.75592 272.21213 308.4964 ],[362.73886 441.9618  463.3949  ... 501.2548  409.53503 419.17834],[334.31168 412.13058 437.79892 ... 468.31113 380.0852  391.2021 ],[0.03984183 0.         0.         ... 0.         0.         0.        ],1,1,3,117
[0.23238224 0.3097974  0.14236468 ... 0.14455412 0.28282958 0.21165738],[277.52924 304.52075 280.8672  ... 270.87204 288.84866 264.65356],[369.40436 407.62842 370.3388  ... 356.6175  367.01093 344.17487],[339.3658  375.25995 337.32108 ... 325.13196 334.61148 311.92047],[0.         0.         0.         ... 0.04370729 0.         0.        ],1,1,3,118
"[ 0.19682494  0.09810153  0.14172679 ...  0.19005379 -0.03870771
  0.08537001]",[323.05826 310.14697 320.735   ... 338.13232 274.7111  298.32275],[347.7472  324.74158 340.48315 ... 357.03372 291.44382 310.29776],[323.1068  300.40164 314.56735 ... 333.73917 265.24692 286.8227 ],[0. 0. 0. ... 0. 0. 0.],1,1,3,119
"[ 0.11793607  0.2892398   0.28300714 ... -0.11275527  0.17123705
  0.13854085]",[319.07834 357.90515 363.2221  ... 291.64285 330.05164 317.69226],[323.23157 365.91052 371.41052 ... 294.99475 341.09473 320.9158 ],[269.71365 310.1496  310.7525  ... 235.68375 282.88327 261.09488],[0.         0.         0.         ... 0.03142688 0.         0.        ],1,1,3,120
[0.03277866 0.02018334 0.08784939 ... 0.10648938 0.19978337 0.01257497],[292.78415 298.37006 320.4141  ... 324.50662 339.85022 298.37885],[292.78415 298.37006 320.4141  ... 324.50662 339.85022 298.37885],[231.83623 231.97498 256.08038 ... 258.61737 274.05945 235.57944],[0. 0. 0. ... 0. 0. 0.],1,1,3,121
[0.         0.21264718 0.02609485 ... 0.09636433 0.13001709 0.02329709],[225.64658 269.63477 243.57196 ... 269.11453 278.8612  230.68619],[267.90598 317.6453  288.1282  ... 314.81625 319.06412 284.24786],[236.984   287.6853  255.7469  ... 280.16    284.0571  250.86676],[0. 0. 0. ... 0. 0. 0.],1,1,3,122
[0.39161268 0.18041678 0.01902657 ... 0.15132378 0.04573338 0.07617512],[356.11734 286.51266 314.30576 ... 368.41953 325.6315  325.47644],[396.86273 353.62744 341.80392 ... 407.53595 367.49673 363.0719 ],[344.14645 302.08472 285.65237 ... 346.28256 312.49014 310.4024 ],[0. 0. 0. ... 0. 0. 0.],1,1,3,123
"[ 0.33495665  0.21856721 -0.05637534 ...  0.11282665  0.25930622
  0.26674768]",[371.47223 367.72885 298.051   ... 370.17657 398.95267 382.7691 ],[376.13364 372.75577 312.98618 ... 375.63596 404.3871  391.5484 ],[317.47128 313.80383 252.2983  ... 317.3075  346.89178 331.55234],[0.         0.         0.         ... 0.04220157 0.         0.        ],1,1,3,124
[0.09455798 0.         0.12773933 ... 0.05649857 0.07773684 0.09765762],[228.16743 219.57962 238.70511 ... 232.46463 233.88892 243.02151],[269.28015 252.95744 284.7943  ... 272.97873 277.6241  279.20212],[250.51076 233.12186 264.41626 ... 253.72057 257.32126 259.32913],[0.         0.01702703 0.         ... 0.         0.         0.        ],1,1,3,125
[0.06283117 0.18759443 0.02578093 ... 0.00100985 0.32503155 0.08831384],[252.14488 298.25662 285.80978 ... 269.7506  344.84335 290.13873],[279.38287 329.0811  309.55856 ... 299.85587 374.04504 315.1757 ],[246.24759 296.5849  276.56732 ... 268.80878 340.3687  278.2039 ],[0.         0.         0.         ... 0.03439569 0.         0.        ],1,1,3,126
[0.24424702 0.07995322 0.15564221 ... 0.         0.03892161 0.17199045],[411.27255 379.85376 388.75217 ... 395.82886 382.82678 415.54086],[475.1282  435.8513  456.86667 ... 441.76923 441.22565 459.5487 ],[431.06857 383.70932 407.99713 ... 390.23367 395.8824  413.87808],[0.         0.         0.         ... 0.         0.02173739 0.        ],1,1,3,127
[0.22999996 0.23216437 0.14460988 ... 0.33307984 0.02452494 0.1765558 ],[384.55212 414.69284 385.0841  ... 454.07898 355.85593 380.59692],[434.88    461.54858 437.45142 ... 507.77713 417.76572 438.57144],[380.56146 406.35086 384.41986 ... 453.29373 363.0573  382.84088],[0. 0. 0. ... 0. 0. 0.],1,1,3,128
[0.25282395 0.0219894  0.17643704 ... 0.18832217 0.3090436  0.32448265],[341.0751  321.09045 355.65152 ... 382.07346 374.51074 336.26093],[370.53458 341.90323 386.6636  ... 414.49307 411.35483 368.42395],[319.29248 290.40063 332.9145  ... 359.5784  359.46765 319.14923],[0.         0.         0.         ... 0.06439162 0.         0.        ],1,1,3,129
"[ 0.15641782  0.1476779   0.01434557 ... -0.02936755  0.162746
  0.31068242]",[234.607   250.01845 244.26195 ... 250.76712 272.90204 282.51263],[267.09552 281.69943 280.99158 ... 285.42978 316.21912 322.28088],[228.70012 241.13806 239.65259 ... 242.48396 275.19495 282.76062],[0.         0.         0.         ... 0.         0.04603526 0.        ],1,1,3,130
"[ 0.02604827  0.05336425  0.18616416 ... -0.10382479  0.01559776
  0.31610382]",[262.4907  262.83902 298.1616  ... 247.65242 262.34155 271.38422],[360.6474  369.42197 409.42773 ... 334.10983 361.0867  399.77457],[340.60504 348.84872 388.2636  ... 311.68082 338.05063 377.3088 ],[0.         0.         0.04651994 ... 0.         0.03779421 0.        ],1,1,3,131
[0.25600228 0.1460912  0.         ... 0.21723115 0.13218452 0.13520996],[358.03503 384.93442 350.23114 ... 396.80127 375.117   375.3592 ],[363.3184  389.4574  352.38565 ... 400.32288 379.      377.722  ],[317.6836  334.5932  298.92258 ... 350.54156 327.28717 322.7654 ],[0. 0. 0. ... 0. 0. 0.],1,1,3,132
[0.23962492 0.16002531 0.04498316 ... 0.12150787 0.12586948 0.03972619],[280.36676 285.97635 265.5985  ... 281.6574  267.32532 259.54556],[316.5684  318.31195 308.33762 ... 320.80768 322.0299  291.29913],[271.31308 267.01352 258.12796 ... 272.09485 272.122   243.96054],[0. 0. 0. ... 0. 0. 0.],1,1,3,133
"[ 0.09060769  0.08023988  0.24652618 ... -0.0288315   0.09570001
  0.09289095]",[288.48013 295.93716 333.1656  ... 315.62952 317.56848 315.12424],[368.9235  371.68307 414.10928 ... 388.07104 417.75955 400.9563 ],[338.25983 342.5459  387.60403 ... 360.78406 389.87442 372.82367],[0.         0.         0.06050304 ... 0.         0.         0.        ],1,1,3,134
[0.11623365 0.14501573 0.04736935 ... 0.07609415 0.10904788 0.07259288],[283.1227  313.0627  291.49142 ... 310.64902 311.51804 295.21988],[294.0642  318.94037 300.52295 ... 316.29358 322.91284 301.22476],[267.36115 292.26257 272.4348  ... 288.32928 295.3475  274.42474],[0. 0. 0. ... 0. 0. 0.],1,1,3,135
[0.20910688 0.01586363 0.06985603 ... 0.         0.058142   0.04917342],[272.24387 248.70935 264.14218 ... 261.98254 273.96765 259.28433],[291.50198 261.5498  279.56573 ... 283.4741  292.74103 276.8247 ],[268.13333 240.35947 255.1604  ... 261.96927 271.16486 255.0527 ],[0. 0. 0. ... 0. 0. 0.],1,1,3,136
[0.22047962 0.17593892 0.7663586  ... 0.13285403 0.1879578  0.11006554],[423.95428 444.86157 589.91986 ... 454.10605 453.902   429.54004],[434.7801  452.93716 614.9581  ... 471.06805 475.32462 448.26178],[352.96045 358.74258 523.54596 ... 379.70645 386.1312  363.5714 ],[0.        0.0663207 0.        ... 0.        0.        0.       ],1,1,3,137
"[ 0.0155492   0.12978575  0.14457527 ... -0.10225468  0.13373354
  0.30028754]",[308.9993  329.69492 342.23566 ... 317.00616 347.77203 370.10092],[336.25107 366.51083 375.9091  ... 344.0303  383.07358 396.8398 ],[296.18756 328.83035 332.55777 ... 302.77087 340.4134  349.0496 ],[0.         0.         0.         ... 0.         0.03984053 0.        ],1,1,3,138
[0.03132345 0.06723147 0.32803538 ... 0.05370424 0.30554166 0.20334694],[208.62259 208.25003 268.011   ... 241.4921  253.9168  241.10188],[299.1111  308.82098 377.8642  ... 335.4321  370.82098 335.19754],[263.77768 273.82687 343.08002 ... 298.6051  332.92822 299.76053],[0.         0.         0.06340057 ... 0.05178855 0.         0.        ],1,1,3,139
"[ 0.31157672  0.17891127  0.00739583 ...  0.16567232 -0.00417476
  0.22009948]",[285.47635 292.65796 254.14412 ... 295.4628  243.21388 297.82422],[355.35577 335.0529  312.16345 ... 354.19232 298.55768 349.76923],[312.1069  291.83743 268.20914 ... 311.76892 258.1373  309.10678],[0.         0.         0.         ... 0.         0.03024581 0.        ],1,1,3,140
[0.11973027 0.08338568 0.03717982 ... 0.0610455  0.08759426 0.29413575],[210.92146 203.19102 207.04335 ... 216.07085 223.0284  251.78662],[261.31747 263.3254  265.9881  ... 282.68253 276.7738  313.95636],[237.58337 238.7386  241.74986 ... 259.65234 253.76485 291.69168],[0.        0.        0.        ... 0.        0.0428999 0.       ],1,1,3,141
[0.06429067 0.06101561 0.49673104 ... 0.21260591 0.06587569 0.10456597],[362.59546 379.9108  466.39816 ... 380.93494 356.21423 340.24722],[420.      428.19705 554.7931  ... 468.39407 404.97043 400.7537 ],[355.25473 360.10385 483.90552 ... 398.5482  335.9723  336.71878],[0.         0.06441729 0.         ... 0.         0.         0.        ],1,1,3,142
"[ 0.12210434 -0.00680356  0.13748059 ...  0.277029    0.03953097
  0.04248901]",[370.3243  343.28598 397.27435 ... 452.8734  363.14838 364.1014 ],[422.78503 391.2056  448.42523 ... 506.62616 423.8318  426.88318],[364.14935 333.59814 389.42932 ... 444.55386 366.81143 367.01593],[0. 0. 0. ... 0. 0. 0.],1,1,3,143
[0.16349807 0.1447154  0.14561106 ... 0.0447259  0.07143189 0.        ],[253.9749  259.28363 270.66495 ... 277.70465 281.7412  253.75821],[258.2384  265.01324 275.43045 ... 285.86093 288.45694 263.2119 ],[228.90208 236.64368 244.96317 ... 254.00739 258.31433 232.43417],[0. 0. 0. ... 0. 0. 0.],1,1,3,144
"[ 0.1637932   0.03011739  0.23846957 ... -0.05872878  0.05872878
  0.        ]",[265.84756 238.65866 282.32474 ... 252.0341  260.25354 243.4416 ],[291.5531  267.07523 318.61948 ... 280.26547 292.66815 274.29645],[250.01318 226.17757 274.6711  ... 236.2998  245.3419  226.94199],[0. 0. 0. ... 0. 0. 0.],1,1,3,145
[0.         0.06466252 0.15680794 ... 0.01470091 0.2527869  0.23697105],[298.7155  339.15994 355.09277 ... 344.439   400.5499  349.95877],[317.6875  356.7216  379.7841  ... 367.9375  426.4716  372.07956],[271.25998 308.1999  332.27612 ... 318.32953 377.32693 327.74924],[0.         0.         0.         ... 0.04005247 0.         0.        ],1,1,3,146
[0.23333694 0.29525605 0.14445655 ... 0.0683949  0.28579807 0.3571512 ],[378.69952 388.68048 342.19504 ... 340.98782 371.70065 362.53912],[398.51578 415.77368 380.39474 ... 374.22632 421.25262 404.6579 ],[369.68848 386.6397  350.35086 ... 344.43134 391.36346 373.90738],[0.         0.         0.         ... 0.05143895 0.         0.        ],1,1,3,147
[0.34420922 0.04488723 0.04266407 ... 0.14243183 0.09322704 0.        ],[302.85846 252.78226 270.3001  ... 295.3402  263.5475  236.24644],[371.78088 313.01685 320.11798 ... 347.32022 323.21912 282.10114],[349.85135 290.47766 300.29672 ... 324.54242 301.56268 260.2967 ],[0. 0. 0. ... 0. 0. 0.],1,1,3,148
[0.1865935  0.19924761 0.11291371 ... 0.03304418 0.04425023 0.06167484],[318.51776 326.43027 326.3719  ... 333.68237 316.02048 313.5774 ],[353.94  368.395 361.54  ... 359.74  355.04  351.475],[310.10706 325.3859  317.76797 ... 312.70218 309.06793 305.65305],[0. 0. 0. ... 0. 0. 0.],1,1,3,149
[0.6136769  0.2642159  0.43199152 ... 0.1931738  0.06786695 0.24143203],[355.81784 333.86273 371.87524 ... 351.0398  318.2214  339.96964],[452.59897 414.03647 471.78125 ... 446.3021  394.35416 397.21875],[407.44025 370.85144 423.10797 ... 397.32034 341.95657 351.26053],[0. 0. 0. ... 0. 0. 0.],1,1,3,150
"[ 0.02666666 -0.02666666  0.01466256 ...  0.13544473  0.07240994
  0.13875815]",[291.15732 288.3516  296.73026 ... 349.05597 326.83408 325.17633],[297.2863  295.1492  303.74194 ... 357.7097  337.3266  334.77823],[287.644   282.0046  293.5008  ... 347.17883 325.7043  324.71194],[0.         0.         0.01259813 ... 0.         0.         0.        ],1,1,3,151
"[ 0.          0.10786258  0.2629092  ... -0.06162776 -0.08039837
  0.48081252]",[234.95581 257.81424 284.82916 ... 238.79002 227.05081 314.27023],[246.62857 278.40475 310.79523 ... 258.08572 238.52856 332.9381 ],[217.28949 248.64291 280.77505 ... 226.30605 208.70203 304.10992],[0.         0.0242042  0.         ... 0.         0.07483059 0.        ],1,1,3,152
[0.07274138 0.11608415 0.05957937 ... 0.0297742  0.10626854 0.16004957],[266.5299  282.8022  273.65164 ... 269.61435 281.0949  276.06564],[276.12863 294.0498  282.2116  ... 282.82156 293.639   285.55603],[242.34848 257.9384  250.16258 ... 242.7308  256.9487  250.94244],[0.         0.         0.         ... 0.         0.02936704 0.        ],1,1,3,153
"[ 0.3192659   0.0275087   0.07199373 ...  0.14789315 -0.05073286
  0.3814007 ]",[314.33136 299.63315 306.5799  ... 334.5562  286.34912 346.00592],[314.33136 299.63315 306.5799  ... 334.5562  286.34912 346.00592],[256.76797 238.91277 248.33833 ... 275.10284 226.30649 285.48013],[0.         0.         0.         ... 0.         0.04670261 0.        ],1,1,3,154
[0.14110482 0.22006018 0.40024215 ... 0.20101818 0.09358981 0.31273377],[336.5014  370.88794 429.70386 ... 409.1274  373.3267  408.89667],[390.12708 430.19336 485.37018 ... 475.94476 434.96133 454.62982],[341.50406 377.9413  430.71585 ... 421.67072 384.93335 403.0449 ],[0. 0. 0. ... 0. 0. 0.],1,1,3,155
"[1.91887408e-01 3.84874135e-01 1.20144896e-01 ... 2.58232672e-02
 3.45824629e-01 1.14167589e-04]",[363.68384 416.4181  369.45987 ... 344.13754 405.53177 306.00797],[386.0339  433.32626 388.01273 ... 359.25424 425.65677 329.23306],[315.21646 359.48706 303.80548 ... 278.1651  341.95172 254.56886],[0. 0. 0. ... 0. 0. 0.],1,1,3,156
[0.1708476  0.05175612 0.19141546 ... 0.01978663 0.09015713 0.21561658],[322.37833 315.7057  346.9698  ... 323.0444  345.00635 350.979  ],[328.44873 321.92734 359.1453  ... 335.34616 351.39316 366.19232],[292.2116  281.41992 319.70923 ... 296.38782 310.48697 322.8748 ],[0.         0.         0.         ... 0.         0.02813475 0.        ],1,1,3,157
[0.24167672 0.15518616 0.04805974 ... 0.05220382 0.07794052 0.12710723],[228.13446 222.60304 206.68541 ... 210.14594 213.81897 226.9082 ],[260.83044 263.0174  245.69565 ... 249.4913  248.26956 257.98697],[234.35794 234.8671  217.06918 ... 222.02646 221.88486 230.58167],[0. 0. 0. ... 0. 0. 0.],1,1,3,158
[0.13710764 0.04407739 0.19167437 ... 0.08982857 0.0937511  0.1316352 ],[348.90387 322.35947 374.91434 ... 382.63986 385.11343 375.52948],[364.8506  343.55173 398.93677 ... 402.87357 402.35632 411.01724],[345.2086  322.898   372.17215 ... 380.06253 380.34225 386.83646],[0. 0. 0. ... 0. 0. 0.],1,1,3,159
[0.36005327 0.28571296 0.0760594  ... 0.35347077 0.36358052 0.16548046],[338.31573 330.26874 285.7977  ... 360.5938  362.43164 311.79987],[346.15686 340.64215 300.7108  ... 374.52942 372.57352 319.60785],[312.02826 308.63242 268.97525 ... 339.63678 340.1961  288.00897],[0. 0. 0. ... 0. 0. 0.],1,1,3,160
[0.22063495 0.17557052 0.3980325  ... 0.02489436 0.13698894 0.26678255],[301.5027  301.98566 360.56125 ... 329.56223 338.79907 332.74722],[326.44278 321.50748 386.45273 ... 348.48755 367.57712 370.41293],[248.95921 245.48036 300.599   ... 261.93958 281.41547 290.40967],[0.         0.         0.         ... 0.         0.04069259 0.        ],1,1,3,161
[0.30076155 0.14625862 0.19891548 ... 0.11028497 0.05006703 0.3373122 ],[315.5673  293.12903 319.8763  ... 299.10315 285.82913 320.25806],[356.35513 329.06543 359.30374 ... 337.0701  319.6542  355.6682 ],[299.20865 273.59756 303.80887 ... 279.46896 265.90253 300.5103 ],[0.         0.         0.         ... 0.         0.03518279 0.        ],1,1,3,162
[0.00760391 0.16801931 0.11232741 ... 0.03306652 0.00576046 0.15797977],[246.74486 275.4856  269.98355 ... 252.35391 248.79424 267.74484],[246.74486 275.4856  269.98355 ... 252.35391 248.79424 267.74484],[210.68938 241.27628 233.04666 ... 217.86482 212.44165 232.02817],[0.         0.         0.         ... 0.         0.02175363 0.        ],1,1,3,163
[0.10952054 0.11529472 0.29346028 ... 0.16472214 0.06771524 0.18411267],[345.7735  350.57724 386.49606 ... 356.33685 330.772   342.0558 ],[355.30356 362.4226  402.2024  ... 369.36905 337.16666 360.76785],[297.4146  301.13553 342.50278 ... 310.988   278.09378 298.2948 ],[0. 0. 0. ... 0. 0. 0.],1,1,3,164
"[ 0.38330022 -0.16518496  0.13769653 ... -0.10653564  0.44308946
  0.37615323]",[340.1945  277.03577 333.83093 ... 270.29276 361.53305 355.63333],[418.53476 336.5187  419.9091  ... 343.8449  443.33154 424.13904],[348.57117 264.02625 344.9857  ... 269.59586 375.63663 352.66974],[0.         0.         0.         ... 0.07497086 0.         0.        ],1,1,3,165
[0.12792352 0.23527499 0.39384452 ... 0.12853041 0.1920811  0.        ],[287.10687 311.31833 360.2087  ... 299.97574 309.10742 254.3186 ],[298.76398 325.5031  374.17392 ... 323.91925 323.31677 272.8385 ],[260.09555 286.01242 332.34363 ... 282.69104 282.5199  236.84032],[0. 0. 0. ... 0. 0. 0.],1,1,3,166
[0.24789716 0.         0.06002143 ... 0.21790245 0.27458316 0.19852506],[334.98547 302.18008 313.95065 ... 379.26648 364.083   352.2519 ],[404.6085  350.5849  384.16037 ... 460.3349  442.30188 410.8349 ],[352.69458 293.0427  327.1156  ... 402.65445 387.048   357.45197],[0. 0. 0. ... 0. 0. 0.],1,1,3,167
"[ 0.00060695  0.00725692  0.26028135 ... -0.10071267  0.18706635
  0.19959272]",[387.1779  399.62665 461.71713 ... 374.3748  455.7399  418.68222],[402.42062 412.59525 481.74603 ... 396.4365  476.3492  443.76984],[359.86142 365.52002 440.3614  ... 354.15152 434.79724 400.04007],[0.         0.0294752  0.         ... 0.         0.03409171 0.        ],1,1,3,168
[0.36497    0.18159798 0.         ... 0.01721746 0.024341   0.24441542],[303.5965  270.26498 240.03981 ... 259.37827 259.54498 283.4301 ],[312.9904  287.30768 262.99518 ... 274.47116 268.89905 294.39423],[269.86432 241.6165  216.62276 ... 226.84334 225.34346 248.41217],[0.         0.         0.         ... 0.         0.03631688 0.        ],1,1,3,169
[0.02729461 0.20791219 0.05071802 ... 0.20753309 0.23129836 0.5049212 ],[338.51083 397.27814 367.5415  ... 420.14316 424.92673 489.41928],[354.20212 412.60107 382.32977 ... 458.29788 447.97873 525.7287 ],[293.10547 348.1535  318.32147 ... 382.71606 380.85706 450.4539 ],[0.         0.         0.         ... 0.         0.05482367 0.        ],1,1,3,170
"[ 0.13683403  0.08231436  0.04718924 ...  0.15006293 -0.15491764
  0.24692786]",[274.9239  269.09534 239.5553  ... 257.03882 205.66052 235.48236],[357.13547 355.04782 349.35855 ... 358.76096 279.69324 335.56177],[316.08963 310.2598  304.10965 ... 314.355   233.59041 291.2704 ],[0.         0.         0.         ... 0.         0.04332098 0.        ],1,1,3,171
[0.33910415 0.18453012 0.0677923  ... 0.2908556  0.05367395 0.43525404],[265.7225  279.84293 272.91162 ... 304.6162  240.72267 310.92062],[327.0492  337.11475 328.90985 ... 363.31558 304.2377  373.90573],[294.443   300.2295  288.51083 ... 326.19452 266.94577 338.54294],[0.         0.         0.         ... 0.         0.04189987 0.        ],1,1,3,172
[0.25300986 0.09599691 0.24974547 ... 0.03928079 0.02269864 0.07625365],[330.18604 309.9186  346.6279  ... 301.27908 295.50583 288.9186 ],[330.18604 309.9186  346.6279  ... 301.27908 295.50583 288.9186 ],[297.41125 276.41275 310.98608 ... 264.9959  260.25977 257.48032],[0. 0. 0. ... 0. 0. 0.],1,1,3,173
"[ 0.2784251   0.30976918 -0.0635387  ...  0.09938409  0.05757909
  0.17663702]",[317.18637 320.9369  276.84702 ... 324.11337 311.86356 334.13388],[322.16098 332.0878  285.26828 ... 333.0195  317.49268 338.67804],[259.13293 268.49472 220.78534 ... 266.136   254.30246 271.8385 ],[0. 0. 0. ... 0. 0. 0.],1,1,3,174
"[ 0.03603107  0.24091434  0.23145345 ... -0.11569584  0.01975734
  0.19780159]",[366.51627 430.3535  434.42792 ... 335.41394 372.5442  386.26047],[366.51627 430.3535  434.42792 ... 335.41394 372.5442  386.26047],[338.0257  400.54477 400.73453 ... 303.01108 341.3661  358.09064],[0.         0.         0.         ... 0.         0.02899596 0.        ],1,1,3,175
[0.09089804 0.17358144 0.13396934 ... 0.18859799 0.12039904 0.44170344],[253.55821 283.74786 266.21222 ... 282.8757  254.27182 333.12585],[281.87692 310.90768 303.98462 ... 317.87692 297.09744 366.6769 ],[260.45737 289.31042 282.4109  ... 295.43954 274.27103 345.64584],[0.         0.         0.         ... 0.         0.04812765 0.        ],1,1,3,176
[0.12787819 0.         0.01661451 ... 0.05268032 0.20954143 0.2773215 ],[255.72745 240.61215 258.78787 ... 253.63748 270.84723 286.75052],[298.41217 276.6419  294.6554  ... 305.8243  326.31082 336.88513],[263.1979  242.42409 257.939   ... 270.66333 289.60437 301.31915],[0.         0.         0.02803263 ... 0.         0.03931315 0.        ],1,1,3,177
"[ 0.          0.06318284  0.12538812 ... -0.0839399   0.16091645
  0.2759199 ]",[282.71817 282.64655 314.5977  ... 262.0655  301.9848  307.1719 ],[344.72626 368.86032 389.84915 ... 325.78772 368.9162  387.29608],[305.62762 329.38037 350.3153  ... 282.63483 328.11542 348.90698],[0.         0.         0.         ... 0.         0.03735306 0.        ],1,1,3,178
"[ 0.          0.24008563  0.26085135 ... -0.15204373  0.11654153
  0.4066052 ]",[251.72173 309.6467  293.35855 ... 261.7925  289.99722 345.1779 ],[299.62253 365.9735  373.80133 ... 316.1192  353.62915 415.80795],[272.18414 337.89117 343.01813 ... 285.36252 323.8899  380.8432 ],[0.         0.         0.         ... 0.         0.06412709 0.        ],1,1,3,179
[0.2969638  0.14954144 0.16050503 ... 0.1474414  0.02181435 0.1612137 ],[288.76917 300.74588 314.75058 ... 333.0555  302.31332 305.40833],[291.98947 305.84738 320.0421  ... 336.      306.63684 310.84738],[253.44963 260.61877 275.60324 ... 294.9857  261.98285 269.51132],[0. 0. 0. ... 0. 0. 0.],1,1,3,180
[0.28265175 0.30125773 0.33937836 ... 0.1510592  0.01153166 0.2727605 ],[297.1055  325.7384  344.24893 ... 313.52744 281.12238 311.8059 ],[297.1055  325.7384  344.24893 ... 313.52744 281.12238 311.8059 ],[257.9941  278.91428 301.54953 ... 269.25546 237.09766 267.45853],[0.        0.        0.        ... 0.        0.0322177 0.       ],1,1,3,181
[0.26199904 0.11447877 0.24195161 ... 0.1682127  0.         0.22508517],[334.9139  316.40842 346.92642 ... 334.57855 287.00192 325.51584],[343.1077  321.46667 352.35898 ... 343.0718  293.05127 332.22565],[315.0133  290.94443 318.79517 ... 310.84903 258.68454 299.9222 ],[0. 0. 0. ... 0. 0. 0.],1,1,3,182
[0.05586899 0.06362262 0.23675391 ... 0.06733169 0.12270405 0.53580725],[273.63016 271.35596 310.1907  ... 281.4322  286.7039  325.04443],[304.26633 304.67337 350.36682 ... 322.69348 321.4422  368.7437 ],[259.0007  263.06598 303.7617  ... 275.52704 276.15524 318.65204],[0.         0.         0.         ... 0.         0.07759155 0.        ],1,1,3,183
"[ 0.          0.07923058  0.09722758 ... -0.06626374  0.18869905
  0.01650425]",[320.52512 316.90393 315.46112 ... 299.8164  338.70425 293.57623],[392.66965 416.12946 433.37054 ... 399.7768  443.13394 391.4732 ],[307.93274 333.35477 341.70227 ... 310.29007 352.0782  300.2628 ],[0. 0. 0. ... 0. 0. 0.],1,1,3,184
[0.07210733 0.04623888 0.05897121 ... 0.37612674 0.13687423 0.24367942],[239.0479  240.184   262.91647 ... 316.06845 261.0835  258.23694],[290.9676  289.4074  298.16205 ... 360.375   307.33334 307.16205],[251.77519 247.08914 252.93588 ... 317.9543  263.5489  264.36285],[0. 0. 0. ... 0. 0. 0.],1,1,3,185
[0.11184305 0.18612854 0.30388215 ... 0.22551537 0.07505301 0.22037368],[364.59222 388.2402  420.22363 ... 427.26846 390.37485 366.19403],[384.53476 412.5187  442.71124 ... 458.18716 412.7754  392.03207],[341.3535  372.04327 404.6028  ... 415.22424 371.30652 350.83603],[0. 0. 0. ... 0. 0. 0.],1,1,3,186
[0.17217462 0.         0.29702947 ... 0.30598596 0.30452284 0.5235923 ],[297.14142 292.46466 352.9697  ... 373.5404  370.20203 381.75253],[297.14142 292.46466 352.9697  ... 373.5404  370.20203 381.75253],[255.24924 246.55591 306.71204 ... 326.96237 326.38596 333.9766 ],[0.         0.         0.         ... 0.         0.04790774 0.        ],1,1,3,187
[0.06067915 0.02758778 0.09754462 ... 0.07555829 0.12118771 0.09913065],[252.97327 254.89839 274.54544 ... 269.10696 277.97327 262.4385 ],[252.97327 254.89839 274.54544 ... 269.10696 277.97327 262.4385 ],[216.85991 219.8301  235.53322 ... 232.6036  239.4031  224.85649],[0. 0. 0. ... 0. 0. 0.],1,1,3,188
[0.09249894 0.15544079 0.16409184 ... 0.03525113 0.03101334 0.1869462 ],[242.22223 264.88333 279.28888 ... 269.92776 262.6     292.96112],[242.22223 264.88333 279.28888 ... 269.92776 262.6     292.96112],[198.6898  218.97372 230.31631 ... 224.0992  217.25899 245.01076],[0.         0.         0.         ... 0.         0.02246215 0.        ],1,1,3,189
"[ 0.38870457  0.          0.33543786 ...  0.01331279 -0.05249588
  0.27285013]",[355.7017  285.09442 393.38498 ... 323.00534 276.00732 332.2902 ],[418.60895 343.0838  445.40222 ... 383.70392 331.93854 383.78214],[361.38034 279.07275 381.56595 ... 314.28156 263.22754 323.20923],[0.         0.         0.         ... 0.         0.04050941 0.        ],1,1,3,190
[0.29435068 0.11541816 0.07002005 ... 0.24715282 0.0200665  0.5994585 ],[354.51196 352.36145 344.05777 ... 428.70514 337.61914 472.53723],[360.34546 355.27878 349.27878 ... 436.24243 352.3394  480.41818],[319.38028 313.8374  305.30103 ... 385.83344 305.14337 430.42206],[0.         0.         0.         ... 0.         0.07472269 0.        ],1,1,3,191
[0.02813485 0.113799   0.2625498  ... 0.16009384 0.13206764 0.19165501],[235.9155  252.64319 292.61032 ... 263.53992 254.59624 262.23474],[235.9155  252.64319 292.61032 ... 263.53992 254.59624 262.23474],[205.88914 224.47961 262.25824 ... 232.83087 225.47809 232.17084],[0.         0.02185807 0.         ... 0.         0.         0.        ],1,1,3,192
[0.12580368 0.11417863 0.22148597 ... 0.23863578 0.09365506 0.23085289],[297.87268 299.38947 341.20496 ... 333.9293  298.34457 315.5036 ],[314.05777 323.96445 359.59555 ... 359.7689  314.2089  332.12445],[271.8818  281.98782 313.34564 ... 313.9494  274.7168  287.6266 ],[0. 0. 0. ... 0. 0. 0.],1,1,3,193
[0.10641168 0.11197948 0.18796217 ... 0.1550434  0.01352405 0.27281696],[248.11006 254.87312 274.00165 ... 308.60498 262.9031  259.5745 ],[304.85263 321.1263  345.7842  ... 382.7421  332.52106 333.27896],[272.9086  287.71503 313.0125  ... 348.8862  297.66364 298.66534],[0.         0.         0.         ... 0.         0.04110512 0.        ],1,1,3,194
"[ 0.33747044  0.44948164  0.24428615 ... -0.03174598  0.14905053
  0.05898345]",[327.85263 350.6611  315.47858 ... 282.92917 325.17038 292.0289 ],[365.65823 406.79745 372.0886  ... 332.79114 373.77216 330.77847],[318.34552 362.34015 321.53738 ... 281.70618 321.19235 284.82153],[0. 0. 0. ... 0. 0. 0.],1,1,3,195
[0.08933394 0.08373748 0.14699955 ... 0.01206425 0.24099568 0.34274873],[274.67657 287.62698 317.58646 ... 297.68372 313.93558 344.43173],[304.69717 310.2465  339.88733 ... 318.10562 348.96478 364.42255],[286.02222 292.9712  322.8956  ... 299.6185  331.12997 345.69275],[0.        0.        0.        ... 0.        0.0459043 0.       ],1,1,3,196
[0.10169654 0.16804229 0.29421106 ... 0.06410946 0.47703472 0.15765598],[251.25235 273.90305 309.51868 ... 279.88248 346.88193 262.80896],[275.0284  313.45456 340.22726 ... 312.26706 377.94885 308.19885],[226.69907 262.94852 289.8447  ... 261.96948 324.49274 256.57742],[0.         0.         0.         ... 0.05700351 0.         0.        ],1,1,3,197
"[ 0.          0.23989037  0.17105187 ... -0.02716419  0.25646532
  0.22123784]",[269.3349  337.1655  332.7548  ... 278.00134 317.76804 310.1672 ],[337.04825 408.75876 408.7851  ... 350.0702  419.1842  389.73245],[274.6157  342.1144  331.55334 ... 282.53912 350.52628 325.46964],[0.0350813  0.         0.         ... 0.03957204 0.         0.        ],1,1,3,198
[0.5193169  0.36241475 0.6416124  ... 0.2755664  0.18183477 0.4293098 ],[446.9691  445.12714 514.42395 ... 478.05206 422.7124  459.48508],[485.0055  481.5055  551.5769  ... 524.7033  467.14285 489.7088 ],[382.2575  368.99292 442.54324 ... 408.9857  363.73828 378.08612],[0.         0.04412449 0.         ... 0.         0.03863815 0.        ],1,1,3,199
[0.13160007 0.13789578 0.00082859 ... 0.0907674  0.03329487 0.26706487],[182.68285 199.52895 181.009   ... 199.58409 186.02365 216.70352],[258.96155 267.20087 249.42308 ... 274.0171  252.45726 285.28204],[227.323   234.33952 214.22919 ... 237.36801 219.37431 251.02637],[0.         0.         0.         ... 0.         0.03926156 0.        ],1,1,3,200
[0.         0.17683956 0.29923403 ... 0.42293754 0.48029923 0.24818894],[363.22952 425.1225  451.14984 ... 497.23734 482.65488 407.8369 ],[373.8163  432.9949  475.83673 ... 513.699   503.44897 426.10205],[307.0234  360.05423 397.24573 ... 435.04828 425.85098 357.39206],[0. 0. 0. ... 0. 0. 0.],1,1,3,201
"[ 0.08745611  0.13538326  0.         ... -0.00661226  0.02953531
  0.04638413]",[266.90274 294.67685 287.25262 ... 275.8365  280.1369  270.66467],[386.025 404.225 383.78  ... 412.63  405.2   398.585],[331.85736 351.7668  326.06717 ... 351.5597  346.4516  337.0304 ],[0. 0. 0. ... 0. 0. 0.],1,1,3,202
"[ 0.06398731 -0.06398731  0.38479453 ...  0.12568511  0.22704329
  0.        ]",[384.5395  364.99713 492.5406  ... 433.85443 451.92728 349.86862],[394.00613 381.80368 506.14725 ... 445.79755 461.3313  355.79755],[329.0117  312.47824 437.00394 ... 378.491   396.29138 293.59268],[0.         0.05239326 0.         ... 0.         0.         0.        ],1,1,3,203
[0.         0.23891659 0.15539673 ... 0.05357914 0.16449486 0.06750934],[273.6212  314.65533 298.30295 ... 297.18414 326.96576 295.85962],[308.56412 366.3641  353.92307 ... 343.7282  357.2359  334.51794],[272.33948 328.62204 315.69205 ... 304.56934 320.927   296.84216],[0. 0. 0. ... 0. 0. 0.],1,1,3,204
[1.0324677  0.87354064 1.3162558  ... 0.11420601 0.19046342 0.2820484 ],[528.7329  504.99173 591.91034 ... 387.68823 371.6327  319.3445 ],[579.1892  549.02704 664.0068  ... 416.8784  407.69595 357.6419 ],[514.7246  481.4358  585.9815  ... 342.2347  340.85013 293.0992 ],[0.         0.         0.21644099 ... 0.         0.04106962 0.        ],1,1,3,205
[0.09955985 0.08031932 0.08909483 ... 0.29792598 0.37386295 0.12875712],[343.54987 356.63928 355.89072 ... 431.75882 428.7044  354.8686 ],[380.325   390.825   401.16876 ... 469.4375  478.7125  406.8875 ],[338.7814  341.82092 353.8041  ... 423.8832  439.51837 364.97025],[0. 0. 0. ... 0. 0. 0.],1,1,3,206
[0.17248966 0.22488706 0.15398037 ... 0.08266287 0.41869265 0.47126877],[296.43793 314.4984  304.95993 ... 291.5481  353.4328  348.23087],[310.36975 333.21848 320.29413 ... 308.2857  371.9916  369.5378 ],[276.56204 296.99973 284.8362  ... 271.93146 335.11447 334.8239 ],[0.         0.         0.         ... 0.07824657 0.         0.        ],1,1,3,207
[0.1365075  0.51679236 0.31208867 ... 0.1850086  0.         0.        ],[285.28687 385.5257  324.51947 ... 353.30502 278.8818  271.27618],[358.41177 446.0428  409.35828 ... 407.87164 349.42245 326.123  ],[305.9603  392.49625 356.57364 ... 353.07663 298.1372  273.9917 ],[0. 0. 0. ... 0. 0. 0.],1,1,3,208
[0.02453241 0.03113937 0.05337837 ... 0.20645344 0.1701365  0.0754229 ],[289.69547 305.32922 312.28806 ... 377.6214  368.3786  347.3498 ],[289.69547 305.32922 312.28806 ... 377.6214  368.3786  347.3498 ],[249.11372 261.01837 267.13202 ... 329.09833 319.2208  297.08978],[0. 0. 0. ... 0. 0. 0.],1,1,3,209
[0.11777713 0.         0.05053414 ... 0.05479142 0.14750604 0.01552948],[283.09686 270.96002 285.55557 ... 306.6718  308.84607 272.67447],[317.08868 302.6601  322.07388 ... 342.40887 342.63055 302.88177],[282.0882  265.59177 281.07745 ... 299.2954  303.6923  261.88107],[0. 0. 0. ... 0. 0. 0.],1,1,3,210
"[ 0.07278695  0.17891838  0.08003384 ... -0.08062115  0.35813865
  0.23898797]",[268.43005 310.6422  284.44913 ... 278.73538 330.44125 286.24417],[302.19598 346.8995  327.72864 ... 309.84924 384.39697 330.64322],[249.72537 290.54657 271.51898 ... 252.1264  329.01416 271.95554],[0.         0.         0.         ... 0.04267108 0.         0.        ],1,1,3,211
[0.40994412 0.20110887 0.08496866 ... 0.08054395 0.13718627 0.34931955],[323.02795 321.71176 304.7215  ... 308.67154 306.28006 339.79416],[355.761   350.2439  336.35123 ... 339.45853 338.85855 366.6878 ],[317.13736 305.0639  292.51913 ... 294.74738 296.3599  324.54007],[0.         0.         0.         ... 0.         0.04182634 0.        ],1,1,3,212
[0.22211784 0.33654845 0.20051596 ... 0.2611442  0.31410617 0.5638265 ],[447.5943  467.24292 458.96228 ... 475.70047 467.37762 501.41235],[451.05063 479.37976 465.5886  ... 479.27216 484.63925 508.60126],[369.84274 398.62482 379.4039  ... 392.51056 404.5301  429.68103],[0.         0.         0.         ... 0.         0.05933275 0.        ],1,1,3,213
[0.07951847 0.01674218 0.0371316  ... 0.16016975 0.03200677 0.24164099],[279.45563 271.619   282.55127 ... 383.1717  328.88077 372.65268],[285.29544 277.25757 287.31818 ... 387.12878 334.8106  380.76514],[277.15198 270.05914 280.35257 ... 378.56915 326.7041  370.9063 ],[0.         0.         0.         ... 0.         0.02190399 0.        ],1,1,3,214
[0.03500028 0.17754263 0.48698437 ... 0.08737676 0.06162668 0.11637101],[297.82303 322.75677 398.61407 ... 358.34366 328.87994 310.39807],[353.3128  388.8673  462.0948  ... 405.53555 380.2891  362.71564],[265.7573  296.33765 365.96564 ... 305.28415 289.2141  268.82935],[0.         0.04711799 0.         ... 0.0209693  0.         0.        ],1,1,3,215
[0.4646677  0.26369208 0.05613436 ... 0.51540947 0.19257256 0.15065368],[325.25513 310.438   263.6754  ... 335.44666 316.7651  249.14105],[445.23837 419.8721  384.13373 ... 528.7093  433.1279  366.38373],[411.2597  387.38263 346.63272 ... 492.97495 397.43713 333.41272],[0.         0.         0.04623191 ... 0.         0.         0.        ],1,1,3,216
[0.30743888 0.15201786 0.11270951 ... 0.30172956 0.22235295 0.21719474],[322.45645 303.9396  315.62747 ... 396.03427 341.11142 313.04834],[417.8496  399.1278  408.9925  ... 474.33084 413.1579  393.45114],[326.4122  307.08264 309.3537  ... 370.04816 314.54166 300.9856 ],[0. 0. 0. ... 0. 0. 0.],1,1,3,217
"[ 0.05681461  0.13600521  0.08842716 ... -0.05996508  0.00296543
  0.06480596]",[283.09555 303.43805 319.37723 ... 300.23383 303.04434 282.99545],[375.51892 388.46487 398.63785 ... 364.86487 371.12973 375.6    ],[291.52112 313.49753 302.70374 ... 280.7298  293.57968 292.19333],[0. 0. 0. ... 0. 0. 0.],1,1,3,218
"[ 0.25563255  0.00681997 -0.07298459 ...  0.21772891  0.22768898
  0.34429243]",[267.84677 236.47878 224.6555  ... 285.4179  269.1557  281.57596],[282.04254 249.70921 238.40425 ... 297.74115 284.50708 295.03546],[253.79979 220.98509 209.39145 ... 266.99823 253.79453 264.78796],[0.         0.         0.         ... 0.         0.02350234 0.        ],1,1,3,219
"[ 0.25342143  0.0456528   0.09669761 ... -0.00208504  0.01303887
  0.16100702]",[216.36809 193.8501  204.14578 ... 192.39384 188.90619 212.95561],[279.56732 247.28847 265.70193 ... 251.15866 249.14903 268.03845],[243.96393 209.96815 229.35439 ... 213.63264 213.9687  231.98022],[0.        0.        0.        ... 0.        0.0193949 0.       ],1,1,3,220
[0.1931694  0.22044083 0.25530827 ... 0.26574817 0.3254608  0.22047384],[293.53836 343.88177 348.5595  ... 356.4851  319.24304 305.24307],[361.75687 409.47058 421.50195 ... 426.24707 411.81567 366.12943],[322.32373 364.97952 377.65512 ... 383.13715 363.41428 318.5642 ],[0. 0. 0. ... 0. 0. 0.],1,1,3,221
[0.23102774 0.25927037 0.16983302 ... 0.         0.18947951 0.09119808],[318.91864 331.27484 340.92105 ... 318.79343 359.83636 320.92722],[322.92245 338.26123 346.56326 ... 326.32654 368.1551  325.5551 ],[279.02628 295.07312 299.72482 ... 282.377   324.5187  279.0944 ],[0.         0.         0.         ... 0.02729237 0.         0.        ],1,1,3,222
[0.0664846  0.14897431 0.13809618 ... 0.12121734 0.14991236 0.30871838],[354.79297 387.40573 391.01895 ... 418.15344 402.9042  412.1193 ],[377.9826  415.17825 416.36957 ... 436.42175 437.71304 443.08694],[316.427   358.02505 356.1158  ... 375.47192 378.68417 377.52838],[0.         0.         0.         ... 0.         0.02951501 0.        ],1,1,3,223
[0.00782799 0.13466556 0.         ... 0.0542894  0.         0.06715398],[262.0712  289.50406 278.92874 ... 284.41214 265.31805 268.69617],[339.58237 374.90588 347.22354 ... 346.65295 327.12354 346.28824],[288.60794 320.53476 289.2302  ... 291.28577 276.11932 292.16785],[0. 0. 0. ... 0. 0. 0.],1,1,3,224
"[ 1.9889016e-01  2.8922248e-01  4.2460739e-04 ...  1.6755988e-01
 -1.3691460e-01  4.3256027e-01]",[255.51535 300.50238 217.70709 ... 306.63535 230.20345 337.7509 ],[315.4966  356.80273 297.9456  ... 372.57822 289.4898  394.61905],[286.4448  326.8566  269.90195 ... 342.67822 260.52753 364.18835],[0.         0.         0.         ... 0.         0.06866682 0.        ],1,1,3,225
[0.30809334 0.10624677 0.06327987 ... 0.19024958 0.11993179 0.07354259],[242.56367 239.19043 224.6989  ... 269.95438 230.92488 216.5812 ],[301.21973 286.20178 286.5426  ... 320.4843  287.7354  277.42154],[258.47314 241.63489 239.10521 ... 275.94016 242.5675  233.20734],[0. 0. 0. ... 0. 0. 0.],1,1,3,226
"[ 0.25251734  0.42806128 -0.04754695 ...  0.25372118 -0.10134974
  0.16824992]",[320.65997 358.56393 278.8094  ... 344.2905  256.2983  277.57172],[360.61047 434.43604 331.68024 ... 408.68024 299.1744  328.53488],[318.41013 390.71277 284.15237 ... 361.8797  253.75441 283.96292],[0. 0. 0. ... 0. 0. 0.],1,1,3,227
"[ 0.03493308 -0.00377375  0.14794168 ...  0.09023821  0.26638308
  0.29605827]",[256.48575 265.89056 294.8587  ... 315.51492 325.52182 307.23196],[323.67618 330.1238  363.8762  ... 379.17142 398.51428 380.50476],[256.8766  254.88216 295.42886 ... 300.62762 325.35678 313.56485],[0.         0.         0.03845573 ... 0.05297768 0.         0.        ],1,1,3,228
"[ 0.13452542  0.11748945  0.09454753 ... -0.02476051 -0.03777695
  0.11371507]",[291.92175 259.15634 271.6297  ... 256.66125 253.89769 266.4328 ],[368.98837 364.08722 365.7093  ... 353.01163 343.61627 366.77908],[339.56967 338.26907 336.61676 ... 325.76306 313.4629  338.6232 ],[0. 0. 0. ... 0. 0. 0.],1,1,3,229
[0.2140144  0.03943885 0.26218912 ... 0.33223072 0.12786692 0.30288112],[330.4129  300.58066 355.9871  ... 399.91614 338.4     335.71613],[330.4129  300.58066 355.9871  ... 399.91614 338.4     335.71613],[273.44244 241.89827 295.80032 ... 332.01913 275.1447  271.27338],[0. 0. 0. ... 0. 0. 0.],1,1,3,230
[0.09273109 0.30361924 0.19166394 ... 0.02959845 0.04932016 0.3065244 ],[288.1499  337.8083  314.69504 ... 297.97867 294.2435  322.66974],[317.715 374.545 356.23  ... 335.84  332.715 367.24 ],[272.61417 327.31375 304.51822 ... 284.77588 282.38474 317.48166],[0.         0.         0.         ... 0.         0.03076641 0.        ],1,1,3,231
[0.01108458 0.1895766  0.24316119 ... 0.         0.10261009 0.4016053 ],[273.47467 328.4864  358.18408 ... 302.6162  315.52985 371.67206],[285.61142 336.17142 364.64    ... 314.07428 331.16    385.62857],[245.76726 291.7748  317.86575 ... 267.09222 287.8675  341.27136],[0.         0.         0.         ... 0.         0.06209993 0.        ],1,1,3,232
[0.22083473 0.13264623 0.1407019  ... 0.0495479  0.04071418 0.12499464],[258.05203 249.67937 266.0805  ... 275.65298 257.67636 266.77863],[341.7364  327.8117  341.6318  ... 350.80753 343.84937 364.3975 ],[297.97928 279.76483 292.68802 ... 303.7596  299.11884 317.5813 ],[0.         0.         0.02918034 ... 0.         0.         0.        ],1,1,3,233
[0.00230837 0.148852   0.14447509 ... 0.         0.04765779 0.23732112],[314.99326 360.60767 366.58463 ... 337.8388  347.46927 346.7936 ],[315.63528 361.25098 367.2353  ... 338.5608  348.09805 347.31372],[290.48367 332.72482 340.801   ... 311.00662 320.79245 323.5358 ],[0.        0.        0.        ... 0.        0.0381451 0.       ],1,1,3,234
[0.10203898 0.3041186  0.63376844 ... 0.11076403 0.         0.15248583],[283.84174 350.0755  393.81152 ... 306.67966 273.3023  308.13412],[409.24182 485.97385 583.1242  ... 478.38562 396.30066 434.16992],[376.43216 451.87787 551.3455  ... 446.12527 372.17398 403.6926 ],[0.         0.05958833 0.         ... 0.         0.         0.        ],1,1,3,235
[0.19458036 0.13862896 0.24570404 ... 0.06997089 0.         0.04630352],[328.5923  319.88568 349.49292 ... 315.3049  290.64667 302.38968],[329.93137 321.40195 350.9608  ... 317.36273 292.11273 303.65686],[263.68008 255.60709 283.04242 ... 249.82497 226.89276 234.21965],[0. 0. 0. ... 0. 0. 0.],1,1,3,236
[0.20652299 0.08479785 0.13950245 ... 0.18990213 0.18068351 0.2222737 ],[280.4292  269.547   292.91052 ... 328.83112 296.38223 280.4183 ],[305.50284 300.4633  311.63278 ... 347.18643 342.82486 302.65536],[261.09973 253.90286 266.32938 ... 302.44397 295.33554 257.21353],[0. 0. 0. ... 0. 0. 0.],1,1,3,237
[0.40893653 1.1751834  1.1977749  ... 0.1556834  0.23237124 0.14372878],[398.5336 575.8194 591.4813 ... 349.5537 417.5623 360.552 ],[523.3154  773.38257 795.32214 ... 518.7383  545.8591  518.4698 ],[480.86224 730.87634 747.9649  ... 480.49396 506.84946 473.7347 ],[0.16025537 0.         0.21210928 ... 0.         0.         0.        ],1,1,3,238
[0.         0.22429302 0.35937423 ... 0.25529674 0.283826   0.        ],[328.99127 404.39578 424.5192  ... 413.71738 416.46094 325.32745],[361.0635  437.55026 483.23282 ... 462.8836  456.81482 362.97354],[301.10992 370.23358 414.95718 ... 398.6722  390.6127  300.40802],[0.        0.0514433 0.        ... 0.        0.        0.       ],1,1,3,239
[0.13743795 0.0427455  0.02350972 ... 0.11730812 0.02715626 0.02496321],[268.38373 280.3529  277.8778  ... 318.14026 292.72906 289.4753 ],[286.34482 301.8046  296.2414  ... 338.8506  311.21838 307.5345 ],[253.13803 269.15094 264.89944 ... 304.49323 277.18515 273.55743],[0. 0. 0. ... 0. 0. 0.],1,1,3,240
"[ 0.12914568  0.14850605  0.1325023  ... -0.01586774  0.12873623
  0.3173231 ]",[243.41905 265.5879  275.24866 ... 247.0426  248.80037 264.54437],[302.13126 314.8125  315.55    ... 300.94376 320.48126 339.0125 ],[265.7854  274.14285 272.9269  ... 260.59186 281.4548  296.76895],[0.         0.         0.         ... 0.         0.04215272 0.        ],1,1,3,241
"[ 0.18908225  0.01943989  0.3152764  ... -0.05137753  0.04898654
  0.04724166]",[374.16003 352.59415 432.8599  ... 342.14215 341.38782 332.21933],[402.2398  370.2602  464.9643  ... 369.15817 372.37756 353.59183],[359.3925  330.1624  419.27606 ... 320.9871  329.4895  308.20087],[0. 0. 0. ... 0. 0. 0.],1,1,3,242
[0.22306502 0.1537408  0.         ... 0.02281134 0.02203991 0.35702896],[296.40283 289.28845 266.0552  ... 290.7376  293.26636 320.1254 ],[317.5512  314.7122  287.11707 ... 319.01465 317.89755 343.7561 ],[281.1643  272.03946 243.81822 ... 276.753   274.34808 304.64465],[0.         0.         0.         ... 0.         0.05733223 0.        ],1,1,3,243
[0.15449567 0.16238713 0.23673712 ... 0.06161116 0.04513609 0.34881958],[355.3773  368.55618 397.46002 ... 348.52563 323.38208 388.39185],[436.46033 452.31216 483.0476  ... 424.14285 417.8307  472.5132 ],[411.13403 427.59323 453.11276 ... 398.2844  386.57544 446.0811 ],[0.        0.        0.        ... 0.        0.0349835 0.       ],1,1,3,244
[0.2380126  0.2431911  0.3421689  ... 0.13615537 0.14038597 0.35089856],[265.24088 278.7434  297.08765 ... 286.3734  256.00687 291.65677],[280.17258 288.24365 313.6599  ... 297.71573 269.81726 307.94415],[246.24123 255.13347 280.40573 ... 265.86682 235.63641 274.4856 ],[0.         0.         0.         ... 0.         0.04660643 0.        ],1,1,3,245
"[ 0.03408042  0.14280672  0.14976668 ...  0.18839973 -0.11352624
  0.15241487]",[244.53934 269.7259  269.01526 ... 302.6271  237.33115 270.75415],[282.21335 326.22665 342.25333 ... 373.09332 292.58667 324.37332],[259.02176 300.2731  315.28973 ... 345.8976  267.03973 297.60876],[0. 0. 0. ... 0. 0. 0.],1,1,3,246
"[ 0.          0.07925726 -0.02853369 ...  0.06311272  0.06682031
  0.0660135 ]",[180.16225 216.21013 205.804   ... 220.71849 228.3414  217.10306],[287.20523 318.51965 312.38428 ... 346.33624 338.63318 324.21396],[236.9621  268.48865 261.5596  ... 290.25916 288.233   270.77972],[0. 0. 0. ... 0. 0. 0.],1,1,3,247
[0.03593269 0.14837262 0.0348423  ... 0.32644626 0.12730588 0.20556116],[279.9411  308.27444 308.75378 ... 375.62256 325.20682 323.60385],[296.775 335.935 325.565 ... 396.255 341.99  342.465],[250.62492 287.3058  272.19302 ... 344.12082 288.3117  291.0165 ],[0. 0. 0. ... 0. 0. 0.],1,1,3,248
[0.15544616 0.00279355 0.18980318 ... 0.04102166 0.06953185 0.21018875],[264.13098 237.41055 284.83148 ... 268.84763 257.20715 270.69547],[321.45383 299.05222 343.20883 ... 329.0562  331.84738 343.78714],[279.6471  258.3986  302.62357 ... 284.16638 289.57956 301.97852],[0.         0.         0.         ... 0.         0.02859022 0.        ],1,1,3,249
"[ 0.          0.1476114   0.20060667 ...  0.07431924 -0.01431004
  0.18231355]",[269.10327 311.3805  324.26813 ... 303.12354 275.61188 302.45688],[295.5021  334.93723 341.89957 ... 324.85773 291.99164 321.636  ],[239.99718 273.3946  285.26266 ... 259.65765 235.16484 261.9952 ],[0.         0.02415981 0.         ... 0.         0.02496222 0.        ],1,1,3,250
"[ 0.10017862  0.08912948  0.17045146 ...  0.13650297 -0.0319564
  0.34866878]",[293.5526  294.29984 310.49756 ... 318.9821  263.57376 336.1973 ],[305.69885 308.17615 329.125   ... 333.68182 276.6875  351.1534 ],[275.5761  278.4009  296.94656 ... 302.60776 242.72394 319.94263],[0.         0.         0.         ... 0.         0.04740099 0.        ],1,1,3,251
[0.38881704 0.03639347 0.03174629 ... 0.14512508 0.04883751 0.30506715],[345.1963  272.87714 294.9611  ... 340.45795 286.6114  317.01184],[375.8289  314.80212 323.94116 ... 374.1711  323.50803 342.9572 ],[324.40305 263.157   270.56924 ... 318.72964 272.55334 291.9334 ],[0.         0.         0.         ... 0.         0.04017084 0.        ],1,1,3,252
"[ 0.27080545 -0.04723532  0.22947852 ...  0.05055148  0.10607102
  0.14192116]",[315.53018 278.97095 334.8329  ... 320.26794 304.50397 330.02985],[394.1696  341.23392 420.34503 ... 394.36258 394.89474 401.98245],[310.6795  256.84497 333.3874  ... 306.3408  314.4137  320.61615],[0.         0.         0.05190605 ... 0.         0.         0.        ],1,1,3,253
[0.14619929 0.21462244 0.18434113 ... 0.         0.30104417 0.02405052],[296.27277 319.86926 323.52167 ... 320.8143  384.8289  302.72885],[316.6375  353.45624 353.30624 ... 350.59375 413.99374 332.61874],[271.43307 310.06073 304.91138 ... 300.33423 364.6782  285.90677],[0. 0. 0. ... 0. 0. 0.],1,1,3,254
[0.23200671 0.02067225 0.07789913 ... 0.         0.05754844 0.04996419],[411.02448 396.27188 414.181   ... 409.52338 412.38354 391.44098],[431.8692  424.25317 444.2574  ... 439.48944 436.1308  418.91562],[345.44626 320.14117 337.33447 ... 332.78973 333.8798  320.00595],[0. 0. 0. ... 0. 0. 0.],1,1,3,255
"[ 0.          0.05182032 -0.00818992 ...  0.17754339  0.14622073
  0.25857785]",[289.28467 299.87555 291.00375 ... 341.1407  330.46014 338.12512],[339.32162 366.14035 353.08188 ... 397.6491  386.28656 395.81287],[293.10458 317.0438  304.78403 ... 348.11166 338.6417  352.09717],[0. 0. 0. ... 0. 0. 0.],1,1,3,256
"[ 0.09529076  0.1170157   0.1369055  ... -0.05135579  0.10171401
  0.09725331]",[304.25613 315.8633  320.37665 ... 292.92444 320.49036 303.84406],[346.07956 362.6534  364.31818 ... 340.70456 367.67615 359.98865],[314.2115  327.1207  333.40646 ... 304.40683 334.6741  327.895  ],[0. 0. 0. ... 0. 0. 0.],1,1,3,257
"[ 0.20575571  0.03323018  0.01100693 ...  0.13573836 -0.04136543
  0.13231775]",[356.4742  347.18295 346.30374 ... 377.88632 318.9346  361.07806],[360.63556 350.7511  348.5111  ... 380.1111  331.28    363.23557],[317.15717 307.63583 302.45123 ... 338.819   286.71075 319.92056],[0. 0. 0. ... 0. 0. 0.],1,1,3,258
[0.20331796 0.2355238  0.         ... 0.09208455 0.1500452  0.02253399],[266.12585 279.3478  241.3678  ... 278.20816 276.5444  249.10602],[311.38095 338.8095  299.82993 ... 334.69388 336.91837 302.2585 ],[273.66513 303.15002 258.57858 ... 295.25488 298.67178 262.84225],[0. 0. 0. ... 0. 0. 0.],1,1,3,259
"[ 0.05876908 -0.05829093  0.34117842 ...  0.19401136  0.05137378
  0.29168844]",[351.71802 312.3303  395.37592 ... 381.40775 352.2358  384.13718],[386.      370.85562 483.83423 ... 444.39572 407.81284 454.3262 ],[323.21664 308.5704  418.40176 ... 378.3223  339.60062 388.86935],[0.         0.03590327 0.         ... 0.         0.         0.        ],1,1,3,260
[0.03149958 0.0688554  0.09309089 ... 0.07008643 0.         0.04623745],[280.1129  301.32007 316.40344 ... 311.12347 291.99445 292.70975],[284.168 305.08  321.596 ... 315.872 295.332 295.876],[249.06308 266.49396 283.50366 ... 277.1183  254.57706 257.89285],[0. 0. 0. ... 0. 0. 0.],1,1,3,261
[0.11339936 0.02057179 0.26848504 ... 0.05687888 0.36993253 0.30863023],[352.09644 347.28696 412.21118 ... 375.6965  430.2738  383.93857],[359.2238  354.97903 434.98602 ... 384.04196 438.56644 397.4196 ],[307.74615 303.13022 381.0606  ... 333.2755  391.40408 346.02252],[0.         0.         0.         ... 0.06690775 0.         0.        ],1,1,3,262
"[ 0.28614745  0.1361197   0.10643326 ...  0.01974412 -0.01329471
  0.15474387]",[248.69199 240.0445  230.02551 ... 223.64198 194.64758 220.23364],[345.6238  322.20477 326.06668 ... 313.      288.42856 306.3381 ],[311.36188 289.62698 289.36258 ... 279.68402 252.4992  271.61176],[0.         0.         0.         ... 0.         0.02535691 0.        ],1,1,3,263
[0.38864335 0.01827774 0.3693681  ... 0.14460333 0.11558286 0.23008698],[366.49915 307.56216 381.74362 ... 350.86877 349.0554  349.38324],[406.11465 349.38855 432.87897 ... 400.69427 388.57324 394.84714],[335.51776 277.79034 360.42282 ... 321.69138 309.32928 319.93933],[0. 0. 0. ... 0. 0. 0.],1,1,3,264
[0.25430393 0.1975769  0.17261614 ... 0.         0.26808262 0.12296066],[240.77643 251.91487 238.42126 ... 225.2392  265.86917 250.29332],[324.0463  330.125   329.68982 ... 298.35184 358.37964 320.93054],[287.26944 295.2109  295.4577  ... 263.37753 321.64856 285.76538],[0.         0.         0.         ... 0.02879281 0.         0.        ],1,1,3,265
[0.26224393 0.06431811 0.34408256 ... 0.1963959  0.23237464 0.22253755],[275.0735  216.0132  292.1305  ... 271.7594  249.3438  232.06462],[356.96112 323.53888 393.35    ... 373.3889  344.75    325.8389 ],[302.80307 268.29544 337.84592 ... 317.81903 289.98615 268.60052],[0. 0. 0. ... 0. 0. 0.],1,1,3,266
[0.         0.36554626 0.59796435 ... 0.06660516 0.15289995 0.33513346],[260.3454  358.62137 424.15265 ... 330.51578 322.7243  371.73337],[297.5926  384.96826 457.43915 ... 367.66666 366.74075 405.84656],[232.6858  326.16034 394.45792 ... 300.90695 302.58173 340.5846 ],[0.05107846 0.         0.         ... 0.         0.05486389 0.        ],1,1,3,267
"[ 0.0853072   0.14732401  0.1438684  ... -0.00166805  0.150822
  0.03750724]",[349.28445 360.4059  369.9515  ... 337.16348 361.48343 335.94366],[363.29492 379.80646 385.6037  ... 361.07373 381.95392 357.41934],[292.59097 312.27332 313.0528  ... 288.3713  306.9316  281.00992],[0. 0. 0. ... 0. 0. 0.],1,1,3,268
[0.30760673 0.22086811 0.12329073 ... 0.         0.20935766 0.21989098],[323.14844 350.07993 331.20996 ... 310.0756  370.35876 355.3493 ],[344.08047 357.04022 348.7069  ... 328.09195 383.94827 372.43677],[314.91855 328.7752  319.46722 ... 300.98862 354.3516  344.31122],[0.         0.         0.         ... 0.03463298 0.         0.        ],1,1,3,269
"[ 0.12097785  0.2113558   0.18414353 ...  0.01350961 -0.00053742
  0.13287455]",[273.02777 292.75    301.40555 ... 274.19446 262.72778 286.08334],[273.02777 292.75    301.40555 ... 274.19446 262.72778 286.08334],[229.14658 249.46814 256.73907 ... 230.28821 218.46559 242.68784],[0.         0.         0.         ... 0.         0.02090871 0.        ],1,1,3,270
[0.32824266 0.12657124 0.36621445 ... 0.11437603 0.25039187 0.27356723],[381.41623 361.0855  428.69925 ... 385.45816 429.8738  409.11774],[419.71204 388.15182 460.43454 ... 420.3665  455.1309  433.27225],[371.5866  344.65472 414.1978  ... 370.10178 408.79144 385.72412],[0.         0.         0.         ... 0.         0.02729834 0.        ],1,1,3,271
"[ 0.15038136  0.04178968 -0.0884029  ...  0.04208082  0.04271905
  0.        ]",[276.3491  270.3256  242.68811 ... 271.28595 274.8901  217.74472],[331.13266 326.7398  295.55612 ... 345.87244 339.67856 283.58673],[306.97867 304.4254  274.5374  ... 322.7773  317.88736 259.36923],[0. 0. 0. ... 0. 0. 0.],1,1,3,272
[0.0871674  0.51109356 0.16299178 ... 0.09501443 0.203542   0.12312448],[253.62428 347.45453 297.17538 ... 304.4533  321.86975 289.87363],[256.07614 350.17767 301.09644 ... 306.8934  324.79697 292.1878 ],[214.372   301.91226 259.10452 ... 261.25415 277.3602  248.36682],[0. 0. 0. ... 0. 0. 0.],1,1,3,273
"[ 0.22379357  0.4542039  -0.1353373  ...  0.         -0.01613137
  0.16813166]",[212.905   267.4024  198.79164 ... 156.75357 169.79677 184.39105],[312.04166 409.49167 280.86667 ... 242.85834 240.75833 263.25   ],[291.83163 389.9251  259.70355 ... 226.20287 218.6908  240.44623],[0. 0. 0. ... 0. 0. 0.],1,1,3,274
[0.09713951 0.13892199 0.3808868  ... 0.02456859 0.         0.1781975 ],[331.61676 360.04193 409.76047 ... 354.78442 329.73654 353.1557 ],[331.61676 360.04193 409.76047 ... 354.78442 329.73654 353.1557 ],[263.90237 291.80246 345.73285 ... 275.24393 258.29062 280.274  ],[0.         0.05565164 0.         ... 0.         0.         0.        ],1,1,3,275
"[ 0.12601745  0.15634878 -0.01267537 ...  0.07549693  0.06263284
  0.        ]",[295.14417 306.91745 277.9691  ... 315.77844 312.83575 272.0836 ],[300.50406 316.0122  285.68292 ... 326.47156 322.99594 281.65042],[248.11823 268.11627 237.15454 ... 277.65396 271.2258  232.89867],[0. 0. 0. ... 0. 0. 0.],1,1,3,276
"[ 0.10795863 -0.00403033  0.23722854 ... -0.03720957  0.17408937
  0.17497744]",[228.18524 213.15388 277.721   ... 241.9916  274.5704  252.21187],[338.9568  322.41357 395.2716  ... 360.01236 395.8642  385.9321 ],[287.23383 266.003   343.41336 ... 303.2914  344.5588  334.5745 ],[0.         0.         0.         ... 0.         0.02853381 0.        ],1,1,3,277
[0.33161902 0.32294187 0.21813305 ... 0.         0.17555673 0.06436205],[296.39914 317.96548 312.31094 ... 277.602   294.30664 271.74896],[322.07303 340.1236  334.19662 ... 297.85394 324.26404 295.66855],[278.2465  298.4184  290.56003 ... 252.6419  278.26083 243.7393 ],[0. 0. 0. ... 0. 0. 0.],1,1,3,278
[0.06792005 0.0992102  0.05848951 ... 0.16031729 0.03740949 0.18800664],[273.7221  280.5836  273.4896  ... 315.34024 284.90973 299.30212],[305.68698 314.75204 313.27237 ... 351.57318 315.24796 333.87805],[269.82312 278.22644 275.13318 ... 313.67267 276.89496 297.13937],[0. 0. 0. ... 0. 0. 0.],1,1,3,279
[0.02564402 0.20280504 0.08610591 ... 0.11211576 0.19565889 0.21228144],[201.87556 274.63678 277.0545  ... 265.2089  276.98895 266.48465],[318.93375 365.3554  369.31326 ... 358.16867 370.83133 361.24097],[268.0426  316.82748 318.1336  ... 305.25235 318.569   310.75473],[0. 0. 0. ... 0. 0. 0.],1,1,3,280
[0.18633084 0.07982039 0.35323232 ... 0.         0.16767858 0.24537587],[318.80902 307.56775 394.29785 ... 296.92203 323.2139  331.8491 ],[352.48837 359.9535  443.40115 ... 329.75    367.06396 367.1221 ],[304.48096 314.10498 394.815   ... 284.68207 321.4995  324.53226],[0.         0.         0.         ... 0.         0.03838946 0.        ],1,1,3,281
"[ 0.35434455  0.15480073 -0.14837465 ...  0.00279622  0.29445508
  0.12385683]",[276.1152  268.99557 226.69954 ... 283.67227 320.08832 286.13873],[299.25757 298.33334 244.56566 ... 300.9697  362.32324 306.78787],[256.43304 253.96806 201.73494 ... 257.82355 317.59402 260.9987 ],[0.         0.         0.         ... 0.02441874 0.         0.        ],1,1,3,282
[0.42046168 0.37246406 0.12339162 ... 0.05443279 0.31785908 0.        ],[279.38385 320.77664 289.36597 ... 274.63306 315.51932 243.07243],[339.69318 369.2784  335.71024 ... 333.55115 361.7159  280.16476],[283.59232 308.39258 271.33157 ... 274.24405 299.48972 215.71687],[0. 0. 0. ... 0. 0. 0.],1,1,3,283
[0.23281705 0.3310658  0.22447622 ... 0.16450748 0.         0.18786716],[277.84644 294.49463 292.0602  ... 205.08377 174.58167 210.48383],[368.31708 396.56097 373.22763 ... 274.73172 238.86992 270.9187 ],[354.03302 382.9128  357.84082 ... 261.05823 224.05182 256.03976],[0. 0. 0. ... 0. 0. 0.],1,1,3,284
[0.2707713  0.05185111 0.         ... 0.27968356 0.23104559 0.56113017],[329.85315 290.3896  307.5701  ... 407.03677 385.31198 421.9286 ],[399.36273 367.90195 368.2745  ... 485.94608 455.68137 503.31372],[324.90726 298.59402 290.64703 ... 402.4465  375.20093 424.3459 ],[0.         0.         0.         ... 0.         0.06630249 0.        ],1,1,3,285
[0.         0.13507178 0.083971   ... 0.0455527  0.01364118 0.09914113],[280.59103 313.51755 308.0526  ... 305.00497 298.03882 313.15417],[306.26852 344.2824  338.99075 ... 330.04166 325.10184 338.13425],[266.42285 304.69482 295.7004  ... 290.5301  280.93585 298.81516],[0. 0. 0. ... 0. 0. 0.],1,1,3,286
"[ 0.01706954 -0.00802379  0.2984306  ...  0.00476738  0.07151243
  0.04611579]",[326.01718 323.15237 374.1791  ... 318.27988 320.79584 326.77856],[382.13745 378.76303 459.4834  ... 388.4929  391.95734 394.27014],[283.0559  279.7558  352.4593  ... 286.61234 300.59283 294.43994],[0.        0.0492244 0.        ... 0.        0.        0.       ],1,1,3,287
[0.27112883 0.24488372 0.27937877 ... 0.24838911 0.26703075 0.36663723],[338.0336  345.87717 378.87314 ... 408.61932 386.0296  368.65134],[358.22794 362.46323 403.20587 ... 428.91913 402.94852 391.22794],[326.9155  330.30728 372.4664  ... 392.82617 369.53873 358.49274],[0.         0.         0.         ... 0.06920189 0.         0.        ],1,1,3,288
[0.4805025  0.5879802  0.18636839 ... 0.17704208 0.70256215 0.15806483],[411.81012 453.28146 368.25854 ... 359.56305 468.44824 331.751  ],[422.374   461.8699  383.60974 ... 374.80487 480.8618  358.80487],[353.0035  393.0188  309.12415 ... 305.32413 414.0511  293.94446],[0.         0.         0.         ... 0.03349295 0.         0.        ],1,1,3,289
[0.2432254  0.3639273  0.00180767 ... 0.3800189  0.2456758  0.01810166],[194.62828 227.56393 193.46121 ... 292.56378 241.86513 207.08157],[399.1605  439.14816 355.74692 ... 504.41357 452.2037  370.41974],[373.73456 414.25137 330.53503 ... 475.79474 423.49005 343.47507],[0. 0. 0. ... 0. 0. 0.],1,1,3,290
[0.         0.21896443 0.23222248 ... 0.3696168  0.25469446 0.16858955],[290.32996 356.412   354.01706 ... 414.40964 352.32224 344.26312],[332.66666 398.17285 413.7037  ... 462.0432  423.69754 385.24075],[296.10294 359.89392 367.98056 ... 419.9357  383.04843 346.89648],[0.03849518 0.         0.         ... 0.         0.         0.        ],1,1,3,291
"[ 0.26759693  0.31121308  0.2942662  ...  0.16026855 -0.06525341
  0.09611611]",[305.72464 302.21985 311.7954  ... 286.5083  246.51134 270.2503 ],[378.92307 396.5917  397.18344 ... 378.81064 320.69232 344.2781 ],[333.8668  350.984   352.42502 ... 334.42917 277.14664 297.12457],[0. 0. 0. ... 0. 0. 0.],1,1,3,292
"[ 0.02725319  0.19738065 -0.00456622 ...  0.49185908  0.
  0.2547031 ]",[290.17505 315.30984 270.6799  ... 427.65933 296.75647 353.86188],[353.54688 402.78125 360.02344 ... 528.3125  396.35156 441.57812],[305.19904 350.42416 306.88605 ... 474.03528 338.88916 384.54776],[0. 0. 0. ... 0. 0. 0.],1,1,3,293
"[ 0.15053771 -0.08857046  0.08241262 ...  0.12073424  0.31476438
  0.29293123]",[252.61115 244.29375 277.34003 ... 302.8241  325.61862 307.80276],[271.24268 256.51883 293.99164 ... 315.74896 340.53137 325.32217],[234.8386  220.42834 257.94775 ... 280.85672 301.84244 290.86566],[0.         0.         0.0279634  ... 0.06088108 0.         0.        ],1,1,3,294
[0.24872485 0.13354161 0.09749741 ... 0.13291888 0.0378712  0.2809034 ],[276.8732  258.03476 255.75034 ... 270.8402  266.76205 283.13525],[331.89447 324.36682 321.23618 ... 341.10553 315.3166  349.83417],[301.2213  293.06946 286.69427 ... 306.19626 279.58502 316.73123],[0.         0.         0.         ... 0.         0.04361303 0.        ],1,1,3,295
[0.08771297 0.05945461 0.3171598  ... 0.         0.07200465 0.17859416],[351.0666  318.98297 407.91815 ... 371.30984 377.15155 368.89484],[379.47693 372.81024 446.9128  ... 399.2359  407.17947 399.71796],[315.59274 314.76898 389.6261  ... 330.67838 342.43948 338.64612],[0.         0.04256091 0.         ... 0.         0.02717205 0.        ],1,1,3,296
[0.27919403 0.14822264 0.09146329 ... 0.25715536 0.37684    0.301508  ],[361.33463 355.7707  354.45782 ... 389.33722 415.6285  363.8553 ],[401.02856 388.94287 387.74857 ... 434.42856 456.5657  404.95428],[344.3184  331.66055 322.67368 ... 374.22192 394.38934 346.9433 ],[0.         0.         0.         ... 0.03598588 0.         0.        ],1,1,3,297
[0.         0.4121502  0.14863513 ... 0.14712903 0.21697855 0.28389624],[247.10034 336.61765 306.83023 ... 333.55005 333.72644 345.61496],[307.95364 428.09933 396.87418 ... 431.13907 418.59604 426.1457 ],[262.19037 379.6782  346.9291  ... 379.8568  367.8689  377.12833],[0.         0.         0.         ... 0.04096142 0.         0.        ],1,1,3,298
"[ 0.09579581 -0.03569443  0.30235732 ...  0.1136179   0.13261802
  0.3283569 ]",[271.5     259.48236 332.44705 ... 324.81177 293.35883 322.35294],[271.5     259.48236 332.44705 ... 324.81177 293.35883 322.35294],[223.33434 210.2767  281.11255 ... 272.59003 242.55305 272.18253],[0.        0.0360327 0.        ... 0.        0.        0.       ],1,1,3,299
"[ 0.14642431  0.18396668 -0.08718742 ...  0.3078488   0.02280024
  0.17232892]",[289.5976  321.57138 274.15652 ... 350.36087 272.61337 305.53806],[326.94012 357.38922 311.27545 ... 391.46707 305.41318 337.00598],[294.44675 321.9597  279.33588 ... 356.90662 274.3296  301.4311 ],[0. 0. 0. ... 0. 0. 0.],1,1,3,300
[0.18541601 0.05750636 0.22469546 ... 0.12926199 0.14684555 0.        ],[326.64957 300.3646  357.41003 ... 359.16104 328.40298 280.0798 ],[334.43216 313.4975  365.05026 ... 368.61307 345.34674 287.0955 ],[297.52356 274.91315 325.68323 ... 327.9112  306.95905 249.01045],[0. 0. 0. ... 0. 0. 0.],1,1,3,301
"[ 0.26298514  0.16909046  0.         ... -0.00801603  0.14189893
  0.0843712 ]",[169.93614 169.29697 126.19359 ... 151.86107 163.55544 135.25706],[320.14948 303.36084 278.80927 ... 294.53607 316.35052 299.0464 ],[280.31396 263.57864 234.44499 ... 249.98045 274.04034 259.57394],[0.         0.         0.         ... 0.02265928 0.         0.        ],1,1,3,302
[0.11113464 0.13818477 0.20430952 ... 0.18779878 0.10548763 0.04576389],[290.19025 303.4846  332.82288 ... 354.82687 315.55057 300.61182],[300.32117 317.44525 345.47446 ... 362.86862 330.1022  311.36496],[260.6105  276.49066 305.0416  ... 320.44882 287.50897 267.27863],[0. 0. 0. ... 0. 0. 0.],1,1,3,303
[0.         0.07317579 0.16416027 ... 0.09750051 0.2307561  0.10411557],[180.7957  219.843   232.01938 ... 223.34734 256.3165  230.8019 ],[279.36365 309.09625 332.03207 ... 343.06418 364.123   333.83957],[231.0842  260.4173  282.2419  ... 286.09012 316.77393 285.39075],[0.         0.         0.         ... 0.02470751 0.         0.        ],1,1,3,304
[0.13334191 0.26468244 0.23713064 ... 0.10270873 0.09029801 0.2944637 ],[276.80402 338.34692 324.26422 ... 326.96545 288.04532 332.9385 ],[325.84756 392.4878  392.44513 ... 370.64026 350.37805 395.34146],[288.10754 352.76837 352.13812 ... 327.70737 308.7063  355.5758 ],[0.         0.         0.         ... 0.         0.04001273 0.        ],1,1,3,305
[0.35320812 0.19505545 0.18155871 ... 0.07858209 0.15644495 0.17602941],[287.826   310.31937 304.88293 ... 287.6636  294.3899  296.94562],[313.06595 332.1044  335.6978  ... 318.0934  320.92856 316.04395],[257.92154 278.56573 277.587   ... 256.494   262.3154  258.01685],[0. 0. 0. ... 0. 0. 0.],1,1,3,306
[0.49800614 0.26007187 0.59161097 ... 0.11938968 0.19263361 0.16257237],[393.82538 346.56113 416.5891  ... 355.61996 353.6754  320.1264 ],[442.4181  389.1582  462.84744 ... 388.59323 397.72882 354.31073],[395.38687 340.8855  416.98312 ... 336.80612 350.47086 306.07437],[0.         0.         0.04367067 ... 0.02474878 0.         0.        ],1,1,3,307
"[ 0.17053153  0.0130669  -0.11964981 ...  0.08527014  0.0682722
  0.18876743]",[247.89067 243.18535 220.72374 ... 283.25476 264.36984 270.4222 ],[291.5028  285.06146 260.76535 ... 324.35196 305.2905  307.34637],[271.01627 264.3825  238.5256  ... 302.56552 284.60312 284.47275],[0. 0. 0. ... 0. 0. 0.],1,1,3,308
[0.3650601  0.         0.12361556 ... 0.09697313 0.20691453 0.18898787],[174.12451 131.58014 141.64885 ... 145.23848 129.91637 132.56804],[372.37415 302.0068  330.97958 ... 336.78912 336.87076 327.16327],[335.19458 262.77817 291.93835 ... 294.9609  297.44797 285.05762],[0.         0.         0.         ... 0.02834908 0.         0.        ],1,1,3,309
[0.06164872 0.07051791 0.23350362 ... 0.09545108 0.13810116 0.5094558 ],[281.3569  301.07413 320.438   ... 298.2682  296.10837 313.31638],[311.62222 321.07224 357.95557 ... 330.69446 321.96667 345.61667],[273.07568 276.37317 313.43442 ... 284.58292 280.72025 302.12912],[0.         0.         0.         ... 0.022454   0.06390596 0.        ],1,1,3,310
[0.13658977 0.13132392 0.37708676 ... 0.15295915 0.02838953 0.05356678],[317.66324 317.77673 383.54965 ... 340.7829  310.38043 306.83987],[332.66  334.245 397.49  ... 360.38  325.695 323.55 ],[284.37424 286.50427 344.21857 ... 310.6685  278.74298 271.35724],[0. 0. 0. ... 0. 0. 0.],1,1,3,311
"[ 0.11026062  0.06841163 -0.03452389 ... -0.02009824  0.43717024
  0.2813744 ]",[324.55432 333.91138 318.12454 ... 307.6011  385.86615 356.3206 ],[329.39734 338.28476 325.65564 ... 313.1523  408.58942 363.0861 ],[274.18314 283.3583  265.86435 ... 252.7677  348.06415 303.6604 ],[0.         0.         0.         ... 0.05570118 0.         0.        ],1,1,3,312
[0.07449307 0.15605918 0.09464503 ... 0.2463128  0.02125651 0.0715209 ],[302.865   323.53033 319.3078  ... 379.6685  322.84937 329.6013 ],[317.37262 334.57416 337.05322 ... 394.71863 339.20914 345.4715 ],[255.29048 277.48917 271.10016 ... 329.30905 276.55115 278.80087],[0. 0. 0. ... 0. 0. 0.],1,1,3,313
"[ 0.17239195 -0.06951904  0.13677675 ...  0.06618615  0.0827434
  0.18145682]",[263.47986 241.86946 283.73206 ... 288.4171  262.4621  283.26654],[289.5525  263.33148 307.2873  ... 314.49722 308.10498 314.7348 ],[242.84633 217.37296 261.74518 ... 267.82343 260.09723 267.24435],[0.         0.01779174 0.         ... 0.         0.         0.        ],1,1,3,314
[0.2918686  0.0200619  0.52277917 ... 0.10058437 0.27119556 0.13339607],[238.16223 190.62285 292.76147 ... 276.57053 282.6439  252.80553],[373.55347 318.72955 427.03143 ... 384.79874 412.2956  370.37106],[325.8824  270.5524  378.62006 ... 333.03265 363.94992 321.9263 ],[0.         0.03414783 0.         ... 0.04048935 0.         0.        ],1,1,3,315
[0.17367622 0.11302207 0.12626801 ... 0.03922735 0.18363133 0.34765786],[239.5242  242.29362 249.38274 ... 223.94232 232.08698 268.28308],[354.80368 369.15338 379.8098  ... 361.95706 357.68097 384.5951 ],[305.16937 315.94125 322.04578 ... 305.91788 305.15286 333.8653 ],[0.         0.         0.         ... 0.         0.05963021 0.        ],1,1,3,316
[0.2677247  0.21674757 0.06785767 ... 0.2166011  0.         0.24972707],[451.47464 464.15408 438.50244 ... 501.86746 441.55002 479.87338],[458.01562 467.8125  442.29688 ... 508.16666 446.77084 487.45834],[370.6045  376.60437 340.7707  ... 413.00406 346.97528 394.69043],[0. 0. 0. ... 0. 0. 0.],1,1,3,317
[0.16197719 0.         0.11684037 ... 0.08558038 0.14277    0.16133033],[320.85922 290.9208  322.96368 ... 336.74857 350.27094 344.91248],[369.01276 333.3064  373.02554 ... 389.58298 396.81702 395.80426],[335.45398 303.58856 342.23785 ... 359.3009  364.66608 361.4894 ],[0.         0.         0.         ... 0.02420462 0.         0.        ],1,1,3,318
[0.11561669 0.17873326 0.09553283 ... 0.13837874 0.01341263 0.2702643 ],[257.65234 274.1341  276.34042 ... 296.87604 267.6617  322.56927],[290.97702 321.81033 308.4253  ... 338.71265 304.1839  361.3506 ],[251.00717 281.73138 271.06827 ... 298.4001  266.3695  321.3659 ],[0.       0.       0.       ... 0.       0.038112 0.      ],1,1,3,319
[0.4598413  0.13137077 0.15727842 ... 0.19325982 0.18662263 0.        ],[369.90912 302.33813 312.2338  ... 295.96887 283.3515  230.77179],[408.57938 337.07144 345.66666 ... 316.96033 308.74603 253.61111],[396.46762 325.86377 333.356   ... 304.8883  296.52267 242.2794 ],[0. 0. 0. ... 0. 0. 0.],1,1,3,320
"[ 0.40903443  0.20251925  0.11377964 ... -0.06762636  0.04790073
  0.0306502 ]",[326.69092 306.78787 299.75153 ... 298.33334 313.84244 292.68484],[326.69092 306.78787 299.75153 ... 298.33334 313.84244 292.68484],[279.37015 260.27374 252.12276 ... 247.07727 263.6448  242.608  ],[0. 0. 0. ... 0. 0. 0.],1,1,3,321
[0.2548     0.28720927 0.40434018 ... 0.21696514 0.         0.37335756],[371.2342  395.5375  435.99646 ... 414.3499  350.78665 392.4    ],[390.32144 417.27142 450.16428 ... 431.95715 367.97144 406.33572],[330.44983 356.26215 385.79135 ... 370.45435 309.96802 351.61008],[0.         0.         0.         ... 0.         0.04237508 0.        ],1,1,3,322
"[ 0.17508811  0.05628311 -0.00562809 ...  0.05666374  0.26185954
  0.17641431]",[284.4698  258.41995 247.54013 ... 284.3383  334.35532 291.96524],[320.52228 302.15924 293.0191  ... 334.36942 381.56052 352.3312 ],[294.51495 275.17343 266.41727 ... 306.34113 353.6382  325.85614],[0.         0.         0.04679335 ... 0.03501241 0.         0.        ],1,1,3,323
"[ 0.29044685  0.21096347 -0.1156521  ...  0.17692707  0.29423696
  0.3583948 ]",[313.79678 294.8044  250.73477 ... 310.95572 334.79755 315.97665],[342.58377 334.24866 286.21082 ... 362.32974 367.76218 354.9189 ],[294.84253 284.20123 239.24771 ... 314.525   317.87344 307.0436 ],[0.         0.         0.         ... 0.03645448 0.         0.        ],1,1,3,324
[0.         0.00342138 0.06916843 ... 0.02481229 0.         0.21579675],[214.29494 229.98242 249.79095 ... 256.33295 249.369   273.63065],[267.18564 288.73654 305.88623 ... 313.43713 298.28143 345.1437 ],[218.29045 238.63081 252.7557  ... 259.40372 244.0703  291.516  ],[0.         0.         0.         ... 0.         0.02530994 0.        ],1,1,3,325
"[ 0.18080986  0.44539726  0.11053295 ... -0.17568256  0.16492887
  0.18515146]",[241.17537 299.2535  267.9762  ... 216.27457 275.09656 243.64198],[285.18292 337.59146 304.15244 ... 263.17075 324.22562 287.06097],[239.42116 288.9426  252.87007 ... 213.65742 275.75488 237.28502],[0.         0.         0.         ... 0.         0.03716588 0.        ],1,1,3,326
[0.33048347 0.0685768  0.21655262 ... 0.         0.01167287 0.20277579],[327.4089  297.64536 319.162   ... 302.72897 296.06003 318.6836 ],[407.86273 362.62744 401.90195 ... 376.40524 364.88235 398.95425],[373.4964  327.52322 368.76825 ... 342.64355 330.73462 362.9333 ],[0. 0. 0. ... 0. 0. 0.],1,1,3,327
"[ 0.12516457 -0.03192527  0.12244508 ...  0.20940802  0.08428375
  0.25582644]",[320.01273 319.12604 324.49728 ... 384.73486 327.0523  361.23004],[438.28946 408.44736 446.2842  ... 494.26315 431.49475 462.56317],[355.25537 321.84174 363.47333 ... 407.55298 350.80478 377.66623],[0. 0. 0. ... 0. 0. 0.],1,1,3,328
[0.17363141 0.06482551 0.07199004 ... 0.4731337  0.         0.16565304],[259.07767 247.10922 246.7788  ... 345.2732  234.40993 247.8998 ],[312.21524 303.9641  311.2332  ... 415.61435 301.97757 312.90582],[266.59802 259.4262  264.00424 ... 362.48492 258.4949  267.60602],[0. 0. 0. ... 0. 0. 0.],1,1,3,329
"[ 0.08006667  0.00353394  0.15538672 ... -0.04079897  0.12110899
  0.21331625]",[289.38745 284.29813 316.57507 ... 276.69843 292.11795 324.18753],[342.76382 336.92966 380.55276 ... 325.31155 360.5628  371.7588 ],[291.14774 279.21255 322.87897 ... 267.1794  301.13187 312.0293 ],[0.         0.         0.04206372 ... 0.         0.03374501 0.        ],1,1,3,330
[0.24356525 0.10643481 0.16631591 ... 0.09364443 0.3852502  0.23805012],[354.82294 322.35587 354.364   ... 359.59683 429.84424 381.74567],[361.62668 341.30667 370.65332 ... 373.56668 441.90668 396.40668],[302.74854 283.51114 304.66525 ... 307.2181  371.7948  332.3135 ],[0. 0. 0. ... 0. 0. 0.],1,1,3,331
[0.28208363 0.         0.37994802 ... 0.02535041 0.1860504  0.2676189 ],[288.6961  266.5415  342.90118 ... 279.12802 307.51562 298.99585],[318.55942 295.0891  384.9208  ... 307.58417 340.09406 330.10892],[289.18192 263.2149  350.85953 ... 273.94843 308.86603 295.97385],[0.        0.        0.        ... 0.0453892 0.        0.       ],1,1,3,332
"[ 0.5093758   0.33599684  0.27714828 ...  0.07614017 -0.15571801
  0.4985971 ]",[448.7919 438.0867 424.2312 ... 398.9422 351.0289 453.2312],[448.7919 438.0867 424.2312 ... 398.9422 351.0289 453.2312],[364.82092 343.04858 332.4535  ... 317.43158 260.42947 361.61755],[0.         0.         0.         ... 0.         0.06785193 0.        ],1,1,3,333
[0.         0.14603679 0.23306075 ... 0.17310159 0.12814139 0.13393094],[138.5009  172.15828 197.37465 ... 192.13443 185.55556 173.83289],[216.54605 257.3158  283.3816  ... 290.57895 275.1842  265.5921 ],[197.99312 237.67738 263.96234 ... 270.71555 256.09012 246.44247],[0. 0. 0. ... 0. 0. 0.],1,1,3,334
[0.18701908 0.08334798 0.21353577 ... 0.17370354 0.07565288 0.02136754],[279.267   251.05446 294.16232 ... 274.35532 270.16882 248.07005],[334.84735 312.63553 342.03116 ... 344.15887 320.6916  308.1028 ],[301.66528 281.59125 312.6424  ... 311.5896  287.95593 273.9544 ],[0. 0. 0. ... 0. 0. 0.],1,1,3,335
"[ 0.28251675  0.17357859  0.31266257 ... -0.00716038  0.32515335
  0.52113426]",[336.23703 342.7037  368.39258 ... 315.8963  378.06668 400.     ],[336.23703 342.7037  368.39258 ... 315.8963  378.06668 400.     ],[292.8145  291.92075 322.94913 ... 265.94553 326.53607 353.88193],[0.         0.         0.         ... 0.         0.08055414 0.        ],1,1,3,336
[0.04555726 0.18234746 0.18458721 ... 0.00583538 0.         0.15042014],[202.74225 231.8699  220.61075 ... 250.55135 217.65271 242.55147],[259.5     290.81482 309.25925 ... 314.00616 293.44446 317.84567],[214.1661  242.88766 259.8941  ... 264.71143 241.91504 270.37808],[0. 0. 0. ... 0. 0. 0.],1,1,3,337
[0.2440807  0.28643695 0.20565455 ... 0.03407916 0.23163241 0.201147  ],[307.4366  322.34277 313.78558 ... 301.68506 326.9011  313.67462],[354.54166 368.8611  354.99075 ... 340.14352 374.7037  353.97223],[305.94873 318.56665 302.2725  ... 284.90738 329.07053 305.3417 ],[0.         0.         0.         ... 0.03090438 0.         0.        ],1,1,3,338
[0.19594055 0.25062686 0.02236108 ... 0.2630538  0.14717819 0.43282294],[291.47415 289.97336 256.62003 ... 333.69455 302.53848 320.36777],[312.60825 325.12888 284.74228 ... 362.2835  330.82474 359.80414],[242.01147 253.51888 213.74574 ... 288.05255 253.81903 287.1835 ],[0.         0.         0.         ... 0.         0.03785352 0.        ],1,1,3,339
"[ 0.33422884  0.06613947  0.16581292 ...  0.09039944 -0.02391586
  0.09711159]",[323.37006 308.37067 329.3918  ... 342.4129  297.5184  317.5624 ],[356.18933 333.26215 356.80096 ... 361.34467 318.51456 337.46115],[303.63287 281.1748  304.87372 ... 310.49646 268.82462 284.97946],[0. 0. 0. ... 0. 0. 0.],1,1,3,340
[0.01093577 0.22959688 0.25085145 ... 0.08661713 0.12698323 0.        ],[202.4814  239.90736 249.8473  ... 247.58969 236.83458 218.45459],[227.80315 273.9685  284.48032 ... 276.40945 275.1811  246.61417],[197.80978 240.95406 251.38284 ... 244.96829 242.11661 213.55028],[0.03540773 0.         0.         ... 0.         0.         0.        ],1,1,3,341
[0.15962604 0.18274936 0.06422716 ... 0.2937466  0.00414949 0.5456139 ],[330.57022 359.90985 350.75824 ... 417.4699  357.00128 456.15976],[371.19394 393.24847 377.15152 ... 473.5515  397.16364 498.9697 ],[303.98807 327.68042 305.48386 ... 404.3645  326.8903  429.68002],[0.         0.         0.         ... 0.         0.06738944 0.        ],1,1,3,342
[0.25140858 0.16897179 0.         ... 0.32112253 0.         0.30261204],[274.32007 256.53226 251.01698 ... 321.10788 252.60786 287.79608],[294.52048 282.70175 270.32162 ... 340.62573 274.84796 316.2807 ],[244.48734 231.62164 220.15758 ... 286.40308 220.26361 265.29456],[0.         0.         0.03026566 ... 0.         0.         0.        ],1,1,3,343
[0.3183351  0.07813655 0.01387936 ... 0.21433076 0.12263407 0.14304368],[276.451   242.81354 237.12871 ... 305.09366 282.00793 278.65424],[393.28125 341.8047  352.67188 ... 424.02344 390.03906 390.3672 ],[359.98608 310.89783 321.35577 ... 391.01944 356.72867 356.37164],[0. 0. 0. ... 0. 0. 0.],1,1,3,344
[0.08985069 0.16337319 0.12341876 ... 0.01031681 0.06571382 0.01135362],[198.50362 227.50746 209.81863 ... 200.20491 199.26071 184.66014],[314.1893  345.75308 348.57614 ... 330.9218  344.30453 314.77365],[276.87363 302.82056 307.3329  ... 290.57123 303.1402  273.81113],[0. 0. 0. ... 0. 0. 0.],1,1,3,345
"[ 0.47797433  0.13029711  0.4968758  ... -0.19234294  0.21257849
  0.3907438 ]",[367.26437 310.41434 385.52823 ... 300.5563  350.2928  381.2379 ],[370.93866 312.30676 387.52148 ... 305.08588 352.11044 387.30676],[314.21707 253.32793 334.08667 ... 242.95032 294.5185  329.1026 ],[0.         0.         0.         ... 0.         0.06332342 0.        ],1,1,3,346
"[ 0.15614007 -0.00915476  0.         ... -0.05387129 -0.00052802
  0.05439931]",[280.70013 267.52737 266.13538 ... 280.20914 284.93332 272.51413],[358.24182 319.7255  340.20914 ... 338.98694 334.5098  325.84314],[314.5528  278.31567 297.47253 ... 294.64114 289.424   284.66833],[0. 0. 0. ... 0. 0. 0.],1,1,3,347
[0.01867479 0.06956723 0.22450148 ... 0.07818789 0.1112252  0.05892036],[273.82303 295.13562 314.40857 ... 295.97318 306.85776 262.3548 ],[316.4846  332.93832 374.9295  ... 342.36124 345.22906 312.77094],[278.96854 297.68982 337.75168 ... 301.11475 307.2711  276.12753],[0.         0.02956419 0.         ... 0.         0.         0.        ],1,1,3,348
"[3.9773992e-01 6.0968742e-02 0.0000000e+00 ... 2.1410942e-04 6.5479726e-02
 1.6466904e-01]",[328.0613  346.9405  333.00623 ... 337.19443 327.2721  329.9451 ],[397.22726 412.75974 404.22726 ... 407.22076 403.9156  413.7857 ],[316.38507 319.09134 313.15845 ... 317.35162 311.0588  329.19708],[0. 0. 0. ... 0. 0. 0.],1,1,3,349
[0.5918906  0.21129446 0.0775373  ... 0.21923347 0.10034777 0.06032133],[346.63983 280.0664  280.03375 ... 331.64893 304.17294 291.05927],[433.60843 360.36746 342.0783  ... 423.494   386.3554  357.51807],[370.27863 302.6182  280.12204 ... 356.02338 324.09976 293.93906],[0. 0. 0. ... 0. 0. 0.],1,1,3,350
[0.20436257 0.03961686 1.4376832  ... 0.         0.41511482 0.42070538],[288.20837 287.99677 584.1791  ... 309.11264 384.57968 367.65558],[411.65277 385.38196 734.7222  ... 412.20834 497.53473 481.6875 ],[347.22534 315.16272 656.75146 ... 334.32513 425.5042  410.9067 ],[0.         0.24628973 0.         ... 0.07605433 0.         0.        ],1,1,3,351
[0.30947134 0.24765608 0.13669084 ... 0.06823341 0.02718824 0.29975408],[286.68564 294.7211  284.85086 ... 304.58646 288.15134 330.39673],[291.88028 305.6479  294.7535  ... 312.0141  295.5845  336.92957],[241.27945 253.21628 238.18182 ... 252.20276 236.49222 283.65018],[0.         0.         0.         ... 0.         0.04214526 0.        ],1,1,3,352
"[ 0.00417161  0.10582429  0.22109984 ...  0.17085782 -0.03259408
  0.37985945]",[242.97185 267.0427  298.5959  ... 291.3625  234.63112 298.55594],[293.26364 321.20456 348.35455 ... 351.38635 288.99545 368.08636],[249.89587 277.47208 302.8522  ... 303.67603 241.3971  322.5412 ],[0.         0.02061081 0.         ... 0.         0.05298464 0.        ],1,1,3,353
"[ 0.12361058 -0.06583983  0.1612198  ...  0.1078212   0.10350841
  0.14288244]",[213.05753 198.16109 239.8274  ... 243.3853  233.64093 234.66617],[249.49039 235.38461 284.72116 ... 286.09134 276.96634 276.79327],[225.83627 210.66533 260.3155  ... 262.30084 253.11694 252.52481],[0. 0. 0. ... 0. 0. 0.],1,1,3,354
[0.03251773 0.3326294  0.19065249 ... 0.18278074 0.15230353 0.23314139],[325.56055 425.9328  385.76907 ... 400.04184 388.897   369.10794],[365.5703  452.6172  416.4453  ... 438.75    422.5547  404.45312],[313.00208 397.67776 363.03714 ... 387.59982 366.55533 353.58307],[0.         0.         0.         ... 0.03092481 0.         0.        ],1,1,3,355
"[ 0.3326046   0.11656986 -0.00597186 ...  0.11460421  0.10622529
  0.31250498]",[317.5879  293.7076  271.16483 ... 277.1513  281.83807 318.61148],[322.7516  298.2484  276.57962 ... 296.6879  293.36942 323.31848],[298.0087  269.3711  250.40562 ... 269.72842 266.73938 294.58707],[0.         0.         0.         ... 0.         0.04528983 0.        ],1,1,3,356
[0.01095419 0.08196525 0.0549965  ... 0.23669411 0.18380137 0.31213576],[273.45523 280.0489  271.57718 ... 329.1177  305.63086 329.9209 ],[320.69128 339.7584  332.3423  ... 403.1678  360.32214 390.81207],[273.78925 289.82068 285.3322  ... 354.30713 310.80536 339.83182],[0.         0.         0.03051319 ... 0.03905142 0.         0.        ],1,1,3,357
"[ 4.7382692e-01  6.4869836e-02  1.9325206e-01 ... -1.3883064e-04
  1.5447420e-01  0.0000000e+00]",[326.46432 275.15936 309.7072  ... 285.0198  307.01373 244.55577],[355.22223 295.59595 331.10605 ... 304.33334 335.28787 268.63132],[313.17072 254.30452 289.09335 ... 258.68707 291.56305 225.74411],[0. 0. 0. ... 0. 0. 0.],1,1,3,358
[0.23604031 0.2538564  0.25670183 ... 0.05611404 0.12047317 0.34403574],[270.6295  262.32623 296.245   ... 260.16827 253.8762  270.29233],[367.98276 385.83908 407.2069  ... 363.6207  365.1092  382.87357],[318.38358 335.48517 356.57816 ... 313.34387 316.91376 330.69727],[0.         0.         0.         ... 0.         0.05057416 0.        ],1,1,3,359
[0.04542141 0.17562775 0.06175668 ... 0.12001375 0.19105254 0.30397138],[250.95592 286.09402 262.39056 ... 300.79953 312.76425 330.55136],[265.2873  307.      282.41437 ... 329.21548 343.442   354.70718],[239.92409 275.965   253.8523  ... 301.59766 315.77618 326.90192],[0.         0.         0.         ... 0.         0.04382625 0.        ],1,1,3,360
[0.1271075  0.17932095 0.         ... 0.0705885  0.02239794 0.18972374],[285.43317 305.7235  283.659   ... 294.24423 281.48846 289.5991 ],[285.43317 305.7235  283.659   ... 294.24423 281.48846 289.5991 ],[234.3681  255.67387 230.18193 ... 241.22563 226.85551 235.31053],[0. 0. 0. ... 0. 0. 0.],1,1,3,361
[0.11733209 0.02611344 0.36994183 ... 0.02564684 0.         0.36315736],[317.46368 306.97018 381.72174 ... 318.76282 301.46155 372.65405],[332.5285  314.68393 393.29535 ... 326.14508 305.0311  376.88602],[290.71228 272.849   352.35724 ... 282.51245 262.52814 334.84537],[0.         0.04528879 0.         ... 0.         0.0547151  0.        ],1,1,3,362
"[ 0.17333913  0.14299086  0.23413719 ... -0.0444626   0.
  0.16867037]",[275.64026 284.343   294.36948 ... 288.89264 270.40485 301.34265],[363.64633 357.82925 382.27438 ... 342.14633 338.39633 374.9939 ],[317.55832 313.68533 338.4056  ... 293.82773 289.1312  326.42636],[0.         0.         0.03667874 ... 0.         0.02554501 0.        ],1,1,3,363
"[ 0.          0.06086617  0.35634014 ... -0.0364405  -0.04199878
  0.2749893 ]",[291.80014 306.83066 351.52707 ... 287.9283  299.35477 339.7161 ],[365.91476 398.58524 486.39206 ... 404.75568 396.82956 455.78976],[300.00482 330.5863  418.60498 ... 340.0495  325.4528  390.27542],[0.         0.04678087 0.         ... 0.         0.03804541 0.        ],1,1,3,364
"[ 0.30981094  0.         -0.11456027 ...  0.16715455  0.11121072
  0.        ]",[236.31294 196.11629 184.70055 ... 310.91772 301.11115 250.45012],[280.3256  237.61627 231.80814 ... 374.4593  352.1221  299.8779 ],[259.2347  218.75905 207.94579 ... 346.60226 327.48273 273.2335 ],[0. 0. 0. ... 0. 0. 0.],1,1,3,365
[0.25346258 0.32565585 0.1182075  ... 0.15343972 0.16508837 0.07450037],[214.58406 242.67805 239.1545  ... 243.5655  231.00946 223.67548],[299.02762 345.8674  320.9171  ... 343.1105  340.83426 311.27625],[268.2165  316.88803 290.3717  ... 309.43912 304.17664 280.03177],[0. 0. 0. ... 0. 0. 0.],1,1,3,366
"[ 0.48566636  0.29452848  0.13119315 ...  0.12660773 -0.04700125
  0.12493311]",[308.46356 231.49542 241.79358 ... 310.85773 256.2901  251.8211 ],[416.30283 379.28168 372.46478 ... 411.8169  363.3662  376.14084],[345.58884 312.66788 298.10284 ... 341.0362  293.23743 308.30136],[0. 0. 0. ... 0. 0. 0.],1,1,3,367
[0.05789517 0.07314446 0.22225669 ... 0.2069205  0.0315253  0.31357297],[262.1464  268.1017  314.3747  ... 333.37033 285.86798 328.78348],[276.70816 299.1631  334.55365 ... 351.99142 307.2146  350.4292 ],[235.38577 257.02652 291.9208  ... 308.35764 263.77847 307.859  ],[0.         0.         0.         ... 0.         0.02968397 0.        ],1,1,3,368
[0.16765893 0.16820996 0.1189553  ... 0.1173187  0.         0.10704167],[284.28168 284.6723  286.1612  ... 285.9905  261.9684  273.85828],[286.73627 291.8846  288.86264 ... 289.8901  264.51648 276.53296],[257.1767  264.16223 256.24554 ... 258.52106 231.2378  245.89178],[0. 0. 0. ... 0. 0. 0.],1,1,3,369
"[ 0.18898048  0.21913572 -0.11287904 ...  0.11664353  0.15218602
  0.23850368]",[251.96852 280.81213 218.88121 ... 259.87817 269.04413 250.07228],[370.7519  410.7669  326.30075 ... 394.65414 396.13535 378.66916],[338.9699  379.81027 292.32947 ... 362.88028 365.2299  350.02112],[0.         0.         0.         ... 0.03668634 0.         0.        ],1,1,3,370
[0.28225815 0.05823247 0.34727174 ... 0.06633482 0.13301948 0.11087722],[269.37955 229.4816  302.48972 ... 281.5333  284.66946 254.3428 ],[366.63513 330.81757 419.55405 ... 366.68243 376.93918 354.9189 ],[333.43097 297.1492  385.4407  ... 331.42056 340.3448  321.6957 ],[0. 0. 0. ... 0. 0. 0.],1,1,3,371
[0.24006113 0.12488716 0.10667944 ... 0.         0.11688731 0.33644152],[177.1776  186.33498 183.56125 ... 164.90747 190.42372 205.89235],[305.24475 309.2867  331.35663 ... 303.66434 325.4965  361.8112 ],[276.10504 277.93686 302.85925 ... 274.80093 295.14676 332.72034],[0.         0.         0.         ... 0.         0.04095254 0.        ],1,1,3,372
"[ 0.15437806  0.14828911 -0.15437806 ...  0.20034364  0.32200015
  0.4229899 ]",[158.14523 172.4575  149.46696 ... 251.3009  256.10776 255.37335],[281.78833 310.45255 266.8832  ... 389.53284 408.59854 407.69342],[264.9398  294.95206 246.59932 ... 369.40985 388.0868  388.39163],[0.         0.         0.         ... 0.         0.04507387 0.        ],1,1,3,373
[0.16533598 0.11395837 0.08335163 ... 0.60341334 0.08609527 0.30224743],[252.90779 265.21902 262.37143 ... 356.2892  241.85414 275.28168],[297.85986 310.26114 309.24203 ... 419.54776 301.61145 331.57962],[263.77795 273.77036 270.8425  ... 381.95883 264.3213  295.69122],[0. 0. 0. ... 0. 0. 0.],1,1,3,374
[0.01602189 0.02820862 0.02222352 ... 0.26017633 0.14525586 0.35745248],[253.41478 255.57027 268.74307 ... 320.42438 291.93475 313.94608],[282.71643 285.87064 293.22388 ... 351.18906 314.9602  339.69153],[244.70293 250.80348 257.6546  ... 312.82016 279.75403 304.3646 ],[0.         0.         0.         ... 0.         0.02752896 0.        ],1,1,3,375
[0.36144045 0.2014372  0.09815396 ... 0.20120862 0.15362903 0.17036988],[324.13846 298.49036 306.20825 ... 348.27606 336.1976  316.2452 ],[327.55798 303.82608 315.31158 ... 357.61594 340.77536 320.8768 ],[281.24384 258.0022  264.73337 ... 307.69785 291.60052 272.3511 ],[0. 0. 0. ... 0. 0. 0.],1,1,3,376
[0.         0.20993418 0.30507046 ... 0.09609146 0.29790208 0.14067358],[176.34306 268.49158 265.434   ... 276.44754 269.96783 240.54074],[332.03012 428.84338 472.40363 ... 432.43976 463.0783  401.4277 ],[268.59152 364.04428 399.9826  ... 366.29373 395.34866 332.34393],[0.         0.         0.         ... 0.04127683 0.         0.        ],1,1,3,377
[0.31088617 0.12632526 0.10292482 ... 0.16980386 0.52157515 0.15213998],[383.41    345.52255 332.30255 ... 346.5976  465.6685  344.83224],[470.4497  429.01776 436.20117 ... 456.9645  560.05914 426.22485],[442.77872 396.4088  400.63162 ... 423.07904 524.7179  392.1884 ],[0.         0.         0.         ... 0.06369632 0.         0.        ],1,1,3,378
[0.         0.25552002 0.17594232 ... 0.37070143 0.13830335 0.05217583],[228.47127 280.62643 274.4885  ... 323.9655  274.73563 250.05746],[228.47127 280.62643 274.4885  ... 323.9655  274.73563 250.05746],[170.63683 224.85223 213.36533 ... 267.56723 214.41248 189.7709 ],[0.03516989 0.         0.         ... 0.         0.         0.        ],1,1,3,379
[0.01404659 0.11714294 0.07026534 ... 0.15969601 0.41533485 0.31141916],[305.94666 328.47827 326.78552 ... 354.9001  376.41074 326.06674],[322.63925 354.78482 350.15823 ... 375.20255 411.77216 344.1329 ],[275.9074  302.86838 292.77463 ... 321.59467 358.533   295.37903],[0.         0.         0.02606841 ... 0.07398    0.         0.        ],1,1,3,380
[0.29195464 0.05176786 0.05711723 ... 0.10738479 0.18436782 0.15496422],[257.31418 263.38675 275.51196 ... 273.4323  274.41058 253.29706],[353.76315 357.7434  360.60526 ... 357.9737  372.38815 339.4079 ],[298.28305 297.0467  300.82166 ... 308.06613 318.6092  291.33337],[0. 0. 0. ... 0. 0. 0.],1,1,3,381
"[ 0.00392809  0.05963983  0.22622967 ...  0.2261783  -0.03489354
  0.299691  ]",[215.5387  220.83162 261.2304  ... 280.26404 221.96312 257.7052 ],[288.799   308.15195 365.9853  ... 376.36765 304.83823 370.23038],[265.47052 283.1707  339.3783  ... 349.4991  279.8063  345.94217],[0.         0.04529461 0.         ... 0.         0.         0.        ],1,1,3,382
[0.21379584 0.13237663 0.31735638 ... 0.18607852 0.2053832  0.13043624],[328.2635  322.1368  370.15536 ... 366.93298 373.09116 332.63068],[343.03366 332.43268 389.79327 ... 379.70193 385.65384 355.45193],[305.19116 291.28564 346.5225  ... 339.17743 342.4584  314.59128],[0. 0. 0. ... 0. 0. 0.],1,1,3,383
[0.02776202 0.1618693  0.42360768 ... 0.143865   0.02711726 0.25597486],[166.21675 237.04984 280.76968 ... 206.69879 219.63596 236.72217],[325.9589  367.4726  455.03424 ... 406.4452  372.226   406.78766],[263.37463 303.2953  384.93732 ... 340.98904 298.1987  333.2019 ],[0.         0.03711803 0.         ... 0.         0.03539775 0.        ],1,1,3,384
[0.25335443 0.04777183 0.04748954 ... 0.15462698 0.2416835  0.2340502 ],[305.89044 305.4607  311.64468 ... 345.69168 358.69473 333.33804],[307.88266 309.58163 312.54593 ... 346.69897 359.62756 334.35205],[266.97095 267.654   269.10117 ... 300.36948 314.06387 290.46988],[0.         0.         0.         ... 0.02739075 0.         0.        ],1,1,3,385
"[ 0.10292191 -0.06478436  0.11642931 ...  0.11432369  0.
  0.10417295]",[193.34875 177.08319 207.35321 ... 208.13536 174.90279 193.9431 ],[241.41347 221.0577  262.73557 ... 261.62018 235.6827  250.70673],[217.82431 198.96083 239.3095  ... 237.89317 212.8393  227.37651],[0.         0.         0.02489806 ... 0.         0.         0.        ],1,1,3,386
[0.16228566 0.06572086 0.04364322 ... 0.25509757 0.08110163 0.19310305],[227.5352  238.2548  228.2995  ... 276.45227 231.46283 212.07434],[330.04443 344.95557 348.81668 ... 385.75    337.4389  327.8278 ],[278.93515 288.99716 290.13025 ... 329.28983 282.9522  275.13147],[0. 0. 0. ... 0. 0. 0.],1,1,3,387
"[ 0.23267849  0.07386334  0.2988561  ...  0.05123413 -0.03609284
  0.21533619]",[274.10303 280.87274 328.18182 ... 293.69092 270.23032 302.0303 ],[274.10303 280.87274 328.18182 ... 293.69092 270.23032 302.0303 ],[224.7285  228.97525 272.76364 ... 239.21193 214.9889  249.69029],[0.         0.0241216  0.         ... 0.         0.03160321 0.        ],1,1,3,388
"[ 0.          0.18857741  0.01850464 ...  0.10157593 -0.06435533
  0.08010366]",[213.8374  265.08942 238.7317  ... 255.05692 220.4309  236.26016],[213.8374  265.08942 238.7317  ... 255.05692 220.4309  236.26016],[177.94896 228.62866 200.76758 ... 218.29378 183.31026 197.335  ],[0. 0. 0. ... 0. 0. 0.],1,1,3,389
"[ 0.2264094   0.12143149  0.24433117 ...  0.29078546 -0.04008883
  0.37731823]",[260.65186 291.30765 309.30484 ... 364.39062 282.05426 347.22827],[301.20807 326.48993 364.14093 ... 421.26175 326.6443  398.08054],[260.33267 283.723   318.62485 ... 373.28937 281.09302 351.33377],[0.         0.         0.         ... 0.         0.04606529 0.        ],1,1,3,390
[0.00744994 0.1743506  0.02833909 ... 0.08035488 0.2577327  0.2328299 ],[265.9664  329.37814 303.44537 ... 318.2269  352.7647  336.15128],[265.9664  329.37814 303.44537 ... 318.2269  352.7647  336.15128],[215.4408  277.1271  248.5444  ... 263.6778  295.5795  284.27252],[0.        0.        0.        ... 0.0358832 0.        0.       ],1,1,3,391
[0.29801446 0.1337105  0.2932266  ... 0.02697689 0.01942079 0.15824337],[311.25784 314.3996  337.86893 ... 280.97562 278.50906 260.82748],[404.90646 388.07193 431.41006 ... 369.8993  359.      359.44604],[374.37488 358.04886 402.71036 ... 338.27124 328.1873  330.25522],[0. 0. 0. ... 0. 0. 0.],1,1,3,392
"[ 0.23484787 -0.13260639  0.02515629 ...  0.11448915  0.05995168
  0.363939  ]",[342.41403 284.83087 340.04208 ... 368.80444 341.8772  404.7776 ],[366.10464 314.24417 363.5969  ... 388.80234 362.062   432.8876 ],[312.2527  256.11325 298.48932 ... 331.10944 301.37888 371.30212],[0.         0.         0.         ... 0.         0.04424313 0.        ],1,1,3,393
[0.11642367 0.03567048 0.27109137 ... 0.17812149 0.3105203  0.30535394],[191.34291 183.6952  210.14587 ... 191.85378 220.31892 205.5972 ],[308.1184  296.35526 362.9408  ... 333.5658  367.32236 342.60526],[273.5547  261.17795 329.11777 ... 302.5477  333.35663 311.4104 ],[0.         0.         0.         ... 0.04401985 0.         0.        ],1,1,3,394
[0.00600538 0.1946402  0.16867758 ... 0.06258125 0.17429696 0.        ],[282.9995  330.43817 325.65704 ... 333.06558 345.5957  307.5127 ],[315.24744 361.59793 363.26288 ... 367.51547 388.54123 336.1031 ],[257.52628 303.13425 303.66528 ... 306.79626 328.9464  280.43964],[0. 0. 0. ... 0. 0. 0.],1,1,3,395
[0.23962699 0.00178263 0.03932233 ... 0.06323119 0.15466961 0.06700084],[293.82352 259.0378  266.2353  ... 270.41177 288.41595 263.4832 ],[293.82352 259.0378  266.2353  ... 270.41177 288.41595 263.4832 ],[256.56668 219.3615  227.01094 ... 231.77515 249.22246 220.70782],[0. 0. 0. ... 0. 0. 0.],1,1,3,396
[0.43998468 0.27759007 0.2384062  ... 0.3260582  0.         0.27181843],[348.04245 344.46207 347.41525 ... 399.6378  318.33994 354.76096],[384.68073 392.41565 386.94577 ... 461.30722 359.69278 405.0783 ],[348.15997 355.36578 348.3847  ... 425.1641  322.91025 366.5459 ],[0.         0.         0.02136444 ... 0.         0.         0.        ],1,1,3,397
"[ 0.29336283  0.22409813  0.19044858 ... -0.00104556  0.00104556
  0.        ]",[327.29703 342.70493 361.1874  ... 309.94244 324.3536  278.3136 ],[397.16385 407.50284 413.9548  ... 379.5367  372.65536 346.39548],[338.17743 348.43375 340.7624  ... 309.20563 308.51163 274.5952 ],[0. 0. 0. ... 0. 0. 0.],1,1,3,398
"[ 0.00411073 -0.00411073  0.0405092  ...  0.         -0.06277284
  0.13890693]",[292.29114 290.61606 312.41608 ... 312.31122 292.61392 322.40103],[294.0145  293.05798 316.66666 ... 313.99033 298.01932 324.6377 ],[244.20094 245.1402  263.90652 ... 263.68008 247.93204 274.17087],[0. 0. 0. ... 0. 0. 0.],1,1,3,399
"[ 0.14200498  0.32322535 -0.09455635 ...  0.14207764  0.28105947
  0.719492  ]",[296.3653  339.37158 280.27945 ... 358.84857 370.0785  411.72537],[308.      354.56924 292.30768 ... 373.4923  390.07693 436.42307],[266.1922  309.27615 239.32368 ... 323.46283 338.4172  389.11966],[0.         0.         0.         ... 0.04643138 0.08341565 0.        ],1,1,3,400
"[ 0.0258707   0.09140572  0.18743303 ... -0.13409363  0.281329
  0.30592436]",[227.04494 242.0594  275.75732 ... 226.72728 271.6776  271.98514],[279.0284  304.3466  327.9375  ... 277.31818 321.9659  323.3125 ],[238.6315  260.8339  282.05948 ... 231.19351 278.23932 282.142  ],[0.         0.03082791 0.         ... 0.06163078 0.         0.        ],1,1,3,401
"[ 0.285556   -0.13175182  0.7390118  ...  0.22320966  0.1446933
  0.06592648]",[304.04623 253.15607 434.95953 ... 381.5838  363.28903 333.42197],[304.04623 253.15607 434.95953 ... 381.5838  363.28903 333.42197],[251.03639 197.94698 379.5699  ... 326.84042 306.30176 277.9314 ],[0.         0.07220785 0.         ... 0.         0.         0.        ],1,1,3,402
"[ 0.07956854  0.20744932  0.28542787 ... -0.03828074  0.0563466
  0.04842106]",[293.463   319.93015 355.77234 ... 296.52454 331.13202 311.4024 ],[392.5029  431.78613 460.3526  ... 414.25433 434.89017 421.1792 ],[322.5904  365.3709  391.37183 ... 337.42664 363.233   348.99866],[0. 0. 0. ... 0. 0. 0.],1,1,3,403
"[ 0.20663439  0.20940766  0.08592338 ... -0.12028734  0.07123701
  0.7045132 ]",[394.8964  405.81335 389.10397 ... 346.23035 399.10138 492.7147 ],[427.9671  438.92764 414.73685 ... 374.3684  438.21054 529.6513 ],[375.95236 381.55222 358.34683 ... 320.43665 375.38513 472.7956 ],[0.         0.         0.         ... 0.         0.10842828 0.        ],1,1,3,404
"[ 0.12855849  0.08559109  0.21694331 ...  0.16765124 -0.01332261
  0.44428203]",[352.65317 360.95306 403.9601  ... 384.4416  338.90536 434.17654],[393.96527 402.72916 431.8611  ... 435.6389  376.3125  489.8611 ],[328.47137 322.20157 356.71082 ... 356.62277 301.70026 416.28635],[0.         0.         0.03232543 ... 0.         0.05476286 0.        ],1,1,3,405
[0.19688195 0.0387118  0.3020817  ... 0.09708183 0.20931482 0.25480652],[349.68866 324.03094 392.70865 ... 384.92145 372.92227 371.03278],[468.18436 451.30167 516.5307  ... 501.15643 527.64246 509.88828],[368.1538  329.85577 405.32803 ... 379.5666  407.26874 391.8752 ],[0.         0.02647505 0.         ... 0.04047235 0.         0.        ],1,1,3,406
"[ 0.35986286  0.43368772  0.10485228 ...  0.00692715 -0.06412984
  0.31865114]",[318.97787 342.00333 288.27597 ... 280.8597  243.33818 330.83145],[390.5091  418.30304 351.40607 ... 344.34546 314.8     391.27878],[346.64447 372.97482 304.28763 ... 291.92294 265.44907 343.33328],[0.         0.         0.         ... 0.         0.03638493 0.        ],1,1,3,407
[0.17081758 0.25859213 0.18950313 ... 0.25686157 0.16093966 0.        ],[218.52065 285.40533 283.93735 ... 287.56302 262.8954  233.23233],[328.97397 387.3854  377.9896  ... 413.98438 374.89062 328.04688],[292.46115 354.238   341.1493  ... 376.0074  337.68805 289.5832 ],[0. 0. 0. ... 0. 0. 0.],1,1,3,408
[0.04476815 0.44177145 0.10527925 ... 0.24221765 0.         0.25608262],[283.9883  344.96576 290.6305  ... 328.0913  271.9773  332.2814 ],[308.55032 395.48993 325.2953  ... 357.59732 295.8322  348.91275],[268.82797 356.9123  285.26828 ... 316.70358 254.57846 309.3904 ],[0. 0. 0. ... 0. 0. 0.],1,1,3,409
[0.17080483 0.02506954 0.12115632 ... 0.18390657 0.06832395 0.233853  ],[263.63663 266.73438 287.01086 ... 301.96268 277.10248 284.91687],[266.3143  269.36    291.53143 ... 305.64    279.69144 287.97714],[226.0958  229.9937  249.43562 ... 262.59995 237.5795  248.04842],[0. 0. 0. ... 0. 0. 0.],1,1,3,410
"[ 0.          0.1328118   0.10200521 ... -0.13415985  0.12003302
  0.11029864]",[229.45868 263.94797 258.33557 ... 219.25835 262.17624 242.41045],[282.14865 326.00452 324.57208 ... 274.47296 328.6937  297.04956],[244.46239 289.82318 286.4522  ... 236.59486 288.4824  260.05902],[0.         0.         0.         ... 0.         0.02494016 0.        ],1,1,3,411
[0.09511641 0.18618788 0.1856591  ... 0.18247478 0.11394962 0.01178551],[234.07967 269.8188  259.9772  ... 285.7512  256.36237 230.77492],[306.85446 364.56808 368.4507  ... 366.50705 338.76996 301.49765],[260.24597 314.1011  317.2423  ... 312.24026 287.36334 253.1181 ],[0. 0. 0. ... 0. 0. 0.],1,1,3,412
[0.0825632  0.045224   0.13780543 ... 0.03785167 0.05532772 0.08450864],[278.05472 270.3632  292.31842 ... 288.59702 288.52737 280.02985],[278.05472 270.3632  292.31842 ... 288.59702 288.52737 280.02985],[238.96559 233.74306 252.33446 ... 248.08542 247.30048 239.94638],[0. 0. 0. ... 0. 0. 0.],1,1,3,413
[0.03634135 0.17509659 0.03325507 ... 0.14151512 0.01351669 0.28288892],[255.35263 283.45325 251.01952 ... 299.12048 260.76114 319.77045],[312.74863 354.2787  319.2623  ... 373.8798  335.06558 393.50275],[299.90033 339.76263 306.78073 ... 359.39807 321.92953 377.95523],[0.         0.         0.         ... 0.         0.03649373 0.        ],1,1,3,414
[0.30661985 0.5356151  0.34461385 ... 0.         0.06734413 0.27495888],[368.53207 446.5478  402.08368 ... 365.02518 375.94836 412.11465],[404.9934  472.8487  457.1316  ... 392.71054 403.33554 437.17764],[341.64212 407.43137 388.2691  ... 322.39395 330.40933 372.37396],[0.         0.         0.         ... 0.         0.03373908 0.        ],1,1,3,415
[0.23510392 0.01617178 0.2108029  ... 0.14866856 0.         0.06923296],[282.92273 244.96382 287.40668 ... 273.41864 241.22636 246.82697],[309.3602  266.97156 310.26065 ... 300.07108 265.98105 266.43127],[270.96967 228.83838 270.58716 ... 261.15182 227.76605 227.32654],[0.         0.         0.02102506 ... 0.         0.         0.        ],1,1,3,416
[0.01868332 0.35375392 0.2010602  ... 0.11184317 0.0841617  0.38106406],[203.83034 259.3508  258.07425 ... 322.04135 337.994   354.02396],[248.875   331.73685 314.23685 ... 407.63815 397.17105 436.57895],[221.02669 304.916   284.53192 ... 374.32632 365.86148 402.85834],[0.         0.         0.         ... 0.         0.04632812 0.        ],1,1,3,417
[0.24962278 0.22692208 0.18062332 ... 0.18775071 0.19298857 0.13570996],[315.6393  304.00668 309.24976 ... 311.58224 298.0419  279.59674],[349.731   349.72516 341.07602 ... 349.17545 338.66083 308.53802],[289.00522 287.37088 279.34106 ... 286.09454 277.48666 248.06879],[0. 0. 0. ... 0. 0. 0.],1,1,3,418
[0.17091905 0.07628898 0.00870116 ... 0.25598902 0.0833877  0.15469646],[285.3744  267.8867  258.9064  ... 312.57635 274.30542 277.76355],[285.3744  267.8867  258.9064  ... 312.57635 274.30542 277.76355],[243.05759 227.64687 215.13985 ... 270.60614 231.82312 234.16812],[0. 0. 0. ... 0. 0. 0.],1,1,3,419
[0.20060387 0.19824916 0.10164991 ... 0.0119319  0.24304038 0.132322  ],[373.85712 380.41675 375.81253 ... 400.3721  446.5863  416.10077],[394.26428 411.25714 393.45715 ... 429.67142 488.69287 444.54285],[327.86276 343.72092 327.0808  ... 358.9875  417.62344 382.07187],[0. 0. 0. ... 0. 0. 0.],1,1,3,420
[0.13977198 0.5018958  0.28946012 ... 0.44471437 0.2830614  0.5679091 ],[234.12215 301.4886  332.4217  ... 363.70682 293.90396 332.85715],[340.52173 423.73914 422.19565 ... 475.34058 412.71738 450.4855 ],[293.5627  383.37177 377.36008 ... 433.09885 366.8672  409.80957],[0.         0.         0.         ... 0.         0.03678087 0.        ],1,1,3,421
[0.33991    0.10928228 0.13501087 ... 0.2220372  0.01534033 0.26668516],[297.37143 290.58566 295.35706 ... 313.31186 257.15317 311.3356 ],[327.3     311.81332 322.88666 ... 340.84668 292.98    340.13333],[296.861   281.5249  293.17557 ... 310.31516 260.4816  311.41135],[0.         0.         0.         ... 0.         0.02346702 0.        ],1,1,3,422
[0.01482196 0.24616462 0.27489835 ... 0.18880078 0.32086363 0.23102283],[248.0003  294.31207 315.66702 ... 298.82425 311.915   298.88547],[278.14212 329.94736 343.61578 ... 329.88947 354.7842  326.4421 ],[239.96162 289.1795  301.92197 ... 287.62872 310.94003 286.5829 ],[0.02759475 0.         0.         ... 0.05218178 0.         0.        ],1,1,3,423
"[ 0.03046616  0.06517792  0.3859321  ... -0.01870615  0.20885883
  0.04166998]",[306.50012 332.37302 406.6951  ... 364.71796 416.61356 373.24292],[352.4468  369.922   459.2837  ... 414.1773  450.0993  415.46808],[257.054   280.68793 367.35675 ... 309.3161  357.54852 315.31912],[0.         0.07338386 0.         ... 0.         0.         0.        ],1,1,3,424
"[ 0.2554397   0.20616513 -0.02962412 ...  0.20150882 -0.08076686
  0.35624117]",[284.19446 298.0139  261.9861  ... 305.04166 244.32408 299.86575],[284.19446 298.0139  261.9861  ... 305.04166 244.32408 299.86575],[244.98941 256.13684 219.55579 ... 263.27386 204.06573 258.49884],[0.         0.         0.         ... 0.         0.04558185 0.        ],1,1,3,425
[0.2734051  0.00615945 0.1823432  ... 0.13138343 0.354406   0.13505922],[277.67538 261.02515 314.08252 ... 297.22003 338.75543 275.49414],[307.31387 287.72263 336.2628  ... 325.83212 369.46716 299.49634],[277.591   253.103   302.89774 ... 288.91537 333.81876 266.26825],[0. 0. 0. ... 0. 0. 0.],1,1,3,426
[0.05800144 0.12415583 0.10040384 ... 0.38997695 0.1591383  0.19827364],[248.78168 271.36816 286.56906 ... 350.21176 271.6194  274.9877 ],[303.73495 328.83133 332.29517 ... 406.18073 331.6446  343.94577],[263.00244 287.21094 288.63303 ... 359.9505  287.0272  294.73904],[0. 0. 0. ... 0. 0. 0.],1,1,3,427
[0.4215588  0.         0.14103565 ... 0.14495268 0.29922143 0.2964772 ],[356.21274 302.61017 330.99774 ... 357.47867 383.92288 354.9114 ],[397.18073 328.39758 362.28915 ... 378.1446  407.12048 393.4518 ],[348.47952 274.5561  309.01578 ... 326.11658 358.2663  344.53586],[0. 0. 0. ... 0. 0. 0.],1,1,3,428
[0.28859758 0.         0.35544196 ... 0.1645157  0.         0.37300825],[208.72342 177.33109 261.81384 ... 215.53102 193.97775 215.68962],[317.93375 262.71686 392.6988  ... 352.12048 286.66867 341.45782],[284.14172 226.98256 356.95587 ... 317.6642  250.4158  307.7083 ],[0.         0.         0.         ... 0.         0.04470719 0.        ],1,1,3,429
"[ 0.20732854  0.22416571  0.16747954 ... -0.01037345  0.00536698
  0.2189767 ]",[301.9448  309.38037 307.4417  ... 279.6687  271.60736 310.97546],[301.9448  309.38037 307.4417  ... 279.6687  271.60736 310.97546],[256.38858 259.5477  257.74545 ... 231.10828 222.2525  258.90356],[0. 0. 0. ... 0. 0. 0.],1,1,3,430
[0.         0.04555907 0.10142808 ... 0.01237846 0.09679926 0.17177531],[198.82089 206.57901 239.5449  ... 214.67523 233.1227  241.1082 ],[281.1181  300.71652 320.87402 ... 308.5748  322.34647 335.52756],[250.64143 271.30804 285.14413 ... 275.4661  291.5339  301.89636],[0.         0.         0.         ... 0.         0.02542142 0.        ],1,1,3,431
[0.06141007 0.09788409 0.20257467 ... 0.1821051  0.15764502 0.21918334],[197.77933 212.62668 191.4992  ... 226.99724 221.85054 222.69495],[281.19885 290.14206 313.93182 ... 325.77274 305.26706 306.24432],[230.12901 236.98209 262.44208 ... 270.0371  252.22136 250.90977],[0. 0. 0. ... 0. 0. 0.],1,1,3,432
"[ 0.3024918  -0.15009722  0.03119826 ... -0.03283981  0.18942647
  0.23774672]",[241.33    207.21574 223.40044 ... 219.06056 264.47098 272.2363 ],[304.32904 261.66452 300.56775 ... 305.70322 340.00644 342.8    ],[273.43195 228.29463 266.25345 ... 267.40787 307.0546  307.65945],[0.         0.         0.03143942 ... 0.         0.03600719 0.        ],1,1,3,433
"[ 0.27070984  0.29358366  0.12569943 ... -0.00444429  0.10732663
  0.20056063]",[300.7987  319.6948  306.65585 ... 302.68832 323.94156 306.05194],[300.7987  319.6948  306.65585 ... 302.68832 323.94156 306.05194],[266.9707  283.3498  271.52164 ... 264.12167 285.40475 269.62173],[0.         0.         0.         ... 0.         0.02545659 0.        ],1,1,3,434
"[ 0.30377138  0.2794074   0.18885915 ... -0.00232845  0.28478983
  0.24568209]",[287.3633  290.1928  289.8221  ... 264.51288 323.42136 285.50598],[330.14792 341.1065  329.24854 ... 298.6154  353.14792 330.71597],[297.73834 309.88504 294.62024 ... 263.19247 320.66122 295.97983],[0.         0.         0.         ... 0.05298684 0.         0.        ],1,1,3,435
[0.44212896 0.48978686 0.2625643  ... 0.11103607 0.18085572 0.        ],[388.3049  436.2849  385.3975  ... 369.178   367.80112 312.0562 ],[395.61142 439.35428 395.18857 ... 372.38284 372.50287 315.2857 ],[346.16806 388.5469  342.1484  ... 319.955   322.82007 261.79648],[0. 0. 0. ... 0. 0. 0.],1,1,3,436
"[ 0.3318641   0.3478178   0.28407353 ...  0.07623406 -0.10033192
  0.213691  ]",[362.3729  399.6074  407.51505 ... 374.19635 315.67523 343.01343],[407.14383 438.19177 432.92465 ... 411.24658 350.6507  383.31506],[360.21884 394.0408  384.23495 ... 359.05322 302.0895  333.24323],[0.         0.         0.         ... 0.         0.02807898 0.        ],1,1,3,437
[0.         0.17630212 0.26496264 ... 0.3256637  0.         0.17564875],[379.85806 435.00037 476.07404 ... 505.51102 419.0461  443.83896],[391.03683 452.55264 492.22104 ... 527.1421  432.10526 457.     ],[291.3812  335.6755  362.1327  ... 400.26297 309.34814 338.3121 ],[0. 0. 0. ... 0. 0. 0.],1,1,3,438
[0.39774022 0.0648157  0.14064683 ... 0.17502962 0.2615846  0.11133425],[399.06448 342.5038  381.74045 ... 386.96387 364.9182  311.83163],[440.53284 383.50366 412.70804 ... 425.146   432.64963 359.90512],[376.42007 315.35425 340.46317 ... 361.7795  367.63266 295.0297 ],[0.         0.         0.04280199 ... 0.         0.         0.        ],1,1,3,439
"[ 0.          0.04518456  0.28047523 ... -0.07801586  0.38141078
  0.37999865]",[244.36537 258.25415 311.1522  ... 260.8746  294.58044 311.54794],[278.      294.6     345.94073 ... 287.86667 364.3037  343.9111 ],[233.7599  250.76947 303.4673  ... 240.94785 319.8786  300.059  ],[0.         0.03693317 0.         ... 0.0775381  0.         0.        ],1,1,3,440
[0.10756309 0.19765921 0.33935827 ... 0.07780981 0.05653911 0.29262903],[259.67767 276.07242 327.04477 ... 274.76978 242.55765 266.9021 ],[324.83444 351.8808  391.66226 ... 346.72186 313.8543  332.98013],[277.32947 302.60815 343.0436  ... 298.81448 265.69177 286.66797],[0.         0.         0.         ... 0.         0.04532569 0.        ],1,1,3,441
"[ 0.37214944  0.14818642 -0.01015625 ...  0.05363968  0.29305488
  0.0069774 ]",[243.58429 236.09546 218.2062  ... 233.48268 272.0618  229.88663],[302.7075  304.68707 277.483   ... 307.35373 346.55103 287.59863],[253.65248 252.16917 226.37831 ... 255.57675 294.2561  232.26155],[0. 0. 0. ... 0. 0. 0.],1,1,3,442
[0.19435573 0.20974235 0.11501715 ... 0.11625728 0.01442242 0.29726118],[219.53532 230.3264  204.2534  ... 207.8824  176.93959 194.87288],[310.71054 335.8158  317.0921  ... 322.54605 291.9079  323.53946],[273.73065 298.3728  278.92184 ... 285.86453 256.56845 287.504  ],[0.         0.         0.         ... 0.         0.02672793 0.        ],1,1,3,443
[0.01623277 0.17618516 0.09024964 ... 0.06299765 0.14079985 0.30183882],[208.802   248.20407 234.21977 ... 250.65762 252.23984 273.672  ],[277.82758 319.90805 303.6207  ... 315.97702 330.5115  355.6494 ],[252.43805 293.824   274.62555 ... 288.62833 304.02643 328.53006],[0.         0.         0.         ... 0.         0.04341536 0.        ],1,1,3,444
[0.1266761  0.08451021 0.30416346 ... 0.2152964  0.1034732  0.25221965],[276.59824 273.10345 315.3834  ... 297.7328  277.8325  277.8046 ],[386.13794 378.6207  445.34482 ... 431.46207 385.6069  391.4207 ],[340.00586 332.54987 388.83444 ... 380.52933 333.55084 337.09784],[0.         0.02293007 0.         ... 0.         0.         0.        ],1,1,3,445
[0.         0.08333968 0.07675838 ... 0.1452301  0.17047815 0.09977262],[266.16055 293.09708 297.0598  ... 326.905   324.19986 287.63437],[279.9116  306.4199  309.25415 ... 336.0442  337.48065 297.94476],[243.31935 272.76    271.88104 ... 300.81952 302.28903 261.08   ],[0. 0. 0. ... 0. 0. 0.],1,1,3,446
"[ 0.02868679 -0.02868679  0.12068999 ...  0.15397565  0.5351868
  0.18856208]",[264.61493 273.98694 301.57718 ... 325.58124 368.72916 297.94308],[267.33124 276.18124 305.85626 ... 333.1125  371.05    300.0875 ],[206.38196 209.34218 243.3857  ... 262.9903  301.22208 235.4112 ],[0.         0.         0.         ... 0.07465574 0.         0.        ],1,1,3,447
"[ 0.12178355  0.21307078  0.3058562  ... -0.04123538  0.08865185
  0.4260421 ]",[325.71677 352.0186  369.96103 ... 310.13773 353.35028 393.12274],[376.93616 401.51773 434.9078  ... 370.03546 391.8085  454.4752 ],[325.41443 350.90424 384.0918  ... 314.1097  337.44226 395.93442],[0.         0.         0.         ... 0.         0.04428922 0.        ],1,1,3,448
[0.12009869 0.38983443 0.26824036 ... 0.         0.03273052 0.28183517],[303.54156 391.3306  400.61914 ... 345.2217  335.5043  392.21014],[328.4568  420.73456 434.03085 ... 372.49384 378.50616 419.2963 ],[275.28406 362.43167 375.26736 ... 309.45593 315.4121  356.53815],[0. 0. 0. ... 0. 0. 0.],1,1,3,449
"[ 0.05334829  0.37611926  0.33581987 ... -0.00209022  0.19336203
  0.17273593]",[247.98326 319.3399  325.34427 ... 267.68445 298.92966 280.67484],[298.88095 396.39285 397.1131  ... 333.7024  375.41666 366.0595 ],[268.07126 364.18344 365.4833  ... 298.46588 343.58618 331.83322],[0.03334311 0.         0.         ... 0.0369106  0.         0.        ],1,1,3,450
"[ 0.14052333 -0.04584934  0.07672207 ...  0.09225892  0.22273894
  0.        ]",[277.4262  249.49432 266.347   ... 296.2071  337.582   273.3527 ],[306.54486 277.75    309.07053 ... 338.15384 370.83334 309.5064 ],[279.0416  248.9396  279.75195 ... 305.5112  336.95645 275.59637],[0. 0. 0. ... 0. 0. 0.],1,1,3,451
"[ 0.1661475   0.05820899  0.17419013 ... -0.12046926  0.01329487
  0.21796131]",[424.00433 408.39325 458.44427 ... 365.79492 407.9926  425.83054],[448.02014 434.31543 476.98657 ... 387.13422 430.62418 450.302  ],[380.7664  363.2029  401.87088 ... 313.39062 352.22925 375.55704],[0.         0.         0.         ... 0.         0.02893182 0.        ],1,1,3,452
[0.         0.02696837 0.21780619 ... 0.         0.2516095  0.11678451],[285.745 304.385 361.615 ... 334.545 375.345 338.28 ],[285.745 304.385 361.615 ... 334.545 375.345 338.28 ],[227.68675 240.39107 292.55847 ... 268.75766 313.76392 275.61057],[0.        0.0266448 0.        ... 0.        0.        0.       ],1,1,3,453
"[ 0.          0.15088296 -0.07577352 ...  0.00936672  0.29168352
  0.02366978]",[199.46124 240.33997 224.89125 ... 258.19    302.82263 246.5364 ],[262.51462 312.3509  285.269   ... 326.53802 379.43274 308.47952],[220.46661 267.51666 237.71944 ... 277.20868 332.8404  261.3827 ],[0.         0.         0.         ... 0.02422111 0.         0.        ],1,1,3,454
"[ 0.2852908   0.09795426  0.11515881 ... -0.15280521  0.14663798
  0.26359534]",[322.4873  326.27975 327.2032  ... 273.25488 294.45374 314.01382],[419.28    404.2     416.32    ... 332.78665 387.57333 399.95334],[374.0415  356.57065 365.26343 ... 288.33377 337.25934 350.3832 ],[0.         0.         0.         ... 0.         0.03945799 0.        ],1,1,3,455
[0.34690213 0.         0.19560778 ... 0.1927358  0.17201456 0.07814805],[204.7476  180.99306 230.63475 ... 223.71063 209.90349 211.99318],[339.3889  298.26544 349.12964 ... 355.00616 347.80246 316.34567],[301.0242  258.6523  312.1563  ... 319.0904  310.37393 283.2401 ],[0. 0. 0. ... 0. 0. 0.],1,1,3,456
[0.35937452 0.22590685 0.25789887 ... 0.12713668 0.05409457 0.36808053],[342.05246 352.68253 339.84146 ... 358.0057  319.5636  373.77136],[374.2029  371.06522 392.32608 ... 382.3913  350.029   404.38406],[305.28665 300.20197 319.6926  ... 311.44205 278.17697 327.9313 ],[0.         0.         0.         ... 0.         0.05494557 0.        ],1,1,3,457
"[ 0.1568768   0.1722208   0.         ... -0.04320718  0.16585135
  0.09226046]",[241.342   254.39415 221.92145 ... 213.09666 242.84422 224.40982],[249.1705  264.58066 233.04608 ... 219.73732 251.85715 230.76959],[225.49826 240.43414 208.81964 ... 195.96515 228.44016 207.33612],[0.         0.         0.         ... 0.02573976 0.         0.        ],1,1,3,458
"[ 0.3879317  -0.12997031  0.48498714 ...  0.01441548 -0.10372575
  0.2801136 ]",[378.94656 310.1145  441.61832 ... 344.08398 320.12213 365.8855 ],[378.94656 310.1145  441.61832 ... 344.08398 320.12213 365.8855 ],[294.73535 220.46909 348.2988  ... 256.58322 229.43643 278.49805],[0.         0.04850094 0.         ... 0.         0.0360383  0.        ],1,1,3,459
"[ 0.2648822   0.48120296 -0.04730961 ...  0.2799245   0.17276812
  0.52330166]",[310.12766 358.08218 272.74048 ... 325.37747 312.373   341.67166],[344.7482  400.79855 291.17267 ... 373.8561  336.83453 375.66187],[306.47552 363.21277 253.88904 ... 333.42236 298.78882 333.6643 ],[0.         0.         0.         ... 0.         0.04854533 0.        ],1,1,3,460
[0.19459505 0.30025536 0.06313715 ... 0.01295777 0.22091216 0.21604766],[304.91266 343.5598  297.79422 ... 302.3011  332.79843 324.87448],[318.4123  351.9649  308.76315 ... 318.6842  346.0965  337.17545],[278.0716  310.72125 265.59802 ... 276.27353 306.1178  294.84555],[0.         0.         0.         ... 0.03751374 0.         0.        ],1,1,3,461
[0.17459239 0.08638588 0.20068674 ... 0.18349515 0.48190483 0.13685593],[314.26132 350.0774  397.48407 ... 400.40216 447.1267  361.61877],[335.3949  367.57962 416.44586 ... 429.97452 478.14014 385.03186],[257.09427 289.0314  331.79636 ... 349.51675 393.21893 306.0818 ],[0.         0.         0.         ... 0.05647156 0.         0.        ],1,1,3,462
[0.26096532 0.33289427 0.07211929 ... 0.03546508 0.         0.43276542],[254.05202 270.4515  217.03181 ... 222.14828 212.57701 281.16718],[300.02173 324.9837  274.29892 ... 273.69022 261.70108 329.34784],[272.2803  295.21863 245.49779 ... 244.47505 233.44696 300.74362],[0.         0.         0.         ... 0.         0.06254764 0.        ],1,1,3,463
[0.13888189 0.08566209 0.02481765 ... 0.11407058 0.20795596 0.35079214],[296.0432  296.05554 284.29013 ... 290.9321  301.08026 315.5247 ],[296.0432  296.05554 284.29013 ... 290.9321  301.08026 315.5247 ],[235.1434  232.55081 222.28598 ... 230.75648 236.7687  254.71788],[0.        0.        0.        ... 0.        0.0333961 0.       ],1,1,3,464
[0.07221176 0.39237565 0.06102474 ... 0.1416108  0.         0.23502745],[235.63492 303.07538 267.7506  ... 295.9514  264.32077 300.32144],[265.2481  333.5639  284.38345 ... 326.1203  291.7594  322.6015 ],[210.6575  277.1378  227.58852 ... 263.55557 230.8227  264.30853],[0. 0. 0. ... 0. 0. 0.],1,1,3,465
[0.24986875 0.3793306  0.36965346 ... 0.16661052 0.00099215 0.1431378 ],[375.15863 414.45517 425.04138 ... 407.86206 364.14484 374.85516],[375.15863 414.45517 425.04138 ... 407.86206 364.14484 374.85516],[313.20462 352.19778 354.0114  ... 342.1077  294.59335 305.07953],[0. 0. 0. ... 0. 0. 0.],1,1,3,466
"[ 0.          0.10001017  0.16187114 ...  0.16133448 -0.04660193
  0.32150626]",[252.3979  282.95288 296.22513 ... 308.42407 265.67017 327.24084],[252.3979  282.95288 296.22513 ... 308.42407 265.67017 327.24084],[218.4224  248.64394 260.61734 ... 272.08704 229.64911 292.83694],[0.         0.02424846 0.         ... 0.         0.0439823  0.        ],1,1,3,467
[0.4526183  0.16368087 0.10946758 ... 0.1488301  0.26151457 0.20364486],[346.59515 295.25082 296.38644 ... 343.28842 369.96887 352.0185 ],[363.23456 310.32098 317.61728 ... 368.71606 393.41974 374.48764],[334.771   280.55865 286.46448 ... 336.5256  362.3687  345.49213],[0.         0.         0.         ... 0.03320829 0.         0.        ],1,1,3,468
[0.20427968 0.48042035 0.5846686  ... 0.08680125 0.13045725 0.        ],[150.38164 209.55377 231.12767 ... 170.78828 183.71645 149.72264],[320.8446  404.23648 441.5811  ... 363.81757 359.18918 312.14865],[276.47208 357.30338 394.0551  ... 312.29678 311.10095 267.2118 ],[0. 0. 0. ... 0. 0. 0.],1,1,3,469
[0.         0.         0.22730362 ... 0.58132124 0.46711797 0.57887006],[200.79706 226.83511 267.34396 ... 364.32593 335.72076 357.12064],[233.10294 260.92157 311.0392  ... 404.93137 376.451   396.39706],[198.10704 223.23193 273.24057 ... 362.4965  337.59198 358.82758],[0.         0.         0.04460565 ... 0.         0.         0.        ],2,1,3,0
[0.233571   0.39263272 0.08391066 ... 0.         0.06999916 0.3608003 ],[367.7133  394.09906 340.31366 ... 371.1323  366.14554 392.53088],[451.93228 513.84894 455.57812 ... 454.41147 452.92188 480.49478],[393.635   453.20328 393.83044 ... 387.9119  390.11908 417.86023],[0.         0.         0.         ... 0.         0.04793519 0.        ],2,1,3,1
[0.2520339  0.02433381 0.16414893 ... 0.15176299 0.1461501  0.15746894],[428.7392  381.6654  418.49796 ... 454.8468  447.1836  429.4229 ],[480.93832 424.93832 471.0749  ... 516.01324 487.97357 483.79736],[446.4471  386.04416 434.36194 ... 480.35645 452.52374 448.36493],[0.         0.         0.02130276 ... 0.         0.         0.        ],2,1,3,2
"[ 0.01430097  0.14611304 -0.00939334 ...  0.0022159   0.10969926
  0.2844051 ]",[312.897   350.61148 324.78293 ... 359.53152 375.34985 382.59393],[339.6971  384.6154  349.76443 ... 387.35095 411.41827 431.03366],[322.31628 365.59018 330.54358 ... 367.95618 390.97348 410.45386],[0.         0.         0.         ... 0.         0.04186207 0.        ],2,1,3,3
"[ 0.          0.03271565  0.166019   ... -0.02331716  0.00406743
  0.10900606]",[422.20154 463.95035 515.32776 ... 491.73654 490.3642  529.1351 ],[450.02765 485.90323 545.86633 ... 507.31335 514.894   547.43317],[417.06088 455.54483 511.9561  ... 473.78162 481.84293 511.60324],[0.         0.         0.03629739 ... 0.         0.         0.        ],2,1,3,4
[0.16311815 0.09399485 0.2768609  ... 0.         0.27095526 0.16085006],[397.14554 388.17706 481.2851  ... 397.9396  463.6472  418.1785 ],[421.81482 414.53967 498.62433 ... 422.97882 495.19577 449.582  ],[349.6115  337.41833 413.29016 ... 340.0395  413.1941  362.7428 ],[0.         0.03245278 0.         ... 0.03704447 0.         0.        ],2,1,3,5
[0.16762881 0.13665348 0.20765859 ... 0.10283291 0.0285957  0.3693148 ],[416.95615 413.1073  430.5153  ... 442.75262 419.70886 486.677  ],[451.125 445.165 476.63  ... 477.5   450.785 530.53 ],[412.66763 404.02707 428.46307 ... 428.14954 402.65552 485.05978],[0.         0.         0.         ... 0.         0.04511041 0.        ],2,1,3,6
[0.26404524 0.06757172 0.05812607 ... 0.03914605 0.21319708 0.19765519],[311.8486  294.74692 305.44357 ... 316.55054 340.06903 308.5146 ],[339.0534  327.9466  333.99515 ... 343.25244 366.68448 342.11166],[287.06982 272.9496  277.30637 ... 289.25894 311.77374 289.12473],[0.         0.         0.         ... 0.03604259 0.         0.        ],2,1,3,7
[0.02133533 0.5836608  0.44838694 ... 0.11038537 0.22147068 0.18437456],[299.2779  445.96573 426.6658  ... 328.39642 347.46375 327.31668],[308.6415  453.4198  432.8302  ... 333.86792 353.1698  331.3302 ],[295.31927 439.61087 417.49292 ... 319.5894  337.25214 317.0932 ],[0.08776207 0.         0.         ... 0.03398735 0.         0.        ],2,1,3,8
[0.08497808 0.11086781 0.         ... 0.05172879 0.55058545 0.27595437],[374.55142 397.08218 378.02118 ... 386.3278  525.77014 412.11298],[449.21808 470.46277 445.35638 ... 455.31915 605.0106  486.5053 ],[400.27606 424.80096 389.3596  ... 403.33752 556.87427 439.35013],[0.         0.         0.         ... 0.07250028 0.         0.        ],2,1,3,9
"[ 0.30137095  0.10381771  0.18083896 ... -0.07204823  0.13717812
  0.25670657]",[336.70203 331.6083  344.866   ... 331.3386  374.5891  365.58194],[346.23962 339.23502 357.75116 ... 336.40552 383.19815 374.9493 ],[295.55667 288.69156 307.90778 ... 282.16888 330.19208 323.98862],[0.         0.         0.         ... 0.         0.03907352 0.        ],2,1,3,10
[0.01594226 0.10448345 0.04765345 ... 0.08767187 0.11383644 0.11308697],[386.7243  417.48422 407.4576  ... 515.9454  508.61685 459.96222],[390.65665 421.5923  413.6781  ... 520.7811  517.764   467.7296 ],[372.13916 404.27936 394.00906 ... 496.07574 494.51004 447.05356],[0. 0. 0. ... 0. 0. 0.],2,1,3,11
[0.14067134 0.         0.1817862  ... 0.04564595 0.3139365  0.11279881],[340.58035 321.18808 367.31836 ... 375.4631  426.93915 350.0174 ],[365.76608 338.37427 385.8304  ... 393.67252 463.18713 370.1345 ],[323.78976 293.4264  342.51852 ... 349.1484  417.35425 327.0613 ],[0.         0.         0.         ... 0.02995375 0.         0.        ],2,1,3,12
[0.11341057 0.03832109 0.08405177 ... 0.02919791 0.15159489 0.42141268],[400.1081  405.13284 434.69754 ... 466.00226 486.35297 544.37317],[430.81967 423.31693 450.3552  ... 481.24045 508.74863 571.4426 ],[407.16272 397.9034  420.87503 ... 455.69806 481.53876 547.5918 ],[0.        0.        0.        ... 0.        0.0575122 0.       ],2,1,3,13
[0.27148142 0.08098789 0.1986169  ... 0.02669594 0.24335602 0.00785339],[551.068   506.04788 559.2918  ... 562.11536 630.75916 530.29407],[557.7904  517.37555 563.6113  ... 567.48474 641.44104 537.3537 ],[458.8399  409.89377 457.43707 ... 462.40475 543.0499  427.53558],[0. 0. 0. ... 0. 0. 0.],2,1,3,14
[0.06247417 0.03478331 0.08764867 ... 0.11948334 0.13770285 0.2461121 ],[345.00732 343.65805 368.1503  ... 384.29202 384.13736 372.63977],[351.62857 358.1357  375.79285 ... 407.51428 395.3857  392.52142],[305.23743 305.5495  321.4172  ... 352.84122 342.6841  341.5567 ],[0. 0. 0. ... 0. 0. 0.],2,1,3,15
"[ 0.27183658  0.3255575   0.28929833 ... -0.0008394   0.33103448
  0.36255965]",[435.78937 443.83267 457.42386 ... 420.13174 480.8605  468.7374 ],[463.93427 486.30518 493.723   ... 462.79343 536.3568  515.0892 ],[365.72348 385.04254 379.3497  ... 348.9211  419.0808  396.4525 ],[0.         0.         0.         ... 0.06882368 0.         0.        ],2,1,3,16
"[ 0.08238191 -0.02754827  0.         ...  0.17961033  0.22372915
  0.22437444]",[333.64185 330.0982  333.68265 ... 427.9684  444.7214  411.14194],[348.85513 340.5514  353.52338 ... 448.85513 453.44394 424.28973],[313.4379  302.34717 311.37802 ... 410.87946 410.88403 381.56552],[0.        0.        0.0390025 ... 0.        0.        0.       ],2,1,3,17
[0.15289432 0.09396359 0.0802113  ... 0.04831934 0.13830872 0.08056748],[319.23343 296.63535 309.84808 ... 335.38214 355.5524  322.3728 ],[341.85428 338.51257 337.74875 ... 370.90955 395.2613  358.04523],[318.0795  315.73828 312.4324  ... 346.18726 366.83722 333.5755 ],[0. 0. 0. ... 0. 0. 0.],2,1,3,18
[0.17149088 0.13626221 0.07199972 ... 0.04206571 0.0620928  0.3971266 ],[399.4811  397.97632 379.18793 ... 395.6541  388.48062 421.15387],[440.23117 433.2563  418.77386 ... 434.6583  438.8191  462.38693],[421.93115 413.07574 400.5757  ... 409.86014 415.0954  438.0601 ],[0.         0.         0.         ... 0.         0.05559821 0.        ],2,1,3,19
[0.16272956 0.24148147 0.08102562 ... 0.19279964 0.02600772 0.00429587],[410.0165  451.67697 418.5512  ... 430.19315 364.27325 360.32394],[423.69272 464.78647 426.28647 ... 442.23438 381.5625  366.18228],[391.7996  433.40424 386.25278 ... 408.60553 345.142   333.3015 ],[0. 0. 0. ... 0. 0. 0.],2,1,3,20
"[ 0.08020572  0.08596351 -0.06119488 ...  0.11257786  0.0323692
  0.04706132]",[227.48824 226.19559 218.33214 ... 257.00433 237.70874 235.48125],[246.2723  250.92488 232.24883 ... 274.8216  256.70892 254.55399],[219.53824 225.23311 204.87192 ... 247.09943 230.48698 229.46199],[0. 0. 0. ... 0. 0. 0.],2,1,3,21
[0.24540426 0.31398875 0.17461133 ... 0.14008635 0.11136364 0.11745945],[435.6222  486.37128 454.2534  ... 433.53708 424.7137  407.2545 ],[444.33783 492.46848 459.55405 ... 441.92792 428.63065 413.95947],[388.55463 439.04993 399.48962 ... 384.48065 373.10425 350.87463],[0. 0. 0. ... 0. 0. 0.],2,1,3,22
[0.24392739 0.13629477 0.30815482 ... 0.         0.27550676 0.40177247],[351.1931  381.5182  414.78906 ... 342.7472  415.60034 408.35645],[495.31055 500.47205 557.6025  ... 488.22983 546.1242  550.2485 ],[461.1563  463.6298  525.82825 ... 452.16772 510.22516 516.8525 ],[0.         0.         0.         ... 0.         0.06350276 0.        ],2,1,3,23
[0.06216948 0.2560444  0.29523048 ... 0.         0.04822236 0.24933657],[303.92084 343.05325 411.5766  ... 311.84494 289.3834  370.13977],[403.      495.7439  525.8232  ... 429.7561  438.91464 478.83536],[360.2208  452.29654 476.1044  ... 384.16357 394.78012 434.0994 ],[0.03012656 0.         0.         ... 0.         0.02735977 0.        ],2,1,3,24
[0.04211994 0.31211326 0.3835154  ... 0.03039024 0.22647172 0.1330682 ],[422.63895 504.935   538.5995  ... 492.94052 531.06195 474.02847],[447.2457  528.125   567.25    ... 523.1638  560.6638  514.18536],[314.46967 395.99667 423.1884  ... 371.18594 416.50845 371.3397 ],[0.03692007 0.         0.         ... 0.         0.         0.        ],2,1,3,25
[0.10004318 0.31383958 0.43810463 ... 0.07482479 0.16750386 0.19999303],[488.42502 544.88464 612.45996 ... 540.95734 569.07025 504.4929 ],[506.5858  578.88165 634.7219  ... 552.4734  582.2663  529.1539 ],[449.33484 523.0743  568.2668  ... 486.82758 518.71924 469.3326 ],[0.         0.04425498 0.         ... 0.02912227 0.         0.        ],2,1,3,26
[0.00704285 0.12075151 0.26515386 ... 0.15710235 0.23606174 0.        ],[323.4235  356.3629  399.5477  ... 393.57236 403.25143 327.14572],[337.      372.9597  413.33066 ... 414.58066 430.02017 344.625  ],[316.97217 350.1574  389.27377 ... 394.00427 407.08282 324.56696],[0.         0.02707511 0.         ... 0.         0.         0.        ],2,1,3,27
[0.06017629 0.16245577 0.02663379 ... 0.36290756 0.19326389 0.39331844],[362.76736 383.35672 366.21393 ... 423.0794  370.7924  391.45734],[374.22043 408.3011  382.81183 ... 455.25806 387.2742  412.957  ],[329.58795 361.68585 334.98453 ... 414.1367  339.89847 363.25464],[0. 0. 0. ... 0. 0. 0.],2,1,3,28
[0.23217763 0.29967386 0.0896883  ... 0.13755082 0.3356564  0.        ],[408.471   524.3151  480.33044 ... 506.8132  529.8063  386.75485],[447.      544.35297 500.75    ... 542.4559  578.6667  424.42648],[351.691   442.33292 387.3054  ... 441.6521  483.07623 310.30392],[0.         0.         0.         ... 0.02841666 0.         0.        ],2,1,3,29
"[ 0.1773948   0.05845543  0.0744556  ... -0.03448406  0.2687093
  0.35300028]",[326.35614 308.35107 320.6931  ... 343.26868 421.14487 400.43155],[353.      345.76288 363.20618 ... 377.3402  446.3866  459.14948],[315.3674  305.70868 326.59198 ... 334.81412 407.64734 420.07968],[0.         0.         0.         ... 0.         0.04652157 0.        ],2,1,3,30
"[ 0.19268714  0.06635372 -0.08023101 ...  0.27061284  0.40690053
  0.22354198]",[387.6465  376.45157 338.46072 ... 472.1735  472.32135 386.69894],[402.38348 389.4709  349.9903  ... 490.2136  492.53397 418.70874],[383.52673 371.0892  331.67465 ... 471.48853 473.7565  399.81442],[0.         0.         0.         ... 0.05532178 0.         0.        ],2,1,3,31
"[ 0.12957607  0.10701165  0.         ...  0.02973359 -0.01646612
  0.06283385]",[328.27902 350.63394 314.02698 ... 351.31497 344.53464 332.00552],[451.9066  449.12637 425.65933 ... 463.4945  429.33517 437.52197],[414.02353 412.4504  386.32916 ... 426.70633 390.4935  399.81595],[0. 0. 0. ... 0. 0. 0.],2,1,3,32
[0.         0.04142923 0.12619802 ... 0.17739539 0.14293629 0.1561367 ],[289.77777 323.85355 348.12122 ... 419.57574 403.57574 368.9495 ],[289.77777 323.85355 348.12122 ... 419.57574 403.57574 368.9495 ],[266.14313 300.78342 324.01053 ... 393.4765  374.29962 343.28717],[0.         0.02984342 0.         ... 0.         0.         0.        ],2,1,3,33
[0.18799786 0.15488458 0.04844573 ... 0.14129546 0.2340004  0.03788723],[370.19156 372.1283  350.4446  ... 399.36438 424.85913 359.11472],[381.66522 385.31738 365.85654 ... 418.27393 435.41306 375.78696],[292.92905 295.499   273.27646 ... 319.76096 337.56097 278.15817],[0. 0. 0. ... 0. 0. 0.],2,1,3,34
"[ 0.13188314  0.27115747 -0.03116102 ... -0.07117756  0.13868333
  0.06464004]",[342.6756  389.54617 327.80585 ... 357.74402 410.3165  370.23337],[352.8836  402.77155 342.63794 ... 367.84915 423.27155 385.89224],[290.2251 338.988  276.7986 ... 305.6545 359.2085 319.7526],[0.         0.         0.         ... 0.01853259 0.         0.        ],2,1,3,35
[0.12887608 0.05586426 0.07345338 ... 0.0813863  0.11239348 0.33482924],[330.05087 319.79773 334.44843 ... 340.9726  351.38995 382.29013],[346.49478 340.28647 352.39062 ... 355.06772 364.9479  397.18228],[273.34738 261.2022  270.65057 ... 276.90286 281.42914 317.24594],[0.         0.         0.         ... 0.         0.05499505 0.        ],2,1,3,36
[0.23817733 0.00738146 0.04769287 ... 0.23596935 0.32490048 0.20005082],[295.31842 268.01077 281.59912 ... 346.43433 367.48932 331.62723],[311.9457  281.71042 296.59277 ... 366.457   382.49774 349.90497],[276.7107  245.89136 262.17804 ... 329.25266 345.1867  314.95767],[0. 0. 0. ... 0. 0. 0.],2,1,3,37
[0.3066763  0.42991412 0.06686039 ... 0.12221294 0.25288555 0.10860573],[375.61996 426.43573 366.0383  ... 422.36194 467.3396  417.95474],[381.22287 440.5543  371.49713 ... 447.97714 487.22287 425.88   ],[361.83105 423.82632 352.05194 ... 428.53857 465.8205  406.77402],[0. 0. 0. ... 0. 0. 0.],2,1,3,38
[0.21058095 0.03653123 0.13132985 ... 0.00706462 0.13113059 0.08504646],[357.00153 338.2793  374.10168 ... 355.88092 386.81277 368.3163 ],[410.64178 389.9055  419.95523 ... 416.2189  437.57712 409.31345],[398.74603 375.10077 404.63007 ... 399.85544 423.593   395.03214],[0. 0. 0. ... 0. 0. 0.],2,1,3,39
[0.27311552 0.18483883 0.18556513 ... 0.         0.         0.17399897],[401.16516 397.95456 436.23203 ... 423.74484 409.20096 452.9639 ],[455.12155 459.37018 492.92816 ... 479.87845 463.41437 506.98895],[381.53537 380.87482 401.85062 ... 388.8623  380.11066 422.28394],[0. 0. 0. ... 0. 0. 0.],2,1,3,40
[0.         0.0389175  0.07391002 ... 0.04435318 0.04461997 0.11394224],[394.0226  425.83633 432.41452 ... 456.6277  428.8434  442.8922 ],[441.07104 479.4918  485.87433 ... 509.26776 499.99454 510.61203],[383.79343 420.81442 433.32196 ... 452.41095 441.0778  454.87256],[0.         0.         0.05408136 ... 0.         0.         0.        ],2,1,3,41
[0.24344054 0.30857503 0.04089243 ... 0.03847045 0.11158067 0.2650895 ],[359.16745 418.67877 360.1213  ... 370.76694 398.24283 439.16147],[363.83743 433.7143  366.4729  ... 385.3744  403.60593 450.23154],[352.8129  422.7794  354.25558 ... 372.6905  392.00964 438.6827 ],[0.         0.         0.         ... 0.         0.04006352 0.        ],2,1,3,42
[0.         0.01054494 0.06609946 ... 0.03472445 0.1111759  0.        ],[365.51837 385.99713 406.61264 ... 427.1407  444.10562 381.2907 ],[375.7647  396.8075  419.79678 ... 443.11765 459.54544 393.12836],[321.02725 338.0002  359.9243  ... 390.9593  398.4358  335.42087],[0. 0. 0. ... 0. 0. 0.],2,1,3,43
[0.02872064 0.11424158 0.32654518 ... 0.09456796 0.07966786 0.28586414],[410.73138 443.11108 513.43616 ... 450.1127  421.5582  445.42212],[411.69446 447.72778 516.8     ... 451.02222 422.8     449.99445],[354.74478 387.33298 452.7803  ... 388.68768 364.75    391.02148],[0.         0.04695422 0.         ... 0.         0.03505737 0.        ],2,1,3,44
[0.2238894  0.19165987 0.25905976 ... 0.12863554 0.11903888 0.10931771],[446.70923 445.8903  487.06726 ... 502.19907 470.95316 440.7189 ],[463.19293 472.95923 506.44836 ... 520.26904 493.60327 463.78806],[343.36804 346.72913 366.6561  ... 383.61786 366.13647 328.89883],[0. 0. 0. ... 0. 0. 0.],2,1,3,45
[0.21924362 0.12445804 0.32534015 ... 0.161964   0.20023909 0.0950856 ],[453.12576 427.85275 501.84735 ... 486.74527 489.71384 441.83105],[468.      455.46753 539.24023 ... 516.5909  515.3571  472.35065],[441.29062 427.94864 508.0147  ... 483.8601  489.67685 439.95392],[0. 0. 0. ... 0. 0. 0.],2,1,3,46
"[ 0.17853941  0.01856252  0.14935826 ... -0.21933538  0.18041365
  0.32107624]",[297.4117  291.84534 317.0583  ... 256.98956 337.37    325.63898],[342.35165 339.6758  371.36264 ... 300.69232 384.14835 377.8187 ],[283.6628  276.7421  310.00146 ... 238.91855 316.4783  314.44684],[0.         0.         0.         ... 0.         0.05103411 0.        ],2,1,3,47
[0.13285258 0.07907134 0.27254313 ... 0.         0.20955174 0.        ],[288.08337 313.37192 357.92917 ... 320.4222  350.0759  283.11334],[320.40115 346.7093  397.09885 ... 349.13373 378.16278 310.98837],[276.5414  298.66162 351.0185  ... 300.0868  332.88278 266.81015],[0.        0.        0.        ... 0.0185359 0.        0.       ],2,1,3,48
[0.10262317 0.15620667 0.319527   ... 0.08163308 0.15551394 0.28952432],[378.68304 413.50504 439.66483 ... 414.56805 417.3639  444.39716],[474.04092 498.57727 551.2818  ... 490.3409  502.83636 534.25   ],[417.46683 439.1702  494.01154 ... 430.61636 445.6569  472.89877],[0.         0.         0.         ... 0.         0.03525779 0.        ],2,1,3,49
[0.00666831 0.10027883 0.25712198 ... 0.12764868 0.3500353  0.01779135],[270.3264  299.4265  334.7461  ... 339.8469  391.14426 313.65152],[274.45312 306.64844 341.47656 ... 344.1328  395.67188 319.4297 ],[221.50671 250.12416 285.54404 ... 289.65012 337.72256 259.6018 ],[0. 0. 0. ... 0. 0. 0.],2,1,3,50
[0.19732274 0.01962627 0.03359339 ... 0.06844392 0.12365747 0.05308026],[394.0336  359.4511  368.24945 ... 358.45325 372.86322 350.94498],[411.25308 376.68518 389.80865 ... 375.01236 388.82715 366.20987],[388.8962  352.65088 363.56085 ... 350.63766 365.75    343.96466],[0. 0. 0. ... 0. 0. 0.],2,1,3,51
"[ 0.3190394   0.28395212 -0.04001743 ...  0.12155288  0.2555337
  0.22185294]",[400.95618 418.64148 363.84854 ... 457.04074 493.62643 470.87473],[429.2427  446.33496 375.27185 ... 478.05826 518.87866 498.5194 ],[383.19318 402.36774 323.71088 ... 433.122   469.62125 451.47028],[0.         0.         0.         ... 0.02187346 0.         0.        ],2,1,3,52
[0.04643123 0.14895678 0.00702945 ... 0.06233403 0.26936215 0.3425211 ],[396.16544 436.03574 406.63574 ... 471.9525  509.6215  507.67566],[411.57437 460.75385 428.17435 ... 485.56924 544.4359  527.81024],[370.9375  417.9775  388.3103  ... 444.82498 501.54468 485.18933],[0.         0.         0.         ... 0.         0.04608982 0.        ],2,1,3,53
"[ 0.02740151  0.08943454  0.06554427 ...  0.18211323 -0.03824773
  0.33182958]",[328.5909  356.62726 362.83182 ... 408.69092 340.97272 406.08636],[328.5909  356.62726 362.83182 ... 408.69092 340.97272 406.08636],[300.67487 330.79614 332.15018 ... 377.92838 305.99506 377.6611 ],[0.        0.        0.        ... 0.        0.0419012 0.       ],2,1,3,54
[0.4113278  0.00273989 0.24580677 ... 0.13158357 0.05958728 0.33500507],[549.1313  429.69046 541.71106 ... 556.407   515.6979  593.6405 ],[551.6405  435.1438  546.30066 ... 557.46405 520.0458  598.     ],[481.06625 370.95898 475.23087 ... 486.65894 455.05676 524.4612 ],[0.         0.         0.03887128 ... 0.         0.         0.        ],2,1,3,55
[0.08752666 0.15732649 0.0827865  ... 0.11555441 0.03383337 0.        ],[310.63446 336.79593 329.20404 ... 360.31003 316.61597 306.26437],[363.62766 394.18616 386.46277 ... 411.17023 388.59042 368.95746],[316.06436 349.99982 333.96707 ... 364.16534 337.54156 319.85837],[0. 0. 0. ... 0. 0. 0.],2,1,3,56
[0.12494833 0.10013551 0.05540901 ... 0.04477598 0.07216492 0.19675712],[302.09595 320.3012  330.16098 ... 357.92252 350.20804 329.81372],[338.62265 363.23584 359.6887  ... 394.4434  388.64624 370.5802 ],[309.39954 337.02457 330.28046 ... 361.12817 357.7657  340.59067],[0.         0.         0.         ... 0.         0.02932183 0.        ],2,1,3,57
"[ 0.          0.19349557  0.24944143 ... -0.03682683  0.13231152
  0.06219641]",[337.67972 395.97385 415.02527 ... 362.00113 394.43747 378.12753],[383.05295 453.25293 462.7706  ... 417.54117 455.6     432.4647 ],[339.9248  408.91495 425.17734 ... 374.53098 410.75116 387.3106 ],[0.03171484 0.         0.         ... 0.         0.         0.        ],2,1,3,58
[0.1857527  0.13449632 0.36225092 ... 0.07202189 0.0510721  0.00903672],[318.98682 310.07162 363.72144 ... 316.9443  303.8386  294.37445],[327.11322 319.46225 374.24527 ... 329.1085  314.65094 302.01416],[287.9487  278.7185  330.98538 ... 281.99323 272.94522 256.29297],[0. 0. 0. ... 0. 0. 0.],2,1,3,59
[0.06012738 0.07594826 0.14793544 ... 0.00977721 0.16039076 0.37923342],[398.56418 440.28018 454.60135 ... 459.82977 454.21954 511.40274],[416.97632 460.85782 485.41232 ... 480.01895 473.5071  538.9289 ],[348.8198  388.81433 411.71332 ... 403.59897 407.2171  461.6574 ],[0.         0.         0.         ... 0.         0.06008428 0.        ],2,1,3,60
[0.7173242  0.62166053 0.693109   ... 0.31757307 0.54707414 0.49929982],[546.63745 535.9536  576.78265 ... 457.23218 523.7458  513.9567 ],[636.45715 635.2857  665.32574 ... 585.1943  661.3543  597.17145],[579.6481  578.821   603.0536  ... 522.7162  598.70386 534.25867],[0.         0.         0.         ... 0.06641402 0.         0.        ],2,1,3,61
"[ 0.05202561  0.19225454 -0.01272536 ... -0.03121235  0.29532555
  0.07303571]",[280.77863 329.9329  288.10458 ... 270.8814  336.12436 299.433  ],[315.3143  353.51428 315.6357  ... 307.70715 372.05    318.82858],[296.50427 335.6268  296.1494  ... 290.2061  353.79178 299.465  ],[0.         0.         0.         ... 0.02816146 0.         0.        ],2,1,3,62
[0.2869426  0.20924619 0.19736509 ... 0.20508635 0.01683343 0.00318206],[263.37448 249.9064  265.8293  ... 265.49857 231.5158  208.38808],[323.7617  319.78503 321.1542  ... 332.71964 289.17758 268.0841 ],[290.30045 282.09995 282.50165 ... 296.50687 252.60297 233.91605],[0. 0. 0. ... 0. 0. 0.],2,1,3,63
[0.35076463 0.5263366  0.5454355  ... 0.11159555 0.2221096  0.25869578],[430.80634 487.75946 497.2579  ... 416.2681  432.1931  415.57263],[434.1746  495.45502 504.44446 ... 424.0582  437.5344  419.09525],[390.88852 447.11667 453.72296 ... 374.1038  391.35794 372.05194],[0.03428119 0.         0.         ... 0.04844084 0.         0.        ],2,1,3,64
[0.25056717 0.09659192 0.16584077 ... 0.08992088 0.         0.08675406],[361.10855 353.5545  365.49863 ... 383.11456 364.168   367.82477],[383.75    378.56018 402.62036 ... 415.68054 388.625   404.64352],[331.63205 326.07935 348.69016 ... 360.74966 330.46194 348.1639 ],[0. 0. 0. ... 0. 0. 0.],2,1,3,65
[0.28638655 0.         0.06271429 ... 0.02704021 0.         0.17797692],[457.94974 367.00488 423.65018 ... 423.95895 389.60257 427.74118],[496.98386 403.8387  460.457   ... 464.6559  430.7043  473.1129 ],[464.9518  371.95032 424.48956 ... 430.04486 399.40173 441.59232],[0.         0.         0.01793957 ... 0.         0.02805333 0.        ],2,1,3,66
[0.29689142 0.1471528  0.5126488  ... 0.13172215 0.07638884 0.3252189 ],[370.7328  351.6869  435.44363 ... 379.45218 346.10825 398.51068],[375.1152  358.78342 451.7788  ... 385.0507  360.49768 404.84332],[329.53244 316.0319  408.34918 ... 341.28168 310.6492  359.36713],[0.         0.         0.         ... 0.         0.03756085 0.        ],2,1,3,67
[0.3568881  0.15110712 0.25765216 ... 0.07122807 0.10418144 0.22316489],[306.85477 275.72534 313.9201  ... 293.1385  294.11267 309.7156 ],[334.74316 300.32788 333.49725 ... 315.91257 314.55737 328.80875],[295.74524 261.78284 295.61285 ... 274.26508 274.31277 284.5657 ],[0.         0.         0.         ... 0.         0.02089715 0.        ],2,1,3,68
[0.11425998 0.         0.13730025 ... 0.01276875 0.0626415  0.12109219],[332.6596  328.19037 372.16943 ... 356.74643 355.78558 362.5912 ],[341.16318 338.61087 384.16318 ... 363.90796 368.11716 376.3138 ],[308.94177 308.79834 348.92947 ... 332.11642 336.7168  345.4003 ],[0.         0.         0.         ... 0.         0.01943632 0.        ],2,1,3,69
"[ 0.0961974   0.14758123 -0.03519369 ...  0.02626613  0.02928783
  0.05498914]",[237.48616 258.72104 228.55574 ... 238.68564 236.96365 228.53758],[264.2181  288.8642  256.55145 ... 269.43622 265.00412 258.41974],[245.4295  270.15906 236.50385 ... 249.96544 245.13286 239.7242 ],[0. 0. 0. ... 0. 0. 0.],2,1,3,70
[0.8452149  0.55396277 0.4831427  ... 0.25430512 0.13605447 0.2596091 ],[554.48505 477.6925  493.25125 ... 476.05908 443.36755 456.851  ],[570.4286  508.74677 500.74677 ... 492.18182 454.66232 470.05194],[516.5321  446.25595 440.36667 ... 435.27383 391.78662 408.78876],[0. 0. 0. ... 0. 0. 0.],2,1,3,71
[0.4891085  0.2983904  0.20250803 ... 0.06132485 0.34605438 0.22937267],[507.29166 471.75134 455.64767 ... 407.62512 492.90112 417.02045],[518.63306 480.99542 467.31653 ... 425.31192 505.33945 425.41284],[504.32315 467.15765 451.20068 ... 410.5733  492.13312 413.59637],[0.         0.         0.         ... 0.03516629 0.         0.        ],2,1,3,72
"[ 0.30156994 -0.01663257  0.16331124 ...  0.13502753  0.15432537
  0.19761251]",[409.6597  341.10147 419.5135  ... 427.789   401.7144  427.15247],[464.15137 385.19724 474.9587  ... 483.9587  471.8532  482.211  ],[407.72168 329.4846  406.5798  ... 420.6197  414.05624 415.70724],[0.         0.         0.03775901 ... 0.         0.         0.        ],2,1,3,73
"[ 0.19014622  0.10957673 -0.04168981 ... -0.08062675  0.14394036
  0.20042506]",[339.46634 354.93048 315.93982 ... 309.84222 352.16663 356.00266],[361.0362  368.71042 333.7964  ... 327.9638  382.80997 376.04526],[317.64697 326.63586 288.58228 ... 282.5374  337.59674 331.1021 ],[0.         0.         0.         ... 0.         0.03760331 0.        ],2,1,3,74
[0.21100213 0.05042493 0.0436571  ... 0.08542681 0.04412375 0.15549755],[450.58047 412.3073  424.79514 ... 438.8683  426.79514 411.40976],[450.58047 412.3073  424.79514 ... 438.8683  426.79514 411.40976],[410.36185 379.30234 380.7858  ... 398.32605 384.90506 369.6874 ],[0.         0.         0.02302305 ... 0.         0.02055688 0.        ],2,1,3,75
[0.27825266 0.36978737 0.2117293  ... 0.22674407 0.44392264 0.38873586],[374.77216 479.74362 465.95065 ... 453.76453 542.6869  479.2699 ],[426.7914  498.90186 512.67487 ... 513.76685 576.09814 516.5215 ],[308.62195 391.0167  396.19464 ... 398.14743 457.7799  402.23605],[0.        0.        0.        ... 0.0379612 0.        0.       ],2,1,3,76
"[ 0.14015068 -0.16657937  0.10272073 ...  0.08049873  0.0841537
  0.28683445]",[223.77184 198.04364 243.20486 ... 321.16425 290.38913 312.31943],[269.4634  236.55487 307.10367 ... 385.38416 367.37195 396.91464],[263.45395 231.06943 301.11346 ... 375.39288 356.58575 388.9717 ],[0.        0.        0.        ... 0.        0.0324654 0.       ],2,1,3,77
[0.         0.21224932 0.11580453 ... 0.1246108  0.11115565 0.14850244],[322.7203  372.86545 354.76978 ... 400.0765  390.6998  389.13324],[331.48257 383.84576 366.55225 ... 411.6965  400.9005  403.7612 ],[274.45605 326.0852  306.0592  ... 348.45724 339.17108 346.54437],[0. 0. 0. ... 0. 0. 0.],2,1,3,78
"[ 0.          0.3779944   0.16724727 ...  0.07653429 -0.0052432
  0.09289005]",[294.4797  375.17307 335.5382  ... 323.92468 296.33435 325.92258],[355.22275 456.26065 400.50238 ... 395.26065 364.59717 388.0095 ],[307.1575  411.3467  357.45166 ... 349.0234  318.62738 340.08228],[0. 0. 0. ... 0. 0. 0.],2,1,3,79
"[ 0.10335433 -0.01456782  0.12112169 ...  0.19362591  0.12328999
  0.02763478]",[304.64487 291.35507 319.38702 ... 356.65265 319.2083  283.88074],[338.56522 319.8744  346.99033 ... 377.9227  340.8937  311.9372 ],[290.16605 267.09445 298.50107 ... 323.99332 286.54416 258.66327],[0.         0.         0.01883805 ... 0.         0.         0.        ],2,1,3,80
[0.24229674 0.         0.19731212 ... 0.22904234 0.14972498 0.26561263],[317.73486 305.20123 360.63776 ... 408.07095 390.6334  370.25064],[356.177   325.61948 388.38937 ... 439.52213 418.9292  393.16373],[319.5192  284.98877 348.1759  ... 402.49356 376.3641  352.25406],[0. 0. 0. ... 0. 0. 0.],2,1,3,81
"[ 0.20496319  0.05084234  0.23992944 ... -0.04861752  0.
  0.25821385]",[408.4194 420.507  511.5177 ... 432.4268 443.3493 510.2575],[444.51642 460.41785 542.6714  ... 465.4507  478.9155  553.05164],[354.89005 372.73923 443.1777  ... 371.71695 380.92087 452.2561 ],[0.         0.         0.         ... 0.         0.03900224 0.        ],2,1,3,82
"[ 0.47585642  0.29004458  0.48941085 ...  0.06688467 -0.00509406
  0.14124842]",[419.1978  436.48813 516.6585  ... 401.37494 370.2685  414.52997],[453.8557  458.9055  549.2338  ... 426.801   387.5622  433.97513],[439.69513 447.26117 536.87555 ... 412.10675 373.91714 420.99548],[0. 0. 0. ... 0. 0. 0.],2,1,3,83
"[ 0.17627397  0.07211343  0.11169229 ...  0.10195654 -0.02145128
  0.11295809]",[358.3998  338.49786 349.65872 ... 379.25632 335.34146 369.93488],[376.47855 358.74918 371.96368 ... 396.9703  359.85147 392.39273],[359.61624 343.44302 354.94803 ... 380.5562  341.96497 374.75604],[0. 0. 0. ... 0. 0. 0.],2,1,3,84
[0.02128123 0.         0.20914075 ... 0.09749988 0.01194337 0.27890357],[305.51172 311.94073 340.99725 ... 337.7723  303.21198 350.85568],[333.225 333.62  384.79  ... 361.345 329.62  379.91 ],[275.3646  271.69098 321.10083 ... 295.08182 268.98807 320.83484],[0.         0.         0.0467937  ... 0.         0.04172587 0.        ],2,1,3,85
"[ 0.08794609  0.          0.00014886 ... -0.02376788  0.04657554
  0.12347695]",[230.22885 206.60442 217.6921  ... 209.95753 230.90784 232.86153],[300.5174  282.26956 281.8     ... 273.65216 287.48697 298.64783],[286.28467 267.98373 268.16022 ... 258.5757  271.6224  284.32797],[0.         0.         0.0308583  ... 0.         0.01716818 0.        ],2,1,3,86
"[ 0.19287923  0.10329305  0.2322615  ...  0.07790549 -0.02573164
  0.15128238]",[336.41974 327.05286 359.6376  ... 353.77634 323.8575  345.58182],[358.00473 345.44812 379.7217  ... 376.6085  339.42926 367.4387 ],[338.11847 322.45117 356.25082 ... 354.07385 316.3946  343.29346],[0. 0. 0. ... 0. 0. 0.],2,1,3,87
[0.2975958  0.21558212 0.19862865 ... 0.029678   0.2755346  0.00400649],[348.5644  351.44077 351.05847 ... 315.72775 367.76096 307.38852],[396.27026 389.28378 393.88287 ... 353.41443 414.3018  341.8063 ],[356.47345 354.7564  358.82562 ... 316.93262 380.19534 305.58896],[0. 0. 0. ... 0. 0. 0.],2,1,3,88
[0.17878489 0.04656921 0.10999704 ... 0.11443921 0.15530884 0.11430085],[207.25688 192.62367 216.49088 ... 213.57619 227.59734 210.99197],[278.61703 258.03723 280.79788 ... 294.27127 296.22873 284.18616],[258.78485 239.84082 261.8868  ... 273.7084  274.89017 264.69278],[0. 0. 0. ... 0. 0. 0.],2,1,3,89
"[ 0.19664352  0.14435339 -0.03758531 ...  0.24048588  0.19872956
  0.28388596]",[375.31754 384.82724 347.4234  ... 462.91586 442.24445 420.3954 ],[391.5388  401.10205 366.4653  ... 485.34286 460.14285 450.15103],[338.7109  348.5463  311.5028  ... 435.34616 407.5336  393.88483],[0. 0. 0. ... 0. 0. 0.],2,1,3,90
"[ 0.01042092  0.0009275   0.239727   ... -0.0187086   0.
  0.03454977]",[421.86237 442.73022 525.7513  ... 465.04977 457.80563 473.4182 ],[432.14407 450.7034  536.3093  ... 473.55084 471.33475 482.52542],[367.1695  384.60196 470.826   ... 410.686   413.92087 415.6938 ],[0.         0.02969952 0.         ... 0.         0.         0.        ],2,1,3,91
[0.21097542 0.34086624 0.28487417 ... 0.33266526 0.22430602 0.14295071],[382.10342 418.21164 397.36172 ... 414.31454 409.90097 338.99954],[454.74194 522.8145  528.6371  ... 542.1532  489.6613  413.5887 ],[416.83115 483.7309  486.14276 ... 501.48462 447.71735 372.4925 ],[0. 0. 0. ... 0. 0. 0.],2,1,3,92
"[ 0.32908204 -0.01137005  0.11483074 ...  0.09101772  0.20426156
  0.10461293]",[453.30658 369.71234 408.21863 ... 445.13177 471.53476 435.4442 ],[476.57654 392.4337  443.7398  ... 466.89795 503.0051  461.7398 ],[462.67706 379.11932 431.20026 ... 452.39615 491.11398 449.66965],[0. 0. 0. ... 0. 0. 0.],2,1,3,93
"[ 0.21723245 -0.05764828  0.1245335  ...  0.00744339  0.
  0.28882614]",[354.8267  316.67776 363.87286 ... 366.63116 342.21503 410.81415],[374.28217 335.13278 382.69708 ... 386.195   369.5726  432.     ],[320.9106  274.6809  320.7709  ... 320.39346 304.72162 370.48645],[0.         0.01977052 0.         ... 0.         0.04511214 0.        ],2,1,3,94
[0.2923608  0.15214421 0.34357002 ... 0.00707124 0.28643215 0.15947397],[384.87314 385.8136  450.6122  ... 406.06137 484.09402 442.20532],[385.775 386.995 451.815 ... 407.08  488.155 444.17 ],[353.29642 353.19687 418.50858 ... 366.94852 449.51035 405.80298],[0.         0.         0.         ... 0.03300488 0.         0.        ],2,1,3,95
"[ 0.13568665  0.00726889  0.03288107 ... -0.06658451  0.06999087
  0.25621298]",[418.8991  397.88867 412.89728 ... 409.9435  443.54935 451.75964],[443.2938  439.50284 462.31073 ... 453.7514  471.24295 514.2316 ],[358.71033 352.27075 370.37564 ... 362.67105 380.96027 418.97757],[0.         0.         0.         ... 0.         0.04270014 0.        ],2,1,3,96
[0.22423074 0.07436851 0.21552655 ... 0.00604746 0.12356417 0.1607977 ],[408.46826 379.4228  415.8991  ... 367.44922 386.81442 369.7699 ],[439.2768  404.06696 447.10715 ... 390.95535 415.23215 395.2768 ],[387.67035 348.903   391.08698 ... 331.30325 358.19095 334.8011 ],[0.         0.         0.02906231 ... 0.         0.02451274 0.        ],2,1,3,97
[0.16329888 0.37336257 0.00322958 ... 0.01201771 0.1946536  0.19231497],[297.42645 351.26163 276.63034 ... 306.97012 339.16415 323.99307],[312.6258  376.2258  297.52258 ... 324.49677 358.87097 345.15485],[274.62012 337.20105 256.05792 ... 283.95255 321.59717 304.50375],[0. 0. 0. ... 0. 0. 0.],2,1,3,98
[0.15839681 0.2154347  0.22954701 ... 0.13110884 0.28428814 0.23618133],[337.94794 361.10196 364.9577  ... 358.13675 370.7015  358.27176],[354.08224 378.2078  383.36365 ... 375.19913 385.33768 368.94373],[304.86603 330.70193 334.0942  ... 322.27173 329.86453 316.1429 ],[0.         0.         0.         ... 0.03730977 0.         0.        ],2,1,3,99
"[ 0.18824606  0.1236237  -0.02968137 ...  0.17183383  0.00382762
  0.15580365]",[444.1033  440.44635 402.1592  ... 484.0173  417.4803  452.21848],[474.05884 474.7647  439.57843 ... 529.6814  456.19608 496.7157 ],[412.10568 406.0998  366.55127 ... 459.22794 390.7872  438.17722],[0. 0. 0. ... 0. 0. 0.],2,1,3,100
"[ 0.21288681  0.09164087 -0.06008093 ...  0.          0.08792781
  0.1631784 ]",[315.4251  312.63342 291.0877  ... 326.24487 342.18335 343.12225],[359.19534 349.493   326.63257 ... 356.1349  377.0279  384.8651 ],[303.74158 294.12918 272.78323 ... 298.04642 317.58786 329.96982],[0.         0.         0.         ... 0.         0.02123566 0.        ],2,1,3,101
"[ 0.2586508   0.02176197  0.20931806 ...  0.06297836 -0.17084077
  0.2943859 ]",[407.9287  366.78183 425.1061  ... 377.7103  308.99905 386.80402],[433.46835 392.79745 454.5     ... 408.62024 339.86075 420.3481 ],[388.35797 351.2994  405.12384 ... 363.3271  289.99164 373.8022 ],[0.         0.         0.02264386 ... 0.         0.04546078 0.        ],2,1,3,102
[0.292261   0.08346753 0.24747458 ... 0.15475115 0.10851593 0.18293263],[256.21536 261.2037  266.08737 ... 203.64218 175.82152 173.19292],[452.36942 406.2102  458.42038 ... 312.9618  298.40765 281.01273],[443.04877 396.67548 448.21124 ... 302.88766 289.0631  271.1636 ],[0. 0. 0. ... 0. 0. 0.],2,1,3,103
[0.06031588 0.01433073 0.14510101 ... 0.17761843 0.07997569 0.23732881],[303.05838 298.0154  346.06683 ... 372.72708 327.7303  335.41928],[355.5578  352.4372  397.94974 ... 427.11557 392.14572 415.4623 ],[323.57315 324.82    369.58194 ... 395.2222  361.89236 383.27878],[0.         0.         0.         ... 0.         0.02626171 0.        ],2,1,3,104
[0.         0.         0.11105949 ... 0.03728524 0.12123843 0.28937688],[321.82858 327.66263 385.5516  ... 380.45383 380.6522  419.89813],[356.33334 361.54645 420.40985 ... 411.79782 418.77597 456.70493],[322.30417 324.56967 382.97635 ... 375.09933 381.09833 422.10403],[0.         0.         0.03615876 ... 0.         0.04091111 0.        ],2,1,3,105
"[ 0.08965037 -0.06133559  0.23647086 ...  0.04489499  0.02936421
  0.17066216]",[318.82202 307.96957 373.54895 ... 345.55154 341.29837 354.17188],[347.27274 327.82214 400.917   ... 370.1186  357.76285 385.28458],[282.4676  262.13095 331.99637 ... 297.11978 287.1401  321.20688],[0.         0.02700197 0.         ... 0.         0.         0.        ],2,1,3,106
"[ 0.34069064  0.15057264  0.15660885 ...  0.17848018 -0.0327547
  0.24705154]",[454.60175 434.27902 451.61154 ... 449.35486 338.39667 410.16513],[483.3015  449.60803 462.12564 ... 456.80402 355.07538 424.6985 ],[414.37094 383.46533 385.44113 ... 389.5839  283.66754 353.74805],[0.         0.         0.04381872 ... 0.         0.02602452 0.        ],2,1,3,107
[0.20782812 0.         0.16133142 ... 0.         0.06912475 0.24315684],[354.78644 319.97372 374.67487 ... 354.3854  370.66083 397.3207 ],[381.47983 351.21973 399.02243 ... 384.61435 405.5426  432.66815],[302.17548 266.22247 313.7953  ... 299.58276 316.014   349.2218 ],[0.         0.         0.         ... 0.         0.02753296 0.        ],2,1,3,108
[0.18658601 0.1704277  0.17933808 ... 0.33979014 0.21273404 0.0893819 ],[321.89786 312.78867 331.67767 ... 405.53336 366.83365 329.69604],[379.6911  383.27225 388.60733 ... 478.56546 440.7225  400.1466 ],[305.94476 312.77826 316.93234 ... 402.33612 364.82718 322.42325],[0. 0. 0. ... 0. 0. 0.],2,1,3,109
"[ 0.3241967  -0.0397657   0.07457697 ...  0.          0.02330994
  0.18775961]",[357.46164 288.08362 336.65784 ... 357.94058 364.9276  403.39917],[382.33832 322.64178 371.1791  ... 394.8756  396.9005  440.89053],[356.7611  295.7538  341.23987 ... 361.00473 365.4774  411.5725 ],[0.         0.         0.         ... 0.         0.02358311 0.        ],2,1,3,110
"[ 1.9594434e-01  9.3460776e-02  2.6491100e-01 ... -3.8704879e-04
  3.9973822e-01  2.3170145e-01]",[288.04    305.7132  345.55133 ... 317.31433 402.35    323.12387],[332.73685 331.09357 381.71344 ... 349.53802 440.05847 362.9766 ],[278.38913 272.26562 326.1941  ... 286.22827 382.138   300.95688],[0.         0.         0.         ... 0.06385447 0.         0.        ],2,1,3,111
"[ 0.05683851  0.10145891 -0.0321431  ...  0.04529374  0.01785522
  0.07890436]",[336.95966 359.5193  333.15875 ... 334.02615 321.0665  319.88367],[344.51416 362.91092 334.47772 ... 336.25507 322.749   321.34818],[301.79352 322.7055  290.52383 ... 295.78268 279.4294  278.00253],[0. 0. 0. ... 0. 0. 0.],2,1,3,112
[0.2673747  0.1490876  0.2529333  ... 0.10697717 0.20393966 0.00141055],[340.97787 337.93124 360.66208 ... 351.92133 372.0477  325.03476],[351.77777 355.74747 381.89395 ... 376.69696 391.79797 338.4798 ],[291.90405 293.07855 319.6965  ... 313.85638 326.44058 273.34796],[0.         0.         0.         ... 0.01745684 0.         0.        ],2,1,3,113
[0.20199361 0.29329875 0.15324885 ... 0.07675812 0.01886193 0.22398934],[386.51117 413.08444 404.48456 ... 406.38876 390.89362 408.45322],[391.14166 421.69583 410.91666 ... 415.07916 396.9375  414.24167],[301.1303  326.13654 313.59122 ... 316.5098  293.36398 322.1399 ],[0. 0. 0. ... 0. 0. 0.],2,1,3,114
"[ 0.21116741  0.20416424  0.         ... -0.04934429  0.14094849
  0.10824598]",[318.23868 336.7083  313.07242 ... 319.5063  347.92984 333.38916],[362.83838 394.38385 345.77274 ... 355.71716 393.30807 371.0606 ],[342.80563 376.2488  323.3954  ... 335.25336 373.5734  352.92627],[0.         0.         0.         ... 0.02544292 0.         0.        ],2,1,3,115
[0.11631295 0.26151916 0.2659682  ... 0.14178169 0.14185177 0.        ],[392.1945  438.30573 438.5968  ... 405.06085 399.30414 340.47766],[401.26505 449.9719  452.51807 ... 419.08435 413.08032 359.751  ],[373.44824 416.1969  421.14395 ... 383.01624 380.686   329.81046],[0. 0. 0. ... 0. 0. 0.],2,1,3,116
"[ 0.48929867 -0.12165593  0.47373617 ...  0.10583737  0.06646486
  0.18593912]",[324.54495 217.18144 337.10208 ... 263.28094 258.55176 241.31271],[425.2324  309.1831  464.0493  ... 380.34506 357.      375.49295],[397.37222 280.3985  436.08508 ... 353.32712 327.8403  348.51157],[0.         0.         0.06069031 ... 0.         0.         0.        ],2,1,3,117
[0.1423445  0.1056828  0.07430465 ... 0.29036525 0.02763387 0.13262352],[397.75232 387.13135 380.77832 ... 480.4574  399.50586 412.62405],[415.86615 408.74408 400.22833 ... 513.7362  419.99213 447.7953 ],[358.9161  351.0944  343.2018  ... 455.62476 358.85004 388.45392],[0. 0. 0. ... 0. 0. 0.],2,1,3,118
"[ 0.198508    0.07372137 -0.02126563 ...  0.22259907  0.3638782
  0.24642378]",[388.56958 350.59256 337.20074 ... 374.38995 405.03265 363.907  ],[407.26736 379.83423 358.4813  ... 397.8877  433.18716 388.75937],[385.71136 355.065   334.77872 ... 373.3493  409.06042 364.39804],[0.         0.         0.         ... 0.06700448 0.         0.        ],2,1,3,119
"[ 0.          0.18770559  0.01127767 ... -0.0334519   0.
  0.4091893 ]",[392.61218 448.4967  451.44815 ... 462.9668  448.44537 463.07767],[424.33136 488.9349  484.73965 ... 485.97043 482.49112 524.08875],[319.37888 386.0832  354.57712 ... 364.76138 368.445   415.23083],[0.         0.         0.         ... 0.         0.06185801 0.        ],2,1,3,120
[0.08492611 0.00393876 0.08379741 ... 0.13800383 0.18692921 0.09037928],[252.51468 238.2021  255.87914 ... 299.00342 310.98715 271.01392],[291.84375 276.12054 295.7143  ... 340.0268  351.8348  314.7768 ],[267.1647  251.044   270.39432 ... 316.89432 328.09793 293.0531 ],[0. 0. 0. ... 0. 0. 0.],2,1,3,121
[0.31891063 0.20249355 0.11148773 ... 0.1883266  0.08245625 0.24148619],[427.59012 401.90448 386.1023  ... 414.8109  372.7718  402.78262],[433.0628  411.1063  389.14975 ... 418.59903 380.28018 407.78262],[391.24295 368.1978  345.01437 ... 377.75824 340.25165 368.36765],[0.         0.         0.         ... 0.         0.02606343 0.        ],2,1,3,122
"[ 0.12816411  0.21414763  0.31220356 ...  0.25471693 -0.02393297
  0.48031044]",[261.0642  302.8097  332.14017 ... 339.0196  228.04347 322.48132],[319.98413 364.51587 394.14285 ... 401.27777 304.90475 416.96826],[284.4798  326.6834  358.24686 ... 366.16452 271.3779  380.7521 ],[0.         0.         0.         ... 0.         0.05720488 0.        ],2,1,3,123
[0.299003   0.0613428  0.19284274 ... 0.16350767 0.2978251  0.19424736],[368.5589  318.6804  353.93747 ... 390.2637  399.81656 357.8463 ],[401.60974 348.3008  382.8374  ... 412.11383 426.55286 386.76016],[359.50513 307.36026 340.8598  ... 371.88492 383.79025 345.54312],[0. 0. 0. ... 0. 0. 0.],2,1,3,124
[0.2127244  0.01411695 0.04535665 ... 0.16171898 0.04124723 0.1408103 ],[476.26157 425.72394 442.81375 ... 437.371   400.2565  430.77698],[499.2841  446.86365 462.60794 ... 467.07385 424.60226 449.14774],[437.98856 381.6269  392.2181  ... 405.91263 367.65668 390.1313 ],[0. 0. 0. ... 0. 0. 0.],2,1,3,125
[0.3603662  0.16898495 0.23350686 ... 0.13051835 0.07057602 0.06107109],[531.8443  480.07053 512.59973 ... 549.6423  518.3537  492.0145 ],[548.12195 500.0195  532.45856 ... 572.4683  537.74146 510.6878 ],[465.98178 408.68613 436.90527 ... 473.65057 450.33075 419.62167],[0. 0. 0. ... 0. 0. 0.],2,1,3,126
[0.03978775 0.12672476 0.0768868  ... 0.05312119 0.0586049  0.1369773 ],[323.0624  344.88892 343.85846 ... 343.85596 330.82114 332.67197],[331.92966 355.37186 352.32663 ... 353.39697 344.3769  350.02512],[319.16455 344.45367 338.9659  ... 341.8759  332.2536  336.59348],[0. 0. 0. ... 0. 0. 0.],2,1,3,127
[0.46152815 0.38744944 0.32134703 ... 0.19884297 0.0277825  0.55828166],[468.3761  551.9248  561.04425 ... 540.63275 488.8584  627.13715],[468.3761  551.9248  561.04425 ... 540.63275 488.8584  627.13715],[369.0439  449.8076  446.07916 ... 428.41122 377.07898 516.24786],[0.         0.         0.         ... 0.         0.08329652 0.        ],2,1,3,128
[0.27899954 0.01343247 0.17624526 ... 0.11391994 0.00384224 0.00562145],[466.36673 412.59256 485.5033  ... 491.2353  430.74982 426.4607 ],[512.62115 460.11014 524.9736  ... 523.0044  476.23788 460.55066],[435.1583  385.4935  442.478   ... 439.2624  399.1524  374.04266],[0.         0.         0.03505097 ... 0.         0.         0.        ],2,1,3,129
"[ 0.5210407   0.3145553   0.50726527 ... -0.10828131  0.15680073
  0.31879917]",[433.4615  371.22452 452.17535 ... 333.3219  378.13016 394.84967],[476.55194 432.46103 510.11038 ... 377.86365 438.51947 437.37012],[401.97174 357.5114  434.53214 ... 303.16022 358.9699  362.48322],[0.         0.         0.03184118 ... 0.         0.04926967 0.        ],2,1,3,130
[0.09562916 0.17324214 0.20459332 ... 0.10469266 0.11649901 0.15028407],[317.2311  335.0152  355.60223 ... 337.151   339.12912 324.76056],[334.71112 356.06668 369.6127  ... 359.94922 359.6476  338.99365],[305.86673 326.53354 334.68988 ... 331.972   327.00552 308.49634],[0. 0. 0. ... 0. 0. 0.],2,1,3,131
"[ 0.2931416   0.37041152  0.20840657 ... -0.00644927  0.06309249
  0.5523662 ]",[393.33237 458.09845 411.0768  ... 389.62756 406.70914 510.2792 ],[414.32715 486.22223 439.9321  ... 410.66666 428.51236 539.2778 ],[398.6659  473.20703 426.45413 ... 395.37906 413.72247 521.8408 ],[0.         0.         0.         ... 0.         0.08509605 0.        ],2,1,3,132
[0.44882184 0.16543564 0.11500781 ... 0.0656884  0.10226722 0.16976449],[433.53635 370.54385 358.4905  ... 371.8488  371.71738 378.46262],[471.47778 415.02777 407.96667 ... 406.9389  408.6722  416.14444],[406.27777 348.66986 337.757   ... 337.5137  344.2682  345.48132],[0.         0.         0.         ... 0.         0.02086657 0.        ],2,1,3,133
[0.         0.14510193 0.4105662  ... 0.16771092 0.20665292 0.25407162],[459.05362 527.3879  658.1911  ... 601.21844 603.2256  595.00397],[469.5693  541.7475  668.1485  ... 615.9208  613.8119  626.21783],[371.32382 447.59747 549.14886 ... 510.0141  512.75385 523.0293 ],[0.         0.         0.13399458 ... 0.         0.         0.        ],2,1,3,134
[0.24354582 0.1034901  0.03645772 ... 0.18685234 0.00888717 0.09480392],[386.50137 372.09375 324.89404 ... 428.7304  371.75034 372.31378],[437.14917 404.82874 383.01105 ... 489.54697 413.92816 422.45856],[419.6467  383.9345  365.35974 ... 471.5636  396.6503  404.79016],[0. 0. 0. ... 0. 0. 0.],2,1,3,135
[0.09089149 0.02114522 0.16403404 ... 0.13069454 0.3106164  0.18307857],[337.77335 330.0773  367.248   ... 421.9039  456.19687 340.8363 ],[403.6497  397.03186 448.05096 ... 479.40128 535.6943  409.15286],[392.07297 386.4574  435.1284  ... 467.50906 524.5117  400.32016],[0.         0.         0.         ... 0.03086991 0.         0.        ],2,1,3,136
[0.18577491 0.08802299 0.24213378 ... 0.         0.01769131 0.1272423 ],[287.06314 275.7241  327.46335 ... 281.2152  290.59195 305.34305],[317.6592  314.44135 364.5475  ... 317.62012 325.40222 333.9609 ],[287.5757  282.61862 330.5086  ... 287.18835 291.02097 301.734  ],[0. 0. 0. ... 0. 0. 0.],2,1,3,137
[1.3311852  1.1961176  1.9147433  ... 0.28889647 0.58089685 0.35926902],[775.4698 768.1624 940.8908 ... 557.9637 622.0228 534.4589],[ 955.78735  926.3908  1187.3678  ...  687.0402   761.73566  663.58044],[ 873.86505  840.88403 1091.7141  ...  589.72626  672.1153   579.90924],[0.         0.07325241 0.37357533 ... 0.         0.         0.        ],2,1,3,138
"[ 0.23662978  0.          0.03000466 ...  0.2988456  -0.02745464
  0.11530928]",[279.75372 251.10872 252.38211 ... 327.08218 230.47343 270.26346],[397.87692 346.3231  352.3795  ... 450.6     347.66153 368.09744],[353.80856 300.82175 311.03217 ... 411.10925 304.98166 328.0567 ],[0. 0. 0. ... 0. 0. 0.],2,1,3,139
[0.23163189 0.06941055 0.05548324 ... 0.12330494 0.08855703 0.11438713],[339.38492 331.96475 340.09427 ... 373.29733 345.53467 312.72778],[357.06897 347.56323 353.82758 ... 395.06897 370.11493 352.13794],[321.84018 313.8925  320.61185 ... 360.78516 335.46933 317.65024],[0. 0. 0. ... 0. 0. 0.],2,1,3,140
[0.22256696 0.12888566 0.06218236 ... 0.06360442 0.22281043 0.13448817],[328.36917 306.35223 309.59335 ... 316.6465  343.92062 314.97076],[337.9514  318.79514 320.94446 ... 330.1111  359.28473 328.9479 ],[307.11404 286.10464 286.04575 ... 296.10464 324.35828 296.13507],[0. 0. 0. ... 0. 0. 0.],2,1,3,141
[0.0855355  0.14315134 0.1012964  ... 0.0155146  0.11902767 0.11663929],[329.198   362.88577 381.60284 ... 410.34665 413.80545 385.9484 ],[365.22375 397.55252 419.2694  ... 465.34705 472.36987 438.74887],[352.22876 384.04166 406.20975 ... 451.85995 455.71835 423.88022],[0. 0. 0. ... 0. 0. 0.],2,1,3,142
"[ 0.42252272  0.          0.18190628 ...  0.18395135 -0.02246879
  0.02246879]",[246.85677 204.81169 229.09457 ... 240.12038 203.7162  187.08606],[304.77252 250.49763 294.6019  ... 302.455   257.0853  247.47394],[277.48663 222.49792 266.47888 ... 273.00204 226.69868 220.92882],[0. 0. 0. ... 0. 0. 0.],2,1,3,143
[0.1088765  0.13012771 0.25364813 ... 0.19145522 0.27187988 0.08467749],[271.2549  254.29564 312.78464 ... 290.77597 305.38565 239.82445],[361.50427 368.8889  404.10257 ... 394.73505 408.51282 331.8718 ],[345.33304 352.0896  386.88565 ... 374.1559  390.865   314.81244],[0. 0. 0. ... 0. 0. 0.],2,1,3,144
[0.13665836 0.09729224 0.19766478 ... 0.4664192  0.31778115 0.3234313 ],[318.5426  329.0893  339.7367  ... 436.01196 379.31836 347.72263],[366.625   367.39285 394.23215 ... 476.0774  424.1726  375.3631 ],[334.02097 335.80505 361.6777  ... 445.60037 391.57156 343.68924],[0. 0. 0. ... 0. 0. 0.],2,1,3,145
[0.10746012 0.04917607 0.47523746 ... 0.05275879 0.20036364 0.        ],[359.88098 356.76392 463.2017  ... 372.94266 360.24792 308.92624],[364.67264 360.85202 472.4574  ... 378.04483 372.88788 311.30045],[306.79657 300.5329  407.6588  ... 311.1774  311.53986 244.53487],[0.         0.03737483 0.         ... 0.         0.         0.        ],2,1,3,146
"[ 0.19907127  0.16097745  0.0018946  ... -0.00946548 -0.04427367
  0.25667608]",[288.99783 298.11334 287.09998 ... 315.33624 293.7407  324.0422 ],[340.27438 351.07318 340.79877 ... 375.92075 363.43903 406.47562],[272.9858  284.3394  273.44232 ... 302.96405 290.19412 337.99298],[0.         0.         0.         ... 0.         0.03339633 0.        ],2,1,3,147
[0.13400556 0.3302521  0.15501608 ... 0.10065774 0.00428671 0.32057315],[320.2677  372.13165 336.65396 ... 348.25034 298.89493 335.48105],[383.38983 442.      399.51413 ... 410.1243  373.97174 405.7853 ],[353.05655 412.16806 365.94568 ... 372.51428 340.7989  374.6478 ],[0.        0.        0.        ... 0.        0.0479952 0.       ],2,1,3,148
"[ 0.05175377  0.22392775  0.16049972 ... -0.03838776  0.05018584
  0.28671888]",[382.2   440.77  432.61  ... 427.26  410.905 450.88 ],[382.2   440.77  432.61  ... 427.26  410.905 450.88 ],[320.0201  373.58087 359.61353 ... 353.63242 332.71817 377.9958 ],[0.         0.         0.         ... 0.         0.03856182 0.        ],2,1,3,149
"[ 0.02297249  0.         -0.00994839 ... -0.00829849  0.22671293
  0.21641253]",[276.1047  277.8196  285.4323  ... 298.0997  336.6333  318.32834],[313.50162 311.67203 315.90353 ... 330.53375 373.38263 353.1093 ],[254.13428 251.75067 253.64755 ... 263.2355  318.1509  289.049  ],[0.         0.         0.         ... 0.04502143 0.         0.        ],2,1,3,150
"[ 0.36106613  0.16236861  0.14541452 ... -0.08656738  0.
  0.22242324]",[344.55444 297.34747 299.0243  ... 261.63568 278.96603 307.1086 ],[382.68204 335.341   340.6083  ... 305.86176 315.42856 361.75116],[345.8198  299.01617 308.46646 ... 271.3196  279.6933  324.15598],[0.         0.         0.         ... 0.         0.03479758 0.        ],2,1,3,151
[0.2850484  0.20489104 0.22018313 ... 0.2470884  0.36141646 0.1684948 ],[356.43216 350.9939  396.90485 ... 404.62616 429.7171  350.89297],[433.6813  414.87363 449.47803 ... 485.66483 485.011   417.43958],[393.23944 375.85657 402.20886 ... 438.70438 445.53763 376.35822],[0. 0. 0. ... 0. 0. 0.],2,1,3,152
"[ 0.14684595 -0.0012427   0.36427137 ...  0.07089749  0.17016643
  0.04570521]",[367.28772 323.60526 424.1165  ... 372.47318 399.329   343.04233],[373.08572 336.82285 446.05713 ... 378.88    409.25714 356.50287],[361.81525 328.9823  437.1386  ... 369.0749  397.36942 346.5199 ],[0.         0.02745911 0.         ... 0.         0.         0.        ],2,1,3,153
[0.19670914 0.06821624 0.26857972 ... 0.32845995 0.23844886 0.12892868],[201.39058 193.29076 217.81758 ... 244.50935 216.6589  187.60387],[361.43384 348.08823 402.97794 ... 429.30148 393.32352 351.88235],[317.91727 305.18475 354.93875 ... 385.60056 345.9863  304.90417],[0.         0.02506702 0.         ... 0.         0.         0.        ],2,1,3,154
[0.0662422  0.10130569 0.00565609 ... 0.15473913 0.06111614 0.12554674],[340.73218 366.43036 347.25385 ... 399.7996  363.03418 348.58075],[392.78787 404.96103 384.66666 ... 451.40692 414.24243 400.7922 ],[349.85968 364.76218 341.23062 ... 411.51944 372.79865 362.38052],[0. 0. 0. ... 0. 0. 0.],2,1,3,155
"[ 0.          0.10611722  0.02173194 ...  0.11544684 -0.05633241
  0.1266521 ]",[342.3684  369.0251  348.40573 ... 419.18893 360.7584  395.70828],[385.65463 426.70682 400.30923 ... 467.6787  411.93173 446.8996 ],[367.70496 407.94928 383.1926  ... 447.71304 387.19586 424.89005],[0. 0. 0. ... 0. 0. 0.],2,1,3,156
"[ 0.06554958  0.          0.16460994 ... -0.05001061  0.16314256
  0.19148427]",[336.65103 331.34576 380.27438 ... 282.08167 337.57678 328.79175],[357.26666 351.3697  401.19394 ... 301.0606  359.49698 350.78183],[328.79053 317.41718 370.63168 ... 274.75195 331.79462 327.1748 ],[0.         0.         0.         ... 0.         0.03119046 0.        ],2,1,3,157
[0.2213716  0.25895444 0.3981999  ... 0.16490039 0.0644353  0.15633748],[372.7284  389.91995 434.37796 ... 391.4417  365.47592 370.0818 ],[380.65582 399.4093  453.6186  ... 403.50232 375.8     382.24652],[306.3102  326.20367 369.685   ... 318.81277 294.90964 300.98422],[0. 0. 0. ... 0. 0. 0.],2,1,3,158
[0.055036   0.03643719 0.12293728 ... 0.00868559 0.00714954 0.21005079],[356.88116 369.43    413.1575  ... 347.5543  349.61337 395.4793 ],[482.82648 483.67123 522.6484  ... 497.93607 473.4064  538.4201 ],[453.02057 457.93954 493.00186 ... 470.54193 446.6447  508.68713],[0.         0.         0.02122289 ... 0.         0.03282845 0.        ],2,1,3,159
"[ 0.07383291  0.12195326  0.12714592 ... -0.18433379  0.09976329
  0.28560108]",[304.95477 347.91577 346.13113 ... 278.50232 358.15497 340.81094],[370.9349  412.95267 417.53253 ... 341.74557 426.2071  417.8284 ],[355.9763  398.33853 402.66397 ... 325.6975  409.68155 404.06927],[0.         0.         0.         ... 0.         0.04933727 0.        ],2,1,3,160
"[ 0.07003824  0.19759579  0.05329192 ...  0.04521114 -0.03725412
  0.18980192]",[323.69485 375.69644 344.01624 ... 360.87106 337.66702 379.95062],[367.18686 416.70203 385.17172 ... 418.28284 391.15152 423.03534],[355.53052 404.3475  370.54858 ... 404.80515 376.84897 409.49567],[0.         0.         0.         ... 0.         0.02616129 0.        ],2,1,3,161
"[ 0.          0.01005068 -0.01005068 ...  0.10732277  0.01471725
  0.09575072]",[227.33482 237.35527 249.72322 ... 289.14825 253.76088 262.4914 ],[264.9824  283.97797 291.24228 ... 327.4978  299.43173 310.2643 ],[221.15683 237.94728 243.98245 ... 276.26993 252.70883 264.1122 ],[0. 0. 0. ... 0. 0. 0.],2,1,3,162
"[ 0.03742976  0.08434538  0.0786382  ... -0.00310691  0.13843936
  0.32780746]",[322.92862 337.48798 330.90994 ... 332.83673 364.23947 382.36624],[336.507   349.54883 350.31628 ... 343.77673 374.42792 396.44186],[298.5798  313.58218 314.5471  ... 308.10104 337.96262 360.5923 ],[0.         0.         0.         ... 0.         0.04015691 0.        ],2,1,3,163
[0.18329212 0.25005814 0.22476463 ... 0.1017263  0.39541695 0.26386434],[278.11014 298.83902 303.24347 ... 294.9151  303.4805  293.78854],[355.3735  371.68073 380.006   ... 358.29517 397.3253  362.78314],[291.97177 309.13528 309.9223  ... 292.01202 334.40787 297.07056],[0.         0.         0.0195608  ... 0.03753416 0.         0.        ],2,1,3,164
[0.         0.43478948 0.29560983 ... 0.25206095 0.         0.1790417 ],[338.6969  475.18304 455.02405 ... 492.84244 399.29428 436.60654],[368.78    523.62665 501.17334 ... 527.48    435.92    481.06668],[271.44888 433.047   401.08655 ... 438.7281  344.86594 380.37088],[0.05219494 0.         0.         ... 0.         0.         0.        ],2,1,3,165
[0.15132718 0.00529148 0.02572514 ... 0.17214362 0.23750526 0.08898856],[447.64148 441.58157 461.85706 ... 575.3897  570.3095  492.2099 ],[462.97787 461.56638 474.06638 ... 599.68585 586.60175 511.86725],[427.54037 426.80417 434.42416 ... 559.68274 557.48865 482.44696],[0. 0. 0. ... 0. 0. 0.],2,1,3,166
"[ 0.25008094  0.          0.2589029  ...  0.19340937 -0.11503109
  0.16059336]",[350.8656  312.21835 372.69733 ... 345.3309  284.0085  313.2733 ],[357.59573 326.2057  388.14893 ... 373.5532  293.75885 323.88654],[313.2975  279.6762  348.78934 ... 332.8556  254.36305 286.73325],[0.         0.         0.03851775 ... 0.         0.         0.        ],2,1,3,167
[0.08307493 0.25944048 0.61354643 ... 0.17181848 0.0940329  0.41022226],[295.62027 371.446   410.60452 ... 340.37613 329.24554 388.16492],[407.3356  462.71234 569.08905 ... 466.84247 436.11642 490.10275],[363.7853  416.4859  526.88135 ... 425.5571  392.0386  446.36456],[0.04173484 0.         0.         ... 0.         0.0486959  0.        ],2,1,3,168
"[ 0.17292993  0.26624784  0.14329267 ...  0.         -0.07661181
  0.3575116 ]",[371.98996 420.77225 420.90033 ... 391.23215 390.53085 472.45996],[461.64893 521.4681  503.57977 ... 497.0053  468.02658 596.1436 ],[429.76227 486.70288 469.40656 ... 459.66602 428.8665  559.5947 ],[0.         0.         0.         ... 0.         0.05768681 0.        ],2,1,3,169
[0.58016735 0.41727805 0.3981513  ... 0.04313223 0.21545216 0.19312342],[594.95233 550.04333 554.6487  ... 455.00287 497.17465 478.51752],[636.43066 596.85645 597.15344 ... 494.62872 525.21783 503.65842],[607.44666 567.2325  565.76166 ... 458.55426 491.9864  471.33838],[0.         0.         0.208523   ... 0.03696912 0.         0.        ],2,1,3,170
"[ 0.24214146  0.33872113 -0.06174313 ...  0.          0.13710196
  0.        ]",[270.60477 312.70154 229.65002 ... 234.20517 246.90347 212.29109],[351.10648 392.33795 301.2037  ... 313.4676  338.8426  304.6713 ],[314.23447 353.2721  261.31418 ... 276.87332 302.9068  266.32465],[0. 0. 0. ... 0. 0. 0.],2,1,3,171
[0.2736188  0.05907391 0.26247403 ... 0.22369608 0.36452946 0.        ],[391.16122 390.72623 461.5892  ... 508.2352  554.0152  373.39987],[540.3025  505.11728 590.1543  ... 659.4074  696.82715 510.3395 ],[449.2262  410.746   485.6234  ... 557.5728  605.6655  409.70795],[0.         0.         0.         ... 0.03465593 0.         0.        ],2,1,3,172
"[ 0.5606365   0.16013463  0.10025621 ... -0.03934746  0.22263324
  0.30911154]",[525.171   438.46774 451.41367 ... 428.74252 488.75906 506.6324 ],[541.64087 460.21548 461.442   ... 447.28177 511.72928 526.3425 ],[479.14075 404.52884 388.89267 ... 381.14767 456.17416 471.0471 ],[0.         0.         0.         ... 0.         0.04053213 0.        ],2,1,3,173
[0.62730616 0.2571395  0.37274536 ... 0.28181684 0.12112124 0.19910292],[511.02484 438.83945 517.2575  ... 523.8776  429.67297 442.38986],[599.65    527.775   607.53125 ... 607.8187  540.025   552.5625 ],[476.34485 402.85532 464.5477  ... 471.01846 410.76578 416.46225],[0. 0. 0. ... 0. 0. 0.],2,1,3,174
[0.08518    0.18140231 0.09762318 ... 0.1583667  0.34258065 0.25234914],[330.85568 362.13577 343.50427 ... 363.71667 388.98856 343.5769 ],[333.6396  364.34518 346.599   ... 367.45685 392.9746  344.9391 ],[285.11444 313.0721  294.26004 ... 312.1948  339.64374 293.0339 ],[0.         0.         0.         ... 0.04008247 0.         0.        ],2,1,3,175
[0.19794784 0.38426217 0.2006942  ... 0.11235211 0.         0.21628481],[287.56845 323.45572 319.05316 ... 316.87177 253.49602 297.94797],[345.34375 395.90625 365.01874 ... 370.74374 320.2     362.975  ],[303.15506 352.68433 319.45786 ... 324.04776 276.16287 319.99173],[0.         0.         0.         ... 0.         0.02981309 0.        ],2,1,3,176
[0.1805278  0.10739904 0.11666784 ... 0.01442632 0.11446547 0.21935688],[286.35162 282.34082 290.0135  ... 282.07986 288.12756 297.30945],[316.42722 313.24414 319.38498 ... 307.60562 313.12677 324.04227],[274.74796 267.89795 273.72147 ... 260.0834  268.87976 281.85202],[0.         0.         0.         ... 0.         0.03607619 0.        ],2,1,3,177
[0.12034285 0.2041267  0.4161075  ... 0.         0.07538504 0.05951085],[334.86328 385.6422  439.37213 ... 337.77295 352.04816 350.7256 ],[397.38257 445.65152 515.63635 ... 389.17804 411.62122 398.4394 ],[362.0746  409.0592  474.54343 ... 349.5352  370.42767 357.39398],[0.         0.03664884 0.09591559 ... 0.         0.         0.        ],2,1,3,178
[0.44918814 0.17240287 0.22699018 ... 0.11052791 0.05088398 0.25438136],[328.3511  297.51508 322.83282 ... 302.02203 301.58987 309.88184],[412.91257 372.5683  395.87433 ... 372.5683  349.5683  381.06012],[358.49374 314.14038 329.63455 ... 311.93524 291.62997 320.76038],[0. 0. 0. ... 0. 0. 0.],2,1,3,179
"[ 0.1148328   0.31754452  0.20974794 ... -0.1598822   0.1496985
  0.18332075]",[403.26883 490.5269  489.34946 ... 404.37097 490.08066 443.35483],[403.26883 490.5269  489.34946 ... 404.37097 490.08066 443.35483],[324.45612 412.51807 387.16217 ... 314.9932  404.5634  357.33954],[0.         0.         0.07192416 ... 0.         0.0283824  0.        ],2,1,3,180
[0.1050031  0.48949105 0.02815284 ... 0.15014626 0.06347921 0.21013877],[326.41293 416.68274 331.2099  ... 366.35654 332.4292  359.7333 ],[339.34567 431.65433 344.2963  ... 379.69135 344.08643 378.54938],[293.24734 384.43954 297.35028 ... 334.51843 300.60217 331.84686],[0. 0. 0. ... 0. 0. 0.],2,1,3,181
[0.09115504 0.2216698  0.22779569 ... 0.15906928 0.46830148 0.        ],[251.81903 284.84274 309.34055 ... 305.48874 369.8452  263.27057],[332.7306  368.5023  378.98172 ... 386.105   446.34247 322.73517],[281.11557 315.77124 325.47644 ... 330.9575  396.56702 269.91708],[0.         0.         0.         ... 0.04469607 0.         0.        ],2,1,3,182
"[ 0.15031302  0.21775287  0.5384078  ... -0.03515592  0.19402929
  0.36099175]",[349.32614 373.35294 443.5065  ... 319.46588 362.1984  389.22568],[372.6884  396.84186 476.37674 ... 348.7256  394.48837 424.92093],[321.78433 343.2661  421.30103 ... 292.0224  337.7426  369.8626 ],[0.         0.04999854 0.04594625 ... 0.         0.063277   0.        ],2,1,3,183
[0.25170323 0.11597514 0.41846386 ... 0.         0.34738618 0.5086454 ],[401.99292 377.65808 454.3254  ... 359.12448 433.06146 473.80814],[420.03467 395.97525 487.92575 ... 378.4703  464.5693  501.67328],[375.92627 353.0557  440.41898 ... 333.92084 414.7414  454.2057 ],[0.        0.        0.        ... 0.        0.0811587 0.       ],2,1,3,184
"[ 0.042315    0.13307185  0.03102119 ...  0.09866798 -0.01580196
  0.15700075]",[293.2167  327.88443 316.6817  ... 343.30563 303.8876  342.22375],[308.03937 348.77954 334.8386  ... 360.20865 321.54724 365.32285],[292.64767 334.38885 318.50018 ... 345.2228  305.1279  350.94547],[0.         0.         0.         ... 0.         0.01704704 0.        ],2,1,3,185
[0.         0.20859976 0.22211303 ... 0.956705   0.2379326  0.44321683],[349.99185 443.66638 449.62625 ... 740.7663  498.96228 547.8186 ],[401.7278  497.4083  517.6627  ... 814.29584 566.94086 604.09467],[341.67804 436.21725 447.24142 ... 745.077   495.65332 536.1999 ],[0. 0. 0. ... 0. 0. 0.],2,1,3,186
[0.8446352  0.63587517 1.0121514  ... 0.14910679 0.51867396 0.5757018 ],[457.9372  445.83243 552.47003 ... 416.16943 505.99887 512.589  ],[670.47284 613.8837  844.3798  ... 591.96124 681.26355 668.48834],[626.2874 569.8935 792.2879 ... 539.9529 634.4509 627.4345],[0.         0.         0.06096544 ... 0.09055218 0.         0.        ],2,1,3,187
[0.25953105 0.3335801  0.09471713 ... 0.08049203 0.11452062 0.5875506 ],[327.86264 360.42612 318.2432  ... 311.62192 294.11243 348.9729 ],[355.55737 387.10382 332.00546 ... 334.8579  310.97815 366.31146],[324.17514 354.38766 300.6094  ... 299.5657  278.67258 334.73636],[0.         0.         0.         ... 0.         0.09126599 0.        ],2,1,3,188
"[ 0.14205255 -0.08308676  0.         ... -0.06908914  0.
  0.17575328]",[324.81744 296.8062  313.90497 ... 294.7903  301.6997  318.69504],[410.05264 374.81873 404.62573 ... 371.77194 387.63742 410.62573],[372.8481  333.44968 360.31976 ... 339.4976  354.28845 382.65823],[0.         0.         0.04359943 ... 0.         0.02306798 0.        ],2,1,3,189
[0.2845742  0.1530477  0.2616574  ... 0.13833256 0.         0.21985567],[397.64926 386.6242  415.17764 ... 418.23373 378.7567  414.08368],[399.0813  388.04877 418.43903 ... 421.21545 383.70325 417.5122 ],[343.81683 327.68567 357.1186  ... 352.71164 315.25302 354.9856 ],[0.         0.         0.         ... 0.         0.02354688 0.        ],2,1,3,190
[0.17300057 0.22246668 0.06366378 ... 0.04274203 0.09167182 0.        ],[381.877   409.60953 399.73865 ... 409.8136  418.69556 391.7329 ],[388.05182 416.58032 405.59586 ... 421.68912 429.65286 397.3886 ],[367.1418  397.61047 385.94595 ... 400.20148 404.83218 373.50287],[0. 0. 0. ... 0. 0. 0.],2,1,3,191
[0.4886407  0.2016783  0.06937032 ... 0.15487136 0.1542282  0.5900392 ],[467.27634 387.6241  376.54718 ... 453.48215 464.9115  537.19336],[564.83844 493.08463 466.01538 ... 553.7923  522.87695 601.24615],[514.9256  441.33566 411.51212 ... 505.83636 473.53812 550.41956],[0.         0.         0.         ... 0.         0.09177721 0.        ],2,1,3,192
"[ 0.12341961  0.11686389  0.20406316 ... -0.04866727  0.10983016
  0.32453993]",[349.65903 359.3703  382.30093 ... 348.3786  378.06952 435.03857],[353.73846 361.57693 384.      ... 350.16153 385.3923  438.6154 ],[317.98447 325.7184  351.6496  ... 314.32956 346.29672 403.28293],[0.         0.         0.         ... 0.         0.04691645 0.        ],2,1,3,193
"[ 0.3561428   0.1309032   0.09699354 ...  0.03566811 -0.03551589
  0.08373389]",[345.4387  303.32547 294.94812 ... 280.0236  263.30188 279.84906],[345.4387  303.32547 294.94812 ... 280.0236  263.30188 279.84906],[309.74445 265.69064 259.79453 ... 246.08154 227.90439 243.81833],[0. 0. 0. ... 0. 0. 0.],2,1,3,194
[0.4215213  0.2592738  0.46138844 ... 0.00679589 0.16951321 0.2671062 ],[360.41025 344.4884  377.93655 ... 413.4172  443.7529  469.70056],[395.44955 372.01834 423.0642  ... 446.27524 472.68808 498.20184],[380.36438 355.97668 406.75156 ... 428.63315 456.6678  482.94516],[0.         0.         0.03088588 ... 0.         0.04094639 0.        ],2,1,3,195
"[ 0.16232984  0.06175007  0.06961426 ... -0.0184763   0.09523708
  0.26217026]",[410.4489  392.19824 397.8602  ... 372.3613  394.80466 437.8429 ],[421.83505 400.40723 407.2732  ... 388.54123 409.40723 447.74228],[358.22906 334.19534 336.49057 ... 322.447   341.09494 383.00937],[0.        0.        0.        ... 0.        0.0385463 0.       ],2,1,3,196
[0.         0.07034156 0.12608562 ... 0.03590989 0.3755873  0.14118233],[266.5398  334.51596 336.33368 ... 309.2491  399.55066 313.46967],[320.2388 384.4776 403.4776 ... 376.4179 468.     371.3209],[309.73874 372.77847 393.3653  ... 365.04315 456.57034 360.61627],[0.         0.         0.         ... 0.05271112 0.         0.        ],2,1,3,197
[0.11801746 0.18355688 0.00282408 ... 0.17872559 0.1332462  0.4808394 ],[294.95087 329.7136  293.3706  ... 319.809   308.5041  386.52652],[316.0942  346.3623  311.07245 ... 347.7029  335.9058  412.56522],[297.96277 327.98273 291.3706  ... 328.85303 315.11166 391.18338],[0.         0.         0.         ... 0.         0.06012185 0.        ],2,1,3,198
[0.15192842 0.         0.04156324 ... 0.04872265 0.04789721 0.10329043],[328.1411  299.5607  321.8942  ... 351.01797 349.26254 355.64572],[373.22223 340.26984 359.69843 ... 389.37698 396.11508 404.33334],[313.3433  280.7942  295.8457  ... 328.90216 328.0829  342.60706],[0. 0. 0. ... 0. 0. 0.],2,1,3,199
[0.08533448 0.19039075 0.00345729 ... 0.258693   0.01975351 0.10476151],[288.68893 347.3372  300.92172 ... 349.6465  283.41855 312.20526],[301.6182  355.81213 313.52728 ... 372.5576  305.62424 319.06668],[264.55954 316.37512 276.56308 ... 333.16754 266.83145 277.38226],[0. 0. 0. ... 0. 0. 0.],2,1,3,200
[0.32418427 0.27764294 0.47874284 ... 0.19172631 0.23700564 0.12734798],[327.0967  338.89142 384.60504 ... 368.62897 358.09735 341.0399 ],[350.67676 364.72223 410.42426 ... 392.34344 392.27777 358.02524],[292.8003  303.75    348.08307 ... 331.6348  330.48425 297.662  ],[0. 0. 0. ... 0. 0. 0.],2,1,3,201
"[ 0.          0.3178559  -0.02257068 ...  0.19505471  0.14972979
  0.2697426 ]",[354.0042  456.68127 371.87967 ... 451.05112 421.07095 398.77893],[388.4718  503.59488 402.66153 ... 497.3231  457.58463 465.18976],[360.32062 477.3409  376.62143 ... 464.88782 429.41336 437.78003],[0. 0. 0. ... 0. 0. 0.],2,1,3,202
[0.06339108 0.09223834 0.16117619 ... 0.01643785 0.         0.15222904],[406.80103 410.52603 456.90244 ... 368.3162  379.39322 402.3097 ],[474.92227 501.21762 528.78754 ... 452.62695 437.24353 472.75128],[429.81796 458.5648  483.52557 ... 399.62    389.5492  423.5951 ],[0. 0. 0. ... 0. 0. 0.],2,1,3,203
"[ 0.35754448  0.21893516 -0.00741705 ...  0.10316141  0.19943124
  0.01469449]",[421.29535 390.01865 345.2383  ... 399.76624 396.54965 344.02338],[446.575   430.725   388.075   ... 429.34375 429.45624 377.51874],[375.2407  362.41315 316.47733 ... 362.4286  361.6484  304.16568],[0. 0. 0. ... 0. 0. 0.],2,1,3,204
[0.19198093 0.03044515 0.11895849 ... 0.23605095 0.23076878 0.2035647 ],[341.17212 307.01657 339.8506  ... 397.38132 373.13373 340.25433],[375.21826 344.2538  375.5381  ... 431.37564 415.77664 384.5381 ],[301.6471  275.9313  305.11426 ... 358.2706  352.83698 312.53305],[0. 0. 0. ... 0. 0. 0.],2,1,3,205
[0.0227266  0.1956667  0.19902723 ... 0.15479657 0.07301584 0.29731017],[319.90613 379.58395 392.93997 ... 424.46567 396.25128 434.75818],[347.56982 423.5028  429.31845 ... 469.419   439.13968 464.67596],[304.2824  375.65408 378.77393 ... 421.29416 392.2112  419.9569 ],[0.         0.         0.         ... 0.         0.04603108 0.        ],2,1,3,206
[0.17078881 0.02400898 0.09643719 ... 0.2452408  0.         0.        ],[288.9861  264.51453 287.35843 ... 365.80667 297.00482 290.90256],[305.32092 285.20465 306.76746 ... 388.1721  320.3116  308.3116 ],[264.16467 243.84383 263.62073 ... 340.47318 276.88736 262.4991 ],[0. 0. 0. ... 0. 0. 0.],2,1,3,207
[0.15096353 0.03373829 0.23457797 ... 0.         0.2745393  0.17421015],[320.80075 309.7608  353.67603 ... 333.14255 375.03384 337.03247],[369.17874 360.71014 411.94202 ... 393.38165 443.2029  394.74396],[296.51007 290.36047 338.63168 ... 317.09732 368.53824 316.23895],[0.        0.        0.        ... 0.0453254 0.        0.       ],2,1,3,208
[0.17329203 0.25417036 0.02994522 ... 0.08982799 0.15433118 0.13439061],[490.13345 526.9057  467.04056 ... 529.4362  525.181   490.51407],[511.0357  537.5255  488.33673 ... 538.2245  538.95917 504.0102 ],[419.0886  445.88843 394.97263 ... 435.01447 440.12335 410.6555 ],[0. 0. 0. ... 0. 0. 0.],2,1,3,209
[0.1666404  0.2335258  0.05304285 ... 0.10352987 0.01923061 0.25579143],[280.6628  306.0221  276.6614  ... 323.32413 298.50137 322.02295],[296.99698 320.89758 291.81927 ... 341.80722 312.91867 338.75   ],[264.9936  287.65976 254.88847 ... 304.532   275.9129  299.3871 ],[0.         0.         0.         ... 0.         0.03639532 0.        ],2,1,3,210
[0.13804659 0.20267016 0.17528977 ... 0.1602263  0.06529247 0.        ],[398.95297 423.16275 414.36505 ... 440.21994 387.27518 349.66162],[428.64172 454.99466 448.92514 ... 456.6738  424.24063 385.43317],[418.91434 444.6157  438.0325  ... 445.10538 411.7559  377.32474],[0. 0. 0. ... 0. 0. 0.],2,1,3,211
[0.2580492  0.07531829 0.30024016 ... 0.0594915  0.2140562  0.39410198],[336.72626 321.17654 374.8682  ... 346.30835 388.53116 395.4283 ],[358.40414 336.56995 388.51294 ... 359.57513 402.45078 407.6114 ],[295.76538 271.54214 327.258   ... 296.26193 334.18954 338.97153],[0.         0.         0.         ... 0.         0.06320203 0.        ],2,1,3,212
[0.98884845 0.78614455 1.0502107  ... 0.16752376 0.20838827 0.19453065],[534.6354  486.97528 562.37085 ... 317.4546  326.28406 314.46085],[645.36444 596.3822  680.4267  ... 407.15112 408.97778 397.77777],[616.9044  567.97754 649.1861  ... 375.23276 379.49887 368.12683],[0.         0.         0.08768103 ... 0.02637918 0.         0.        ],2,1,3,213
"[ 0.08663986  0.03705821  0.07125458 ... -0.07620448  0.08746044
  0.362112  ]",[309.30496 303.2271  322.39227 ... 297.06244 338.43835 381.75058],[318.08585 312.3691  329.22318 ... 309.55795 350.99142 398.206  ],[278.62506 272.1804  286.56793 ... 269.57263 309.33374 354.67612],[0.         0.         0.         ... 0.         0.05521079 0.        ],2,1,3,214
[0.19941409 0.19911472 0.21675463 ... 0.38400385 0.25302318 0.08351681],[327.68512 317.78632 342.57382 ... 372.26016 340.46573 286.70438],[357.63934 365.07104 377.39343 ... 419.63934 375.82513 329.22403],[314.58475 318.25327 329.72888 ... 378.87146 330.61758 282.40732],[0. 0. 0. ... 0. 0. 0.],2,1,3,215
[0.22171926 0.23177609 0.05702996 ... 0.0784444  0.02501466 0.3917079 ],[314.1673  341.34927 321.93964 ... 329.2677  311.51337 350.04916],[348.66312 394.52942 360.85028 ... 377.14438 361.60962 417.19788],[299.64987 343.97195 306.35425 ... 320.05243 306.85452 365.49164],[0.         0.         0.         ... 0.         0.03863426 0.        ],2,1,3,216
"[ 0.2266495   0.132756    0.31897798 ... -0.03362107  0.03414858
  0.01461775]",[320.84912 331.06558 390.547   ... 335.93643 337.85495 326.75592],[372.64407 372.25424 452.39548 ... 384.93787 391.97174 380.51413],[337.7508  337.35898 417.19205 ... 341.7656  353.18484 341.32742],[0. 0. 0. ... 0. 0. 0.],2,1,3,217
[0.36908656 0.12817448 0.24255827 ... 0.26594612 0.12355936 0.08727626],[295.60696 274.82123 320.1294  ... 336.63104 298.8824  273.0616 ],[297.40646 276.69785 321.97842 ... 338.78778 302.1043  274.8993 ],[249.6629  225.81143 268.45248 ... 283.16193 249.86598 222.62447],[0. 0. 0. ... 0. 0. 0.],2,1,3,218
[0.10764673 0.09543308 0.03841751 ... 0.13663594 0.21295846 0.30730703],[299.73032 310.98276 311.30887 ... 344.6485  356.82153 352.52853],[310.54147 326.91708 319.92682 ... 357.26343 368.36096 370.26828],[270.94833 286.89624 279.88702 ... 314.29114 324.13885 328.9225 ],[0.         0.         0.         ... 0.         0.04511315 0.        ],2,1,3,219
"[ 0.20716979 -0.06363788  0.31013024 ...  0.0809713   0.21270141
  0.16551434]",[308.51755 271.32452 373.20795 ... 332.5251  356.89392 282.87805],[372.36667 336.8     461.69333 ... 421.98666 433.07333 400.42   ],[349.42136 314.79718 439.90732 ... 397.6743  410.0335  378.0186 ],[0.         0.         0.         ... 0.03850674 0.         0.        ],2,1,3,220
[0.32539892 0.06545945 0.26152304 ... 0.30720457 0.46852314 0.19906242],[376.9449  331.8121  375.62708 ... 409.91937 449.27536 359.5638 ],[392.13367 349.77722 398.83664 ... 433.17328 470.53467 374.28714],[355.5355  312.63904 361.21136 ... 395.12418 430.35895 338.93674],[0. 0. 0. ... 0. 0. 0.],2,1,3,221
[0.33758357 0.15970065 0.29944327 ... 0.00104913 0.32424572 0.3471437 ],[285.23184 259.36694 287.54623 ... 241.82571 301.35092 288.7855 ],[337.85263 305.64212 344.62106 ... 304.2421  349.30527 342.83157],[298.3694  265.13055 301.75974 ... 260.0305  304.04593 301.0624 ],[0.         0.         0.         ... 0.05506644 0.         0.        ],2,1,3,222
[0.05751576 0.50428176 0.19919233 ... 0.36039442 0.18447742 0.1424941 ],[295.5235  423.81207 370.1141  ... 453.2819  399.13422 382.08725],[295.5235  423.81207 370.1141  ... 453.2819  399.13422 382.08725],[238.45425 365.9462  311.22552 ... 396.40167 337.30103 322.30472],[0.04352374 0.         0.         ... 0.         0.         0.        ],2,1,3,223
[0.14208785 0.08071931 0.25547314 ... 0.05825573 0.09970647 0.07053614],[460.3152  453.2718  514.0375  ... 496.66757 510.9861  458.52756],[469.4901  464.78656 525.8458  ... 506.58893 520.6443  469.9407 ],[374.2965  364.54553 425.67398 ... 414.8707  423.07623 372.3288 ],[0. 0. 0. ... 0. 0. 0.],2,1,3,224
[0.09019915 0.16853817 0.29195023 ... 0.18294603 0.2537629  0.20782182],[290.27655 338.3111  364.92465 ... 372.0404  387.2479  358.95407],[322.35803 351.17285 383.75925 ... 389.8642  407.11728 370.58026],[283.85672 312.06067 344.3797  ... 349.95267 366.71097 330.05673],[0. 0. 0. ... 0. 0. 0.],2,1,3,225
[0.14830333 0.10456002 0.         ... 0.06874196 0.1853499  0.21079068],[207.44524 217.20428 199.62671 ... 218.31133 211.86656 204.50937],[282.33496 283.4563  264.7573  ... 298.82526 287.98544 277.06796],[254.52696 254.83305 235.68736 ... 268.96725 260.5811  249.77   ],[0.         0.         0.         ... 0.         0.02619687 0.        ],2,1,3,226
[0.48736018 0.09440095 0.15833035 ... 0.14996937 0.03497222 0.        ],[366.78662 344.18073 362.74164 ... 414.80133 375.727   336.52155],[405.68805 384.4829  408.9188  ... 449.94446 414.9701  368.56412],[346.27887 322.9247  347.81726 ... 382.20737 347.95975 300.16644],[0. 0. 0. ... 0. 0. 0.],2,1,3,227
"[ 0.05427611  0.27119315  0.5163326  ... -0.1185512   0.
  0.2982807 ]",[345.12338 415.84695 477.16434 ... 343.8603  375.9058  384.96094],[367.82758 432.17242 502.2069  ... 371.3362  395.81897 411.27155],[328.0664  388.6439  459.7782  ... 327.44308 350.2418  368.97562],[0.         0.04899238 0.         ... 0.         0.04036416 0.        ],2,1,3,228
[0.         0.14609668 0.04365321 ... 0.03771802 0.14214784 0.05693997],[259.61908 303.69244 293.56293 ... 297.05634 330.55795 307.70386],[303.95834 351.39816 342.71295 ... 354.80554 383.79166 355.22223],[269.80792 319.47418 308.66125 ... 321.68164 347.8528  322.6212 ],[0. 0. 0. ... 0. 0. 0.],2,1,3,229
[0.09844401 0.12853007 0.06736679 ... 0.20355073 0.20013946 0.26428458],[326.50735 352.78244 322.39026 ... 365.3555  361.7695  336.82843],[390.      404.11676 387.30457 ... 424.52286 416.90356 404.50763],[378.95135 394.34903 378.53412 ... 414.3533  404.264   394.2767 ],[0. 0. 0. ... 0. 0. 0.],2,1,3,230
[0.29092476 0.14332059 0.07806511 ... 0.0935328  0.13002661 0.        ],[493.67838 488.9428  486.74295 ... 514.76025 545.17303 425.02625],[524.79834 528.6681  538.51263 ... 570.2395  582.60925 474.80673],[392.8605  399.25446 396.32135 ... 427.46945 437.05054 337.20798],[0. 0. 0. ... 0. 0. 0.],2,1,3,231
[0.20619424 0.04284257 0.19166133 ... 0.13226433 0.16738361 0.10769179],[251.64955 271.39972 267.07626 ... 330.51392 313.94577 304.09186],[332.4365 337.1746 382.3254 ... 411.3254 410.5476 390.8095],[301.8754  304.21628 352.4226  ... 377.66846 374.93283 356.80655],[0. 0. 0. ... 0. 0. 0.],2,1,3,232
"[ 0.2501005   0.00203284  0.1961106  ... -0.12367653  0.19131371
  0.424182  ]",[313.63025 260.19373 312.89145 ... 247.07924 325.8257  329.18646],[394.97928 335.54922 395.51813 ... 333.58032 418.3627  408.21243],[370.30606 313.91553 372.22824 ... 308.58002 392.73175 383.77054],[0.         0.         0.         ... 0.         0.06947652 0.        ],2,1,3,233
[0.30877945 0.16799338 0.22594637 ... 0.18173839 0.         0.2575357 ],[305.095   298.79575 325.2515  ... 326.56094 306.01974 345.0594 ],[431.01666 442.12778 466.9222  ... 476.13333 420.53888 485.6    ],[378.95117 392.92157 411.45526 ... 424.3995  363.13013 431.94168],[0.         0.         0.         ... 0.         0.03111554 0.        ],2,1,3,234
[0.01619681 0.13084762 0.12226178 ... 0.1907862  0.         0.07199045],[302.11877 325.63983 353.38474 ... 351.05795 304.82568 327.85715],[357.72925 386.25763 406.86462 ... 427.4847  372.36682 379.99564],[305.78308 341.24847 354.29788 ... 375.47067 317.60065 328.3925 ],[0. 0. 0. ... 0. 0. 0.],2,1,3,235
"[ 0.          0.05024946  0.17364642 ... -0.00927441  0.13825661
  0.18990642]",[261.9113  279.27725 305.00256 ... 276.44528 308.1355  308.51852],[271.3069  284.61035 313.12415 ... 283.62415 314.6138  320.38275],[243.86328 255.63986 284.6367  ... 252.3692  285.7426  293.29764],[0. 0. 0. ... 0. 0. 0.],2,1,3,236
"[ 0.05806477  0.27606305 -0.08963517 ...  0.13335846  0.30771682
  0.32736215]",[338.76074 407.68787 324.1537  ... 405.15555 439.40878 407.12946],[347.4554  417.21127 332.66196 ... 411.24414 455.05164 422.9155 ],[302.56168 374.77127 288.6553  ... 367.00412 406.57202 380.57196],[0.        0.        0.        ... 0.0527222 0.        0.       ],2,1,3,237
[0.24780814 0.26297554 0.161288   ... 0.16671611 0.306592   0.2218414 ],[349.8147  354.5839  339.437   ... 348.8106  392.78464 337.00034],[376.5892  387.28107 362.22702 ... 386.82162 416.9946  377.53513],[344.0998  349.89862 325.97333 ... 347.67932 375.778   343.83472],[0. 0. 0. ... 0. 0. 0.],2,1,3,238
[0.29034677 0.27395117 0.41357028 ... 0.21641383 0.05127966 0.20511396],[282.26642 285.4381  325.6262  ... 305.9681  276.02713 295.55096],[405.59723 418.53705 458.63425 ... 452.86575 400.16666 423.66666],[332.26797 336.83032 374.556   ... 369.2915  314.937   346.80927],[0. 0. 0. ... 0. 0. 0.],2,1,3,239
[1.0207777  0.9278709  0.7007962  ... 0.2282995  0.29792783 0.14467877],[517.7001  477.5829  459.01047 ... 380.7744  394.37732 349.23395],[567.78033 550.25433 503.12717 ... 425.5838  440.1445  397.5896 ],[510.26868 493.56027 444.8154  ... 363.89447 378.72623 338.72974],[0. 0. 0. ... 0. 0. 0.],2,1,3,240
[0.14018391 0.15716584 0.49395302 ... 0.16613005 0.01480937 0.3073921 ],[440.4026  446.2842  574.45233 ... 481.94055 425.0622  458.6307 ],[506.31647 519.05066 652.5253  ... 559.2152  489.2658  547.7595 ],[422.72168 437.56467 562.4609  ... 470.1506  408.21393 471.93442],[0.         0.05604615 0.         ... 0.         0.03781333 0.        ],2,1,3,241
[0.06685945 0.30967012 0.06358053 ... 0.12132932 0.15564306 0.14447859],[289.14783 357.30435 307.27826 ... 356.18695 356.1087  332.66522],[289.14783 357.30435 307.27826 ... 356.18695 356.1087  332.66522],[235.52052 294.65347 244.82332 ... 295.44995 299.42426 269.47702],[0. 0. 0. ... 0. 0. 0.],2,1,3,242
[0.31882024 0.3727173  0.51057714 ... 0.4183231  0.11631318 0.24206989],[397.26392 444.5114  471.04855 ... 517.6765  405.17218 383.9943 ],[525.58563 542.45856 603.5083  ... 629.4033  515.7348  520.70715],[449.85635 472.0394  518.0464  ... 549.0317  440.64804 441.53183],[0.         0.02523327 0.         ... 0.         0.         0.        ],2,1,3,243
[0.24613807 0.31224582 0.36520964 ... 0.29656    0.21574779 0.12289291],[508.0255  534.21045 549.0545  ... 567.88135 520.4621  491.80774],[542.7737  569.3316  595.8684  ... 599.47894 554.6053  518.18945],[451.49066 477.9132  497.21805 ... 497.6796  461.92203 426.20935],[0. 0. 0. ... 0. 0. 0.],2,1,3,244
[0.05146611 0.13564326 0.19203447 ... 0.09149339 0.         0.30717552],[321.5215  349.6101  369.2294  ... 398.87985 358.87396 416.95114],[325.6903  353.9484  374.4516  ... 403.91614 363.41934 419.80646],[275.43265 299.13522 317.4453  ... 347.9826  303.17624 361.86917],[0.         0.         0.03118319 ... 0.         0.04287497 0.        ],2,1,3,245
"[ 0.19386622  0.29278073  0.24217848 ... -0.00766005  0.02162145
  0.0953928 ]",[299.8011  344.29974 372.11786 ... 334.9505  334.15976 345.6719 ],[364.12903 411.87097 409.4355  ... 378.10214 377.3925  390.7527 ],[331.3576  376.87778 374.1855  ... 340.7991  339.8418  355.55267],[0. 0. 0. ... 0. 0. 0.],2,1,3,246
"[ 0.          0.37132028  0.00208902 ... -0.02117355  0.46159372
  0.2753933 ]",[289.05148 376.06537 290.40356 ... 325.209   447.11746 363.0485 ],[335.51852 435.75308 344.20987 ... 379.14816 509.64816 425.0679 ],[309.8782  409.9157  317.5808  ... 352.228   482.151   397.50986],[0.         0.         0.         ... 0.06472591 0.         0.        ],2,1,3,247
"[ 0.34458384  0.42783841  0.07086486 ... -0.05154206  0.01431611
  0.03722595]",[287.85242 340.1979  273.52032 ... 243.53444 246.90279 238.8414 ],[341.74628 405.6045  324.63434 ... 296.96268 310.30597 295.3209 ],[330.08017 392.81216 312.3831  ... 283.66232 297.53467 282.77176],[0. 0. 0. ... 0. 0. 0.],2,1,3,248
"[ 0.01752804  0.18035159  0.24512148 ... -0.05574366  0.28586054
  0.07697763]",[215.39076 248.82266 271.60757 ... 211.64713 257.29254 214.475  ],[248.13123 285.67874 306.6018  ... 241.64706 293.13574 243.00905],[206.8027  240.74449 258.3472  ... 191.86368 247.50488 197.2167 ],[0.         0.         0.         ... 0.02038767 0.         0.        ],2,1,3,249
"[ 0.10895361  0.4480299   0.40022346 ... -0.0342108   0.14347701
  0.27485326]",[219.82292 290.30603 301.66504 ... 239.84763 239.04747 266.32663],[346.59393 427.54544 416.9394  ... 317.64243 357.76364 373.86667],[318.30457 400.87015 391.0913  ... 292.48022 330.35437 348.8046 ],[0.03578005 0.         0.         ... 0.         0.0348     0.        ],2,1,3,250
"[ 0.11477673 -0.03024827  0.16839667 ...  0.09227507  0.13124609
  0.36375147]",[295.55606 289.1284  357.22495 ... 365.26678 363.15405 367.95795],[316.01047 296.2042  365.90576 ... 374.87958 388.47644 375.52356],[280.22946 263.45053 328.08508 ... 340.18158 350.1808  341.51556],[0.         0.02812572 0.         ... 0.         0.05230901 0.        ],2,1,3,251
"[ 0.03811703  0.06278432  0.16682391 ... -0.11286341  0.07389632
  0.29408434]",[368.38922 413.76086 460.07114 ... 413.69    450.57986 482.6494 ],[435.1269  456.72083 520.54315 ... 450.5127  508.98984 533.39594],[417.10114 442.84814 502.0474  ... 433.21027 486.7333  515.68695],[0.         0.         0.         ... 0.         0.04301641 0.        ],2,1,3,252
"[ 0.          0.05813679  0.11733028 ...  0.31676885 -0.03157052
  0.03157052]",[326.53955 360.3793  388.6255  ... 440.5638  342.83234 340.4277 ],[342.3718  374.72437 402.85898 ... 451.98718 350.67307 350.14743],[300.54642 334.80057 355.08344 ... 409.2516  302.90314 308.27356],[0. 0. 0. ... 0. 0. 0.],2,1,3,253
[0.23600048 0.20170052 0.23708785 ... 0.18772966 0.23778564 0.25242555],[451.9925  481.52515 506.6042  ... 480.22357 466.4761  474.15698],[529.1885 546.1623 565.6178 ... 545.2461 545.356  537.4817],[495.9737  516.31396 533.1371  ... 515.51636 513.4578  506.11542],[0. 0. 0. ... 0. 0. 0.],2,1,3,254
"[ 0.08571009  0.          0.18333775 ...  0.05907557 -0.01314549
  0.06497834]",[273.8748  268.42346 310.86194 ... 279.45367 267.45938 271.80585],[305.92307 299.90384 336.57693 ... 305.26923 287.64102 301.64102],[264.2741  250.80562 290.73242 ... 265.19397 244.45305 258.24976],[0. 0. 0. ... 0. 0. 0.],2,1,3,255
"[ 0.          0.23556398  0.24140416 ...  0.07463358 -0.0655731
  0.4171329 ]",[324.1314  404.1287  448.8431  ... 402.9859  359.10797 458.59836],[384.1513  479.36185 519.2829  ... 496.3684  416.5592  566.8289 ],[347.40808 446.788   480.6954  ... 456.88837 380.7584  527.1908 ],[0.         0.04360838 0.         ... 0.         0.06757405 0.        ],2,1,3,256
[0.10096992 0.2625694  0.00793442 ... 0.06813151 0.38490334 0.10344011],[413.51593 453.3409  392.3272  ... 442.10394 527.33875 421.06577],[472.2     524.36    454.3911  ... 510.50223 588.6533  472.65332],[402.17343 459.944   384.72342 ... 437.37613 514.212   405.42697],[0.         0.         0.         ... 0.02958729 0.         0.        ],2,1,3,257
[0.18992771 0.13860285 0.07347026 ... 0.17632316 0.01328684 0.01116266],[376.61395 372.76593 373.5311  ... 440.02344 376.29074 362.817  ],[447.17624 445.2213  434.64343 ... 514.6967  446.04507 435.7664 ],[409.03033 405.12177 388.18073 ... 466.90344 407.9777  387.0648 ],[0.         0.         0.02620992 ... 0.         0.         0.        ],2,1,3,258
[0.23167688 0.07430769 0.04416621 ... 0.2811503  0.19451421 0.11767524],[363.49866 334.1795  343.02658 ... 439.64716 398.5285  373.69855],[401.69864 375.00912 387.62558 ... 485.17807 434.20547 419.13242],[355.78403 327.949   339.809   ... 437.38766 393.83533 370.49637],[0. 0. 0. ... 0. 0. 0.],2,1,3,259
[0.3022183  0.21739815 0.63510144 ... 0.0646698  0.09161688 0.10954674],[477.29504 476.46344 566.8414  ... 445.48413 458.4038  433.174  ],[522.43646 507.83713 619.9251  ... 501.73615 493.9446  482.51465],[362.36243 344.20087 448.0082  ... 332.88113 329.52142 315.59357],[0.         0.04379256 0.         ... 0.         0.         0.        ],2,1,3,260
"[ 0.08245739  0.58697647  0.6164212  ... -0.0246183   0.1306696
  0.1257189 ]",[338.38596 479.7458  492.7023  ... 374.6101  404.64926 395.56598],[359.54645 506.84152 523.0437  ... 396.9563  434.765   416.25684],[327.07617 474.2478  489.05286 ... 354.45572 395.98273 382.56027],[0.05270599 0.05331143 0.         ... 0.         0.         0.        ],2,1,3,261
"[ 0.          0.30737442  0.26919863 ... -0.03050463  0.11162878
  0.15654051]",[268.01587 334.74847 346.25156 ... 295.03262 326.11304 300.5902 ],[288.78107 362.56805 368.85208 ... 320.46747 350.84616 344.5917 ],[257.16333 330.90768 337.71295 ... 288.38498 317.96634 311.2777 ],[0.03459381 0.         0.         ... 0.         0.02372178 0.        ],2,1,3,262
[0.39688158 0.16625531 0.07333761 ... 0.05243196 0.14376584 0.09422412],[318.78384 292.35382 293.24457 ... 329.6121  325.49133 309.5928 ],[390.73224 356.4153  350.63934 ... 382.235   407.12567 388.8306 ],[375.98233 340.6037  333.1762  ... 363.01447 388.0331  371.88416],[0. 0. 0. ... 0. 0. 0.],2,1,3,263
[0.1825822  0.30121896 0.27306637 ... 0.09996074 0.18863538 0.57384163],[223.27379 233.36267 254.66579 ... 234.5043  243.48126 260.24014],[301.35794 337.88068 340.39774 ... 311.68182 329.80115 363.0284 ],[274.4049  308.94412 313.5854  ... 285.22223 302.79828 335.3075 ],[0.         0.         0.         ... 0.         0.08680395 0.        ],2,1,3,264
"[ 0.          0.          0.07941274 ... -0.02244251  0.37086806
  0.16616186]",[276.9333  297.82248 313.334   ... 297.84808 388.95068 324.2784 ],[302.34375 316.9297  339.08594 ... 319.01562 416.23438 350.1953 ],[261.78055 277.62216 296.6921  ... 276.43054 370.50327 308.64017],[0.         0.         0.02636955 ... 0.0452005  0.         0.        ],2,1,3,265
"[ 0.32521757  0.22773702 -0.01647566 ...  0.11646397 -0.03266579
  0.16513513]",[404.05853 388.83307 311.9918  ... 410.59793 355.06583 377.77777],[480.06668 466.42426 390.9212  ... 489.31516 429.41818 459.5697 ],[442.32382 427.7448  356.5626  ... 452.80078 391.02716 426.1343 ],[0.         0.         0.08539756 ... 0.         0.         0.        ],2,1,3,266
[0.09261738 0.19026053 0.07154292 ... 0.32732236 0.42619064 0.11256585],[344.77972 376.12128 353.61533 ... 432.62073 445.7288  338.216  ],[362.0125  400.00626 377.325   ... 455.81876 470.84375 354.35   ],[325.63943 363.64185 338.07745 ... 416.55487 428.8671  314.91577],[0.         0.         0.         ... 0.03732998 0.         0.        ],2,1,3,267
"[ 0.26294082  0.19410531  0.23452803 ... -0.02296336  0.29668862
  0.2106214 ]",[306.25134 300.55875 348.31296 ... 301.3102  371.897   339.60663],[428.36993 419.0925  471.81503 ... 417.53757 500.5318  464.49133],[384.442   378.21588 419.60538 ... 363.17426 452.864   420.93314],[0. 0. 0. ... 0. 0. 0.],2,1,3,268
[0.14487882 0.52628    0.04286625 ... 0.1455812  0.22771762 0.        ],[457.62265 552.2331  454.4838  ... 475.47375 487.31152 438.65298],[525.9156  650.74023 537.85065 ... 587.3831  601.37665 496.11688],[418.66653 537.13885 406.6025  ... 460.30685 485.93414 378.82263],[0. 0. 0. ... 0. 0. 0.],2,1,3,269
[0.18741858 0.10323326 0.27778077 ... 0.         0.11881046 0.19617742],[324.45575 323.52628 374.11136 ... 343.9839  366.83243 379.2236 ],[342.96918 350.95154 410.15417 ... 374.28195 396.10132 414.8326 ],[332.46875 341.77887 400.13666 ... 362.96124 383.24673 400.79147],[0.         0.         0.         ... 0.         0.03337572 0.        ],2,1,3,270
[0.5208426  0.28152975 0.07005658 ... 0.13702081 0.17466882 0.12431586],[466.2374  416.72638 369.1817  ... 419.39062 416.58975 393.20972],[473.7588  428.9648  376.46735 ... 425.65326 428.68845 398.1558 ],[439.5192  389.39667 339.77414 ... 388.33005 392.62604 363.29028],[0. 0. 0. ... 0. 0. 0.],2,1,3,271
"[ 0.27866715  0.13903807  0.18148705 ... -0.089761    0.10732151
  0.26150095]",[408.4975  434.2442  455.8177  ... 399.31915 449.36816 468.53   ],[425.5316  448.09473 477.3     ... 406.9737  464.58948 484.93683],[361.3462  385.26895 411.53143 ... 337.93414 396.00867 414.4084 ],[0.         0.         0.         ... 0.         0.04228764 0.        ],2,1,3,272
"[ 0.02524043  0.14745979  0.1068483  ... -0.08681537  0.05802786
  0.1797814 ]",[180.20496 223.65428 208.21655 ... 200.21016 232.44424 214.5797 ],[269.93372 304.8177  305.32043 ... 288.35358 313.76242 292.39227],[226.84439 259.83524 256.25528 ... 239.12576 265.80887 246.06273],[0.        0.        0.        ... 0.        0.0272627 0.       ],2,1,3,273
"[ 0.28607088  0.05703046  0.05854537 ... -0.06402262  0.11135298
  0.1068802 ]",[356.87436 340.06094 362.33575 ... 357.447   390.24445 376.74   ],[366.22983 352.92548 365.41614 ... 361.58386 397.87576 385.91925],[315.30515 301.2631  312.30264 ... 311.22318 342.76517 332.87314],[0. 0. 0. ... 0. 0. 0.],2,1,3,274
[0.04948819 0.09006514 0.         ... 0.25776404 0.3538231  0.25797924],[263.27158 308.2373  295.7021  ... 382.5945  394.80676 372.16068],[366.09875 395.55554 389.4568  ... 499.4753  525.2593  466.25308],[294.9064  321.31168 323.7721  ... 424.80286 450.57196 395.17563],[0. 0. 0. ... 0. 0. 0.],2,1,3,275
[0.2291727  0.18742347 0.22665285 ... 0.258939   0.258284   0.28755376],[270.4465  279.84418 301.77832 ... 351.85513 327.0882  338.1571 ],[354.52975 367.625   387.34525 ... 431.90475 422.49405 419.23215],[316.2473  328.3725  345.7891  ... 383.5944  381.19464 374.16702],[0. 0. 0. ... 0. 0. 0.],2,1,3,276
[0.         0.2024646  0.13041818 ... 0.10458584 0.00779815 0.17579757],[252.19405 345.76462 328.59747 ... 341.02838 305.93552 343.26266],[435.3262  521.0428  522.1551  ... 534.60425 487.46524 544.24066],[378.97864 461.7625  457.3259  ... 468.79294 427.637   486.1759 ],[0. 0. 0. ... 0. 0. 0.],2,1,3,277
[0.37013566 0.4368781  0.39082944 ... 0.2634818  0.3450461  0.40290463],[331.0824  355.95273 381.79636 ... 361.74606 367.379   338.94778],[433.12766 461.75177 483.83688 ... 482.70923 473.8227  457.89362],[376.50085 407.73383 420.3531  ... 414.28613 414.1725  390.89902],[0.         0.         0.         ... 0.07840599 0.         0.        ],2,1,3,278
[0.33107376 0.20440921 0.67391056 ... 0.35745025 0.19310634 0.        ],[273.33597 285.9669  342.23328 ... 356.85995 305.6238  270.67474],[371.02026 363.1419  478.97296 ... 440.44595 400.4189  334.66217],[337.25778 331.86185 446.66104 ... 408.4711  365.56647 299.6215 ],[0.         0.04266366 0.         ... 0.         0.         0.        ],2,1,3,279
"[ 0.63147163 -0.0785561   0.09722854 ...  0.4914315   0.55616516
  0.        ]",[537.3468  415.81787 483.28287 ... 662.14545 629.49054 430.90613],[576.01715 447.22287 512.7257  ... 688.68    654.41144 450.25143],[479.76575 340.22113 395.57135 ... 574.31354 554.7709  344.39343],[0.         0.         0.03052796 ... 0.         0.         0.        ],2,1,3,280
[0.38249722 0.19383925 0.2786296  ... 0.13563615 0.09334433 0.21359357],[406.59268 387.80328 436.64954 ... 428.93393 400.72684 395.17468],[419.05713 407.68    450.50287 ... 443.2743  412.91428 408.08   ],[372.07703 355.32727 397.4352  ... 387.9012  360.50546 358.5318 ],[0. 0. 0. ... 0. 0. 0.],2,1,3,281
[0.3105113  0.05301204 0.16338742 ... 0.17592123 0.04751207 0.16626437],[321.51562 309.07156 332.5603  ... 446.39764 420.34045 396.8709 ],[351.50748 323.40298 357.95523 ... 483.48508 442.5     428.56717],[299.68826 272.1962  308.704   ... 425.24188 383.3228  370.81436],[0. 0. 0. ... 0. 0. 0.],2,1,3,282
[0.4510037  0.09354398 0.1525474  ... 0.0878572  0.         0.2258234 ],[312.7172  278.8265  299.66412 ... 287.51486 271.2398  296.60922],[352.27393 312.5087  331.2913  ... 322.63913 297.14783 335.33044],[310.2352  265.6722  285.86636 ... 273.2749  251.99931 287.74332],[0.         0.         0.         ... 0.         0.02887501 0.        ],2,1,3,283
[0.13858962 0.2953941  0.22071144 ... 0.09660167 0.         0.24195175],[221.17786 266.51462 249.72029 ... 228.88614 208.22092 238.4524 ],[303.22223 346.9365  333.27515 ... 314.9312  290.582   329.94708],[270.76828 311.24646 295.78015 ... 280.61768 256.25702 297.43365],[0.         0.         0.         ... 0.         0.03517755 0.        ],2,1,3,284
"[ 0.36290976  0.11832636  0.1318079  ... -0.01414939  0.16427445
  0.11397751]",[333.42343 302.39984 334.44772 ... 288.40674 333.27716 304.9815 ],[393.85648 370.62964 377.96295 ... 332.22223 376.83334 349.72223],[344.95642 319.6914  327.5752  ... 281.3582  323.2882  300.2521 ],[0. 0. 0. ... 0. 0. 0.],2,1,3,285
"[ 0.20960432  0.1716316   0.4307173  ...  0.         -0.04803379
  0.1111531 ]",[520.86426 522.28705 623.2279  ... 538.17914 500.49136 532.0108 ],[550.     556.5968 662.629  ... 554.9032 519.4785 558.1774],[434.20203 441.77356 536.13184 ... 431.89752 404.37814 439.2832 ],[0.         0.04453876 0.         ... 0.         0.         0.        ],2,1,3,286
[0.33644274 0.13505322 0.06887437 ... 0.15432785 0.16768922 0.2523409 ],[299.55975 281.2875  270.06747 ... 311.62637 298.42657 309.66113],[407.13303 376.1055  367.01376 ... 425.46332 396.94955 406.58258],[354.30673 320.57138 313.95486 ... 374.69174 345.31558 356.04477],[0.         0.         0.         ... 0.03881481 0.         0.        ],2,1,3,287
[0.41486174 0.02622543 0.30341956 ... 0.27348667 0.35052377 0.1149357 ],[345.0756  332.48834 387.88446 ... 413.4848  356.36526 345.1034 ],[479.98602 424.01398 512.8042  ... 524.26575 533.65735 452.63635],[402.41177 349.16483 425.1967  ... 442.0301  457.61346 364.4423 ],[0. 0. 0. ... 0. 0. 0.],2,1,3,288
"[ 0.09042694  0.03329387  0.07497127 ... -0.00503984  0.00725762
  0.        ]",[317.2352  309.54196 319.8156  ... 309.58698 303.33792 294.17255],[348.29962 336.19067 354.93774 ... 340.8638  341.72763 323.58755],[302.43402 293.72528 304.1497  ... 292.233   293.28223 277.44168],[0.         0.         0.04182987 ... 0.         0.         0.        ],2,1,3,289
[0.21337853 0.09276153 0.17965484 ... 0.18763308 0.03896183 0.28128895],[294.699   286.94788 309.17853 ... 369.03915 313.46027 348.2043 ],[321.44 316.74 338.6  ... 396.06 340.12 379.96],[282.0194  274.1363  295.3771  ... 353.78586 298.4005  338.7277 ],[0.         0.         0.03077686 ... 0.         0.         0.        ],2,1,3,290
[0.         0.08142844 0.39265957 ... 0.08550386 0.09600937 0.21686463],[311.9476  348.5071  458.9719  ... 414.62946 382.27823 406.33728],[332.25827 382.6755  485.03973 ... 435.6159  421.16556 442.4437 ],[304.01657 352.04492 454.90884 ... 402.43475 391.3834  411.90167],[0.        0.0435822 0.        ... 0.        0.        0.       ],2,1,3,291
"[ 0.35310254  0.04086663  0.14719358 ... -0.00658912  0.11768346
  0.25972328]",[332.90204 300.34012 306.11566 ... 273.19135 279.88052 318.0078 ],[399.56042 358.52197 390.9945  ... 335.25275 363.85165 391.08243],[359.59872 320.60745 351.1819  ... 296.6651  326.08966 353.3966 ],[0.        0.        0.        ... 0.        0.0332084 0.       ],2,1,3,292
"[ 0.07378201  0.09248926 -0.00965865 ...  0.21613058  0.08758444
  0.14466219]",[362.24026 366.37323 344.95306 ... 369.3059  335.8458  344.525  ],[376.0157  388.92157 362.53333 ... 390.63922 352.82745 359.36078],[340.9023  354.8248  326.00967 ... 353.701   315.6712  324.14252],[0. 0. 0. ... 0. 0. 0.],2,1,3,293
[0.30128092 0.00241715 0.24926664 ... 0.09422215 0.03206947 0.42112723],[337.98514 288.82828 357.41928 ... 323.6886  292.78683 327.49112],[407.69717 349.61267 410.32394 ... 372.46478 351.33804 371.46478],[350.08286 291.53842 349.83182 ... 314.48682 289.55197 307.75513],[0.         0.         0.         ... 0.         0.06585328 0.        ],2,1,3,294
"[ 0.2103676   0.20167963  0.25816652 ... -0.11658149  0.13883793
  0.22426368]",[439.95218 457.79395 480.52026 ... 430.45358 478.5191  484.57077],[474.15814 488.15814 527.4093  ... 475.50232 525.09766 525.3768 ],[371.25653 379.95642 415.3802  ... 364.0181  413.53488 417.9083 ],[0.         0.         0.         ... 0.         0.03875124 0.        ],2,1,3,295
"[ 0.18830207  0.20653494  0.10193401 ... -0.01136605  0.16583158
  0.02393773]",[433.9697  440.6592  426.14056 ... 407.6823  463.17984 413.5499 ],[472.71698 478.56604 469.3585  ... 447.33334 502.20755 449.91196],[425.1069  430.7566  415.98972 ... 401.83398 459.56027 405.2421 ],[0. 0. 0. ... 0. 0. 0.],2,1,3,296
[0.00967082 0.09532566 0.01350896 ... 0.22262329 0.19982423 0.1555928 ],[311.1756  319.35736 318.801   ... 361.8532  372.76282 332.28027],[364.3617  392.03723 375.1968  ... 434.59042 424.8883  406.0851 ],[335.3522  363.1472  345.7179  ... 403.81622 389.22583 373.42825],[0. 0. 0. ... 0. 0. 0.],2,1,3,297
[0.12445549 0.10458992 0.22736336 ... 0.08854    0.00917425 0.3491767 ],[344.13596 344.4884  381.2822  ... 353.61185 320.43552 385.7725 ],[388.06467 384.9655  422.68533 ... 388.47845 358.23706 431.3362 ],[376.01727 371.35812 410.20258 ... 375.86017 346.0675  420.1334 ],[0.         0.         0.         ... 0.         0.05546504 0.        ],2,1,3,298
"[ 0.10633557  0.09031282 -0.07596285 ...  0.15202275  0.32905957
  0.36258203]",[290.65897 309.0536  309.47974 ... 350.08932 380.43192 360.95972],[322.11856 340.84537 326.95877 ... 385.73712 422.29898 395.58762],[277.0394  298.7191  279.37128 ... 339.58667 379.38367 351.1332 ],[0.         0.         0.         ... 0.05886338 0.         0.        ],2,1,3,299
[0.01184833 0.15187207 0.08097698 ... 0.22455677 0.12008633 0.13518408],[306.1285  362.4634  349.07892 ... 436.3191  382.0831  364.1917 ],[365.49426 413.16092 407.17242 ... 498.25287 440.66092 434.98276],[330.227   377.96896 369.0615  ... 457.0989  402.0866  395.96564],[0. 0. 0. ... 0. 0. 0.],2,1,3,300
[0.1561494  0.         0.02130419 ... 0.20507887 0.0220382  0.17679721],[256.64636 244.19069 256.5282  ... 293.16348 254.15909 276.79126],[269.0462  260.4832  268.5378  ... 306.14706 268.5462  291.12186],[233.67015 225.15018 229.63649 ... 270.84183 230.41988 255.78119],[0.         0.         0.01705094 ... 0.         0.         0.        ],2,1,3,301
[0.46644717 0.4775422  0.31482357 ... 0.3187268  0.03324946 0.41650662],[358.2006  382.2857  367.2349  ... 399.55432 340.19824 426.14767],[387.83838 410.29797 393.16666 ... 443.06564 370.17676 458.68182],[312.6505  334.74188 314.82867 ... 364.54126 290.27536 376.8874 ],[0. 0. 0. ... 0. 0. 0.],2,1,3,302
[0.23800603 0.3060577  0.18112923 ... 0.1423131  0.         0.1257428 ],[350.59363 383.92828 354.55377 ... 364.89642 330.1195  337.21515],[350.59363 383.92828 354.55377 ... 364.89642 330.1195  337.21515],[287.26663 315.02124 291.66968 ... 303.99054 264.6423  273.498  ],[0. 0. 0. ... 0. 0. 0.],2,1,3,303
[0.4042622  0.21426657 0.23898521 ... 0.07515547 0.         0.2193978 ],[518.6977  475.72055 518.44495 ... 504.15274 469.48892 519.114  ],[536.07196 504.9928  537.482   ... 524.2734  483.71222 546.34534],[449.8715  412.3375  427.11685 ... 418.9849  385.93677 438.84113],[0. 0. 0. ... 0. 0. 0.],2,1,3,304
[0.13504708 0.11250576 0.01040402 ... 0.04721231 0.11431705 0.09569066],[348.14896 344.97943 328.366   ... 361.1881  371.99393 357.63742],[358.20853 353.436   334.27487 ... 368.0569  380.72986 369.58768],[319.88614 317.1963  293.9777  ... 324.2048  336.68527 325.83545],[0. 0. 0. ... 0. 0. 0.],2,1,3,305
"[ 0.14792079  0.0994332   0.09791083 ... -0.05644951  0.02435399
  0.43260697]",[339.17303 331.23972 316.4148  ... 339.00333 346.32867 390.98914],[379.37323 380.5141  387.7324  ... 381.02817 394.20422 443.95773],[336.50665 343.9625  349.359   ... 337.42896 350.22403 402.44675],[0.         0.         0.         ... 0.         0.06983533 0.        ],2,1,3,306
[0.28125858 0.2424776  0.18382455 ... 0.16817917 0.07642019 0.06459595],[298.3494  328.4928  312.69806 ... 378.7948  348.7606  353.89316],[335.50626 364.33124 361.35626 ... 417.75    388.55624 389.0125 ],[283.069   308.24445 304.1153  ... 358.68668 331.11777 327.9698 ],[0. 0. 0. ... 0. 0. 0.],2,1,3,307
[0.68605167 0.7288736  0.9078384  ... 0.03591804 0.         0.22570984],[287.45627 338.29074 359.15997 ... 278.09064 261.70444 282.9104 ],[505.26514 546.3409  598.3409  ... 391.5303  373.49243 402.05304],[478.65408 520.7675  569.2872  ... 362.10858 346.63614 376.88226],[0.         0.0270917  0.         ... 0.         0.02713743 0.        ],2,1,3,308
[0.3159046  0.4554663  0.5849973  ... 0.05343293 0.         0.2970516 ],[518.73083 578.2319  643.2606  ... 508.6396  502.9169  544.70215],[563.03613 634.93976 700.7771  ... 559.5     535.08435 593.3313 ],[488.07178 561.07306 605.3703  ... 463.39838 443.5819  516.0121 ],[0.         0.         0.         ... 0.         0.03988924 0.        ],2,1,3,309
[0.56227756 0.03842032 0.30575168 ... 0.03033032 0.07046274 0.25875905],[400.05945 364.43243 425.92432 ... 390.18918 385.6757  396.6919 ],[400.05945 364.43243 425.92432 ... 390.18918 385.6757  396.6919 ],[323.04544 281.4499  342.24026 ... 297.12985 297.3504  309.37366],[0. 0. 0. ... 0. 0. 0.],2,1,3,310
[0.47920623 0.5193509  0.03894664 ... 0.18417734 0.26143077 0.3058165 ],[428.49088 483.3789  367.47162 ... 450.30664 442.08435 457.1609 ],[477.82516 549.4965  424.53146 ... 518.8881  543.5874  535.3986 ],[409.25577 475.86963 343.6029  ... 439.12976 462.21268 451.32416],[0.         0.         0.         ... 0.03508018 0.         0.        ],2,1,3,311
[0.0781183  0.1721156  0.33991972 ... 0.10840902 0.0818143  0.38466293],[453.6975  511.55865 595.763   ... 534.7476  520.9684  548.1451 ],[478.43903 532.3171  618.99023 ... 561.6683  543.4537  570.63904],[369.65265 418.6682  484.34378 ... 443.4059  429.26614 455.94778],[0.         0.         0.         ... 0.         0.05036035 0.        ],2,1,3,312
"[ 0.21008793 -0.03437319  0.0847074  ...  0.126311    0.18763927
  0.13839696]",[294.36435 246.77129 261.96344 ... 312.28482 330.0418  272.28726],[359.87897 304.19745 343.82166 ... 389.26114 405.7516  352.56052],[348.2416  296.26068 333.46024 ... 377.9346  393.7924  342.63824],[0. 0. 0. ... 0. 0. 0.],2,1,3,313
[0.23954767 0.34457424 0.02850238 ... 0.06361037 0.20010215 0.4110965 ],[304.96237 347.20166 280.80212 ... 284.8246  299.1765  340.87952],[344.44446 391.94446 322.86667 ... 322.18332 350.28888 387.05554],[307.9815  353.88715 284.03757 ... 286.2776  312.37784 351.28815],[0.         0.         0.         ... 0.         0.04129916 0.        ],2,1,3,314
"[ 0.3353655   0.2883337   0.17780805 ...  0.30294687 -0.02502766
  0.14884806]",[312.79498 302.26492 296.22397 ... 310.92072 251.03622 277.0889 ],[357.11765 354.68234 340.4294  ... 360.98236 290.5059  317.45294],[322.92807 315.707   300.7894  ... 327.8252  255.18588 282.52264],[0. 0. 0. ... 0. 0. 0.],2,1,3,315
"[ 0.21825315 -0.01304045  0.03808839 ...  0.07076003  0.
  0.05999544]",[440.97104 392.99567 408.5027  ... 295.2755  278.5797  273.59906],[504.549   440.549   476.05228 ... 363.00653 343.83008 350.08496],[463.0235  393.34695 428.76154 ... 331.25793 311.49872 319.70316],[0.        0.        0.0238723 ... 0.        0.        0.       ],2,1,3,316
[0.06640543 0.24719095 0.12648457 ... 0.19079487 0.35972184 0.1051714 ],[220.30496 248.42151 229.61322 ... 309.6687  324.68546 270.50623],[262.18103 304.2586  292.68967 ... 367.1207  383.1207  317.93967],[238.32129 279.55807 267.8918  ... 342.8635  357.70453 293.11816],[0. 0. 0. ... 0. 0. 0.],2,1,3,317
"[ 0.12860836 -0.03646446 -0.00193046 ...  0.09375829  0.24836618
  0.10758011]",[364.17413 326.14645 338.79056 ... 390.09842 408.04315 376.5789 ],[403.46826 374.80157 393.7619  ... 454.1905  488.87302 440.53174],[367.09396 334.89493 351.21033 ... 412.95242 453.37082 402.73444],[0. 0. 0. ... 0. 0. 0.],2,1,3,318
[0.12127817 0.22187546 0.34136227 ... 0.14684255 0.1917927  0.26364115],[271.33185 301.1334  294.9543  ... 320.51868 286.8589  326.00452],[379.57043 408.14084 448.9859  ... 407.79578 415.42255 408.95773],[362.36407 391.91162 432.07993 ... 387.72513 396.4302  394.57864],[0.         0.         0.03478318 ... 0.04014161 0.         0.        ],2,1,3,319
[0.32174143 0.40329424 0.6460041  ... 0.09930757 0.         0.        ],[431.96857 460.85196 518.48303 ... 459.802   405.4648  378.91266],[439.49368 465.38608 524.12024 ... 464.33545 413.7342  386.66455],[313.26428 348.93033 400.86588 ... 341.87198 289.87363 261.5737 ],[0. 0. 0. ... 0. 0. 0.],2,1,3,320
"[ 0.31294566  0.25271693 -0.16549501 ... -0.11888841  0.22536851
  0.3034303 ]",[362.6973  389.07465 314.79852 ... 375.09814 441.80542 416.43576],[395.41666 418.95    350.43332 ... 406.41666 494.00833 457.55832],[348.36383 370.2981  297.6043  ... 349.12393 442.20026 406.04575],[0.         0.         0.         ... 0.         0.04288898 0.        ],2,1,3,321
[0.12071016 0.2269313  0.1655092  ... 0.14270353 0.23329963 0.31692496],[262.80658 281.92572 262.8584  ... 278.26636 279.73166 261.9699 ],[367.71613 393.64517 381.66452 ... 395.67096 399.04517 377.4516 ],[316.44385 341.4412  330.29575 ... 338.86877 340.9047  321.34064],[0.         0.         0.         ... 0.         0.03457282 0.        ],2,1,3,322
[0.11546647 0.18571088 0.17363174 ... 0.         0.1479235  0.10648868],[317.79108 350.2126  348.68198 ... 322.95917 343.27524 344.44272],[342.36493 373.92892 371.2891  ... 341.97632 379.06635 362.5782 ],[307.78848 336.58945 333.73572 ... 303.61407 341.1751  327.50616],[0. 0. 0. ... 0. 0. 0.],2,1,3,323
[0.24595231 0.14838861 0.4571924  ... 0.26270473 0.01167141 0.        ],[237.17421 280.0039  317.60364 ... 312.13208 236.26582 241.34276],[318.27274 351.07693 429.9091  ... 408.55246 325.76224 322.57343],[304.0615  335.65103 414.68365 ... 393.7558  312.56625 307.23566],[0. 0. 0. ... 0. 0. 0.],2,1,3,324
[0.16679917 0.         0.17651796 ... 0.20348036 0.1376099  0.21973185],[317.18552 284.7115  330.32037 ... 353.82025 334.7748  338.68158],[347.      317.36465 366.2873  ... 388.9558  363.8232  369.9171 ],[284.5212  253.13692 296.27045 ... 322.30377 297.0708  302.05936],[0.        0.0244088 0.        ... 0.        0.        0.       ],2,1,3,325
"[ 0.13359651  0.0316656   0.05889395 ... -0.04423529  0.13601984
  0.23147887]",[346.29187 338.82504 348.32367 ... 346.45013 391.28607 370.36368],[389.1917  384.84457 391.96375 ... 377.94818 434.81866 427.3005 ],[348.74017 342.64716 350.60507 ... 335.51266 390.01578 382.78094],[0.         0.         0.025432   ... 0.         0.02830732 0.        ],2,1,3,326
"[ 0.26889002 -0.03674412  0.26611602 ...  0.2640534   0.2663968
  0.31555623]",[382.1201  342.0748  439.07462 ... 450.8696  440.4003  447.36346],[396.1519  354.6709  461.55698 ... 474.3038  467.79114 461.4114 ],[336.1895  291.60782 391.09534 ... 406.30063 401.41904 399.59647],[0.         0.         0.         ... 0.03284712 0.         0.        ],2,1,3,327
"[ 0.15657276  0.19691196  0.88687855 ... -0.03479665  0.24346127
  0.3320514 ]",[419.00513 438.33334 678.91284 ... 397.17435 466.09744 461.24615],[419.00513 438.33334 678.91284 ... 397.17435 466.09744 461.24615],[351.05316 372.962   601.04755 ... 324.24554 398.38116 395.90656],[0.         0.14531007 0.07726792 ... 0.         0.05797859 0.        ],2,1,3,328
"[ 0.11657105  0.07944696  0.10378382 ...  0.01827396 -0.05151644
  0.15490001]",[324.95517 318.5266  329.20105 ... 322.53183 297.22998 335.231  ],[349.9391  344.69543 351.67514 ... 340.868   314.49237 356.20303],[340.24414 334.12875 341.08508 ... 330.02585 304.19824 344.6382 ],[0.         0.         0.         ... 0.         0.02500287 0.        ],2,1,3,329
[0.0370931  0.20666116 0.01871669 ... 0.22154555 0.03001314 0.20919101],[273.67166 281.54776 269.63898 ... 276.9923  228.10417 265.49338],[297.8923  339.06152 301.27692 ... 296.05383 253.72308 284.91537],[280.89893 319.58438 282.70697 ... 275.53223 236.19595 265.25613],[0. 0. 0. ... 0. 0. 0.],2,1,3,330
"[ 0.          0.          0.11570061 ... -0.01395723  0.46472645
  0.00775224]",[219.31412 243.08232 263.61713 ... 268.12943 323.83823 251.72235],[282.91306 305.40216 331.71738 ... 319.28806 425.1685  316.     ],[243.0361  262.95294 290.49863 ... 275.27008 382.53983 274.8542 ],[0.        0.        0.        ... 0.0385045 0.        0.       ],2,1,3,331
"[ 1.0096234   0.53626186 -0.1196801  ...  0.14415136  0.25132877
  0.1499353 ]",[554.82043 515.1527  393.75125 ... 501.47076 533.38635 434.33994],[603.41174 574.2689  433.61343 ... 550.0504  574.7815  480.85715],[522.76074 478.74316 322.05847 ... 456.51678 482.67758 394.859  ],[0. 0. 0. ... 0. 0. 0.],2,1,3,332
[0.         0.34247288 0.06013649 ... 0.24116994 0.08848954 0.3369113 ],[309.9056  417.35742 354.62186 ... 452.57062 401.21317 454.73074],[319.48865 428.64206 374.125   ... 461.36365 418.60226 464.95456],[266.82184 371.93704 316.30432 ... 397.76605 353.13562 402.09683],[0.         0.         0.         ... 0.         0.03263644 0.        ],2,1,3,333
[0.12967952 0.66003597 1.0643562  ... 0.10581847 0.41103387 0.1556929 ],[445.30222 552.6585  676.2851  ... 487.14926 562.7773  453.36676],[502.4342 652.6776 810.6776 ... 572.2105 652.5066 526.7303],[368.7059  516.08704 665.87787 ... 431.51727 508.4769  392.71707],[0.06351818 0.06222111 0.         ... 0.         0.         0.        ],2,1,3,334
[0.14158674 0.20028038 0.17145544 ... 0.04793178 0.02280734 0.2696577 ],[304.00827 333.9941  319.18356 ... 291.26782 291.8119  333.13202],[377.4634  402.761   403.0195  ... 383.10733 374.7122  403.5122 ],[329.1129  354.66684 350.7703  ... 334.91727 323.32605 352.63736],[0.         0.         0.         ... 0.         0.04322513 0.        ],2,1,3,335
[0.06283955 0.07644534 0.15689725 ... 0.05381515 0.30420527 0.17247707],[211.47438 226.47128 237.58325 ... 246.70091 242.6549  221.28085],[406.45212 422.5532  454.42023 ... 427.12766 483.35107 431.20212],[354.49454 372.44952 398.59558 ... 372.2096  427.47836 377.74606],[0. 0. 0. ... 0. 0. 0.],2,1,3,336
"[ 0.16025648  0.01996818  0.01255881 ... -0.05765944  0.28927323
  0.21249017]",[390.05142 365.1657  366.93713 ... 357.7143  427.68    392.95428],[390.05142 365.1657  366.93713 ... 357.7143  427.68    392.95428],[334.09335 309.81226 311.3433  ... 296.20737 368.78308 337.86737],[0.         0.         0.         ... 0.04558829 0.         0.        ],2,1,3,337
"[ 0.1742664   0.06097299  0.34747797 ... -0.05153585  0.23378639
  0.21951912]",[382.      360.81934 435.10083 ... 364.87814 423.11765 421.90756],[382.      360.81934 435.10083 ... 364.87814 423.11765 421.90756],[317.72913 298.52972 368.691   ... 297.39224 358.7623  351.09604],[0.        0.        0.        ... 0.0445591 0.        0.       ],2,1,3,338
[0.         0.25364766 0.17457604 ... 0.0565233  0.13281637 0.        ],[275.19144 337.80887 317.945   ... 304.83267 338.71588 276.5485 ],[303.19717 372.89438 359.2465  ... 358.4859  374.00705 306.2465 ],[252.918   317.06085 301.7385  ... 300.97577 316.22452 248.6438 ],[0. 0. 0. ... 0. 0. 0.],2,1,3,339
[0.07506074 0.14194727 0.18529864 ... 0.354385   0.01328372 0.14653353],[304.21616 323.27917 343.13245 ... 403.9415  329.36887 342.41367],[319.40854 341.5305  363.0305  ... 433.58536 351.42075 354.84756],[233.82936 259.44373 274.71536 ... 339.6334  260.7395  269.19827],[0. 0. 0. ... 0. 0. 0.],2,1,3,340
[0.         0.1606356  0.17262185 ... 0.         0.23187456 0.        ],[340.09238 445.9826  452.22748 ... 421.295   457.56165 377.7808 ],[413.5931  533.9379  538.34485 ... 520.0621  534.33105 441.71725],[335.24146 450.19666 455.40527 ... 439.70767 452.62958 359.74756],[0. 0. 0. ... 0. 0. 0.],2,1,3,341
[0.2531684  0.18616104 0.03970736 ... 0.16485052 0.30977356 0.3493221 ],[362.1978  356.77704 331.30518 ... 363.06003 375.40536 362.9953 ],[392.63596 387.84332 358.87558 ... 392.90784 399.07373 390.58527],[317.3159  311.9964  285.42578 ... 313.76617 324.206   315.9898 ],[0.         0.         0.         ... 0.         0.02495096 0.        ],2,1,3,342
[0.7668952  0.40448475 0.7324119  ... 0.36094317 0.43527797 0.26418117],[445.04684 365.91437 461.75952 ... 368.80203 406.19553 309.57977],[616.24475 522.0839  623.77625 ... 510.05594 527.83215 468.93008],[579.2124  482.79565 580.5095  ... 465.9027  486.29425 424.552  ],[0.        0.        0.1668155 ... 0.        0.        0.       ],2,1,3,343
[0.14616117 0.3585205  0.5920913  ... 0.17098886 0.21051571 0.08697879],[288.62775 330.83856 380.3154  ... 333.40967 315.2508  267.84915],[361.4936  422.6346  481.91666 ... 407.55768 405.96796 355.72437],[323.53683 380.12912 442.92606 ... 367.21732 368.3375  316.09735],[0.         0.06367464 0.         ... 0.         0.         0.        ],2,1,3,344
"[ 0.0799628  -0.02368807  0.16424774 ... -0.01393059  0.2136906
  0.23465182]",[326.57172 308.52887 362.19193 ... 349.15167 400.68536 375.50082],[340.4975  323.2388  374.35822 ... 357.9602  414.87064 402.66666],[292.86462 274.998   324.10968 ... 307.94916 365.0824  354.86063],[0.         0.02748292 0.         ... 0.04506502 0.         0.        ],2,1,3,345
[0.13814478 0.06575304 0.24033229 ... 0.102559   0.08619412 0.        ],[365.42975 359.1262  401.75308 ... 395.992   379.6134  332.77353],[385.3419  372.6752  420.68805 ... 407.59402 391.9701  342.74786],[334.80035 319.01215 367.89206 ... 354.236   338.74612 285.8112 ],[0.         0.02917466 0.         ... 0.         0.         0.        ],2,1,3,346
[0.         0.24883068 0.28545985 ... 0.21831937 0.20797653 0.01300293],[289.7457  354.88742 373.3972  ... 367.51312 355.14124 296.38934],[304.30093 369.50925 391.5926  ... 381.31946 368.33795 310.49075],[264.07077 325.1391  342.15863 ... 340.2321  320.7612  266.42603],[0.03795742 0.         0.         ... 0.         0.         0.        ],2,1,3,347
[0.06595314 0.15397465 0.12736434 ... 0.12923132 0.26331145 0.31438258],[251.49689 276.68945 277.9441  ... 282.40372 305.43478 312.99377],[251.49689 276.68945 277.9441  ... 282.40372 305.43478 312.99377],[219.68642 245.25027 247.10771 ... 248.64749 271.48184 280.61893],[0.         0.         0.         ... 0.04833936 0.         0.        ],2,1,3,348
"[ 0.37631837  0.17857487  0.18808444 ... -0.12478126  0.2027303
  0.12478126]",[444.7612  422.584   447.4768  ... 373.3428  425.22787 386.69193],[489.78653 464.21912 481.1292  ... 401.3764  459.39886 427.19662],[399.52893 363.9057  375.4145  ... 298.26077 363.41986 330.73102],[0.         0.         0.         ... 0.02663941 0.         0.        ],2,1,3,349
"[ 0.          0.13212375  0.16291331 ... -0.07042965  0.1892834
  0.17588155]",[235.5805  273.00327 284.08847 ... 244.00256 280.0479  271.54144],[296.41666 340.0729  353.8021  ... 302.54688 339.91147 328.22916],[242.24995 284.42795 294.11276 ... 243.04922 282.88535 270.02078],[0.         0.         0.02211111 ... 0.02806571 0.         0.        ],2,1,3,350
[0.03346573 0.08485312 0.06575141 ... 0.39732847 0.20063892 0.38369912],[291.5379  281.96808 296.8022  ... 374.53067 321.52945 377.20044],[334.12222 344.76666 356.91666 ... 450.56668 390.85    439.03333],[271.62653 290.8671  303.61127 ... 389.86075 330.63464 375.67822],[0. 0. 0. ... 0. 0. 0.],2,1,3,351
[0.09144577 0.         0.17001855 ... 0.11934996 0.08545417 0.05463577],[262.33636 295.56253 329.6677  ... 366.94244 371.14883 335.00256],[403.68152 401.97452 461.293   ... 517.35034 493.26114 459.3949 ],[362.8406  359.44992 425.0378  ... 478.2858  450.17462 419.2987 ],[0.         0.03099448 0.         ... 0.         0.         0.        ],2,1,3,352
[0.15559329 0.         0.05760349 ... 0.12622009 0.14731342 0.24950051],[201.29202 190.87103 197.8786  ... 229.68327 205.80447 226.79787],[286.8779  260.94766 273.61627 ... 309.44766 294.59885 298.6686 ],[271.461   245.04416 257.90332 ... 293.39407 279.27917 283.92404],[0.         0.01973433 0.         ... 0.         0.02473276 0.        ],2,1,3,353
[0.29900292 0.49627075 0.37144598 ... 0.19508772 0.34940276 0.06572501],[238.35957 270.99246 247.73598 ... 237.02827 249.78519 200.1404 ],[405.4375  452.9375  426.55356 ... 373.4375  407.5     329.4107 ],[361.82437 411.26303 381.2964  ... 327.543   366.54312 286.5478 ],[0.         0.         0.05215061 ... 0.         0.         0.        ],2,1,3,354
"[ 0.27510312  0.24366048 -0.14718243 ... -0.09094659  0.
  0.3107574 ]",[328.125   336.7262  279.4345  ... 326.7143  333.44644 383.4345 ],[328.125   336.7262  279.4345  ... 326.7143  333.44644 383.4345 ],[252.1945  253.29782 202.05574 ... 242.7105  246.32271 298.00357],[0.         0.         0.         ... 0.         0.03603245 0.        ],2,1,3,355
"[ 0.28312045  0.2620964   0.23856963 ... -0.119783    0.3397162
  0.119783  ]",[328.01218 326.74756 331.19427 ... 281.2761  350.86487 305.3906 ],[378.18793 375.67786 380.97314 ... 312.8188  395.651   340.85907],[309.10782 305.3325  313.41864 ... 244.67137 324.1648  266.3918 ],[0.         0.         0.         ... 0.02760625 0.         0.        ],2,1,3,356
[0.19844285 0.11123888 0.1731553  ... 0.13147588 0.01546936 0.14294611],[213.0089  182.85403 222.91214 ... 222.89104 197.04913 179.89597],[373.0331  364.0265  400.2119  ... 406.15894 368.66226 365.87418],[343.89313 335.29868 370.19177 ... 376.28372 338.74228 332.1675 ],[0.         0.         0.01990594 ... 0.         0.         0.        ],2,1,3,357
[0.16081554 0.1488946  0.12565313 ... 0.24110048 0.00425428 0.44021222],[315.97882 312.61325 333.81262 ... 345.90088 295.88965 373.62094],[375.8304  393.77777 393.18127 ... 426.18713 354.0877  453.4035 ],[343.1565  357.93546 355.401   ... 390.90775 315.96878 417.72745],[0.         0.         0.         ... 0.         0.04130062 0.        ],2,1,3,358
[0.05608092 0.00125013 0.12963949 ... 0.20268479 0.25028768 0.21495512],[271.40768 269.42606 302.76205 ... 336.73264 324.15286 305.6242 ],[340.668 334.9   365.932 ... 410.7   399.272 377.62 ],[290.85553 284.15204 314.98126 ... 359.94916 349.47458 329.33115],[0.         0.         0.02238609 ... 0.         0.         0.        ],2,1,3,359
[0.34078598 0.12158184 0.18127228 ... 0.76358587 0.5611308  0.835064  ],[391.632 343.    361.28  ... 536.344 480.12  511.984],[391.632 343.    361.28  ... 536.344 480.12  511.984],[338.49408 293.60577 311.1925  ... 479.48312 428.575   457.1261 ],[0. 0. 0. ... 0. 0. 0.],2,1,3,360
[0.12641062 0.08260739 0.05032707 ... 0.         0.19793575 0.09690208],[360.6484  350.06122 352.79285 ... 353.85297 412.29712 368.80615],[373.3439  360.50226 362.68326 ... 367.42987 423.70135 376.75113],[323.74127 313.9452  309.8205  ... 314.47617 365.24414 325.9391 ],[0.         0.         0.         ... 0.02958714 0.         0.        ],2,1,3,361
[0.12927832 0.08722828 0.00205726 ... 0.06493289 0.13506119 0.26070273],[308.72876 341.80038 333.93652 ... 402.63922 402.77316 318.9066 ],[425.7586  457.3655  458.28275 ... 506.68967 506.3931  449.6483 ],[331.31952 358.41235 346.60944 ... 394.72855 400.46292 351.8912 ],[0. 0. 0. ... 0. 0. 0.],2,1,3,362
"[ 0.35783532  0.1847279  -0.04353027 ...  0.35080168  0.16062276
  0.0541764 ]",[405.07034 384.9415  325.7374  ... 489.68085 416.25272 372.1653 ],[409.8324  389.87152 328.81006 ... 496.07263 419.4246  386.16202],[355.51224 332.46625 275.59872 ... 427.67477 360.65402 322.96393],[0. 0. 0. ... 0. 0. 0.],2,1,3,363
[0.5950731  0.4863509  0.21768181 ... 0.17361167 0.         0.02707842],[457.13284 445.92734 405.51706 ... 379.5415  331.67346 345.25012],[486.26035 471.8284  433.213   ... 413.82248 363.92307 364.84616],[414.69965 407.16034 356.45358 ... 342.0772  290.63086 291.1551 ],[0. 0. 0. ... 0. 0. 0.],2,1,3,364
[0.5614267  0.2223667  0.23845926 ... 0.11264895 0.24641293 0.10934269],[432.3684  373.1608  344.62955 ... 363.4968  387.97968 341.004  ],[456.09558 394.44852 396.6103  ... 400.11765 414.97794 374.44852],[406.24908 346.95532 355.6414  ... 347.80185 367.50067 327.55777],[0.         0.         0.         ... 0.03723937 0.         0.        ],2,1,3,365
[0.0053842  0.21708792 0.42423993 ... 0.07605155 0.11696389 0.09895223],[317.6451  365.4311  423.15173 ... 385.54282 389.46036 351.55777],[335.75  390.935 448.575 ... 412.02  417.61  378.47 ],[300.97647 359.2804  417.65308 ... 379.0718  381.53732 344.4267 ],[0.04994411 0.         0.         ... 0.         0.         0.        ],2,1,3,366
[0.09393083 0.16652146 0.21850258 ... 0.05019908 0.10823002 0.        ],[338.      365.3438  383.49353 ... 348.42517 361.99542 327.12466],[353.9526  379.50238 396.20853 ... 374.2512  386.3886  346.2891 ],[317.66345 340.35956 357.55392 ... 338.33545 349.8428  312.97958],[0. 0. 0. ... 0. 0. 0.],2,1,3,367
"[ 0.21332265  0.23983087 -0.06905011 ...  0.17378196 -0.09142619
  0.25510612]",[315.95502 339.41473 279.99805 ... 352.4857  286.17593 336.6638 ],[319.8     350.01578 286.60526 ... 360.26315 290.18948 347.8158 ],[275.46146 306.84988 241.67831 ... 309.80563 239.73634 297.46964],[0.         0.         0.         ... 0.         0.03244044 0.        ],2,1,3,368
[0.         0.         0.0550133  ... 0.17939942 0.07507084 0.48339832],[252.76436 271.9333  290.70917 ... 340.46277 319.58478 358.0803 ],[282.99362 303.18472 323.80255 ... 377.7261  350.29938 415.28024],[243.52411 260.16098 279.90857 ... 332.33334 306.46805 371.82343],[0.         0.         0.         ... 0.         0.05580333 0.        ],2,1,3,369
[0.22496822 0.26004046 0.16667096 ... 0.18172874 0.11383564 0.27344403],[223.70778 237.96466 242.46465 ... 219.19893 219.59482 234.07301],[402.55737 446.8579  435.57376 ... 429.85245 410.9563  436.235  ],[358.6185  401.88852 384.70392 ... 385.17865 361.2791  388.6653 ],[0. 0. 0. ... 0. 0. 0.],2,1,3,370
[0.0630299  0.22236179 0.22252779 ... 0.19103149 0.03153499 0.3406945 ],[272.79358 324.98575 332.23926 ... 330.19406 287.14896 325.30542],[291.05365 344.00488 351.8244  ... 349.48294 306.20975 356.3805 ],[244.52649 294.45816 300.29416 ... 296.08432 253.07994 307.2107 ],[0.         0.         0.         ... 0.         0.03523752 0.        ],2,1,3,371
[0.1493301  0.11030505 0.01569464 ... 0.07271581 0.12430674 0.        ],[332.0547  330.70264 292.15408 ... 303.03287 313.15784 306.04935],[403.85394 413.29776 405.809   ... 420.53372 421.92697 384.88202],[371.27924 379.3307  367.006   ... 387.48895 390.78683 349.88333],[0. 0. 0. ... 0. 0. 0.],2,1,3,372
[0.18919685 0.05610284 0.10180414 ... 0.2149361  0.12577751 0.2545861 ],[277.8084  282.7617  295.2757  ... 337.58878 307.14487 313.2617 ],[277.8084  282.7617  295.2757  ... 337.58878 307.14487 313.2617 ],[241.11664 244.4949  256.27655 ... 296.6368  267.18164 273.4442 ],[0. 0. 0. ... 0. 0. 0.],2,1,3,373
[0.3271598  0.37275207 0.26042005 ... 0.         0.31758976 0.24736929],[489.73572 531.79767 509.0412  ... 463.96182 526.2721  493.94714],[550.0684  588.9     565.30524 ... 515.7632  584.77893 529.04736],[438.24728 463.51477 432.15613 ... 377.1098  469.20776 407.83408],[0.         0.         0.         ... 0.03941279 0.         0.        ],2,1,3,374
"[ 0.00972201  0.21704444  0.03680562 ...  0.17653167 -0.0107598
  0.0107598 ]",[291.04422 322.9463  297.2055  ... 383.2204  327.32617 312.7975 ],[376.71823 435.29282 408.14917 ... 475.54144 405.07184 410.2044 ],[313.79755 369.7679  338.34427 ... 403.2006  337.60315 339.54044],[0.         0.         0.03132841 ... 0.         0.         0.        ],2,1,3,375
[0.24382836 0.21074894 0.17449465 ... 0.07900691 0.19593234 0.26549682],[296.7747  322.15134 335.8577  ... 332.44745 323.04218 333.12955],[348.38095 376.07144 374.9127  ... 387.59525 396.53967 398.4762 ],[312.57318 343.18414 338.51352 ... 353.6854  358.17587 363.9325 ],[0.         0.         0.         ... 0.04012135 0.         0.        ],2,1,3,376
[0.31708363 0.07548133 0.         ... 0.16108829 0.27366894 0.17203325],[408.76804 371.6767  350.76468 ... 414.6347  419.41052 373.92374],[473.55072 419.4203  399.55798 ... 466.3623  470.5435  418.8913 ],[434.18768 378.8478  358.9909  ... 420.35007 428.89066 375.3849 ],[0.         0.         0.         ... 0.04439838 0.         0.        ],2,1,3,377
"[ 0.22131914  0.066938    0.08257686 ... -0.03997108  0.25542545
  0.21715893]",[326.4229  300.02405 318.16898 ... 308.17648 345.94592 342.4156 ],[364.50735 337.40442 353.32352 ... 337.27206 403.04413 369.8603 ],[330.8508  299.15036 316.3051  ... 299.4273  364.11084 333.4968 ],[0.         0.         0.         ... 0.02867949 0.         0.        ],2,1,3,378
[0.91058785 0.97335076 1.3932822  ... 0.25912124 0.12460316 0.07386973],[420.92358 482.77283 570.78265 ... 346.43234 321.07254 282.00552],[545.7086  614.1854  743.24506 ... 474.01987 429.51657 383.2384 ],[489.6906  551.97626 679.3914  ... 410.88428 370.02536 324.7572 ],[0.         0.06342239 0.1585712  ... 0.         0.         0.        ],2,1,3,379
"[ 0.14363071  0.09970959  0.08686401 ...  0.15327841 -0.01402129
  0.318863  ]",[247.70157 246.16515 243.3834  ... 292.07742 240.25368 293.23425],[344.2011  340.5084  346.19553 ... 396.31284 337.35754 417.07263],[304.56006 300.34668 307.49738 ... 353.4264  295.2277  377.58243],[0.         0.         0.         ... 0.         0.04682361 0.        ],2,1,3,380
[0.18529879 0.11603417 0.23279534 ... 0.15712306 0.19413969 0.20095778],[379.44446 366.39154 418.56613 ... 386.51852 400.30157 385.73544],[379.44446 366.39154 418.56613 ... 386.51852 400.30157 385.73544],[328.2763  314.6913  363.48956 ... 337.04294 345.02954 332.57614],[0.         0.         0.         ... 0.02847691 0.         0.        ],2,1,3,381
[0.39109597 0.33083424 0.26683253 ... 0.3168387  0.13474059 0.24351847],[551.91284 556.35187 582.3751  ... 666.69403 572.8185  554.22504],[584.8884  588.65234 611.85406 ... 697.206   606.8283  591.4206 ],[472.20758 474.6096  492.53555 ... 568.5621  488.6045  479.53107],[0. 0. 0. ... 0. 0. 0.],2,1,3,382
[0.         0.0764551  0.11786981 ... 0.11969271 0.         0.33435407],[271.65747 311.2176  323.74646 ... 303.5831  281.8354  319.32715],[295.02084 327.46527 348.59723 ... 321.84027 297.34027 350.77084],[235.21667 263.89938 286.68857 ... 259.14667 228.62802 284.80756],[0.         0.         0.         ... 0.         0.04438933 0.        ],2,1,3,383
[0.11909724 0.24437954 0.07328822 ... 0.01435823 0.15440205 0.07785948],[332.8096  373.297   339.5351  ... 351.933   389.32175 348.07242],[374.72415 409.54022 369.97125 ... 382.44254 413.66092 378.0747 ],[338.0889  370.925   328.20862 ... 338.93723 370.54556 336.31085],[0. 0. 0. ... 0. 0. 0.],2,1,3,384
[0.38123855 0.20430644 0.14302784 ... 0.01422093 0.08531543 0.12490421],[371.5787  315.94876 317.14374 ... 295.57227 305.932   281.5189 ],[498.85083 454.2431  440.56354 ... 439.38123 447.5304  432.61877],[450.82693 404.544   390.21002 ... 386.7012  392.22073 383.59198],[0. 0. 0. ... 0. 0. 0.],2,1,3,385
"[ 0.42811197 -0.00788494 -0.15669456 ...  0.17519952  0.16754846
  0.27975428]",[289.37793 232.12505 230.915   ... 245.98128 255.42    270.43613],[450.52777 337.7014  347.08334 ... 345.96527 346.04166 364.3611 ],[434.00897 317.41235 326.92947 ... 327.4121  323.55872 343.9064 ],[0. 0. 0. ... 0. 0. 0.],2,1,3,386
[0.3475186  0.1915608  0.05780053 ... 0.14989816 0.         0.24640441],[235.67828 229.25247 224.97366 ... 271.21313 209.44711 239.71896],[409.78815 378.91525 348.74576 ... 395.339   328.161   371.60168],[372.85883 342.43765 311.37045 ... 351.36456 288.71487 333.2085 ],[0.         0.         0.         ... 0.         0.04076038 0.        ],2,1,3,387
[0.25642723 0.1755299  0.28402585 ... 0.36124465 0.36986163 0.22418027],[181.88516 179.35072 191.56389 ... 232.4964  225.58098 196.5964 ],[302.86093 303.92053 335.03973 ... 360.92053 353.2715  314.48343],[269.42114 269.88422 297.86676 ... 325.89853 315.78683 280.9589 ],[0. 0. 0. ... 0. 0. 0.],2,1,3,388
[0.0307849  0.02521065 0.11101022 ... 0.10888487 0.390039   0.21987689],[277.57162 254.12975 287.85602 ... 297.1376  344.36    273.6773 ],[344.1065  339.0355  367.929   ... 378.14792 442.01184 362.82248],[305.18866 308.84665 335.6181  ... 341.92618 403.14996 327.50586],[0.         0.         0.03490863 ... 0.06008715 0.         0.        ],2,1,3,389
"[ 0.15973988  0.00730957 -0.03177259 ...  0.00369697  0.
  0.15872602]",[267.3457  252.39816 239.83107 ... 267.603   269.7604  317.11368],[314.18436 299.10614 292.47485 ... 338.29608 335.48044 376.55307],[304.28708 289.07877 283.37076 ... 326.6613  322.68723 362.8208 ],[0. 0. 0. ... 0. 0. 0.],2,1,3,390
[0.         0.16959226 0.06050818 ... 0.08900249 0.06021483 0.5532208 ],[313.48587 384.31552 351.8403  ... 385.73553 383.2948  508.66956],[325.42447 397.19424 378.8777  ... 409.09354 399.97842 522.9856 ],[305.42752 374.71622 356.37997 ... 384.55902 373.84177 498.905  ],[0.         0.         0.         ... 0.         0.08588409 0.        ],2,1,3,391
[0.08752777 0.08419469 0.22977173 ... 0.17502785 0.01790066 0.02225277],[301.50583 327.21436 375.86023 ... 397.797   359.3373  334.67792],[348.66666 387.71014 428.9082  ... 456.79227 395.41547 387.971  ],[268.64624 305.31845 341.22382 ... 366.51923 312.1042  297.54364],[0. 0. 0. ... 0. 0. 0.],2,1,3,392
[0.16012369 0.0235943  0.24591878 ... 0.03071555 0.23284051 0.3665424 ],[309.258   299.31992 362.60025 ... 331.56445 367.35193 355.5277 ],[310.60306 301.33588 364.      ... 335.51144 370.32825 357.23663],[252.34923 242.94331 301.0817  ... 274.86874 308.65088 296.7869 ],[0.         0.         0.         ... 0.         0.04885209 0.        ],2,1,3,393
[0.03586153 0.1920194  0.53448856 ... 0.         0.07929663 0.29632398],[397.54105 462.0238  549.959   ... 442.05148 501.94992 522.18744],[459.9608  516.5033  639.3137  ... 527.67975 548.8301  587.13074],[377.46384 427.28244 533.50336 ... 436.53436 446.4797  492.92728],[0.         0.06400938 0.         ... 0.         0.03498969 0.        ],2,1,3,394
[0.07346826 0.16198178 0.17898057 ... 0.11907335 0.14498198 0.30157334],[263.34418 294.93634 311.83865 ... 308.48584 276.30536 281.5397 ],[324.8784  360.43243 379.8919  ... 360.6284  342.1757  353.38513],[295.81256 331.9067  349.67758 ... 332.73807 314.49857 321.0258 ],[0.        0.        0.        ... 0.        0.0351694 0.       ],2,1,3,395
[0.03558855 0.19379577 0.0815141  ... 0.1574658  0.0871876  0.11958457],[268.84244 320.14563 301.3984  ... 342.41168 338.4501  334.3642 ],[321.6524  387.72192 360.754   ... 416.6952  395.8984  392.41177],[280.69974 346.0844  318.71783 ... 376.46115 355.8781  352.2034 ],[0. 0. 0. ... 0. 0. 0.],2,1,3,396
"[ 0.26172686 -0.00626548  0.13999616 ... -0.13646874  0.2991088
  0.04702798]",[385.66843 341.26474 389.5559  ... 311.93307 402.3439  317.11517],[410.4971  350.4971  402.42773 ... 327.60117 421.25433 330.47977],[345.55383 285.42267 337.1722  ... 263.40543 354.57974 272.2905 ],[0. 0. 0. ... 0. 0. 0.],2,1,3,397
"[ 0.00613285  0.05119305  0.         ...  0.25926238 -0.08504053
  0.34265852]",[206.60219 223.05559 232.83376 ... 282.96567 210.90143 236.03755],[260.53296 283.13187 277.33517 ... 339.      264.011   300.65384],[227.18594 246.95966 238.97853 ... 299.04404 225.76039 262.54184],[0.        0.        0.        ... 0.        0.0487323 0.       ],2,1,3,398
"[ 0.12938733  0.02878632  0.02361636 ... -0.04373274  0.22761953
  0.11544026]",[262.10925 252.2855  258.36172 ... 246.12796 286.7243  256.06668],[263.32632 256.5421  259.17896 ... 247.      287.57895 256.9    ],[224.04865 216.26447 217.57953 ... 203.0255  246.56828 216.09386],[0.        0.        0.        ... 0.0326499 0.        0.       ],2,1,3,399
[0.1308906  0.12624733 0.10080896 ... 0.08995334 0.11660267 0.24610782],[138.32106 143.15807 135.7838  ... 132.65659 144.7261  158.73372],[277.97937 281.23712 277.11856 ... 273.9433  276.04123 285.64432],[270.19516 273.65845 269.35385 ... 266.5881  268.13098 278.1597 ],[0.         0.         0.         ... 0.         0.02370828 0.        ],2,1,3,400
[0.13574433 0.10275766 0.03257473 ... 0.0779893  0.12638143 0.13104694],[248.76443 245.11288 234.28886 ... 264.46872 258.27484 254.30598],[304.8945  306.09634 296.94495 ... 311.18808 321.5734  307.92203],[261.88165 263.032   254.0207  ... 270.91528 277.94882 267.92636],[0. 0. 0. ... 0. 0. 0.],2,1,3,401
[0.10505939 0.03748047 0.43750393 ... 0.         0.18339688 0.14860295],[293.53354 293.5991  382.31046 ... 308.1664  339.20135 320.71933],[388.63977 374.91397 485.36023 ... 381.51614 431.8172  408.2258 ],[357.78012 344.08282 455.7999  ... 347.229   396.34058 376.09424],[0.         0.03806818 0.         ... 0.         0.         0.        ],2,1,3,402
"[ 0.15484671  0.         -0.07015692 ...  0.01872187  0.17156246
  0.18485004]",[362.4861  342.58585 343.93982 ... 391.71185 405.56564 400.75552],[380.51053 356.60526 352.67896 ... 403.1263  425.77368 409.63684],[326.35098 304.96625 293.40033 ... 346.19525 367.52078 349.45605],[0.         0.         0.         ... 0.03469581 0.         0.        ],2,1,3,403
"[ 0.24721539  0.2392311   0.16138084 ... -0.11201637  0.15068842
  0.0852055 ]",[257.28583 247.83374 251.00375 ... 192.85371 223.27936 208.44948],[349.64468 357.60913 337.9543  ... 279.0457  331.3401  300.55838],[308.64648 317.64395 300.22836 ... 239.37294 288.35104 259.76883],[0. 0. 0. ... 0. 0. 0.],2,1,3,404
[0.3265624  0.14197864 0.06344297 ... 0.03993148 0.05194704 0.38142684],[458.92282 438.43863 417.0762  ... 436.70306 395.49265 434.7927 ],[515.2987  505.5     494.11688 ... 493.5065  460.63635 517.5909 ],[457.31445 436.39914 413.66046 ... 419.01154 394.38715 447.79163],[0.         0.         0.03655956 ... 0.         0.05008039 0.        ],2,1,3,405
[0.16392326 0.05025508 0.11222784 ... 0.         0.         0.39259043],[422.8933  413.43503 441.97882 ... 422.8569  415.13425 491.27408],[433.11823 421.66504 452.58127 ... 427.1478  424.      502.41873],[318.98932 292.26135 319.5512  ... 298.16812 296.25436 386.83255],[0.         0.         0.01888772 ... 0.         0.05888275 0.        ],2,1,3,406
"[ 0.0011321  -0.0011321   0.01670426 ... -0.01151027  0.05137825
  0.07194939]",[190.53305 184.79071 188.55597 ... 195.37485 204.24046 208.76782],[262.50293 266.1696  276.18127 ... 274.17545 283.5497  279.70175],[229.99564 231.0206  240.70872 ... 240.36551 250.49634 246.34995],[0.         0.         0.03150923 ... 0.         0.         0.        ],2,1,3,407
[0.22802873 0.22847326 0.34115338 ... 0.17570998 0.02047103 0.11504923],[445.1467  419.03888 507.7054  ... 498.23468 434.92154 463.84442],[502.2279  500.6279  561.4512  ... 558.107   491.31628 521.4977 ],[433.47144 436.6594  490.75558 ... 484.96304 419.838   449.90378],[0. 0. 0. ... 0. 0. 0.],2,1,3,408
[0.14705034 0.0535005  0.12855068 ... 0.04529542 0.0737442  0.        ],[262.15393 253.24835 264.8375  ... 264.45224 267.19397 251.6646 ],[274.16666 263.35715 280.32144 ... 279.3869  281.27975 265.64285],[248.0752  238.44145 253.5346  ... 253.05241 253.93054 238.3289 ],[0. 0. 0. ... 0. 0. 0.],2,1,3,409
"[ 0.35355985  0.25897703 -0.0259068  ...  0.26779544  0.04226275
  0.24979131]",[421.36658 410.64682 334.24484 ... 447.94333 375.89407 408.58273],[445.1316  429.0066  355.3421  ... 470.67764 388.3092  435.5921 ],[400.04886 387.0692  312.24203 ... 430.1765  346.22528 389.45935],[0. 0. 0. ... 0. 0. 0.],2,1,3,410
[0.         0.03964851 0.00585301 ... 0.05941245 0.11183443 0.22744325],[269.02948 288.31564 285.717   ... 333.88437 332.2059  343.25674],[317.0482  334.39758 327.76505 ... 393.53613 388.4217  392.74097],[279.71512 289.186   283.58502 ... 345.47995 341.5482  346.92502],[0.         0.         0.         ... 0.         0.03778695 0.        ],2,1,3,411
[0.01525636 0.11617316 0.10761671 ... 0.3652173  0.07588065 0.10303485],[283.3126  310.74887 306.58755 ... 378.72296 302.1679  279.53998],[310.44632 335.9209  334.7966  ... 408.59888 329.68362 313.23727],[276.76993 300.86975 299.77042 ... 372.66675 292.94153 276.55765],[0. 0. 0. ... 0. 0. 0.],2,1,3,412
[0.00369137 0.15720582 0.06018903 ... 0.03889753 0.17875715 0.7164792 ],[292.24722 325.90082 314.43036 ... 293.50674 304.44476 400.76123],[304.62015 345.84497 325.938   ... 305.13953 324.0465  409.50388],[269.35968 307.7774  286.9968  ... 261.98    282.6534  372.13422],[0.         0.         0.         ... 0.         0.10713544 0.        ],2,1,3,413
"[ 0.21508333  0.29005942  0.04134849 ... -0.04513837  0.16012146
  0.47222245]",[419.23517 459.55276 411.3246  ... 398.49258 414.08743 409.60648],[508.3913  545.92755 485.00723 ... 470.61594 514.31885 504.4855 ],[444.0392  484.3466  415.29736 ... 400.44412 445.81094 436.20734],[0.         0.         0.         ... 0.         0.06574063 0.        ],2,1,3,414
[0.13818057 0.3811851  0.01898481 ... 0.19968729 0.28958982 0.11143879],[292.504   334.05685 266.4065  ... 308.82547 326.4747  289.92926],[371.77563 436.66025 346.98718 ... 413.7436  433.16025 377.3718 ],[329.14917 392.61884 307.46503 ... 370.67807 385.9991  333.2764 ],[0. 0. 0. ... 0. 0. 0.],2,1,3,415
[0.3201112  0.13094667 0.13432886 ... 0.12519634 0.02798828 0.13212371],[378.25568 347.58524 353.10794 ... 367.30115 338.76135 346.49432],[378.25568 347.58524 353.10794 ... 367.30115 338.76135 346.49432],[294.9434  262.69357 268.111   ... 277.66833 248.64626 254.27032],[0. 0. 0. ... 0. 0. 0.],2,1,3,416
[0.24271812 0.         0.         ... 0.18006353 0.20549898 0.3846413 ],[335.1725  297.48306 317.56937 ... 373.76236 377.48694 367.89404],[340.9925  307.42856 326.1504  ... 386.3158  384.8722  373.50375],[268.50052 233.04623 247.05342 ... 305.63965 299.18774 292.27036],[0.         0.         0.         ... 0.         0.02855529 0.        ],2,1,3,417
"[ 0.11956677  0.23264931  0.22507128 ... -0.03018947  0.12548469
  0.17254925]",[295.53665 322.01282 324.5501  ... 272.70645 304.58545 301.10443],[316.11203 343.85477 347.23236 ... 299.19916 329.52283 324.0166 ],[275.7147  301.33847 300.51437 ... 251.62585 282.34976 279.1319 ],[0.         0.         0.         ... 0.         0.02886417 0.        ],2,1,3,418
[0.37162718 0.04930433 0.01923417 ... 0.01027591 0.05634614 0.        ],[291.64838 234.3733  219.2685  ... 239.40063 257.9207  215.8051 ],[429.89474 360.70395 360.26315 ... 388.67764 399.82895 347.04605],[384.38022 315.563   310.97778 ... 338.12546 350.2431  294.09756],[0. 0. 0. ... 0. 0. 0.],2,1,3,419
[0.19694969 0.2819786  0.19017696 ... 0.15650474 0.02871089 0.2679021 ],[202.68076 245.33333 233.50305 ... 225.595   199.74773 209.10873],[253.59863 307.38095 290.5238  ... 288.41498 253.05443 278.57822],[228.93738 283.70505 265.57162 ... 269.471   234.39777 260.57034],[0.         0.         0.         ... 0.         0.02812591 0.        ],2,1,3,420
[0.05930134 0.08207276 0.04317403 ... 0.1732246  0.18916048 0.04313701],[306.6762  314.77155 311.89944 ... 363.7379  369.4545  317.49796],[325.31775 335.28973 330.8972  ... 390.00934 391.70093 340.70093],[284.13132 294.609   291.22333 ... 346.3683  346.44736 297.7612 ],[0.         0.         0.02713703 ... 0.         0.         0.        ],2,1,3,421
"[ 0.07321563  0.10417427  0.06720465 ... -0.03839816  0.08886987
  0.07639194]",[224.5447  245.21918 244.78859 ... 236.35173 252.46364 235.83391],[272.4151  296.5912  303.1824  ... 291.8176  310.27045 292.60376],[235.65977 259.49554 264.0427  ... 252.98048 271.32977 255.26059],[0. 0. 0. ... 0. 0. 0.],2,1,3,422
[0.12807988 0.1323247  0.15289994 ... 0.11900693 0.17507492 0.13722016],[264.84998 297.53653 307.3969  ... 293.8907  299.5727  262.0079 ],[330.28204 362.83078 371.33334 ... 364.13333 370.93848 324.3641 ],[299.05328 333.0833  338.95398 ... 335.29913 339.5391  295.2955 ],[0. 0. 0. ... 0. 0. 0.],2,1,3,423
[0.01204852 0.18794788 0.11150849 ... 0.077253   0.08737264 0.46010616],[259.07394 293.7846  283.78732 ... 280.3257  262.4758  301.26657],[278.46875 316.475   311.275   ... 313.14374 296.44376 333.65   ],[239.13194 277.45755 270.76477 ... 270.08536 256.86386 295.85834],[0.         0.         0.02260015 ... 0.         0.06581248 0.        ],2,1,3,424
[0.31769335 0.36353233 0.43374658 ... 0.05843558 0.2191388  0.27082333],[311.3562  368.70367 386.77502 ... 346.88873 348.22626 375.8471 ],[364.37415 424.17688 444.5238  ... 376.40137 399.78232 403.08844],[328.5117  381.03986 406.1828  ... 335.30078 355.3728  364.45673],[0. 0. 0. ... 0. 0. 0.],2,1,3,425
"[ 0.06687246  0.10342564  0.16621485 ... -0.2887006   0.06070309
  0.3257491 ]",[390.1331  395.43463 440.22003 ... 267.32568 350.74158 340.0869 ],[439.65363 455.01675 492.04468 ... 300.9497  383.60895 376.4916 ],[388.17062 401.0976  429.54367 ... 244.40517 330.14908 324.01993],[0.         0.         0.         ... 0.         0.05371459 0.        ],2,1,3,426
[0.68873185 0.2637388  0.35723123 ... 0.40626776 0.18306506 0.12290006],[527.1861  436.51245 486.9656  ... 537.7652  447.8569  419.48706],[561.4136  453.74075 502.01236 ... 549.9383  462.0432  431.16666],[515.0528  407.4316  452.81265 ... 500.82324 408.20224 381.0628 ],[0. 0. 0. ... 0. 0. 0.],2,1,3,427
[0.27811447 0.235596   0.01397442 ... 0.01705689 0.01779507 0.        ],[295.0961  311.70364 273.7463  ... 285.1982  279.7434  245.00424],[295.8522  314.2414  274.57635 ... 285.97043 281.53696 245.85222],[259.81656 277.8364  238.12354 ... 247.72658 243.15721 209.27374],[0. 0. 0. ... 0. 0. 0.],2,1,3,428
[0.41463858 0.3288691  0.45630676 ... 0.18383217 0.05668183 0.08046694],[372.7254  373.51483 403.29037 ... 360.95538 317.57352 308.09647],[463.078   467.92908 517.6312  ... 466.72342 428.76596 420.80142],[419.33588 428.0305  472.40787 ... 420.21774 382.62708 376.93338],[0. 0. 0. ... 0. 0. 0.],2,1,3,429
[0.33799314 0.13903941 0.22387536 ... 0.10497018 0.43381423 0.41106668],[385.91183 401.6741  431.59763 ... 440.51328 495.76398 461.71536],[389.5909  404.52274 440.5606  ... 443.10605 501.72726 469.4091 ],[306.87204 315.7632  349.32874 ... 345.58154 399.74396 371.38092],[0.         0.         0.         ... 0.07861379 0.         0.        ],2,1,3,430
[0.17189081 0.29675618 0.24839377 ... 0.12381241 0.12752965 0.2724275 ],[297.94968 345.31757 341.5665  ... 334.52426 338.34512 363.48642],[324.58334 370.01514 378.83334 ... 374.36365 374.8409  395.81818],[261.85254 305.5813  314.70065 ... 305.2165  304.491   327.6736 ],[0.        0.        0.        ... 0.        0.0346749 0.       ],2,1,3,431
"[ 0.06263301  0.11342919 -0.01035411 ...  0.07270468  0.02209723
  0.14349289]",[179.8777  192.73018 177.10065 ... 267.10873 249.39577 291.1358 ],[268.92517 292.14966 276.40817 ... 383.91156 365.02722 389.85715],[227.1468  247.49313 232.2884  ... 335.7579  316.6787  340.5735 ],[0. 0. 0. ... 0. 0. 0.],2,1,3,432
[0.24558459 0.13530831 0.12725359 ... 0.01706935 0.1311163  0.13473065],[283.1603  286.99463 292.66174 ... 280.72458 304.1974  282.32492],[296.7457  301.98706 312.01724 ... 300.73276 315.2888  306.0905 ],[258.55658 262.94165 271.4128  ... 257.09357 274.59113 265.00845],[0. 0. 0. ... 0. 0. 0.],2,1,3,433
[0.707655   0.12849374 0.08144527 ... 0.07173975 0.11899491 0.32499754],[592.8987  448.5911  454.84036 ... 472.53754 465.38922 459.34106],[627.75977 469.46753 471.35065 ... 493.6948  493.68832 488.32468],[557.1451  396.11923 385.49997 ... 417.23145 418.44202 417.708  ],[0.        0.        0.        ... 0.        0.0478096 0.       ],2,1,3,434
"[ 0.08913343  0.2334587   0.16628812 ... -0.07701658  0.22498502
  0.3631912 ]",[317.42307 380.56412 376.66025 ... 340.31412 423.81412 424.02563],[317.42307 380.56412 376.66025 ... 340.31412 423.81412 424.02563],[267.65933 331.3334  325.7671  ... 288.7917  371.99527 371.57275],[0.         0.         0.         ... 0.         0.06139723 0.        ],2,1,3,435
[0.20837285 0.44193375 0.18691988 ... 0.17244412 0.64603    0.4965614 ],[288.7102  354.65567 322.66354 ... 310.4993  405.5749  361.60318],[346.81955 404.81955 357.3233  ... 356.0752  457.06766 404.45865],[316.89105 377.4924  325.76596 ... 328.162   424.37656 373.86734],[0.         0.         0.         ... 0.08478389 0.         0.        ],2,1,3,436
[0.18227649 0.07302019 0.0530033  ... 0.06945897 0.02906133 0.23848963],[256.0808  248.5532  223.76208 ... 245.2532  229.08983 274.87805],[361.27274 346.05594 342.11188 ... 361.54544 352.95105 382.11887],[338.46594 324.78622 320.5774  ... 340.71014 330.0472  361.4814 ],[0.         0.         0.         ... 0.         0.03856397 0.        ],2,1,3,437
[0.3463075  0.30815968 0.         ... 0.20180368 0.         0.16904499],[399.24628 405.6567  341.57462 ... 410.4776  356.13434 377.96268],[399.24628 405.6567  341.57462 ... 410.4776  356.13434 377.96268],[347.89062 349.5318  287.53857 ... 353.2555  303.4536  319.68884],[0. 0. 0. ... 0. 0. 0.],2,1,3,438
[0.12659992 0.2974357  0.20259058 ... 0.12590314 0.         0.        ],[209.16348 236.01332 201.34552 ... 210.68483 212.02884 190.65608],[368.4918  414.86887 402.36066 ... 404.15848 368.4153  352.20764],[324.29077 371.58795 356.01773 ... 357.43622 320.0657  304.18668],[0. 0. 0. ... 0. 0. 0.],2,1,3,439
"[ 0.          0.1553957   0.24730454 ... -0.0300335   0.2087816
  0.38011593]",[251.72766 263.31744 270.5129  ... 274.54126 312.66418 304.85593],[338.72726 373.02423 413.43637 ... 387.67273 443.0788  442.67273],[279.07254 319.35406 351.2272  ... 327.88675 384.40396 382.65216],[0.         0.         0.         ... 0.         0.06695343 0.        ],2,1,3,440
[0.02802988 0.10145751 0.044356   ... 0.06098052 0.10673255 0.0747598 ],[279.29254 303.55554 303.56577 ... 329.34528 319.64062 288.29114],[317.0376 339.9699 331.0752 ... 360.594  362.2782 329.9624],[285.76276 310.19186 298.90372 ... 326.9332  334.2306  298.71637],[0. 0. 0. ... 0. 0. 0.],2,1,3,441
[0.26289353 0.2949776  0.29966593 ... 0.02812626 0.20417255 0.17734568],[353.6063  346.6011  361.64148 ... 344.97418 376.10367 328.10837],[385.1337  400.13904 402.85562 ... 376.00534 416.80212 360.13904],[340.2288  348.56433 353.04178 ... 330.05222 369.62738 311.8803 ],[0.        0.        0.        ... 0.0330141 0.        0.       ],2,1,3,442
[0.04290128 0.11575729 0.13577043 ... 0.0881868  0.13786161 0.0044674 ],[285.26202 304.369   317.72192 ... 319.123   323.40106 289.96793],[285.26202 304.369   317.72192 ... 319.123   323.40106 289.96793],[245.91571 264.99966 276.62036 ... 279.021   280.6077  245.77258],[0. 0. 0. ... 0. 0. 0.],2,1,3,443
"[ 0.5359284   0.1315092  -0.13732553 ...  0.02360218  0.00903073
  0.16522352]",[537.8221  474.69937 441.58282 ... 515.7055  503.49692 520.5092 ],[537.8221  474.69937 441.58282 ... 515.7055  503.49692 520.5092 ],[426.3177  366.0217  324.68835 ... 404.19998 394.33316 409.07382],[0.         0.         0.03319593 ... 0.         0.         0.        ],2,1,3,444
"[ 0.08282178  0.02452473  0.12920006 ... -0.09162374  0.29571876
  0.4014125 ]",[264.2886  250.3171  288.29733 ... 245.2277  271.2911  312.4587 ],[391.5056  389.47192 424.26965 ... 341.25842 433.809   454.34833],[360.52435 358.00925 393.8845  ... 308.41037 399.61313 422.42255],[0.         0.01998417 0.         ... 0.         0.06665616 0.        ],2,1,3,445
"[ 0.12611344  0.35838026 -0.06281186 ... -0.02794453 -0.05613804
  0.08408257]",[356.0515  452.35315 336.8994  ... 366.50952 346.32602 365.01752],[381.56287 482.25748 367.41916 ... 391.98804 374.23953 390.4072 ],[342.65552 439.24033 321.99408 ... 348.79446 328.80112 347.7869 ],[0. 0. 0. ... 0. 0. 0.],2,1,3,446
[0.09555794 0.         0.06835852 ... 0.0747273  0.4227837  0.37200192],[222.29398 232.63783 272.20004 ... 261.34885 334.14227 328.62744],[377.19766 354.      397.09885 ... 424.2965  519.72675 477.53488],[348.62946 322.8915  369.83334 ... 388.60773 487.22208 445.26703],[0.         0.         0.         ... 0.07605444 0.         0.        ],2,1,3,447
"[ 0.04833638  0.07947724 -0.10483705 ...  0.18860708  0.2578298
  0.18440086]",[306.53366 335.6402  298.85123 ... 336.10226 353.85074 314.50497],[340.60355 364.3432  333.65088 ... 379.36096 393.98224 341.00592],[301.98566 323.42487 291.1027  ... 338.35522 352.62744 302.60306],[0.         0.         0.         ... 0.04637513 0.         0.        ],2,1,3,448
[0.28534117 0.         0.28726187 ... 0.01613093 0.15431148 0.07954022],[267.65775 215.62083 271.38766 ... 207.15837 255.49507 203.99973],[319.2245  278.2755  348.9745  ... 267.2602  299.65308 265.51532],[300.26642 258.51913 329.88315 ... 247.90253 278.21085 245.64954],[0. 0. 0. ... 0. 0. 0.],2,1,3,449
[0.2610938  0.0735367  0.01209953 ... 0.05561358 0.01351704 0.11139653],[337.14282 309.54718 308.0902  ... 327.30197 296.78555 286.0361 ],[382.96  355.704 348.424 ... 374.896 348.536 340.144],[372.61545 346.8776  338.42517 ... 363.90442 337.8159  329.30832],[0. 0. 0. ... 0. 0. 0.],2,1,3,450
[0.10080732 0.21755487 0.18180767 ... 0.08686987 0.17145458 0.09938902],[257.12048 330.56253 344.2542  ... 321.7101  322.7836  290.55447],[404.43704 458.25186 460.99258 ... 453.74814 476.5926  424.33334],[378.3697  434.80594 432.73804 ... 426.6813  444.81757 398.15317],[0. 0. 0. ... 0. 0. 0.],2,1,3,451
"[ 0.23020689 -0.02825376  0.00283502 ...  0.47594744  0.17700644
  0.25231695]",[328.35757 297.7892  304.35648 ... 479.9985  392.32077 403.424  ],[372.5344  326.8254  341.5873  ... 528.8624  434.7513  446.68253],[346.31784 295.99792 311.4631  ... 493.59125 400.4346  412.7761 ],[0. 0. 0. ... 0. 0. 0.],2,1,3,452
"[ 0.20072128  0.         -0.03678245 ...  0.         -0.05553811
  0.24552622]",[308.99677 276.51224 285.68875 ... 334.12872 320.7888  374.90747],[340.07693 312.99408 321.01776 ... 372.63315 354.92307 404.8698 ],[277.89716 245.09988 251.88588 ... 298.1541  281.13168 331.65942],[0.         0.         0.03657992 ... 0.         0.02608888 0.        ],2,1,3,453
[0.2032596  0.09007208 0.03798798 ... 0.04534416 0.00657006 0.23028861],[101.0716   91.12343  96.90618 ... 166.60637 117.27361 159.22333],[256.      238.95284 237.01888 ... 421.5566  408.2264  454.71698],[250.28809 233.12839 231.4907  ... 411.86865 398.88297 446.14194],[0. 0. 0. ... 0. 0. 0.],2,1,3,454
[0.26270825 0.04588133 0.17011712 ... 0.08196735 0.23760934 0.07560147],[366.28064 328.6153  351.48557 ... 386.6262  413.64243 344.08026],[376.2381  340.96826 362.03967 ... 398.70636 419.03174 354.64285],[327.75708 290.55695 320.12427 ... 342.85098 369.46875 303.2849 ],[0. 0. 0. ... 0. 0. 0.],2,1,3,455
[0.4041252  0.17722075 0.18431695 ... 0.4137486  0.28174078 0.33435792],[311.13168 301.49484 303.39435 ... 355.004   302.96326 311.4686 ],[336.08  331.104 339.264 ... 397.064 347.064 354.008],[298.80655 291.02142 299.68677 ... 355.57254 310.70816 317.26678],[0. 0. 0. ... 0. 0. 0.],2,1,3,456
[0.1543711  0.1740379  0.14465354 ... 0.2595176  0.50265485 0.41210538],[278.1883  315.58954 312.00336 ... 358.5968  386.13788 336.24823],[334.73077 376.36923 378.8923  ... 422.84616 456.84616 400.76154],[286.8691  330.41916 327.2375  ... 372.09402 408.40225 354.65982],[0.         0.         0.         ... 0.04983406 0.         0.        ],2,1,3,457
[0.0849613  0.1800391  0.14809379 ... 0.15197991 0.22497885 0.25265953],[327.25214 301.25424 338.10464 ... 335.87762 368.82242 367.27386],[450.27704 491.85135 501.0946  ... 533.5946  544.4595  553.62164],[390.92233 432.43823 430.28833 ... 463.1424  481.3782  488.06818],[0. 0. 0. ... 0. 0. 0.],2,1,3,458
"[ 0.29276952  0.1341718   0.03576822 ...  0.05643464 -0.02642998
  0.18034561]",[317.24948 357.49924 339.36874 ... 346.95584 302.4991  352.43668],[411.73563 438.65518 411.54022 ... 441.28162 395.33334 454.52875],[379.29187 405.5553  376.16306 ... 400.01703 357.12784 411.20636],[0.         0.         0.         ... 0.         0.02535214 0.        ],2,1,3,459
[0.         0.08613046 0.10762835 ... 0.09179297 0.15516835 0.23601587],[212.68465 219.84265 259.66272 ... 235.18054 265.08557 239.96063],[282.1056  310.52173 322.46585 ... 322.75775 322.9379  330.45963],[249.13217 277.7127  289.33395 ... 287.3665  284.95334 294.45938],[0.         0.         0.03148241 ... 0.         0.         0.        ],2,1,3,460
"[ 0.40860552  0.06318187  0.37813538 ... -0.00362809  0.10342132
  0.09054773]",[430.07803 375.69592 461.99994 ... 417.90625 410.8494  392.55   ],[511.11612 441.79355 538.8     ... 478.75485 494.09677 453.60645],[411.39273 335.05597 424.00726 ... 367.69617 395.30344 343.09412],[0. 0. 0. ... 0. 0. 0.],2,1,3,461
"[ 0.31095785  0.3837191   0.06992681 ... -0.06660426  0.24939954
  0.1549565 ]",[314.0554  346.72052 265.54724 ... 293.78857 343.84024 314.6597 ],[370.66666 406.21014 343.25363 ... 343.28262 420.75363 357.10144],[316.41678 353.5507  287.11057 ... 281.49084 363.55383 301.69272],[0. 0. 0. ... 0. 0. 0.],2,1,3,462
"[ 0.53203195  0.06212247  0.21613224 ... -0.00383952  0.15668276
  0.4257667 ]",[340.40005 270.58005 298.74307 ... 266.9049  290.1933  332.14343],[362.1962  283.34177 314.10126 ... 286.31647 313.88608 348.29114],[322.2137  241.78505 273.06165 ... 243.34113 272.57602 306.34985],[0.         0.         0.         ... 0.         0.06712499 0.        ],2,1,3,463
[0.31238326 0.3278319  0.41290766 ... 0.20158936 0.39879844 0.7281707 ],[372.77032 427.2409  448.7051  ... 436.25278 449.77032 509.54108],[394.312 440.48  465.008 ... 463.648 486.928 526.856],[311.41245 349.63986 373.2113  ... 367.85468 392.08154 436.14365],[0.         0.         0.         ... 0.         0.10785397 0.        ],2,1,3,464
"[ 0.05736721  0.16062535 -0.04359097 ... -0.04019834  0.11932623
  0.18138815]",[244.82738 289.81296 252.5182  ... 294.98483 319.55933 275.04416],[356.0889  412.90372 364.39258 ... 417.12592 455.5037  428.94073],[341.56296 397.86862 348.08304 ... 398.1944  436.87866 409.04877],[0.         0.         0.03166108 ... 0.         0.02632149 0.        ],2,1,3,465
"[ 0.298349    0.24426317  0.20149332 ...  0.1054711  -0.05867842
  0.17878565]",[254.54831 236.62541 236.97054 ... 230.37024 211.91904 231.613  ],[414.4762  408.58502 401.5374  ... 406.9592  352.30612 387.9864 ],[371.2996  367.2087  358.97803 ... 357.8351  306.8534  343.69812],[0.         0.         0.         ... 0.         0.03101898 0.        ],2,1,3,466
[0.01424948 0.3537133  0.25500086 ... 0.16938093 0.24177824 0.2410165 ],[282.7428  364.13437 378.62985 ... 347.6551  364.92514 336.9538 ],[313.6899  417.5814  413.9845  ... 386.99225 405.93024 387.16278],[266.775   372.7572  369.98032 ... 340.71375 358.092   339.70667],[0. 0. 0. ... 0. 0. 0.],2,1,3,467
[0.11859321 0.00872708 0.12302656 ... 0.06448819 0.0040003  0.07838158],[320.8342  298.49057 335.90878 ... 338.15915 328.0132  337.904  ],[333.11765 314.62943 348.4647  ... 355.37057 340.3941  350.28235],[280.099   259.41498 289.9467  ... 297.8672  279.59293 292.51874],[0. 0. 0. ... 0. 0. 0.],2,1,3,468
"[ 0.3319221   0.25138772  0.431171   ... -0.04674264  0.14247777
  0.13607466]",[375.0634  349.19778 424.47284 ... 300.99796 328.96243 333.08392],[493.86765 474.5     534.91174 ... 431.6397  464.61765 451.125  ],[405.2791  385.66623 436.23636 ... 347.25943 373.06613 359.65082],[0. 0. 0. ... 0. 0. 0.],2,1,3,469
[0.29312912 0.26366863 0.09666842 ... 0.04903793 0.33825517 0.33384177],[199.90778 171.85587 142.0576  ... 135.65982 164.1656  191.5989 ],[386.56934 381.8905  348.1168  ... 380.82483 446.8467  405.64963],[365.11728 359.96445 325.56754 ... 357.12897 423.6234  382.09094],[0.         0.         0.         ... 0.04795951 0.         0.        ],2,1,3,470
[0.38694963 0.17923534 0.20010337 ... 0.09507529 0.06875697 0.441962  ],[365.1228  333.74268 350.52048 ... 390.4152  370.59064 407.9883 ],[365.1228  333.74268 350.52048 ... 390.4152  370.59064 407.9883 ],[303.536   270.87723 284.58188 ... 320.62286 305.04578 341.6553 ],[0.         0.         0.         ... 0.         0.05847161 0.        ],2,1,3,471
"[ 0.4290886   0.35334462  0.17945422 ... -0.03435522  0.08874478
  0.29821447]",[434.83438 420.3544  385.41986 ... 360.00323 388.51727 422.58444],[447.9695  432.57925 405.52438 ... 378.02438 402.5305  440.85367],[384.8356  374.92932 338.57202 ... 309.5944  336.8419  381.99094],[0.         0.         0.         ... 0.         0.04652415 0.        ],2,1,3,472
[0.         0.25260735 0.25949234 ... 0.3643869  0.33234885 0.3150133 ],[257.3869  351.8043  365.276   ... 400.97287 382.03912 368.53897],[287.02957 390.37277 394.3787  ... 435.50888 416.071   403.11243],[241.83942 341.0347  343.07666 ... 386.0541  368.22675 354.2571 ],[0.03363393 0.         0.         ... 0.         0.         0.        ],2,1,3,473
"[ 0.6617503   0.49920645  0.6708445  ... -0.02471906  0.29776257
  0.30534026]",[522.65656 509.39227 552.31506 ... 389.79407 458.4271  439.55508],[534.9625  525.16876 581.3688  ... 407.1125  476.0125  454.20624],[478.67603 467.73022 518.26685 ... 346.44208 414.04965 395.23157],[0.         0.         0.08985233 ... 0.         0.04898108 0.        ],2,1,3,474
[0.         0.30280164 0.18959996 ... 0.00459901 0.08720589 0.25776553],[313.6537  419.13776 389.73972 ... 365.52942 383.5052  389.94666],[316.22223 421.67725 392.418   ... 372.90475 386.72485 397.21692],[254.3166  358.108   331.91595 ... 314.92725 322.72705 331.96036],[0.         0.         0.         ... 0.         0.03318478 0.        ],2,1,3,475
[0.21585871 0.46843025 0.05289732 ... 0.07139596 0.214055   0.19893028],[321.20767 407.2578  325.1363  ... 342.5416  356.9115  333.58075],[324.07947 409.39734 327.298   ... 344.56293 360.72186 334.19867],[259.54468 346.91446 268.18988 ... 279.47278 297.66754 273.24115],[0. 0. 0. ... 0. 0. 0.],2,1,3,476
[0.05127179 0.336087   0.48693657 ... 0.1915082  0.07891347 0.        ],[357.40894 428.04538 483.0407  ... 449.8868  417.54367 383.71707],[396.27585 489.8506  545.52875 ... 497.55746 463.28162 418.82184],[334.56607 429.08282 481.9967  ... 432.8656  396.57166 359.52567],[0.06255415 0.         0.         ... 0.         0.         0.        ],2,1,3,477
[0.37978417 0.10919397 0.12652256 ... 0.08471589 0.24084571 0.18173027],[444.74927 390.09552 403.58273 ... 402.67032 433.7495  391.7818 ],[455.49725 394.96176 409.45355 ... 410.21857 442.66666 399.13113],[370.33606 308.344   313.16476 ... 316.83047 354.16956 306.46716],[0.         0.         0.         ... 0.03252228 0.         0.        ],2,1,3,478
[0.33045813 0.1358749  0.15505151 ... 0.02460944 0.03943627 0.56648344],[477.4341  432.63565 450.60464 ... 441.08527 430.3721  537.68994],[477.4341  432.63565 450.60464 ... 441.08527 430.3721  537.68994],[390.32678 348.89172 356.0068  ... 355.9281  342.56882 446.5097 ],[0.         0.         0.         ... 0.         0.08350486 0.        ],2,1,3,479
[0.25124058 0.24305736 0.33532095 ... 0.03401228 0.01631672 0.16652955],[340.5034  341.19287 389.6704  ... 348.29428 359.74442 404.58133],[420.48227 428.2837  463.3688  ... 423.19858 422.078   459.04965],[390.4663  395.80093 433.0291  ... 390.2763  383.64322 425.95764],[0. 0. 0. ... 0. 0. 0.],2,1,3,480
"[ 0.18477665 -0.00101453  0.06147565 ...  0.03984198  0.04858706
  0.        ]",[364.21332 361.2258  379.27213 ... 418.04007 407.70908 372.32288],[434.      403.25385 440.19232 ... 483.2923  459.84616 437.4923 ],[360.75824 321.40338 366.12283 ... 398.78073 384.76196 365.90445],[0. 0. 0. ... 0. 0. 0.],2,1,3,481
[0.53758717 0.14157407 0.14508428 ... 0.41931373 0.5895913  0.40329537],[402.72482 374.9636  407.7694  ... 409.44363 410.0005  438.04153],[519.7566  467.26974 479.17105 ... 564.7434  604.8289  553.0658 ],[419.40097 367.48895 370.28644 ... 459.1173  503.6232  442.13028],[0.         0.         0.         ... 0.02981496 0.         0.        ],2,1,3,482
[0.18080431 0.20315968 0.30762073 ... 0.15597606 0.1619557  0.06830972],[341.158   368.7814  389.60324 ... 369.22058 353.53687 320.50748],[424.1309  434.87436 467.96335 ... 430.55496 414.18326 364.98428],[370.57892 384.45612 414.34973 ... 378.76892 363.999   315.175  ],[0. 0. 0. ... 0. 0. 0.],3,1,3,0
"[ 0.27283633  0.34862885  0.263389   ... -0.00548402 -0.1882818
  0.3047551 ]",[321.06644 350.83127 348.17767 ... 316.42172 274.45987 332.9348 ],[373.89304 403.4372  387.54883 ... 367.78604 319.92093 395.8465 ],[328.1106  355.4867  337.07803 ... 322.76605 268.87238 344.88284],[0.         0.         0.         ... 0.         0.04911761 0.        ],3,1,3,1
[0.24527098 0.54682314 0.15930147 ... 0.15844476 0.2999094  0.34998107],[353.94522 443.61426 382.7123  ... 407.21103 426.12708 426.24414],[361.30984 465.24414 395.38498 ... 411.52112 450.0798  433.78403],[307.10846 408.2742  342.2281  ... 350.81796 388.46338 369.20847],[0.         0.         0.         ... 0.         0.03453306 0.        ],3,1,3,2
[0.26878932 0.08548553 0.         ... 0.04995357 0.1601113  0.26399544],[339.02835 326.24533 318.17334 ... 351.07516 370.93036 360.37778],[342.4417  328.50308 320.60123 ... 355.14725 378.1043  363.52762],[301.6412  286.3273  276.8651  ... 315.48972 334.92444 322.82837],[0.         0.         0.         ... 0.         0.03403508 0.        ],3,1,3,3
"[ 0.16321792 -0.01890854 -0.05033049 ...  0.38812262  0.341909
  0.10272968]",[251.27179 235.75996 226.74596 ... 337.47565 322.11707 269.9348 ],[270.49335 250.80667 256.8     ... 366.68668 355.3     299.84668],[234.02682 216.79344 221.75093 ... 327.40994 317.02237 262.4528 ],[0. 0. 0. ... 0. 0. 0.],3,1,3,4
[0.41811904 0.37011915 0.25304502 ... 0.09196117 0.05865501 0.01991583],[281.68106 332.5754  311.65182 ... 314.93814 263.73004 264.50412],[321.81708 364.58536 349.7439  ... 354.57925 325.4634  311.2866 ],[288.11984 328.42184 311.8694  ... 315.40738 290.11703 273.51706],[0. 0. 0. ... 0. 0. 0.],3,1,3,5
[0.14911301 0.06719103 0.14173973 ... 0.10192353 0.14604619 0.20224766],[356.92413 366.27127 400.26062 ... 373.17517 372.47574 366.74316],[403.1649  392.26065 436.07446 ... 412.8617  418.43085 399.0532 ],[369.0153  357.8613  397.64243 ... 375.96976 384.64642 361.92453],[0. 0. 0. ... 0. 0. 0.],3,1,3,6
[0.17187573 0.13576303 0.23267199 ... 0.0987029  0.3840231  0.        ],[466.51016 456.443   486.95758 ... 509.24323 571.8958  408.76663],[470.67526 466.1701  505.18042 ... 517.2783  587.1495  416.56186],[388.8378  392.55066 421.18335 ... 427.73947 504.9234  331.94885],[0. 0. 0. ... 0. 0. 0.],3,1,3,7
[0.20717858 0.1051032  0.1067732  ... 0.24622332 0.10609265 0.39362812],[276.97308 275.7365  276.46564 ... 314.77625 275.46582 304.87146],[298.88834 302.9466  305.38834 ... 342.45145 298.69904 329.62622],[261.31943 263.59085 264.53278 ... 302.88718 257.669   290.99997],[0.         0.         0.         ... 0.         0.03648145 0.        ],3,1,3,8
[0.29013455 0.27123445 0.12500532 ... 0.11159146 0.07204774 0.10898288],[295.3374  314.65048 288.05566 ... 289.98483 285.9184  286.80783],[364.68604 382.84885 353.      ... 352.4535  345.33722 344.11047],[316.72263 335.77954 302.50638 ... 303.3773  291.92667 296.49402],[0. 0. 0. ... 0. 0. 0.],3,1,3,9
[0.         0.10191686 0.2023335  ... 0.32759726 0.17650253 0.        ],[296.05396 333.84082 377.7732  ... 421.92657 367.00986 324.78915],[302.4486  351.4673  382.4486  ... 431.76636 378.86447 331.6916 ],[256.62268 306.83057 335.94183 ... 384.90927 332.64914 283.6826 ],[0. 0. 0. ... 0. 0. 0.],3,1,3,10
[0.18901849 0.49542007 0.42370912 ... 0.11149388 0.2658834  0.2657751 ],[370.99066 461.1274  421.18143 ... 372.72192 406.3635  353.84045],[394.2551  493.30103 473.55103 ... 398.35205 434.7449  388.9643 ],[372.39926 468.1027  449.89337 ... 374.2171  412.6792  368.5605 ],[0.04765961 0.         0.         ... 0.04486586 0.         0.        ],3,1,3,11
[0.38938397 0.10968611 0.14868356 ... 0.01385113 0.04741311 0.        ],[311.21725 268.2253  273.23877 ... 262.6205  264.3604  238.64995],[399.40222 344.06146 358.9497  ... 340.0894  347.88828 312.60336],[390.48856 334.53265 350.19217 ... 331.30487 338.78503 303.59586],[0. 0. 0. ... 0. 0. 0.],3,1,3,12
[0.48952565 0.23701978 0.16203459 ... 0.00865401 0.02531819 0.01993203],[392.6633  397.82266 383.39297 ... 392.87823 394.26724 376.8874 ],[394.88074 401.82568 388.93118 ... 399.58258 400.2844  379.31192],[380.00485 379.8517  368.4244  ... 377.85873 382.21085 360.3051 ],[0. 0. 0. ... 0. 0. 0.],3,1,3,13
[0.12436251 0.         0.         ... 0.         0.13274215 0.28060287],[350.78403 322.329   336.27045 ... 336.28885 387.91446 424.07825],[407.45566 382.75    403.90323 ... 416.6895  448.09677 495.52017],[362.50946 332.6876  350.95743 ... 365.43625 395.4194  443.65274],[0.         0.         0.02696769 ... 0.         0.03046385 0.        ],3,1,3,14
"[ 0.09406304  0.          0.03846033 ...  0.10438266 -0.00547025
  0.05291609]",[205.60237 205.04277 210.72478 ... 230.35036 211.25789 217.09784],[258.3319  248.64255 258.88937 ... 282.93192 259.50214 267.05533],[229.10242 218.65146 227.7825  ... 254.14914 230.24083 237.57791],[0. 0. 0. ... 0. 0. 0.],3,1,3,15
[0.41611472 0.21775112 0.47443998 ... 0.18735072 0.09320377 0.61178344],[345.59964 311.8087  381.23492 ... 323.07925 309.88965 359.72122],[374.42236 337.3292  424.86334 ... 370.59628 342.21118 392.9565 ],[336.2608  299.30875 382.43317 ... 325.77496 299.23523 349.07202],[0.         0.         0.03269254 ... 0.         0.07575709 0.        ],3,1,3,16
"[ 0.          0.07607079  0.17670082 ...  0.16224445 -0.00455628
  0.18944778]",[226.78044 234.8095  270.37646 ... 275.87927 231.12383 275.86374],[268.35263 290.73157 325.26315 ... 331.12106 287.47894 332.89474],[243.69829 267.6826  301.10825 ... 305.7535  263.84683 308.8525 ],[0. 0. 0. ... 0. 0. 0.],3,1,3,17
"[ 0.25804263  0.1803055   0.08311014 ...  0.1162257  -0.00146491
  0.186982  ]",[241.40895 261.65128 249.20244 ... 245.38986 224.1621  244.23404],[282.2963  296.67407 282.74075 ... 276.3852  248.8963  283.6148 ],[257.842   271.42993 258.50015 ... 252.65381 224.15602 260.1962 ],[0. 0. 0. ... 0. 0. 0.],3,1,3,18
"[ 0.14456144  0.          0.23074092 ... -0.22033174  0.
  0.25716072]",[361.24524 348.32074 423.76816 ... 331.67807 379.3062  384.87445],[369.10498 362.82874 435.50278 ... 342.23206 402.56354 399.65747],[329.5035 322.9641 388.9612 ... 298.4684 360.0681 358.1236],[0.         0.021966   0.         ... 0.         0.03715962 0.        ],3,1,3,19
[0.57615376 0.64522225 0.11426476 ... 0.12878299 0.09206905 0.12135736],[332.86673 381.23672 319.70175 ... 344.0667  321.4047  295.13727],[373.83804 428.3169  350.53522 ... 381.40845 368.5845  342.50705],[350.8503  406.69183 327.07785 ... 355.8733  342.2358  316.3298 ],[0. 0. 0. ... 0. 0. 0.],3,1,3,20
"[ 0.11963575  0.41054818 -0.04647647 ...  0.10477162  0.055509
  0.04126884]",[330.86636 395.83557 296.77444 ... 348.80795 324.54236 307.95462],[392.31015 486.29947 361.43317 ... 425.73798 406.31552 379.95187],[374.08667 468.56653 339.79828 ... 407.1285  386.39215 359.52972],[0. 0. 0. ... 0. 0. 0.],3,1,3,21
[0.43092865 0.08056624 0.13737348 ... 0.         0.         0.27489543],[354.90594 313.81497 331.96274 ... 320.29788 310.48807 364.66278],[390.75577 355.51154 365.8802  ... 347.447   346.70047 402.5484 ],[351.50296 310.3594  327.13525 ... 303.73053 302.75833 360.12015],[0.         0.         0.         ... 0.         0.03654684 0.        ],3,1,3,22
[0.19868681 0.12061988 0.13452826 ... 0.04629976 0.23691969 0.        ],[315.5695  296.98343 319.3835  ... 312.1484  346.52994 266.9498 ],[330.8601  323.3316  333.08292 ... 326.7254  361.90674 277.92227],[303.04468 297.16177 304.46585 ... 295.85855 330.4013  247.13487],[0.         0.         0.         ... 0.01914626 0.         0.        ],3,1,3,23
"[ 0.23850574  0.11551329  0.3806122  ... -0.15852831  0.323433
  0.15852831]",[339.8946  316.69452 406.05917 ... 269.36502 351.43478 286.0187 ],[441.1081  420.5     495.38287 ... 338.04504 431.3784  356.3063 ],[395.76584 369.6452  446.33624 ... 286.1011  387.4558  306.19617],[0.         0.         0.         ... 0.03965149 0.         0.        ],3,1,3,24
"[ 0.336605    0.02905344 -0.06492152 ... -0.00398504  0.11102304
  0.        ]",[367.06998 319.43674 290.67673 ... 338.63773 375.99356 311.34683],[389.81674 335.57593 309.22513 ... 367.26703 395.84818 331.6178 ],[380.33618 322.1682  296.5276  ... 354.6647  384.35895 320.94818],[0. 0. 0. ... 0. 0. 0.],3,1,3,25
"[ 0.18009327  0.00884317 -0.00219024 ...  0.13879523 -0.0253609
  0.09470266]",[285.93802 263.8205  270.86658 ... 316.29932 279.7566  290.1982 ],[294.1613  272.70508 277.2811  ... 325.38248 284.08755 294.1198 ],[258.43115 235.6503  238.88972 ... 286.09015 244.60132 258.76175],[0. 0. 0. ... 0. 0. 0.],3,1,3,26
"[ 0.15796784  0.21520336  0.26481742 ... -0.04955686  0.23913772
  0.22404297]",[315.36093 329.771   352.07986 ... 300.0895  338.00375 342.06802],[339.72888 353.99554 380.05777 ... 323.48    372.8089  367.22223],[299.50305 315.78873 340.40872 ... 282.92975 334.4372  328.03125],[0.         0.         0.         ... 0.03903374 0.         0.        ],3,1,3,27
[0.03754376 0.18176094 0.00046903 ... 0.01300414 0.28683046 0.09429087],[327.94272 367.86996 327.75482 ... 302.74414 375.00085 304.51575],[371.37143 412.21143 371.97144 ... 350.25143 415.46286 350.28   ],[330.33456 370.40024 322.6446  ... 308.30374 374.3636  309.12906],[0.         0.         0.03521277 ... 0.         0.         0.        ],3,1,3,28
[0.63814205 0.4477741  0.2942931  ... 0.10363127 0.1108309  0.01311547],[384.3179  349.43073 313.13113 ... 300.99136 282.90573 250.51428],[452.1445  427.54337 401.15607 ... 353.763   349.66473 307.43353],[421.3336  398.04288 364.76425 ... 324.1422  316.55173 276.07138],[0. 0. 0. ... 0. 0. 0.],3,1,3,29
[0.20759298 0.10154928 0.19847934 ... 0.16042845 0.         0.18810569],[392.07166 374.57993 421.44016 ... 411.57196 357.62564 402.4808 ],[437.25925 418.5324  460.83334 ... 457.49536 393.66205 442.91205],[371.36948 352.36847 389.95435 ... 391.84286 328.2054  372.908  ],[0. 0. 0. ... 0. 0. 0.],3,1,3,30
"[ 0.18257575 -0.02341611  0.24235176 ... -0.06765254  0.13386281
  0.31986132]",[328.79398 300.49738 374.9839  ... 325.09888 319.83484 335.12357],[389.37244 372.55612 449.2857  ... 390.69388 410.2398  417.6837 ],[344.4822  324.23    401.81732 ... 341.82928 361.3372  368.70416],[0.         0.02916014 0.         ... 0.         0.05479432 0.        ],3,1,3,31
[0.18803248 0.09608612 0.14569989 ... 0.07255299 0.11836458 0.03391659],[380.33276 373.4264  419.87912 ... 415.8256  415.6712  388.7356 ],[491.08066 494.4086  529.7258  ... 544.14514 541.4086  502.46237],[400.60074 398.51813 428.47162 ... 441.64026 444.6365  408.32513],[0. 0. 0. ... 0. 0. 0.],3,1,3,32
"[ 0.08705162  0.1694443  -0.04064127 ...  0.06621032  0.05509647
  0.22300948]",[305.46155 336.41345 302.43268 ... 361.06732 351.      375.58173],[305.46155 336.41345 302.43268 ... 361.06732 351.      375.58173],[250.46347 274.1812  240.90494 ... 297.9438  286.1835  316.29813],[0. 0. 0. ... 0. 0. 0.],3,1,3,33
[0.23087974 0.07527655 0.12171174 ... 0.1064135  0.05783559 0.17954071],[313.51077 272.1841  300.6984  ... 303.0987  274.66348 286.8704 ],[343.49045 308.707   338.12738 ... 332.08917 299.07007 319.76434],[318.97803 285.1686  311.50046 ... 306.44547 275.1857  295.33514],[0. 0. 0. ... 0. 0. 0.],3,1,3,34
[0.01072774 0.40201274 0.22705717 ... 0.03238377 0.17811674 0.18592326],[326.84076 426.5936  401.3259  ... 367.69562 384.18967 373.94287],[333.26666 442.73334 406.4762  ... 378.85715 394.17618 385.16666],[297.2462  405.13882 366.2999  ... 340.4925  355.76566 347.75882],[0.04241847 0.         0.         ... 0.03667805 0.         0.        ],3,1,3,35
[0.07490031 0.05754928 0.19893642 ... 0.22964923 0.18953542 0.2540377 ],[349.23788 358.46442 407.12762 ... 393.6005  368.8557  367.41998],[356.07373 363.9493  414.31335 ... 409.9447  375.2304  371.78802],[322.91302 330.10733 371.46024 ... 373.48767 338.23288 333.66687],[0. 0. 0. ... 0. 0. 0.],3,1,3,36
[0.18675165 0.34604946 0.         ... 0.12912236 0.0773427  0.315531  ],[284.16174 355.76312 286.68564 ... 355.06122 348.4875  374.02167],[346.62375 386.64853 315.75247 ... 405.95544 387.5891  430.5198 ],[295.6003  333.83823 261.2873  ... 345.14114 325.66907 374.95477],[0.         0.         0.         ... 0.         0.04547507 0.        ],3,1,3,37
[0.25539696 0.10163466 0.35265714 ... 0.09340099 0.1034245  0.10703959],[354.17776 329.58102 410.19705 ... 390.16248 396.73996 358.85626],[415.84314 430.73856 514.7778  ... 480.06537 481.549   464.5621 ],[367.80502 375.9523  465.1366  ... 421.4869  423.01962 411.03207],[0. 0. 0. ... 0. 0. 0.],3,1,3,38
[0.         0.21138175 0.03080829 ... 0.23924962 0.         0.12986006],[318.04584 377.61673 342.89844 ... 412.14154 346.12302 361.38666],[336.1915  395.37234 366.84042 ... 445.03723 365.82446 381.68616],[276.5614  332.96075 297.10287 ... 378.25162 299.3758  319.77063],[0. 0. 0. ... 0. 0. 0.],3,1,3,39
[0.         0.05173068 0.254551   ... 0.04270796 0.07396957 0.15827899],[289.34122 317.14218 373.4076  ... 336.455   339.77252 350.46445],[289.34122 317.14218 373.4076  ... 336.455   339.77252 350.46445],[251.96762 281.0489  337.00723 ... 299.62103 304.2889  312.4682 ],[0.       0.031717 0.       ... 0.       0.       0.      ],3,1,3,40
[0.07439241 0.06272193 0.07873236 ... 0.06001021 0.0198736  0.03817612],[354.29608 367.02618 382.6371  ... 388.7839  366.84164 357.46866],[373.96024 394.76135 404.5     ... 416.1591  397.64206 386.9034 ],[333.41522 349.3721  358.51926 ... 368.48785 353.96555 338.78192],[0. 0. 0. ... 0. 0. 0.],3,1,3,41
"[ 0.20936081  0.          0.04157578 ...  0.11183757 -0.10643921
  0.14892618]",[358.97913 302.66574 343.60117 ... 370.7264  298.71143 341.95514],[382.9802  339.3812  369.5891  ... 404.55444 332.17822 365.60892],[352.00098 305.5568  333.58887 ... 369.77417 295.45593 331.3183 ],[0. 0. 0. ... 0. 0. 0.],3,1,3,42
[0.00798023 0.22980614 0.01992063 ... 0.22632349 0.06363986 0.24669884],[241.24019 289.22443 245.49425 ... 286.71912 242.55426 279.48712],[288.16666 357.2598  313.72058 ... 361.88235 296.7647  340.08823],[272.96347 341.4198  299.2864  ... 345.24875 280.59564 324.15225],[0.         0.         0.01942581 ... 0.         0.         0.        ],3,1,3,43
[0.5769496  0.671382   0.3449115  ... 0.31453186 0.2176744  0.23352647],[502.1761  572.54834 462.17    ... 543.6074  497.1366  465.09448],[560.7356  625.0144  518.83655 ... 589.25    551.38464 516.82214],[534.8561  594.98694 491.86047 ... 559.691   523.2951  486.33365],[0.         0.         0.03170462 ... 0.         0.         0.        ],3,1,3,44
[0.0384953  0.24476595 0.02532464 ... 0.14055732 0.01820557 0.35154063],[251.79008 321.7223  272.30383 ... 306.27567 268.15158 309.1974 ],[320.04202 378.9496  331.89496 ... 370.2479  329.30252 374.4622 ],[292.00665 345.8662  298.5752  ... 334.42142 296.677   342.04272],[0.         0.         0.         ... 0.         0.04614967 0.        ],3,1,3,45
"[ 0.18879259 -0.08367687  0.09890625 ...  0.0445466   0.163554
  0.1710281 ]",[319.14627 281.85635 316.9238  ... 336.81323 344.08777 341.6108 ],[321.13452 282.70404 320.07175 ... 339.37668 347.56952 344.02692],[254.97006 216.66743 254.80258 ... 274.40805 279.95792 277.29474],[0.         0.         0.01997069 ... 0.         0.         0.        ],3,1,3,46
[0.45460927 0.2261614  0.13912666 ... 0.14107479 0.27099714 0.5330345 ],[336.57233 330.0455  306.4885  ... 342.8443  372.99594 364.76904],[428.64706 378.0353  363.41177 ... 425.29413 443.6647  454.59412],[379.42612 327.1587  309.6024  ... 365.30576 382.77762 398.7513 ],[0.         0.         0.         ... 0.         0.06754735 0.        ],3,1,3,47
"[ 0.13300397  0.38754     0.17460112 ... -0.00231149  0.06962112
  0.37985918]",[290.25385 364.03775 318.44467 ... 304.35815 328.84238 372.8944 ],[299.84247 386.89725 346.76712 ... 328.35617 343.274   400.43835],[258.8851  346.2817  308.26947 ... 289.6118  304.43765 356.66113],[0.         0.         0.         ... 0.         0.05948625 0.        ],3,1,3,48
[0.1065539  0.02634132 0.00342281 ... 0.09988594 0.11067151 0.16752808],[344.74435 337.47574 331.70343 ... 412.03647 390.53125 410.6793 ],[379.33777 362.56445 357.71555 ... 438.87112 433.40445 439.76443],[360.31332 338.81155 333.1556  ... 412.94492 409.46725 418.8638 ],[0.         0.         0.02455762 ... 0.         0.         0.        ],3,1,3,49
[0.         0.06790052 0.03845831 ... 0.03426579 0.14148483 0.19786   ],[286.09714 319.5014  321.8567  ... 345.8872  356.66843 372.5989 ],[296.80283 333.29578 329.22064 ... 358.13614 367.9859  380.84976],[269.46704 304.5187  298.2551  ... 323.14078 338.07602 349.91547],[0. 0. 0. ... 0. 0. 0.],3,1,3,50
[0.41997346 0.22933826 0.18556398 ... 0.03776315 0.08765562 0.        ],[341.33  316.33  319.145 ... 315.3   327.58  306.775],[341.33  316.33  319.145 ... 315.3   327.58  306.775],[292.54767 264.72583 263.52078 ... 261.05798 271.93982 250.54144],[0. 0. 0. ... 0. 0. 0.],3,1,3,51
[0.20736526 0.10730962 0.13610505 ... 0.20785357 0.07622182 0.15610176],[269.65497 262.68063 267.56256 ... 302.4955  274.38553 241.58748],[305.81482 294.13757 301.57144 ... 341.12698 310.1746  274.13757],[271.17505 256.54562 262.619   ... 303.21445 272.39676 237.21098],[0. 0. 0. ... 0. 0. 0.],3,1,3,52
[0.         0.00346214 0.0908762  ... 0.1292107  0.02705414 0.07907026],[249.7061  294.08694 307.57953 ... 310.57675 282.74814 276.99585],[282.58008 321.2491  344.80426 ... 347.96085 308.03204 309.73666],[260.6202  299.04724 322.83054 ... 327.33102 288.0817  288.88892],[0.         0.         0.02331406 ... 0.         0.         0.        ],3,1,3,53
"[ 0.17257859  0.27303714 -0.01631347 ...  0.16022535  0.20486374
  0.        ]",[248.7392  292.6093  256.31583 ... 322.23163 314.88287 231.54198],[312.5634  354.62677 305.5     ... 370.669   380.64084 294.33804],[274.53308 314.42325 262.87286 ... 328.67325 338.0994  255.40768],[0. 0. 0. ... 0. 0. 0.],3,1,3,54
[0.08879294 0.6300531  0.0867232  ... 0.22564474 0.31723112 0.04283154],[331.73682 485.83148 334.78506 ... 417.8186  429.86966 361.7181 ],[385.50568 548.358   421.2841  ... 495.67615 523.4659  433.26706],[311.55505 478.04132 347.54034 ... 415.56635 440.38828 352.692  ],[0. 0. 0. ... 0. 0. 0.],3,1,3,55
[0.         0.0714003  0.07481392 ... 0.22261374 0.18315189 0.19642833],[288.82693 330.91696 332.71783 ... 420.1032  408.68475 383.44354],[297.39255 341.4504  346.8843  ... 430.57437 416.3595  396.0868 ],[263.47073 305.12106 309.23288 ... 390.42136 374.75717 359.85684],[0. 0. 0. ... 0. 0. 0.],3,1,3,56
"[ 0.03838025  0.02632224  0.05693017 ... -0.03271486  0.01535424
  0.14386274]",[307.02084 321.4627  318.38055 ... 308.4041  323.1269  340.04297],[313.6044  327.13736 336.2143  ... 320.62088 329.7802  351.97253],[269.04288 277.2452  288.24408 ... 271.89066 276.97647 301.26077],[0.        0.        0.        ... 0.        0.0195287 0.       ],3,1,3,57
[0.         0.15985861 0.19688694 ... 0.17239912 0.22845195 0.2768245 ],[278.66064 317.65735 337.16495 ... 325.29004 353.5208  344.2012 ],[299.30637 346.16763 359.02313 ... 355.86707 372.237   365.64163],[262.5986  309.19467 322.94354 ... 316.22644 328.8851  326.35635],[0.02496644 0.         0.         ... 0.02579764 0.         0.        ],3,1,3,58
[0.02951663 0.10485671 0.16169415 ... 0.00722756 0.10084469 0.01051885],[337.1478  352.26526 380.35068 ... 370.40634 377.39874 352.9201 ],[384.5122  401.1756  426.02438 ... 410.00488 421.42438 392.27805],[350.95795 373.29654 391.29092 ... 375.85254 388.3486  358.62256],[0.         0.         0.02404151 ... 0.         0.         0.        ],3,1,3,59
"[ 0.09227262  0.1211256  -0.05002515 ... -0.04816821  0.04816821
  0.        ]",[226.93742 232.5071  202.49026 ... 219.91797 232.79613 209.41379],[324.04968 344.41614 310.4472  ... 319.98758 332.9565  311.09937],[275.23907 288.36105 256.51175 ... 265.7909  277.4335  252.12407],[0. 0. 0. ... 0. 0. 0.],3,1,3,60
[0.00641058 0.29962656 0.21265092 ... 0.24805601 0.12441141 0.09587844],[218.17645 278.3425  276.65198 ... 281.88693 244.49745 232.7534 ],[314.8268  386.65363 368.99442 ... 371.93854 331.46368 309.89944],[266.10266 339.84357 321.60574 ... 320.5964  281.85562 260.03506],[0. 0. 0. ... 0. 0. 0.],3,1,3,61
[0.42643926 0.5122487  0.2543638  ... 0.09483197 0.1462135  0.20885417],[309.53207 355.07855 311.6676  ... 209.30606 208.89581 203.73996],[402.63226 440.60645 394.3871  ... 271.25162 282.5484  279.9613 ],[386.98322 425.11142 380.82175 ... 258.92627 269.58456 267.5515 ],[0.         0.         0.         ... 0.02789022 0.         0.        ],3,1,3,62
"[ 0.0866254   0.          0.12839225 ... -0.00243122  0.10171121
  0.34569123]",[339.31406 326.7136  368.85318 ... 336.04694 360.28424 405.65356],[358.46262 346.82242 386.08878 ... 350.97195 374.62616 418.4673 ],[299.74442 286.678   326.69522 ... 293.42215 313.19992 361.98837],[0.         0.02145773 0.         ... 0.         0.0507658  0.        ],3,1,3,63
"[ 0.          0.23952545  0.19135642 ... -0.07815951  0.1058435
  0.20218381]",[290.45023 354.7529  357.0291  ... 328.1935  373.2614  366.6257 ],[295.1129  366.12366 365.3172  ... 335.49463 378.22043 379.81183],[255.61977 325.8368  323.01578 ... 294.81833 336.03757 338.39212],[0.         0.         0.         ... 0.         0.03003754 0.        ],3,1,3,64
[0.         0.05185369 0.14627458 ... 0.13230895 0.1402984  0.55054975],[295.13303 324.1084  333.7651  ... 355.17682 335.06137 414.94696],[302.39655 330.29886 349.81033 ... 368.95978 350.05173 426.06897],[242.9853  267.27066 291.4466  ... 306.6988  290.5317  369.8613 ],[0.         0.02569796 0.         ... 0.         0.07931983 0.        ],3,1,3,65
[0.00865334 0.000791   0.1742045  ... 0.01428822 0.02322009 0.17246905],[278.92712 289.82663 320.5011  ... 303.8707  301.40005 278.36523],[325.77374 325.5611  375.2036  ... 355.44797 352.19003 335.45248],[306.91556 306.49057 353.13882 ... 331.24    330.66528 312.595  ],[0.         0.01999685 0.         ... 0.         0.02441294 0.        ],3,1,3,66
[0.05348364 0.03519653 0.16752188 ... 0.18065085 0.2790255  0.21328217],[329.24988 340.54532 381.76477 ... 387.20007 418.22928 359.8534 ],[372.63043 369.71738 412.      ... 433.15216 459.97284 405.86414],[354.9325  354.39688 395.7851  ... 413.3919  439.4081  387.53958],[0.         0.02395198 0.         ... 0.05296886 0.         0.        ],3,1,3,67
[0.11557358 0.06126504 0.3531449  ... 0.05483237 0.         0.43866533],[310.31564 302.584   369.54062 ... 323.1031  307.83087 352.64578],[328.49286 325.89285 394.25    ... 342.55713 323.89285 387.87143],[281.72986 274.62726 339.0474  ... 288.7533  270.45325 336.36133],[0.         0.         0.         ... 0.         0.05316658 0.        ],3,1,3,68
"[ 0.26397058 -0.08959232  0.23609117 ...  0.2746345   0.14433442
  0.49429372]",[387.3572  332.37982 423.09775 ... 444.40878 398.4719  458.15494],[416.0164  363.306   460.86887 ... 467.84152 424.29507 487.30054],[371.32602 314.9246  411.04343 ... 421.49863 375.1233  438.3798 ],[0.         0.         0.04328947 ... 0.         0.04923811 0.        ],3,1,3,69
[0.306765   0.05034603 0.3545446  ... 0.02751862 0.1702994  0.20340574],[409.61597 363.1252  462.52905 ... 404.97986 435.57593 441.5453 ],[446.00418 391.37656 484.5021  ... 448.364   489.46863 495.7615 ],[377.8749  322.9498  417.12473 ... 378.09174 418.39093 427.919  ],[0.         0.         0.         ... 0.         0.02215614 0.        ],3,1,3,70
[0.         0.05801088 0.0920234  ... 0.03004826 0.12559634 0.3656555 ],[199.05704 236.82433 233.43117 ... 315.46588 337.34814 384.97427],[231.86452 270.56128 281.47742 ... 357.40646 365.14194 428.2903 ],[217.07257 257.65018 267.1849  ... 338.53918 348.33844 408.56497],[0.         0.         0.         ... 0.         0.06103591 0.        ],3,1,3,71
"[ 0.26765186  0.09006457 -0.01612676 ... -0.04473172  0.04595431
  0.13450174]",[327.03537 307.47928 298.47977 ... 287.98502 307.17502 314.7723 ],[401.41245 386.60312 367.20233 ... 367.2607  366.49805 382.94162],[341.60294 323.7052  300.6574  ... 301.35678 304.8918  320.51706],[0.         0.         0.01870277 ... 0.         0.02053998 0.        ],3,1,3,72
[0.08079005 0.07173429 0.09042025 ... 0.00691591 0.         0.        ],[332.20813 346.31674 353.5837  ... 329.71494 322.64706 314.60632],[332.20813 346.31674 353.5837  ... 329.71494 322.64706 314.60632],[290.03442 302.56088 310.73224 ... 285.5418  283.29883 272.67715],[0.         0.         0.02011207 ... 0.         0.         0.        ],3,1,3,73
[0.         0.0634838  0.07430345 ... 0.16865332 0.27147755 0.3020845 ],[308.68433 335.9573  340.18976 ... 412.46695 437.74237 402.2125 ],[320.0733  358.0576  365.44504 ... 431.2042  461.25653 432.9267 ],[269.01767 306.9136  314.80804 ... 380.5467  406.80392 380.65298],[0.        0.        0.        ... 0.        0.0301967 0.       ],3,1,3,74
[0.21042752 0.37901497 0.43995202 ... 0.20259869 0.01216627 0.22221227],[401.04    464.6657  485.26505 ... 456.94458 389.9213  422.1401 ],[469.1243  542.90393 572.2486  ... 503.8644  437.3729  476.8305 ],[421.51428 497.10242 523.0923  ... 451.68896 386.5669  427.11246],[0. 0. 0. ... 0. 0. 0.],3,1,3,75
[0.1255962  0.04237972 0.03832877 ... 0.06593582 0.0821541  0.2818956 ],[281.4983  294.27963 288.81735 ... 319.95602 307.90747 337.76562],[339.62704 340.2869  343.14755 ... 361.11475 354.16394 385.2869 ],[314.06378 312.36328 316.3151  ... 334.47507 328.5072  359.58   ],[0.         0.         0.         ... 0.         0.03627501 0.        ],3,1,3,76
[0.35256997 0.23507667 0.16055211 ... 0.3075417  0.23406696 0.07906838],[442.78033 472.07153 464.82788 ... 570.6336  540.6523  484.98175],[463.9669  484.30463 486.66226 ... 582.8278  556.5563  494.0596 ],[414.8927  432.48486 429.9851  ... 525.6387  498.468   435.35266],[0. 0. 0. ... 0. 0. 0.],3,1,3,77
"[ 0.15576851  0.06998948  0.09389689 ... -0.02913678  0.08666585
  0.03157053]",[267.5499  279.15204 294.68457 ... 281.52576 310.3974  289.06378],[287.10593 299.15256 314.29236 ... 299.06357 325.22458 303.78815],[245.39708 256.17627 269.75867 ... 251.35185 275.8809  255.67604],[0. 0. 0. ... 0. 0. 0.],3,1,3,78
[0.3062868  0.45482516 0.41160992 ... 0.3479412  0.4015035  0.43375528],[319.89697 360.24155 360.33893 ... 388.6892  396.37137 391.2523 ],[367.12903 408.49463 408.36023 ... 422.30646 436.13977 420.9086 ],[345.2666  387.86026 386.42426 ... 400.42422 413.52072 398.40637],[0.         0.         0.         ... 0.05209799 0.         0.        ],3,1,3,79
[0.2232013  0.24570034 0.1688207  ... 0.10385043 0.         0.40567586],[420.13782 440.46277 427.3232  ... 440.32486 404.01117 473.32672],[434.08334 454.95312 439.92188 ... 456.59897 418.81772 489.35938],[358.0984  381.14523 360.92157 ... 373.12418 339.55627 412.35614],[0.        0.        0.        ... 0.        0.0450106 0.       ],3,1,3,80
"[ 0.14024262  0.20635734  0.06023204 ... -0.06489038  0.00456862
  0.12842216]",[287.2366  312.66733 295.64468 ... 288.48297 298.4768  301.97775],[301.73038 337.37256 308.61765 ... 302.2892  313.08823 312.2892 ],[268.92084 302.382   270.95355 ... 261.9715  272.4304  276.29846],[0. 0. 0. ... 0. 0. 0.],3,1,3,81
[0.26034394 0.08118553 0.11546315 ... 0.08023746 0.11214328 0.16632183],[376.59296 311.8679  305.9244  ... 320.8145  323.40536 291.80374],[435.58273 385.6259  399.41006 ... 393.1151  384.3597  365.01437],[403.98456 356.9254  369.07486 ... 362.11868 354.22845 330.80588],[0. 0. 0. ... 0. 0. 0.],3,1,3,82
[0.45475307 0.479988   0.58805525 ... 0.1641156  0.21539958 0.05908181],[353.27628 391.74594 424.73627 ... 340.86157 333.1101  294.12454],[454.3041  489.7193  518.8538  ... 413.55554 411.3918  361.20468],[414.1441  443.4845  474.70032 ... 367.08362 369.49792 316.48456],[0. 0. 0. ... 0. 0. 0.],3,1,3,83
[0.29004636 0.20138194 0.18371329 ... 0.11531423 0.02576137 0.02454233],[303.1413  286.92847 289.1302  ... 292.92697 268.2158  257.17673],[353.5916  338.29843 335.50784 ... 341.76962 315.22513 306.2042 ],[322.70612 308.83563 304.96347 ... 310.87906 282.67722 273.3035 ],[0. 0. 0. ... 0. 0. 0.],3,1,3,84
[0.15255934 0.22066374 0.17840141 ... 0.17087886 0.3596681  0.31016546],[363.0971  419.15042 393.51355 ... 408.53516 437.94968 414.70264],[439.6045  468.57462 465.19403 ... 463.20895 506.61194 460.23135],[383.05908 416.44263 409.12128 ... 406.9424  445.7588  403.45297],[0.         0.         0.         ... 0.04164655 0.         0.        ],3,1,3,85
[0.         0.4908788  0.30826712 ... 0.04091235 0.1843914  0.35233065],[358.44104 507.46298 488.38486 ... 472.1063  506.2023  494.87714],[384.6398  526.09    508.97632 ... 483.3033  523.80096 512.2938 ],[307.52823 451.75388 423.5586  ... 403.4262  443.024   432.19925],[0.04660288 0.         0.         ... 0.         0.05543086 0.        ],3,1,3,86
"[ 0.08357937 -0.03120111  0.1112676  ...  0.05696781  0.3569015
  0.12923868]",[228.58095 228.70284 268.0915  ... 251.5601  309.0349  256.1034 ],[304.6083  295.32718 326.13364 ... 315.30875 383.61752 310.1659 ],[269.05835 253.91483 289.59106 ... 277.81094 346.3985  274.73035],[0.         0.01905496 0.         ... 0.03162116 0.         0.        ],3,1,3,87
[0.15511689 0.20354773 0.2508627  ... 0.04989408 0.29240888 0.18584579],[333.74243 365.1088  381.00354 ... 342.78317 389.57132 355.45004],[405.80728 438.3021  464.2604  ... 409.34897 454.6771  414.2604 ],[375.22473 402.5074  421.3431  ... 374.17804 420.1847  379.31583],[0.         0.         0.         ... 0.04309973 0.         0.        ],3,1,3,88
[0.07384823 0.04899649 0.11853196 ... 0.19238542 0.06106611 0.2510949 ],[282.09756 285.8374  290.21323 ... 347.46207 304.1605  308.22183],[296.9514  303.2014  325.6111  ... 375.8264  338.8889  330.55554],[256.46643 263.28253 284.7834  ... 334.40375 296.31537 291.76382],[0. 0. 0. ... 0. 0. 0.],3,1,3,89
"[ 0.          0.15114316  0.14854667 ...  0.11049597 -0.00130549
  0.00130549]",[319.92004 399.34085 407.83542 ... 412.4068  360.05756 339.25446],[378.7551  472.2449  471.60205 ... 465.62244 418.14285 409.17856],[347.15063 438.10233 439.9877  ... 434.9982  386.2445  380.50403],[0.         0.01971063 0.         ... 0.         0.         0.        ],3,1,3,90
[0.2586322  0.15794164 0.21841013 ... 0.20604774 0.10616019 0.14970775],[388.0484  413.25375 412.14966 ... 449.86224 419.58304 423.25577],[467.7143  476.93878 495.09692 ... 533.9031  501.65308 498.39795],[408.55414 410.9496  433.83344 ... 471.18057 433.99048 434.7576 ],[0. 0. 0. ... 0. 0. 0.],3,1,3,91
"[ 0.23214929 -0.05938822  0.1265987  ...  0.15482599  0.08317383
  0.13064007]",[298.09546 262.7334  303.68515 ... 332.52667 307.27573 299.02432],[325.22952 288.05466 332.13663 ... 363.61203 332.6448  331.2623 ],[287.58737 248.61015 293.25308 ... 323.32355 292.2563  291.49292],[0. 0. 0. ... 0. 0. 0.],3,1,3,92
"[ 0.14617997  0.12936789  0.02563364 ... -0.1555813   0.15821362
  0.20140521]",[303.95346 314.58264 290.97485 ... 304.92206 352.4365  339.26782],[341.0435  351.1063  328.98068 ... 340.37198 401.657   381.8937 ],[306.96225 315.60675 293.8551  ... 303.81448 365.04535 346.14017],[0.         0.         0.         ... 0.         0.03032592 0.        ],3,1,3,93
[0.         0.22344254 0.01913572 ... 0.08505827 0.13541539 0.23178001],[229.98174 281.81918 251.6121  ... 260.33035 270.54874 263.91068],[289.9353  354.48822 321.21765 ... 333.8294  328.85883 336.04117],[243.24356 305.71393 271.228   ... 283.03992 282.49707 285.93826],[0. 0. 0. ... 0. 0. 0.],3,1,3,94
"[ 0.3017265   0.01553797  0.09104844 ...  0.05132496 -0.04220687
  0.33087662]",[477.78207 391.78076 438.0542  ... 398.25607 345.5271  444.8576 ],[537.96857 455.46597 489.49216 ... 455.1466  405.46597 500.10995],[478.0008  392.26517 417.49725 ... 393.32977 334.7106  436.50064],[0.         0.         0.         ... 0.         0.04600924 0.        ],3,1,3,95
[0.10824801 0.3136011  0.         ... 0.30487266 0.14680932 0.25679776],[410.82144 486.6652  420.75    ... 519.4107  479.19196 446.2857 ],[410.82144 486.6652  420.75    ... 519.4107  479.19196 446.2857 ],[319.72293 392.8644  315.42242 ... 421.53442 375.24234 349.40274],[0. 0. 0. ... 0. 0. 0.],3,1,3,96
[0.20578924 0.08058105 0.         ... 0.1011386  0.17692865 0.08022547],[310.63437 307.18134 278.56378 ... 308.73288 327.0531  301.74146],[368.57272 357.85455 337.0182  ... 369.62726 385.6409  355.6182 ],[338.18118 326.24756 305.7403  ... 333.78424 352.89493 320.7623 ],[0.         0.         0.         ... 0.01774155 0.         0.        ],3,1,3,97
"[ 0.33517835  0.29642805 -0.07555659 ...  0.00106312  0.02637383
  0.5745611 ]",[316.07126 307.92346 250.33347 ... 288.71103 293.38266 333.59283],[449.72632 479.20526 398.58948 ... 428.2158  431.8737  527.4158 ],[401.36526 424.59055 347.03558 ... 369.16827 374.6511  477.18073],[0.         0.         0.         ... 0.         0.08818071 0.        ],3,1,3,98
[0.09356124 0.1517555  0.04648967 ... 0.08211681 0.21105126 0.19715942],[259.47516 288.1711  275.2378  ... 284.57407 287.2839  288.60397],[294.93924 330.26636 311.3598  ... 323.03738 343.90186 333.2383 ],[262.08313 297.90735 278.75894 ... 288.7415  310.6519  300.81418],[0.         0.         0.         ... 0.02819378 0.         0.        ],3,1,3,99
[0.35630038 0.15915728 0.07809369 ... 0.26949495 0.08164741 0.13008513],[318.4443  291.28784 295.55096 ... 342.97412 289.70712 306.91287],[369.81464 337.32196 339.9122  ... 392.73657 340.6683  344.6195 ],[342.80206 308.99405 309.23376 ... 363.08136 311.6926  317.1091 ],[0. 0. 0. ... 0. 0. 0.],3,1,3,100
[0.         0.11407222 0.17044702 ... 0.0214221  0.12007602 0.1578221 ],[297.78668 351.88345 370.46695 ... 354.40146 369.47733 376.10767],[330.67606 397.57043 431.1831  ... 393.7324  411.97183 415.26056],[301.62317 369.31982 399.94702 ... 364.29535 378.70337 385.51904],[0.         0.         0.         ... 0.02527619 0.         0.        ],3,1,3,101
"[ 0.22672763  0.1391868   0.05761722 ... -0.04445774  0.21881106
  0.13310197]",[305.86328 291.52478 290.2266  ... 263.86224 306.30377 268.37402],[333.02484 318.45343 307.37268 ... 289.66458 337.4969  296.88818],[303.73746 288.07196 274.7323  ... 258.36264 304.71143 264.0645 ],[0. 0. 0. ... 0. 0. 0.],3,1,3,102
[0.54561883 0.58211035 0.66854    ... 0.17018838 0.15596063 0.20996653],[404.3871 419.0215 440.0645 ... 333.5645 327.2043 317.8656],[404.3871 419.0215 440.0645 ... 333.5645 327.2043 317.8656],[366.07312 376.7148  395.72302 ... 291.72504 286.41165 277.2749 ],[0.         0.04050914 0.         ... 0.         0.         0.        ],3,1,3,103
"[ 0.02129884  0.00837888  0.07782716 ... -0.00455354  0.04904386
  0.3606288 ]",[211.84955 218.1715  240.61661 ... 244.01958 256.3731  309.5305 ],[264.1511  267.09354 287.6043  ... 309.0072  319.94244 382.8705 ],[247.26343 251.2991  271.91168 ... 289.39383 302.24088 366.10443],[0.         0.         0.02020985 ... 0.         0.05515435 0.        ],3,1,3,104
"[ 0.2433805   0.04629787  0.01619291 ... -0.10673495  0.2532448
  0.17109863]",[391.0521  355.81772 353.1146  ... 334.53125 387.6875  363.71875],[391.0521  355.81772 353.1146  ... 334.53125 387.6875  363.71875],[310.75888 276.5156  270.65356 ... 249.00781 305.1089  279.05148],[0.         0.         0.         ... 0.02949676 0.         0.        ],3,1,3,105
"[ 0.22502954 -0.02104153  0.06197003 ...  0.06771159  0.167039
  0.32205218]",[376.0538  333.83884 369.0978  ... 406.14966 396.84735 391.80667],[407.18274 362.1929  403.68527 ... 442.22336 432.50763 428.52286],[345.86328 303.436   333.2802  ... 377.4806  367.62738 369.52103],[0.        0.        0.        ... 0.        0.0372371 0.       ],3,1,3,106
"[ 0.32231924  0.27468663  0.28096214 ... -0.0481613   0.33250755
  0.14218308]",[408.29498 415.09433 425.0244  ... 350.92606 425.79053 335.96323],[417.80417 425.39584 432.15    ... 355.1625  439.70416 347.79166],[377.32492 386.2041  389.67416 ... 311.56024 400.9517  303.63586],[0.         0.         0.         ... 0.03692701 0.         0.        ],3,1,3,107
[0.         0.02998709 0.27370992 ... 0.0567935  0.3156095  0.3562133 ],[254.14783 263.10434 308.29565 ... 282.93042 318.42175 312.91306],[254.14783 263.10434 308.29565 ... 282.93042 318.42175 312.91306],[213.19824 219.19298 266.96393 ... 236.63501 273.25555 266.87802],[0.         0.04165725 0.         ... 0.06636784 0.         0.        ],3,1,3,108
"[ 0.06453995 -0.01197084  0.06795719 ... -0.17276765  0.18140195
  0.31140012]",[247.54971 229.6722  253.63986 ... 200.32007 267.8415  260.42245],[296.53152 282.4099  309.53604 ... 256.2117  335.86035 328.57657],[280.77838 265.51883 291.6836  ... 237.98877 319.6433  312.0985 ],[0.         0.         0.02316252 ... 0.         0.04885227 0.        ],3,1,3,109
"[ 0.          0.13092145  0.12973897 ... -0.09391192  0.5636527
  0.2545653 ]",[285.33096 334.87872 333.6565  ... 309.65686 465.27127 347.1454 ],[309.06482 357.69907 367.19907 ... 339.34723 486.93054 379.81946],[244.8069  292.46112 301.8442  ... 263.5849  410.0175  307.67276],[0.         0.         0.         ... 0.07163124 0.         0.        ],3,1,3,110
"[ 0.20669919 -0.00924665  0.16046757 ...  0.03782477  0.06053052
  0.11831241]",[302.31668 260.9405  302.2553  ... 297.26505 287.55795 310.43283],[354.78946 308.50876 348.45615 ... 351.0658  357.5702  365.75876],[326.07336 279.95294 322.72363 ... 323.47977 329.35687 337.18637],[0.         0.         0.02093782 ... 0.         0.         0.        ],3,1,3,111
"[ 0.37737322  0.5776367   0.65025854 ... -0.0319148  -0.02732513
  0.05923992]",[418.13965 464.4545  476.37503 ... 335.00897 325.7686  318.8674 ],[479.67984 539.7312  562.7747  ... 389.43872 382.5336  393.32806],[429.66696 488.35437 509.51956 ... 335.8038  327.0839  337.0764 ],[0.04165236 0.         0.05069515 ... 0.         0.         0.        ],3,1,3,112
[0.04360015 0.11390999 0.14646302 ... 0.06596244 0.22586091 0.18936923],[314.95917 310.61157 342.56073 ... 355.25735 393.84396 368.83978],[323.6258  345.49677 353.55484 ... 373.4258  406.29678 384.40646],[281.7955  302.6453  314.1455  ... 330.74576 364.6506  344.44272],[0.         0.         0.         ... 0.03922117 0.         0.        ],3,1,3,113
[0.40619996 0.00690867 0.1970513  ... 0.59642273 0.35561004 0.56703395],[385.75925 339.23456 384.4568  ... 515.3951  445.7716  484.08026],[385.75925 339.23456 384.4568  ... 515.3951  445.7716  484.08026],[322.73895 276.48816 321.59857 ... 447.72903 377.63004 420.00272],[0. 0. 0. ... 0. 0. 0.],3,1,3,114
[0.07906534 0.04515907 0.08436059 ... 0.         0.09709624 0.13156095],[221.74341 224.3199  247.86514 ... 258.01514 261.72394 260.91653],[264.92728 274.68182 294.45456 ... 311.54092 321.58636 319.99545],[241.05328 251.7376  268.84122 ... 285.6542  296.14514 294.12503],[0. 0. 0. ... 0. 0. 0.],3,1,3,115
"[ 0.3595467   0.5776269  -0.11289617 ...  0.06602419  0.
  0.15490021]",[309.89673 385.06766 286.23236 ... 342.82855 292.3101  369.0991 ],[402.5436  503.55704 371.59732 ... 451.87918 418.36914 450.7047 ],[349.56253 452.96646 318.22568 ... 398.59586 364.4853  399.70737],[0. 0. 0. ... 0. 0. 0.],3,1,3,116
[0.06965923 0.3612484  0.14805098 ... 0.22319353 0.55866545 0.41570505],[178.77045 233.97102 203.64778 ... 241.53212 296.51617 224.41031],[302.18954 373.15686 335.0915  ... 397.33334 453.17648 376.4902 ],[267.51178 341.06323 301.20935 ... 364.16174 417.1262  343.1033 ],[0.         0.         0.         ... 0.05933443 0.         0.        ],3,1,3,117
[0.3113511  0.1679179  0.40788838 ... 0.19196552 0.28121787 0.09550488],[477.888   455.8102  513.9552  ... 495.77618 504.7557  413.93893],[509.6497  484.63693 581.3121  ... 514.1529  528.3567  454.85352],[458.8974  430.9844  526.3857  ... 458.9193  477.47058 406.682  ],[0. 0. 0. ... 0. 0. 0.],3,1,3,118
[0.         0.         0.09192031 ... 0.09058037 0.03505792 0.00422289],[240.13388 248.76163 267.32617 ... 275.9872  253.40811 240.591  ],[294.3081  303.7946  324.88647 ... 333.2054  313.49728 306.5946 ],[234.53773 243.76532 263.88174 ... 272.3544  256.3295  244.8998 ],[0. 0. 0. ... 0. 0. 0.],3,1,3,119
[0.         0.05584152 0.00160247 ... 0.2007949  0.         0.09663105],[336.41397 389.71704 377.0469  ... 451.68036 400.983   410.5272 ],[348.2743  405.16    395.34286 ... 481.7143  417.54285 436.2    ],[295.45737 345.68182 336.3334  ... 418.87875 358.66287 374.6561 ],[0. 0. 0. ... 0. 0. 0.],3,1,3,120
[0.07395225 0.12328718 0.15565754 ... 0.05900693 0.         0.21333113],[370.02817 376.00598 394.9436  ... 359.532   331.89685 373.57523],[379.8     395.76758 411.83243 ... 380.0162  348.0108  387.8973 ],[314.6879  329.51218 338.89465 ... 310.09433 285.16803 325.20425],[0.         0.         0.         ... 0.         0.02599056 0.        ],3,1,3,121
[0.00891188 0.12751764 0.08887819 ... 0.11450422 0.         0.12531616],[205.7586  238.88556 239.97679 ... 258.43918 235.68547 240.74298],[245.12236 274.74683 280.25317 ... 305.21097 273.135   275.4557 ],[205.57005 232.43443 237.84932 ... 261.30304 226.18295 234.64278],[0. 0. 0. ... 0. 0. 0.],3,1,3,122
[0.08864716 0.08093387 0.07753022 ... 0.01945626 0.08397967 0.20328748],[298.76157 309.85464 329.79984 ... 334.6498  336.79544 358.74048],[327.45023 331.43723 350.0476  ... 355.69263 367.8225  383.2987 ],[299.6363  304.90747 319.9565  ... 326.27872 337.2718  354.50574],[0.         0.         0.         ... 0.         0.03419937 0.        ],3,1,3,123
[0.13116084 0.03371437 0.15966985 ... 0.22866978 0.18107574 0.09030562],[365.3417  396.24524 402.1414  ... 454.7066  426.71405 369.5047 ],[451.75    471.4898  515.25    ... 557.88776 542.4745  476.4949 ],[375.2557  391.05652 431.2535  ... 478.21188 456.8497  393.99026],[0.         0.         0.03019232 ... 0.         0.         0.        ],3,1,3,124
"[ 0.24199177  0.05128973  0.23069385 ...  0.05253671 -0.07158563
  0.16435157]",[397.13596 392.19406 442.9913  ... 425.21906 388.58875 400.58218],[399.39584 398.3229  446.41666 ... 437.07812 393.26562 403.40103],[330.2952  328.48303 377.52136 ... 359.1392  320.29428 333.58194],[0. 0. 0. ... 0. 0. 0.],3,1,3,125
[0.         0.2020367  0.28814945 ... 0.21602626 0.10284195 0.07397523],[284.07178 326.7454  385.5019  ... 360.7232  337.80154 300.36987],[369.02762 432.9171  479.6906  ... 472.19888 428.65747 408.96133],[331.25513 395.0569  440.23053 ... 432.50568 390.37598 367.75644],[0.         0.         0.03026218 ... 0.         0.         0.        ],3,1,3,126
"[ 0.10856516 -0.10856516  0.         ...  0.03138296  0.20395483
  0.        ]",[284.72534 278.05    324.68573 ... 319.01154 361.0011  293.28244],[353.34027 327.72916 377.75    ... 393.6875  428.93054 359.93054],[323.8565  294.695   343.8786  ... 359.89847 397.59195 329.16666],[0.         0.         0.02104998 ... 0.         0.         0.        ],3,1,3,127
[1.5368795  1.6580608  1.8526124  ... 0.28823486 0.03010065 0.28555816],[585.4179  644.7775  706.823   ... 358.3426  309.57642 387.85767],[801.0945  843.9134  913.69293 ... 527.74805 445.8189  516.19684],[765.9407  809.5349  868.49084 ... 492.05704 407.13367 476.27942],[0.06269637 0.         0.20487858 ... 0.         0.         0.        ],3,1,3,128
[0.12134074 0.28078035 0.18363868 ... 0.16550551 0.10211502 0.3971967 ],[352.78156 438.68457 404.80798 ... 399.59003 372.97476 404.1065 ],[447.21472 528.27606 508.7546  ... 515.2945  476.84048 521.7546 ],[390.4468  469.94427 444.35217 ... 458.00937 416.22552 461.35828],[0.         0.         0.         ... 0.         0.04288536 0.        ],3,1,3,129
[0.00774321 0.1415654  0.08242881 ... 0.07351846 0.06759043 0.        ],[281.00787 318.27594 312.26782 ... 321.09668 316.84976 288.45135],[308.7047  344.96063 339.52756 ... 345.4685  343.49213 306.1496 ],[276.47702 312.05243 307.01212 ... 307.58014 305.71152 269.00354],[0. 0. 0. ... 0. 0. 0.],3,1,3,130
[0.29248247 0.10429639 0.256522   ... 0.         0.10119115 0.        ],[434.21527 391.08984 438.78644 ... 409.25958 417.78693 356.75623],[472.26422 429.10162 487.87805 ... 449.8821  463.99188 402.6992 ],[410.80194 361.55487 414.5482  ... 378.44562 394.80576 334.552  ],[0. 0. 0. ... 0. 0. 0.],3,1,3,131
"[ 0.29004598  0.17865857  0.18816566 ... -0.06084202  0.07338573
  0.1910162 ]",[276.99594 280.30066 291.2175  ... 251.48111 273.5024  273.70056],[312.4573  322.15244 329.13416 ... 281.93903 303.89633 308.2561 ],[263.905   270.25568 278.52966 ... 231.05829 254.60274 258.06894],[0.         0.         0.         ... 0.         0.02632458 0.        ],3,1,3,132
"[ 0.09910463  0.04596145 -0.01184907 ... -0.02554964  0.12480493
  0.15536737]",[289.5403  288.543   283.92938 ... 306.75333 334.3828  324.34833],[337.80768 336.1978  325.3187  ... 344.32968 380.24725 369.96704],[316.7338  314.99323 303.12698 ... 324.2583  360.31967 348.54086],[0.         0.         0.02353685 ... 0.02758871 0.         0.        ],3,1,3,133
[0.         0.02495997 0.         ... 0.15721044 0.11663419 0.08040036],[220.99693 270.14594 263.01352 ... 294.31482 281.63458 258.1137 ],[282.9107  322.1012  318.40475 ... 350.61905 333.27975 309.80356],[267.49292 308.79404 304.84103 ... 335.09903 319.1325  295.1632 ],[0. 0. 0. ... 0. 0. 0.],3,1,3,134
"[ 0.          0.          0.1289603  ... -0.08108186  0.30195537
  0.07725323]",[250.43698 273.34772 298.85217 ... 255.52235 321.42792 259.59805],[290.26965 304.05618 338.77527 ... 280.59552 361.21912 293.84268],[252.46184 260.36584 291.53116 ... 235.8285  320.95706 251.70921],[0.         0.         0.03468744 ... 0.02444898 0.         0.        ],3,1,3,135
"[ 0.31305933  0.04668276  0.10690642 ...  0.10191218 -0.12830468
  0.269311  ]",[298.41696 288.66226 290.44333 ... 296.03067 241.59975 284.60666],[345.9516  318.98386 336.7016  ... 336.41934 277.9597  341.53226],[323.9716  295.04462 314.57285 ... 314.85138 255.33707 319.45132],[0.         0.         0.         ... 0.         0.04351739 0.        ],3,1,3,136
[0.44582486 0.10339373 0.20941816 ... 0.28225717 0.1435037  0.02524206],[395.43427 347.07697 373.7447  ... 420.7349  382.01462 334.619  ],[412.09344 357.18692 389.10748 ... 441.17758 400.1916  355.25235],[364.2342  304.7835  331.06573 ... 387.63135 347.46524 302.49084],[0. 0. 0. ... 0. 0. 0.],3,1,3,137
[0.41531274 0.2269986  0.09349694 ... 0.         0.15516682 0.        ],[275.96826 229.83527 258.79    ... 225.52531 238.34132 225.72008],[327.03473 298.85416 311.19446 ... 280.84027 308.3264  270.72223],[305.86102 276.9613  286.77298 ... 255.13437 281.95078 245.75482],[0. 0. 0. ... 0. 0. 0.],3,1,3,138
"[ 0.22442321 -0.03661038  0.13102552 ...  0.13828385  0.0452015
  0.11292862]",[284.19403 244.48111 277.1551  ... 309.16113 287.5852  295.16125],[289.6   250.28  289.42  ... 318.46  298.305 308.445],[259.18503 218.18854 256.24118 ... 286.2247  264.605   275.17365],[0.         0.         0.02758562 ... 0.         0.         0.        ],3,1,3,139
"[ 0.00925498  0.03579175  0.2242249  ... -0.07154897  0.20400557
  0.23317109]",[304.23587 318.18292 368.75903 ... 265.54803 338.85248 315.5614 ],[353.50412 364.      418.76035 ... 329.39255 398.73965 377.60745],[330.32352 342.01654 395.7745  ... 304.19702 374.91766 353.67737],[0.         0.         0.06788397 ... 0.04183684 0.         0.        ],3,1,3,140
"[ 0.15421794  0.0877405  -0.16399918 ... -0.06069529  0.39307678
  0.18609662]",[361.71338 388.03186 334.0382  ... 362.22293 452.51593 392.26114],[361.71338 388.03186 334.0382  ... 362.22293 452.51593 392.26114],[294.29395 322.75775 262.48865 ... 295.55295 382.44415 324.87558],[0.        0.        0.        ... 0.0503199 0.        0.       ],3,1,3,141
"[ 0.01700081  0.22406909  0.13076967 ...  0.00080276 -0.02075961
  0.5517308 ]",[299.28275 349.70828 337.8306  ... 321.59937 293.80817 415.2472 ],[318.74774 365.66666 360.93695 ... 334.12613 309.95496 426.26126],[267.3806  319.19763 309.17264 ... 279.90045 262.2812  379.06265],[0.         0.         0.         ... 0.         0.08420577 0.        ],3,1,3,142
[0.22842056 0.10152911 0.23825288 ... 0.10310538 0.09959827 0.27880403],[429.71317 380.81195 429.33786 ... 425.94513 402.45685 426.27246],[484.74554 455.1741  500.44196 ... 476.65625 469.9018  476.7232 ],[425.4011  398.95395 440.9996  ... 416.86276 410.9663  419.5513 ],[0.         0.         0.         ... 0.         0.03275649 0.        ],3,1,3,143
[0.00714962 0.26123974 0.07722627 ... 0.04801219 0.         0.13661003],[253.70894 286.19363 294.96262 ... 304.05356 291.31848 307.2525 ],[312.9742  378.33505 366.32474 ... 378.5567  358.3402  382.40207],[251.7692  318.18185 300.83936 ... 314.7275  297.66013 324.30453],[0. 0. 0. ... 0. 0. 0.],3,1,3,144
[0.21271998 0.29975095 0.17354925 ... 0.03385449 0.1284073  0.28666604],[394.27274 446.29184 410.1128  ... 418.7062  431.68262 373.80475],[424.37778 478.63333 456.6611  ... 442.96667 449.5778  396.64444],[349.1703  408.90204 379.14157 ... 358.41367 372.1511  317.07266],[0.         0.         0.         ... 0.         0.03429003 0.        ],3,1,3,145
"[ 0.23504278  0.3712507   0.1407966  ... -0.08823086  0.3416801
  0.2491359 ]",[239.38377 263.22574 242.54799 ... 204.55864 289.2073  242.28728],[322.0476  367.07358 324.08658 ... 293.0606  398.72293 356.671  ],[299.63632 342.49115 300.9971  ... 267.06558 371.91135 324.44974],[0.         0.         0.         ... 0.05688569 0.         0.        ],3,1,3,146
[0.31297025 0.19683455 0.22242571 ... 0.21166235 0.13347436 0.14304976],[288.87238 287.14084 277.34186 ... 309.99368 304.41446 306.72314],[441.04294 432.29446 444.2086  ... 485.06134 463.00613 462.46625],[397.1742  388.83722 400.9856  ... 441.6836  416.83765 415.1095 ],[0. 0. 0. ... 0. 0. 0.],3,1,3,147
[0.20026265 0.17984158 0.06082677 ... 0.07970044 0.         0.0123219 ],[292.50092 304.82297 275.04965 ... 322.41788 290.8224  292.15732],[326.4826  338.56522 307.73914 ... 349.5261  326.06958 323.10434],[310.115   320.85855 291.3084  ... 332.74796 309.65558 306.17288],[0. 0. 0. ... 0. 0. 0.],3,1,3,148
[0.1832227  0.14215645 0.15790886 ... 0.         0.30344874 0.45718563],[270.67108 265.7972  272.79523 ... 262.3847  283.5247  305.88394],[322.48572 322.82858 337.4057  ... 316.41144 360.79428 366.74857],[276.4196  276.864   290.67313 ... 268.98953 307.01837 320.5568 ],[0.         0.         0.         ... 0.         0.08392171 0.        ],3,1,3,149
[0.15707666 0.20973009 0.2506929  ... 0.1382197  0.2903246  0.23857486],[350.4503  369.22894 390.92365 ... 363.04996 380.1947  378.24866],[409.75916 423.9005  440.59686 ... 410.05237 441.50262 417.7487 ],[394.18915 410.2988  426.2227  ... 394.1829  425.52017 404.48242],[0.         0.         0.         ... 0.03029545 0.         0.        ],3,1,3,150
"[ 0.0752133  -0.05241626  0.08023532 ...  0.10567036  0.1116436
  0.06096763]",[349.43896 325.9106  366.67145 ... 348.26324 353.67575 327.83548],[384.7219  366.4201  405.26035 ... 383.11243 386.91125 361.1361 ],[315.6559  302.73804 339.67978 ... 330.66718 330.87433 307.03958],[0. 0. 0. ... 0. 0. 0.],3,1,3,151
[0.43269303 0.35828015 0.3030136  ... 0.15085463 0.00158799 0.21100257],[376.02368 390.75266 393.81616 ... 388.83853 352.37122 375.80707],[424.74872 442.94873 433.36923 ... 432.37436 394.42563 423.68204],[340.96085 365.80795 353.21826 ... 349.22284 308.81262 344.82062],[0. 0. 0. ... 0. 0. 0.],3,1,3,152
[0.2837529  0.18811893 0.09869729 ... 0.08800223 0.10527882 0.08882677],[412.83215 386.3858  368.83786 ... 395.5231  395.22906 388.94885],[423.43054 398.68518 375.4537  ... 401.0926  404.64352 397.18982],[382.93585 358.57608 336.63132 ... 362.60214 366.19843 357.65793],[0. 0. 0. ... 0. 0. 0.],3,1,3,153
"[ 0.14865744  0.03948241 -0.04240831 ...  0.02172811  0.07910229
  0.11565397]",[234.80083 239.27452 205.87352 ... 250.65805 254.01836 238.81044],[319.2378  300.19513 294.42682 ... 330.83536 336.09146 332.43903],[278.9695  260.632   253.5989  ... 288.7649  294.70956 292.28223],[0. 0. 0. ... 0. 0. 0.],3,1,3,154
[0.         0.         0.04731578 ... 0.06732389 0.17748472 0.16591805],[282.43652 295.5499  316.52557 ... 340.3695  351.21036 325.4394 ],[305.1036  323.06757 343.35587 ... 363.46396 386.41443 360.73422],[274.47452 292.9712  312.79608 ... 330.44214 354.9427  329.05463],[0.         0.         0.         ... 0.01852863 0.         0.        ],3,1,3,155
[0.         0.11028672 0.10317183 ... 0.26876736 0.08427397 0.        ],[286.97733 319.67868 332.8333  ... 372.24347 326.96896 306.67953],[290.0112  320.3321  333.54477 ... 372.8955  327.6567  307.28357],[250.57104 278.49338 291.22205 ... 326.849   281.38443 259.4247 ],[0. 0. 0. ... 0. 0. 0.],3,1,3,156
[0.05289866 0.01245763 0.01086489 ... 1.0569029  0.8493972  0.9524684 ],[340.05173 345.03705 346.3001  ... 699.729   637.39856 632.8905 ],[437.47092 430.65698 445.18024 ... 865.2558  778.6628  784.1105 ],[404.47968 402.41193 407.03458 ... 827.8991  742.9038  745.27014],[0.         0.         0.04257637 ... 0.         0.         0.        ],3,1,3,157
[0.1789865  0.00523529 0.15504931 ... 0.         0.0396852  0.28193122],[321.336   291.08646 320.4545  ... 296.30557 313.54828 337.8774 ],[352.99118 312.1057  356.06168 ... 325.6608  336.6608  364.78854],[313.15256 273.61465 317.48175 ... 285.5273  290.99747 325.24237],[0.         0.         0.         ... 0.         0.02868842 0.        ],3,1,3,158
[0.1224592  0.         0.01504699 ... 0.02935275 0.         0.37115464],[261.94492 251.4536  250.52184 ... 305.82245 267.45895 333.91013],[317.9267  299.1309  301.41885 ... 356.9005  331.81152 399.26178],[277.5807  256.5343  260.03613 ... 315.212   289.2165  357.24646],[0.         0.         0.         ... 0.         0.04911271 0.        ],3,1,3,159
[0.03140355 0.11672368 0.16957694 ... 0.05138795 0.06947388 0.        ],[277.1086  302.94116 341.50226 ... 331.12216 340.85068 301.07693],[277.1086  302.94116 341.50226 ... 331.12216 340.85068 301.07693],[230.81195 255.44601 291.3529  ... 284.4219  288.06616 250.18153],[0.         0.         0.02503674 ... 0.         0.         0.        ],3,1,3,160
"[ 0.19271679  0.09345955  0.02565118 ... -0.05025067  0.19229753
  0.1949692 ]",[275.26486 261.94    259.02087 ... 256.4139  300.22147 294.8148 ],[297.68155 286.89944 283.58658 ... 286.0335  326.68716 311.63687],[265.0453  252.87668 246.8186  ... 249.72684 291.5035  277.13727],[0.         0.         0.         ... 0.04029734 0.         0.        ],3,1,3,161
"[ 0.09593108  0.43130013 -0.00609353 ...  0.02984584  0.10730085
  0.47770184]",[312.81876 396.05908 300.01874 ... 325.8369  339.30624 392.7412 ],[334.16217 421.35135 335.33783 ... 362.66217 374.5473  428.49326],[271.93958 360.94595 268.04654 ... 297.27164 299.84848 360.16605],[0.         0.         0.         ... 0.         0.06821245 0.        ],3,1,3,162
"[ 0.22059165  0.14832558  0.10091307 ...  0.01325858 -0.0364101
  0.17505725]",[218.42728 212.11513 209.15807 ... 229.76035 211.98071 236.31923],[341.97354 343.05292 333.54498 ... 341.20105 327.20105 363.81482],[298.67273 295.02673 284.3531  ... 291.1558  277.5844  313.11807],[0. 0. 0. ... 0. 0. 0.],3,1,3,163
[0.02457158 0.0315365  0.18433604 ... 0.18560748 0.20767224 0.22570723],[287.6594  317.02707 352.15887 ... 309.89426 304.5499  309.9461 ],[312.76028 342.69177 386.25342 ... 326.67123 332.35617 334.1233 ],[271.771   299.3154  338.44162 ... 288.04996 290.3323  292.69574],[0.         0.         0.         ... 0.03822256 0.         0.        ],3,1,3,164
[0.08250928 0.28669697 0.10691978 ... 0.05218405 0.21683975 0.04003538],[201.97102 237.99165 206.6669  ... 209.45004 236.5862  189.33015],[262.51675 309.64114 274.25836 ... 283.30142 315.60767 256.76556],[247.4235  294.61963 259.8083  ... 267.69974 299.05298 240.9046 ],[0.         0.         0.         ... 0.02742193 0.         0.        ],3,1,3,165
[0.21450093 0.15529872 0.05750973 ... 0.01747942 0.18405063 0.29788   ],[330.26862 338.90936 307.5867  ... 307.1639  361.09375 372.71585],[383.58716 374.81192 358.69724 ... 372.61926 415.63303 423.51834],[331.43036 324.15625 306.97363 ... 318.02783 360.49948 372.10422],[0.         0.         0.         ... 0.         0.04963306 0.        ],3,1,3,166
[0.         0.33855087 0.01192941 ... 0.18191482 0.3757536  0.        ],[294.6587  379.61414 322.87335 ... 362.78705 400.53607 303.94247],[335.0354  436.40707 366.13275 ... 415.35397 456.54868 346.48672],[280.1816  384.84064 311.05676 ... 358.7271  399.30157 291.8858 ],[0.         0.         0.         ... 0.03556982 0.         0.        ],3,1,3,167
"[ 0.36474046  0.35619527 -0.06398481 ...  0.04248602  0.
  0.22589502]",[378.76328 409.0155  311.47693 ... 325.27646 282.8876  302.12665],[400.22293 431.56052 325.67517 ... 340.6879  310.09555 326.19107],[387.11728 412.88065 306.87695 ... 322.19638 293.49445 310.53458],[0. 0. 0. ... 0. 0. 0.],3,1,3,168
[0.         0.         0.10683483 ... 0.06027523 0.11317515 0.09185749],[289.44083 302.0653  328.38776 ... 343.47754 356.48572 335.15918],[289.44083 302.0653  328.38776 ... 343.47754 356.48572 335.15918],[257.36206 270.51913 298.20352 ... 314.4259  326.36545 303.10587],[0. 0. 0. ... 0. 0. 0.],3,1,3,169
[0.28289214 0.04053712 0.44701105 ... 0.17353983 0.13527013 0.26232696],[356.4944  306.62735 394.32114 ... 357.75104 343.10107 362.18546],[358.47568 315.04865 403.82162 ... 363.87567 345.23242 364.3027 ],[319.17242 274.88965 364.3995  ... 322.56958 308.4678  326.83514],[0. 0. 0. ... 0. 0. 0.],3,1,3,170
[0.24774475 0.13106811 0.36142817 ... 0.06754803 0.29840654 0.16455255],[257.1822  268.33453 318.71347 ... 249.77667 285.40594 231.0808 ],[326.12195 326.01627 384.4878  ... 314.57724 366.71545 301.77237],[293.5358  296.87775 353.30264 ... 284.02362 337.0583  272.41373],[0.         0.03145066 0.         ... 0.         0.         0.        ],3,1,3,171
[0.11698197 0.         0.09775418 ... 0.98882115 0.8678133  1.0690389 ],[280.9987  235.62189 290.1232  ... 490.16324 494.42065 528.42084],[331.99445 309.43332 342.7389  ... 598.20557 565.2833  616.4056 ],[300.81528 276.37866 310.3283  ... 563.86383 531.67834 580.6996 ],[0. 0. 0. ... 0. 0. 0.],3,1,3,172
"[ 0.12123506  0.03207802  0.06912206 ... -0.00542597  0.2286234
  0.24272275]",[210.33226 231.97948 245.52673 ... 233.02821 278.0982  252.0098 ],[317.42624 325.2623  339.4918  ... 339.53006 400.45355 367.459  ],[288.44995 295.6906  310.05786 ... 310.00198 368.2811  340.48828],[0.         0.         0.         ... 0.04331106 0.         0.        ],3,1,3,173
[0.19023138 0.24094868 0.36626175 ... 0.0781038  0.08122521 0.3202521 ],[299.67194 317.20157 350.73914 ... 284.1581  290.07904 334.33994],[299.67194 317.20157 350.73914 ... 284.1581  290.07904 334.33994],[255.12624 273.65128 303.1231  ... 240.75792 241.34782 288.24417],[0.         0.         0.         ... 0.         0.04133906 0.        ],3,1,3,174
"[ 0.02427959  0.11333603  0.30992752 ... -0.04138442  0.04138442
  0.14458352]",[241.03612 254.18669 305.0559  ... 261.49316 270.71194 276.1614 ],[291.83334 322.5101  369.01514 ... 322.20203 332.64142 334.67676],[252.58003 278.17996 321.34668 ... 278.35034 287.99936 290.6825 ],[0.         0.03128708 0.         ... 0.         0.         0.        ],3,1,3,175
[0.11355159 0.17025855 0.18146542 ... 0.15423958 0.         0.1335772 ],[288.2255  303.44608 308.4951  ... 293.09314 259.0049  267.52942],[288.2255  303.44608 308.4951  ... 293.09314 259.0049  267.52942],[256.6587  273.0659  277.32178 ... 263.98447 229.62442 237.00424],[0. 0. 0. ... 0. 0. 0.],3,1,3,176
[0.         0.06769879 0.11533431 ... 0.         0.         0.09742689],[301.25845 342.8282  341.39145 ... 331.815   320.33093 331.66458],[336.79907 366.41553 378.65753 ... 360.92236 356.7032  369.44748],[278.96945 310.3025  323.77667 ... 304.67047 300.51752 314.0299 ],[0.         0.         0.02374301 ... 0.         0.         0.        ],3,1,3,177
[0.20812532 0.26674813 0.         ... 0.32752344 0.09027746 0.28162226],[330.50568 374.10132 326.3345  ... 417.07532 346.12665 381.20908],[333.95175 377.07455 331.04825 ... 418.9386  351.3684  385.0877 ],[259.5863  304.16293 253.62955 ... 338.18832 276.20728 308.00256],[0. 0. 0. ... 0. 0. 0.],3,1,3,178
"[ 0.04754976 -0.01526855  0.12069052 ... -0.08168242  0.17713153
  0.31309438]",[295.14355 292.622   322.8373  ... 298.76556 336.95215 357.1866 ],[295.14355 292.622   322.8373  ... 298.76556 336.95215 357.1866 ],[245.27484 241.6771  270.89838 ... 238.9516  281.31064 300.6549 ],[0.         0.02317453 0.         ... 0.         0.05551368 0.        ],3,1,3,179
[0.         0.08050177 0.19223826 ... 0.14795278 0.07551654 0.12245519],[267.6336  290.4898  321.0535  ... 309.56778 289.80975 289.4709 ],[275.73297 303.178   331.90576 ... 321.99475 300.76962 299.66492],[243.88567 267.28696 299.1507  ... 286.37524 264.94022 269.68958],[0.         0.03166857 0.         ... 0.         0.         0.        ],3,1,3,180
"[ 0.1615228  -0.03447414  0.00975171 ...  0.02001408  0.20545131
  0.21611226]",[321.72632 291.2396  297.4189  ... 293.17578 320.00104 305.26892],[349.76636 314.96262 326.28036 ... 318.60748 349.986   336.97662],[320.2897  285.79755 297.36102 ... 289.14728 319.72958 305.86917],[0.         0.         0.         ... 0.         0.02279746 0.        ],3,1,3,181
[0.04507456 0.03368846 0.03097425 ... 0.04778044 0.18737882 0.18862015],[249.31718 254.01602 272.29565 ... 278.94278 290.3877  290.9801 ],[294.5202  295.4192  311.78787 ... 326.87375 340.27274 333.82828],[243.18854 244.95056 255.93355 ... 271.7234  287.3465  282.1423 ],[0.         0.         0.         ... 0.02983851 0.         0.        ],3,1,3,182
"[ 0.411451    0.04950451 -0.01274854 ...  0.21592033  0.21000925
  0.02885596]",[336.57004 284.58975 271.53372 ... 337.2669  332.4799  283.56683],[359.99258 297.5778  294.62964 ... 365.4963  359.54816 316.77036],[298.47885 237.10556 228.35571 ... 302.70706 294.03812 253.03886],[0. 0. 0. ... 0. 0. 0.],3,1,3,183
[0.         0.2598742  0.44771612 ... 0.06416467 0.02751539 0.16806777],[294.5567  380.52963 415.056   ... 348.93274 356.9068  369.0486 ],[387.2613  481.73367 537.96484 ... 481.46735 456.87436 495.55276],[350.74445 442.37726 500.63583 ... 438.1601  413.67102 453.6548 ],[0.04997154 0.         0.         ... 0.         0.02346966 0.        ],3,1,3,184
[0.21485731 0.3483303  0.02194408 ... 0.         0.09961852 0.08242264],[367.4109  415.32608 350.7815  ... 367.9328  407.96594 365.99118],[384.86517 426.89325 363.7472  ... 388.94382 415.51685 373.53934],[331.50894 372.6541  306.27487 ... 332.49915 350.91968 315.0283 ],[0. 0. 0. ... 0. 0. 0.],3,1,3,185
[0.03115943 0.10520191 0.         ... 0.         0.12629387 0.16517942],[258.335   275.15778 247.01059 ... 268.1384  270.16977 259.56308],[308.8229  339.16666 316.25522 ... 315.48438 317.15103 327.3021 ],[276.59006 302.55823 280.3736  ... 279.19403 285.22916 293.21967],[0.         0.         0.02093118 ... 0.         0.         0.        ],3,1,3,186
"[ 0.38272414  0.36496127  0.53747797 ... -0.02183412  0.24899024
  0.3955337 ]",[376.98065 372.14142 419.13678 ... 302.51093 350.69586 357.76562],[434.41934 442.0645  488.1828  ... 374.74194 425.08603 440.457  ],[380.44684 384.94077 426.9273  ... 315.17706 368.3209  384.99237],[0.         0.         0.         ... 0.         0.06307618 0.        ],3,1,3,187
"[ 0.03250844  0.07138731 -0.02610405 ...  0.17466827  0.05412648
  0.07047597]",[297.02505 323.10165 313.2124  ... 346.0439  327.17484 320.72784],[329.74533 352.96893 329.6584  ... 402.45963 369.30435 370.12424],[299.73865 320.1046  297.14685 ... 367.56607 335.1711  336.66257],[0. 0. 0. ... 0. 0. 0.],3,1,3,188
"[ 0.47973785 -0.17877524  0.15643802 ... -0.16099933  0.08486439
  0.48356318]",[257.89688 168.19833 237.81055 ... 189.2636  262.07687 292.4533 ],[380.5224  268.98508 367.7015  ... 313.25372 364.3433  436.09702],[357.66174 241.70615 339.09497 ... 281.5782  335.95297 407.73035],[0.         0.         0.02307523 ... 0.         0.07466089 0.        ],3,1,3,189
[0.3173015  0.06193824 0.07101588 ... 0.19624625 0.23593396 0.12302071],[368.6405  326.93744 345.14328 ... 374.15356 390.74307 333.24033],[392.28973 347.93457 366.12616 ... 399.85513 410.3785  358.66354],[357.27963 312.9291  329.11374 ... 366.06537 375.2988  324.92307],[0. 0. 0. ... 0. 0. 0.],3,1,3,190
"[ 0.12477163 -0.04914882 -0.00701354 ...  0.19930696 -0.0972831
  0.16224961]",[399.1699  362.3949  379.14767 ... 438.53293 348.4076  391.8647 ],[416.9091  379.94446 401.34344 ... 470.9798  372.399   415.70706],[372.1733  341.02524 356.43152 ... 429.84338 335.0374  371.57428],[0. 0. 0. ... 0. 0. 0.],3,1,3,191
[0.01322183 0.3040152  0.10357039 ... 0.24946752 0.22876406 0.15202104],[265.4838  339.0586  313.30075 ... 319.5673  295.51935 288.0362 ],[321.9936  398.94232 358.1218  ... 388.33975 368.07053 349.6282 ],[291.47662 368.39706 325.78586 ... 358.32373 336.78238 316.57886],[0. 0. 0. ... 0. 0. 0.],3,1,3,192
[0.02157901 0.14159864 0.10723174 ... 0.24387293 0.26689568 0.12604582],[225.36887 272.52682 265.14258 ... 234.50233 245.46906 190.06128],[345.8     379.69232 385.5     ... 327.6769  322.57693 292.07693],[335.29987 368.97803 375.70007 ... 315.71756 311.56107 281.8127 ],[0.         0.         0.         ... 0.02423034 0.         0.        ],3,1,3,193
[0.24305479 0.34477177 0.11579146 ... 0.23774147 0.16058671 0.28739494],[397.4102  421.89456 385.17538 ... 431.39465 394.49466 402.0898 ],[451.53802 489.5263  437.98245 ... 484.16376 446.00586 456.32162],[393.92212 438.15872 381.164   ... 429.41428 390.35275 400.91254],[0. 0. 0. ... 0. 0. 0.],3,1,3,194
"[ 0.28695714  0.19051641 -0.11159095 ... -0.08215558  0.5023863
  0.18856542]",[334.49124 350.62958 308.233   ... 325.87943 440.21625 353.98407],[358.95715 381.03333 325.57144 ... 342.44763 480.50476 386.9381 ],[292.44327 309.71075 246.09586 ... 272.22757 402.37167 313.30557],[0.         0.         0.         ... 0.04918535 0.         0.        ],3,1,3,195
[0.06478097 0.20996659 0.11734675 ... 0.09003647 0.26270255 0.12108889],[308.1046  340.1385  339.61304 ... 355.4067  384.24078 348.16238],[344.7769  384.20718 383.11554 ... 397.91632 434.03186 393.49005],[292.78546 330.75378 325.24695 ... 339.4808  376.71698 334.17453],[0.         0.         0.         ... 0.03012692 0.         0.        ],3,1,3,196
[0.2811073  0.03477537 0.07791299 ... 0.00233539 0.16586185 0.        ],[377.7513  344.6878  352.26706 ... 352.57684 345.53812 313.5353 ],[426.27142 397.82144 418.8143  ... 388.84286 402.65    351.50714],[375.44748 348.70425 362.0984  ... 332.08563 348.44717 297.12082],[0. 0. 0. ... 0. 0. 0.],3,1,3,197
[0.11010518 0.08533373 0.02809931 ... 0.06356829 0.32943302 0.3616469 ],[254.4476  287.04565 274.1725  ... 280.62363 318.31055 314.8907 ],[273.8     304.51666 291.8611  ... 304.91666 343.8111  340.6111 ],[236.58514 263.372   251.86449 ... 264.64365 302.28885 298.33167],[0.         0.         0.         ... 0.06783802 0.         0.        ],3,1,3,198
[0.20796369 0.03411504 0.31242692 ... 0.06318037 0.04745654 0.2986428 ],[285.94904 271.25262 351.82703 ... 293.8646  300.03522 299.5673 ],[344.6834  322.76382 412.86935 ... 356.27637 345.23117 356.05527],[327.57767 307.74692 396.74774 ... 336.20615 329.25995 340.6589 ],[0.         0.         0.         ... 0.         0.04869981 0.        ],3,1,3,199
"[ 0.40125665  0.42648235  0.18900882 ... -0.06083131  0.4892616
  0.35600775]",[284.78238 306.89606 253.14928 ... 232.97714 317.7474  281.2555 ],[355.75885 376.51773 335.95035 ... 296.06384 398.05673 368.03546],[315.13486 331.39197 297.32135 ... 252.35042 354.23022 323.22205],[0.         0.         0.         ... 0.07624173 0.         0.        ],3,1,3,200
[0.08771121 0.         0.09441618 ... 0.28181878 0.14639394 0.2541003 ],[265.21054 253.49817 297.83258 ... 332.89597 320.68494 337.66397],[327.00504 316.15076 350.63318 ... 405.62814 365.86935 386.0603 ],[299.1728  286.6191  319.87286 ... 373.80627 332.5533  351.98123],[0. 0. 0. ... 0. 0. 0.],3,1,3,201
"[ 0.11669365  0.07807902  0.17407286 ...  0.22019212 -0.05452032
  0.27911606]",[302.902   289.43243 329.9748  ... 363.08347 262.22235 320.7305 ],[340.15555 341.13333 382.46667 ... 407.48334 313.28333 376.05   ],[303.83057 301.66623 344.37158 ... 368.37314 273.6761  336.22897],[0.         0.         0.         ... 0.         0.03004794 0.        ],3,1,3,202
[0.         0.4425409  0.24681555 ... 0.         0.29229602 0.27618495],[299.57733 409.92303 382.1441  ... 341.03067 369.92514 379.35052],[309.76282 440.16025 399.66025 ... 346.95514 403.71796 389.7436 ],[278.7116  406.3435  369.94055 ... 313.54974 367.8209  352.69608],[0.04576529 0.         0.         ... 0.         0.03182833 0.        ],3,1,3,203
"[ 0.22464247  0.15376808 -0.10199372 ... -0.14186901  0.06760879
  0.18630691]",[292.55923 288.35086 253.54065 ... 249.34564 280.63983 288.2775 ],[301.81567 297.7235  261.2304  ... 257.62213 289.79724 297.64056],[272.1168  266.55383 233.34756 ... 230.73636 261.20413 270.5323 ],[0.         0.         0.         ... 0.         0.03198473 0.        ],3,1,3,204
[0.03880779 0.00378637 0.00412568 ... 0.         0.23435515 0.20679098],[370.16    361.3185  382.02896 ... 341.24744 400.77536 379.98572],[387.1768  378.4254  396.14365 ... 363.2873  428.36465 399.1547 ],[307.19235 298.73828 316.1041  ... 285.68637 349.2587  319.98856],[0.         0.         0.02963194 ... 0.04157844 0.         0.        ],3,1,3,205
[0.05207254 0.13264377 0.04441455 ... 0.17075613 0.07498474 0.29062438],[330.74588 395.17383 371.39285 ... 400.5706  360.81305 410.86972],[369.4421  448.9     428.64212 ... 443.22104 411.64212 456.9158 ],[332.45337 410.49734 392.59387 ... 408.04788 370.2487  422.62778],[0.         0.         0.         ... 0.         0.03937073 0.        ],3,1,3,206
[0.25179368 0.1607072  0.14139533 ... 0.17752087 0.         0.3476861 ],[294.90582 324.8917  329.4044  ... 299.87772 278.10504 336.4317 ],[405.77957 425.75806 435.96774 ... 451.6613  391.7527  457.3925 ],[316.65778 338.52258 347.04865 ... 357.09332 302.49918 368.1916 ],[0.         0.         0.         ... 0.         0.04198474 0.        ],3,1,3,207
"[ 0.10799208  0.12079997  0.08945174 ... -0.06988943  0.08532347
  0.19571707]",[223.06856 233.91174 233.91743 ... 192.97691 218.60239 219.25145],[260.945 265.98  271.46  ... 229.115 257.14  259.305],[235.75868 240.51797 246.49402 ... 205.34187 233.12439 235.38855],[0.         0.         0.         ... 0.         0.03014326 0.        ],3,1,3,208
[0.20584846 0.         0.2641079  ... 0.13377722 0.05904048 0.24418171],[348.33585 308.21918 392.8074  ... 360.90573 325.26862 353.9783 ],[353.01935 317.08386 407.2258  ... 366.7742  340.02582 364.44516],[325.17172 285.58878 377.6784  ... 336.60025 308.93124 335.2638 ],[0. 0. 0. ... 0. 0. 0.],3,1,3,209
[0.26035225 0.04239906 0.16532917 ... 0.         0.06641858 0.22639778],[335.46695 327.2438  364.91736 ... 328.83057 344.07437 374.16943],[335.46695 327.2438  364.91736 ... 328.83057 344.07437 374.16943],[270.8266  257.18277 290.52875 ... 258.75266 272.2139  299.7881 ],[0. 0. 0. ... 0. 0. 0.],3,1,3,210
"[ 0.07596646 -0.05327789  0.2357643  ...  0.07098963 -0.07000598
  0.22465019]",[289.1429  294.65054 366.31308 ... 317.36145 277.74194 325.9225 ],[300.2995  301.43146 373.4873  ... 328.1269  284.39087 336.60406],[269.5798  270.67175 340.55063 ... 294.54184 252.85379 307.06784],[0.         0.02720577 0.         ... 0.         0.0231091  0.        ],3,1,3,211
[0.55956376 0.11643796 0.44595963 ... 0.10182232 0.17354198 0.2870621 ],[507.79037 417.75812 523.98926 ... 462.19696 448.88513 473.05893],[542.9949  451.28204 567.9385  ... 496.51282 495.1846  504.4923 ],[455.4843  371.06097 481.5241  ... 410.8007  408.10428 413.61063],[0. 0. 0. ... 0. 0. 0.],3,1,3,212
[0.23413357 0.3069565  0.28401157 ... 0.00317422 0.19883853 0.33403334],[295.6271  317.97797 346.34518 ... 326.22595 366.2938  368.70218],[338.26746 370.86627 394.94186 ... 376.61627 418.86627 431.23254],[287.14478 314.79492 337.9424  ... 320.61047 361.06516 373.48947],[0.         0.         0.         ... 0.         0.04869834 0.        ],3,1,3,213
[0.34288892 0.07786122 0.25731146 ... 0.09739628 0.23536086 0.09114655],[283.79605 305.6115  331.48972 ... 282.54996 311.01624 273.93716],[333.55057 352.6854  396.42697 ... 347.9944  375.5     329.4382 ],[304.51    319.5743  366.14697 ... 316.7622  346.7795  296.38165],[0.         0.         0.         ... 0.03110646 0.         0.        ],3,1,3,214
[0.08485405 0.         0.41644952 ... 0.02615541 0.17354813 0.1331016 ],[195.08003 195.81685 266.72754 ... 219.43524 254.74797 214.57549],[317.33176 316.23224 413.24646 ... 345.29858 369.18958 342.891  ],[276.89795 274.4887  371.9017  ... 301.95773 326.7494  302.04636],[0.         0.04504652 0.         ... 0.02140484 0.         0.        ],3,1,3,215
"[ 0.3890215   0.4645329  -0.15531804 ...  0.23008701 -0.0611643
  0.30717286]",[340.7381  389.01788 272.55542 ... 376.6465  307.0257  370.08478],[361.6087  410.94928 293.24637 ... 428.94928 350.5145  417.86957],[315.18878 365.48776 247.37103 ... 382.11707 301.49625 370.12646],[0. 0. 0. ... 0. 0. 0.],3,1,3,216
"[ 0.03377927  0.06482496 -0.02403828 ...  0.01455937  0.21150397
  0.        ]",[239.53969 236.20645 228.37889 ... 243.56328 272.27377 218.80565],[317.6188  335.43564 316.5792  ... 333.0099  365.39603 301.2376 ],[283.47617 302.32413 283.75467 ... 297.13144 332.10315 267.30603],[0. 0. 0. ... 0. 0. 0.],3,1,3,217
"[ 0.5577191   0.33746442 -0.07293522 ...  0.25566134  0.34932366
  0.29745182]",[389.5892  360.758   265.54733 ... 390.78195 391.70483 364.42203],[464.48904 431.94162 336.19708 ... 460.7737  473.0073  428.56934],[423.1519  385.94244 286.00977 ... 409.75476 423.84253 379.4105 ],[0. 0. 0. ... 0. 0. 0.],3,1,3,218
[0.         0.11931428 0.19478261 ... 0.09883875 0.12347143 0.27758363],[275.70267 316.54678 340.12878 ... 334.75378 332.34503 361.9517 ],[303.7158  343.49475 368.70526 ... 366.48947 363.99475 386.72104],[274.86865 315.67255 341.3461  ... 338.71667 336.12494 359.10098],[0.         0.         0.         ... 0.         0.03571127 0.        ],3,1,3,219
[0.14345434 0.15838584 0.14057182 ... 0.2202283  0.03897744 0.40101323],[199.80928 220.12529 220.94078 ... 268.12585 215.93427 251.47192],[257.73584 275.84277 272.79245 ... 305.89938 269.8176  319.96225],[234.31668 250.75116 247.6064  ... 279.3589  242.82396 293.933  ],[0.         0.         0.         ... 0.         0.04756091 0.        ],3,1,3,220
[0.1953363  0.28837302 0.18545073 ... 0.01094562 0.2267778  0.18920335],[260.25525 327.18625 286.42688 ... 267.42944 320.67993 318.07718],[391.79443 457.47223 435.49445 ... 405.4111  472.1722  453.6889 ],[364.2577  429.73615 403.3514  ... 376.5755  438.25812 425.7523 ],[0.         0.         0.         ... 0.02938375 0.         0.        ],3,1,3,221
[0.158073   0.04277783 0.48854753 ... 0.1415881  0.12496794 0.17822132],[234.00201 252.59813 346.09326 ... 294.40347 284.5394  302.09094],[338.7967  338.14835 456.73627 ... 394.35165 387.76373 386.87363],[300.3279  302.20306 414.57706 ... 355.05576 347.25186 344.77258],[0.         0.04510446 0.         ... 0.         0.         0.        ],3,1,3,222
[0.27671424 0.14858276 0.04766512 ... 0.04923612 0.09748281 0.272819  ],[285.31927 278.5915  257.6003  ... 269.8282  266.56366 273.77103],[365.80136 344.69177 334.50684 ... 358.3493  350.80136 363.1507 ],[348.56274 327.25177 315.6542  ... 338.90402 331.3287  344.7022 ],[0.         0.         0.         ... 0.         0.02900175 0.        ],3,1,3,223
[0.         0.00327515 0.2702771  ... 0.10028784 0.20614561 0.24994366],[226.05354 265.38095 318.36673 ... 306.09613 312.8356  325.5636 ],[265.04166 308.14352 377.26852 ... 351.48148 363.9074  366.4537 ],[236.7015  277.31573 344.994   ... 317.19336 330.49564 332.90247],[0.         0.03696179 0.         ... 0.04599506 0.         0.        ],3,1,3,224
[0.11282593 0.08197509 0.12200754 ... 0.10900834 0.         0.00899189],[263.53925 259.23154 282.928   ... 293.67334 264.467   251.3549 ],[347.5778  347.98334 366.28333 ... 377.65    346.2     339.5611 ],[313.8921  312.66132 332.92245 ... 345.55328 306.42795 307.4315 ],[0. 0. 0. ... 0. 0. 0.],3,1,3,225
"[ 0.09025981  0.08812858  0.08148585 ... -0.02143605  0.24382637
  0.16374162]",[256.85226 265.8663  264.49023 ... 249.147   280.71335 269.999  ],[284.98892 296.2214  296.50922 ... 273.1107  330.39853 306.4539 ],[252.42921 261.87076 265.05206 ... 239.06378 295.94113 272.82376],[0.         0.         0.         ... 0.03023943 0.         0.        ],3,1,3,226
[0.14197023 0.15427072 0.36603782 ... 0.         0.         0.3100595 ],[372.6849  366.36758 452.79297 ... 354.63522 348.70877 412.52676],[413.0778  421.65    489.33334 ... 394.3     390.21667 449.2611 ],[336.58563 349.34824 410.59546 ... 318.6734  311.89346 376.37125],[0.         0.02839918 0.         ... 0.         0.04259888 0.        ],3,1,3,227
[0.05062096 0.00537004 0.1272771  ... 0.13383704 0.20595346 0.33782843],[327.9173  329.40366 360.89902 ... 378.7215  389.04495 392.64297],[367.51584 362.40723 402.0724  ... 415.04977 421.27603 435.90045],[298.38516 295.5552  332.0196  ... 348.48734 348.36786 373.69962],[0.         0.         0.04469679 ... 0.03127384 0.03348825 0.        ],3,1,3,228
[0.695167   0.9832586  0.8518385  ... 0.20503707 0.30532452 0.2589138 ],[412.32172 489.2525  470.25162 ... 370.53296 394.29208 359.8772 ],[426.1891  516.31934 491.42017 ... 392.2521  407.57983 379.31934],[376.70248 461.95148 438.8006  ... 339.36658 356.20737 323.35266],[0.03419146 0.         0.         ... 0.04708854 0.         0.        ],3,1,3,229
[0.1768771  0.26476952 0.46133274 ... 0.20849751 0.06787243 0.37456548],[328.3363  360.25162 399.4858  ... 385.88397 339.14783 409.72955],[417.70587 455.54117 508.41763 ... 488.7647  432.8294  486.78235],[348.84412 382.65576 435.2921  ... 409.43588 355.71533 417.40558],[0.         0.         0.         ... 0.         0.04383836 0.        ],3,1,3,230
[0.15436982 0.23029645 0.18843992 ... 0.05458361 0.13994023 0.33673984],[384.31006 424.8859  416.46262 ... 417.30765 391.38718 396.76593],[434.6967  480.36966 489.21326 ... 472.07108 457.59717 463.73935],[339.53192 392.14532 388.07162 ... 365.12463 365.14685 362.59494],[0.         0.         0.         ... 0.         0.05683239 0.        ],3,1,3,231
[0.30631495 0.         0.16011208 ... 0.         0.16928478 0.23047535],[254.83673 223.40715 262.08548 ... 235.41074 273.13208 275.19107],[328.80768 285.8846  333.8132  ... 309.37912 343.2802  334.7857 ],[296.3873  252.59537 300.8222  ... 274.79495 308.75333 299.0278 ],[0.         0.         0.         ... 0.         0.03202023 0.        ],3,1,3,232
[0.27872643 0.21609107 0.23476654 ... 0.12185773 0.4100378  0.4441683 ],[306.2206  301.00473 305.00574 ... 296.18564 341.17496 306.0605 ],[322.9074  319.41357 323.96915 ... 308.74692 353.41357 323.87036],[274.4833  270.6155  274.36392 ... 258.90036 303.0978  273.758  ],[0.         0.         0.         ... 0.07287685 0.         0.        ],3,1,3,233
[0.1686309  0.07812187 0.02563327 ... 0.02985491 0.09957849 0.        ],[255.75104 266.47098 280.68167 ... 287.2862  285.80603 228.21008],[365.3642  380.64816 385.87036 ... 380.      378.5247  345.39505],[328.82538 341.5933  349.02875 ... 341.4176  340.7172  311.63812],[0. 0. 0. ... 0. 0. 0.],3,1,3,234
[0.19781728 0.24808614 0.12264107 ... 0.04493842 0.06148967 0.        ],[314.33878 345.8224  324.03455 ... 328.2974  327.61957 309.3949 ],[315.32925 347.01828 325.17682 ... 329.5305  328.67682 310.57925],[275.5475  303.14572 281.22452 ... 285.81284 282.4602  265.25412],[0. 0. 0. ... 0. 0. 0.],3,1,3,235
"[ 0.2507833  -0.1252522   0.04249367 ... -0.02901432  0.10045879
  0.44381344]",[257.64795 182.2675  207.19087 ... 221.171   248.1329  264.20236],[411.84714 351.6624  402.12103 ... 375.15924 399.3949  422.293  ],[367.17346 303.51556 353.7034  ... 328.83777 353.4951  380.10873],[0.         0.         0.04521286 ... 0.         0.05700326 0.        ],3,1,3,236
"[ 0.20297445  0.          0.17568585 ... -0.04571774  0.08642253
  0.2449707 ]",[411.5618  355.6251  407.82776 ... 369.61758 395.00427 417.85013],[420.10162 362.50406 417.14227 ... 376.00406 403.04065 428.83334],[388.27972 332.67844 385.6352  ... 344.7021  370.3749  394.4861 ],[0.         0.02096035 0.         ... 0.         0.04035152 0.        ],3,1,3,237
"[ 0.19262037 -0.0212783   0.12476735 ...  0.1140983   0.22232153
  0.25684348]",[273.2557  237.84485 269.0122  ... 248.02881 280.19458 250.82808],[332.6293  291.5086  324.53018 ... 315.47845 327.71982 304.64224],[299.1733  257.28113 290.13412 ... 282.8821  296.53336 271.55905],[0.         0.         0.01705543 ... 0.03383236 0.         0.        ],3,1,3,238
[0.0830503  0.08758162 0.06593832 ... 0.08907807 0.13852513 0.13817549],[251.68828 241.01393 249.00842 ... 278.9882  262.1393  264.6169 ],[304.84897 313.38022 315.8854  ... 343.72916 329.3021  320.9479 ],[286.4773  297.39206 296.59827 ... 325.8484  312.27664 302.55063],[0. 0. 0. ... 0. 0. 0.],3,1,3,239
[0.4515734  0.44040853 0.2706885  ... 0.11917517 0.5278032  0.31115648],[270.29385 271.6528  258.88345 ... 267.7405  327.41986 290.56354],[350.54968 379.62253 358.19205 ... 344.21854 421.31125 368.3841 ],[299.32385 327.27017 304.88614 ... 294.78375 364.94952 314.7015 ],[0.         0.         0.         ... 0.05930084 0.         0.        ],3,1,3,240
"[ 0.29716536  0.07385162  0.11208151 ... -0.07198744  0.07589879
  0.08346214]",[279.63483 251.81615 273.57755 ... 251.66554 292.1826  275.89227],[334.4067  304.34927 332.70334 ... 313.35886 349.22488 331.7177 ],[313.2621  280.53534 310.35843 ... 291.25482 326.35126 309.63724],[0. 0. 0. ... 0. 0. 0.],3,1,3,241
[0.         0.018982   0.18160343 ... 0.         0.2630716  0.10205502],[179.07597 191.4089  193.1914  ... 186.59027 214.5474  199.51863],[301.7329  314.40372 355.86334 ... 316.7329  381.54657 327.63354],[275.44678 288.47635 328.56595 ... 288.30267 352.77814 299.36002],[0.         0.02425894 0.         ... 0.         0.         0.        ],3,1,3,242
[0.37246364 0.24471325 0.21342537 ... 0.2210116  0.09787025 0.        ],[442.3753  426.42606 434.45047 ... 450.17526 419.095   349.6093 ],[447.93396 440.00473 446.44812 ... 461.70282 423.58963 355.25   ],[389.637   384.3069  386.46964 ... 397.5148  359.4474  297.53622],[0. 0. 0. ... 0. 0. 0.],3,1,3,243
"[ 0.08716745  0.5714861  -0.01851524 ...  0.11090136  0.22798562
  0.11264478]",[319.98883 413.52887 313.36362 ... 360.00946 364.78714 325.41135],[324.89795 435.2245  323.2398  ... 370.36734 374.69897 330.06122],[289.48785 400.63452 284.31512 ... 331.60794 334.24472 289.3629 ],[0. 0. 0. ... 0. 0. 0.],3,1,3,244
"[3.3040592e-01 1.9697794e-01 1.6709472e-01 ... 1.5609821e-04 0.0000000e+00
 1.6036722e-01]",[357.04233 346.6891  357.44293 ... 343.6534  318.50452 354.98712],[376.68933 372.61166 383.52426 ... 360.24756 341.7573  372.17963],[340.42923 331.10214 337.60117 ... 318.27213 300.06915 325.313  ],[0. 0. 0. ... 0. 0. 0.],3,1,3,245
[0.30456176 0.2609927  0.6327413  ... 0.21786937 0.28029063 0.48798215],[326.01468 345.6615  432.17892 ... 411.9105  419.82047 412.39603],[369.62305 391.80106 500.77487 ... 469.24084 480.93716 475.63873],[347.53027 370.60117 474.1986  ... 444.44238 454.57947 450.46207],[0.         0.         0.         ... 0.         0.05471062 0.        ],3,1,3,246
"[ 0.07248227 -0.02758024  0.26936316 ...  0.13418965  0.11961935
  0.16834533]",[346.30527 323.65485 417.06326 ... 401.46622 387.39233 382.70352],[365.2963  347.13168 433.87656 ... 419.74075 410.95474 402.14404],[336.00897 321.01025 406.34436 ... 389.78784 380.44183 371.7144 ],[0.         0.         0.0554077  ... 0.02275429 0.         0.        ],3,1,3,247
[0.15181647 0.03866455 0.20732264 ... 0.10774852 0.14163597 0.1486725 ],[321.63794 337.04495 390.4733  ... 413.94373 411.12085 400.2022 ],[374.16202 383.743   443.93854 ... 465.15643 458.07822 451.7151 ],[347.54422 357.2403  414.65866 ... 434.05984 427.787   425.3773 ],[0. 0. 0. ... 0. 0. 0.],3,1,3,248
"[ 0.27255774 -0.03425801  0.341797   ...  0.82827276  0.5027662
  0.42298308]",[348.9928  287.07367 377.10953 ... 538.48206 448.02377 407.55124],[354.14706 298.77646 385.38824 ... 549.17645 454.04706 420.20587],[307.788   250.23373 339.4766  ... 502.16412 403.91147 372.3712 ],[0.         0.04864777 0.         ... 0.         0.         0.        ],3,1,3,249
"[ 0.06528531  0.24725097  0.13678287 ...  0.07936644 -0.02022635
  0.03722654]",[248.09465 313.72458 287.18134 ... 285.76175 260.77585 276.75974],[289.2823  351.03827 323.72247 ... 327.11963 301.4641  305.97128],[257.4322  315.21567 291.64227 ... 292.9717  266.65286 273.53986],[0. 0. 0. ... 0. 0. 0.],3,1,3,250
"[ 0.11365921  0.1747693   0.19556989 ... -0.01567367  0.06566538
  0.14652885]",[364.7632  389.97302 396.21573 ... 384.82007 371.4256  398.48264],[468.48486 496.69696 516.8131  ... 480.76767 488.61615 518.9495 ],[418.09747 448.62186 464.07605 ... 421.3716  443.05664 468.86316],[0.        0.        0.0294535 ... 0.        0.        0.       ],3,1,3,251
[0.22300419 0.05207103 0.04604426 ... 0.26100555 0.23082234 0.23283198],[318.21494 293.37183 288.7536  ... 328.61786 319.90347 323.3398 ],[345.42133 320.09137 323.4467  ... 363.30963 355.03046 343.96448],[311.8815  287.03705 289.14236 ... 328.58914 318.7575  311.25494],[0. 0. 0. ... 0. 0. 0.],3,1,3,252
[0.19935675 0.15394251 0.04374286 ... 0.09787872 0.07396022 0.10017871],[291.86346 306.17755 287.30936 ... 316.78787 299.97556 301.70236],[327.30725 347.4972  321.47485 ... 358.97766 341.4525  343.36313],[300.79373 319.46313 293.31143 ... 330.17346 314.97726 315.2971 ],[0. 0. 0. ... 0. 0. 0.],3,1,3,253
[0.20072111 0.08892087 0.18869841 ... 0.08526443 0.05392943 0.04421175],[281.00958 260.58023 297.83978 ... 289.11462 273.3742  269.40173],[332.97577 323.17575 353.94547 ... 342.74545 330.34546 321.91516],[313.196   303.41702 330.45245 ... 318.94458 309.7591  299.73764],[0. 0. 0. ... 0. 0. 0.],3,1,3,254
"[ 0.33728844  0.24775675 -0.14199775 ...  0.10634305  0.
  0.06442191]",[293.85843 317.90195 271.17258 ... 354.49356 294.6006  287.7414 ],[427.89285 455.375   383.4643  ... 468.25    420.16965 415.80356],[369.74112 396.0149  314.6216  ... 408.96344 353.08054 355.0538 ],[0. 0. 0. ... 0. 0. 0.],3,1,3,255
[0.15369803 0.06850578 0.13953263 ... 0.02970192 0.10312141 0.38311535],[249.67383 238.06352 270.23563 ... 288.2495  278.0578  287.2224 ],[295.97223 290.03333 318.5778  ... 334.76666 334.04443 342.57224],[254.20966 244.03639 270.41867 ... 289.98456 289.13876 298.40765],[0.         0.         0.         ... 0.         0.04794917 0.        ],3,1,3,256
[0.         0.26744318 0.06208032 ... 0.04282792 0.27967194 0.0689859 ],[248.42863 305.63705 280.69202 ... 285.14862 345.02615 281.21826],[276.445 345.535 321.19  ... 326.245 380.425 319.995],[232.22034 304.87033 278.8727  ... 280.93393 334.0411  275.4014 ],[0.         0.         0.         ... 0.03491124 0.         0.        ],3,1,3,257
"[ 0.25683656  0.10660525  0.06038175 ...  0.         -0.02011066
  0.03740661]",[307.44    279.6385  285.92557 ... 270.78937 254.25809 264.50284],[316.97675 294.3907  292.41394 ... 277.52094 267.46512 269.9023 ],[281.39584 257.56833 254.34839 ... 241.95042 231.478   232.81595],[0. 0. 0. ... 0. 0. 0.],3,1,3,258
[0.11173479 0.         0.05384851 ... 0.         0.06222056 0.20489047],[316.284   307.07288 306.89932 ... 288.7256  302.9385  334.16174],[340.43478 326.55435 337.70108 ... 314.77173 326.29892 358.48914],[308.95612 291.20383 306.94257 ... 283.5813  295.84952 326.97623],[0.         0.         0.         ... 0.         0.03026588 0.        ],3,1,3,259
[0.00873265 0.1433771  0.0289536  ... 0.         0.17067571 0.09659361],[164.83914 181.29793 157.34335 ... 204.10327 239.83739 208.9305 ],[260.91666 296.14584 283.3611  ... 314.60416 351.2014  331.77084],[251.5794  286.21848 272.3307  ... 304.6905  341.4634  321.8459 ],[0. 0. 0. ... 0. 0. 0.],3,1,3,260
"[ 0.2760399   0.16521676 -0.09593983 ...  0.09304936  0.02952114
  0.17596093]",[278.72037 261.23013 227.58043 ... 294.50128 265.15634 276.37198],[298.67807 282.43152 254.86986 ... 316.24658 287.11642 309.06165],[279.90665 264.41296 236.47516 ... 298.70825 267.56415 289.43457],[0. 0. 0. ... 0. 0. 0.],3,1,3,261
[0.12503712 0.62723404 0.14987707 ... 0.15355109 0.31020135 0.3663409 ],[257.79688 383.07568 298.23016 ... 298.73993 329.7863  353.22025],[335.1875  467.4375  359.9034  ... 400.77274 418.375   415.4091 ],[293.4051  424.23755 315.08557 ... 352.89142 371.16235 367.37018],[0.         0.         0.         ... 0.04625614 0.         0.        ],3,1,3,262
[0.49209452 0.08211121 0.16762166 ... 0.         0.05184451 0.23932476],[306.12714 282.22977 320.10977 ... 297.5687  327.7359  334.17224],[481.16867 435.21085 469.86145 ... 461.28314 475.31326 535.253  ],[441.31357 391.3503  423.93344 ... 413.80286 429.72147 486.16626],[0.         0.         0.         ... 0.         0.02400581 0.        ],3,1,3,263
"[ 0.0422347   0.00306942  0.21551436 ...  0.08325873 -0.18382178
  0.27354768]",[285.75598 275.73306 320.9533  ... 326.89728 270.73135 319.11136],[326.52    317.37332 373.74667 ... 377.12    309.06223 367.44888],[278.27423 268.9274  323.50586 ... 328.30432 257.7347  313.92056],[0.         0.         0.         ... 0.         0.03656387 0.        ],3,1,3,264
[0.         0.09263615 0.04237106 ... 0.02274928 0.14903247 0.17211331],[246.17801 274.28613 272.79605 ... 302.99414 302.38855 271.97443],[276.1369 310.3512 303.3988 ... 332.1488 346.1607 308.4881],[225.82193 259.04208 249.3705  ... 277.98242 294.8445  257.90613],[0.         0.         0.01904932 ... 0.03197215 0.         0.        ],3,1,3,265
"[ 0.18613686  0.04102161  0.16923818 ... -0.00804794  0.06430848
  0.17433305]",[276.29852 275.00848 288.8739  ... 258.33453 270.88943 284.62042],[340.82065 330.55978 366.52716 ... 330.59784 335.125   346.3315 ],[303.3358  292.06573 327.89548 ... 291.37012 298.13443 306.09128],[0. 0. 0. ... 0. 0. 0.],3,1,3,266
[0.42637074 0.36084172 0.14098155 ... 0.         0.11196437 0.30825084],[405.76495 406.02927 341.4732  ... 324.35333 346.16782 365.40677],[464.7612  449.9204  411.3781  ... 370.35822 404.0597  408.2587 ],[388.62933 377.62433 327.96814 ... 295.27374 319.1088  329.47018],[0.         0.         0.08765262 ... 0.         0.02946217 0.        ],3,1,3,267
[0.24257995 0.         0.28790167 ... 0.05278619 0.22016798 0.21196128],[306.68762 297.63083 417.70898 ... 370.4657  419.3099  395.52148],[416.50754 395.74875 501.82413 ... 456.4422  504.402   480.27637],[364.88333 341.61374 442.67896 ... 397.43677 447.23978 424.7545 ],[0.         0.         0.         ... 0.03847983 0.         0.        ],3,1,3,268
"[ 0.19769831  0.25886846  0.5596683  ... -0.07737089  0.38594088
  0.19444154]",[403.956   421.84808 489.40604 ... 356.9282  440.3813  398.07324],[413.08524 433.375   513.48865 ... 367.51135 464.60794 406.76706],[341.16177 366.3177  439.92804 ... 297.72427 393.58163 331.89413],[0.         0.03239238 0.         ... 0.04985762 0.         0.        ],3,1,3,269
[0.2391947  0.07924289 0.03898367 ... 0.25556517 0.3915114  0.24201281],[266.1383  283.1817  285.1055  ... 320.15598 312.31064 261.45062],[354.3416  383.99377 382.35403 ... 433.21738 430.19876 363.1615 ],[288.72104 320.5869  316.36447 ... 369.3488  368.60544 304.51364],[0.         0.         0.         ... 0.04852883 0.         0.        ],3,1,3,270
[0.         0.21779656 0.11623428 ... 0.         0.10299346 0.0957995 ],[250.91367 329.21582 321.44604 ... 293.1295  305.65466 290.6259 ],[250.91367 329.21582 321.44604 ... 293.1295  305.65466 290.6259 ],[195.0176  272.47946 262.48846 ... 235.0273  248.99132 232.81996],[0. 0. 0. ... 0. 0. 0.],3,1,3,271
[0.32316384 0.1532437  0.36643654 ... 0.11495508 0.17254686 0.00377324],[361.09424 375.80072 429.92865 ... 434.74857 457.02518 400.4446 ],[418.99527 414.8915  477.28302 ... 500.9717  514.3585  455.90567],[332.11453 324.22525 382.72107 ... 402.4152  418.6016  355.39566],[0. 0. 0. ... 0. 0. 0.],3,1,3,272
[0.18079977 0.         0.14067079 ... 0.03045901 0.12628649 0.08280944],[336.07843 331.9634  391.50995 ... 381.92535 390.5904  346.2269 ],[410.7378  393.12    441.87112 ... 432.19556 457.60443 423.5778 ],[341.27844 320.45462 369.42987 ... 355.66336 381.69598 359.4018 ],[0. 0. 0. ... 0. 0. 0.],3,1,3,273
[0.7373567  0.46750602 0.6170098  ... 0.23479384 0.21882905 0.30113012],[407.67123 404.69174 414.99988 ... 327.46796 301.77414 298.71344],[486.16464 472.42682 509.84756 ... 400.4878  383.33536 373.38416],[448.31033 431.34244 469.76572 ... 360.20444 345.50174 333.00293],[0. 0. 0. ... 0. 0. 0.],3,1,3,274
[0.27615675 0.15469216 0.05650889 ... 0.1634276  0.35424197 0.633612  ],[337.29816 327.33945 316.0413  ... 357.18808 366.06882 391.15137],[337.29816 327.33945 316.0413  ... 357.18808 366.06882 391.15137],[288.33072 276.8818  264.87457 ... 303.22614 311.0628  334.7878 ],[0.         0.         0.         ... 0.         0.08081477 0.        ],3,1,3,275
"[ 0.04410172 -0.04410172  0.20251437 ...  0.08316222  0.10302948
  0.08663035]",[178.44902 172.05319 214.54057 ... 236.60481 229.88704 193.8872 ],[271.98764 262.12344 319.0926  ... 326.12344 317.32098 291.6358 ],[253.17609 244.08788 300.1982  ... 307.32898 297.0413  271.94345],[0.         0.04231386 0.         ... 0.         0.         0.        ],3,1,3,276
"[ 0.2539669   0.06119423  0.0878209  ... -0.05300813  0.00416171
  0.33997095]",[318.80005 319.86212 338.90756 ... 289.77893 297.59766 350.07404],[327.17172 331.00504 347.93436 ... 300.31314 305.67676 366.50504],[283.62637 286.51172 297.39648 ... 251.35954 257.28177 315.01315],[0.        0.        0.        ... 0.        0.0546618 0.       ],3,1,3,277
[0.14920862 0.         0.31173792 ... 0.24288723 0.29428783 0.4606195 ],[307.73514 283.7413  357.26315 ... 382.1115  393.82245 388.39478],[343.50555 319.5     401.19446 ... 438.6111  439.37778 430.1389 ],[298.9645  273.60562 351.58792 ... 392.05234 384.765   378.84192],[0.         0.02334883 0.         ... 0.         0.04162151 0.        ],3,1,3,278
[0.06275252 0.36666763 0.1375739  ... 0.11084632 0.1220985  0.16330703],[194.1115  224.51758 207.73193 ... 185.42133 210.2046  186.23177],[310.58377 386.54053 340.75134 ... 348.7027  337.17838 328.95676],[264.03455 338.97873 295.51825 ... 297.66965 288.07916 279.91495],[0. 0. 0. ... 0. 0. 0.],3,1,3,279
[0.05991798 0.23438838 0.12395633 ... 0.01245244 0.04283741 0.290177  ],[251.4185  287.5819  262.74023 ... 249.2837  241.9794  276.47702],[266.18332 305.52222 284.1389  ... 267.50555 256.6889  288.99445],[233.93127 271.82617 251.53648 ... 234.26584 223.19789 255.48177],[0.        0.        0.        ... 0.        0.0374646 0.       ],3,1,3,280
"[ 0.07980806  0.04463052  0.13465856 ...  0.15502475 -0.03982397
  0.13053776]",[246.06982 252.38231 273.6344  ... 284.1385  246.23624 246.85583],[305.6271  311.35593 331.29944 ... 346.27118 292.63278 306.29944],[269.0074  275.18555 296.8782  ... 309.48828 257.92612 273.18875],[0.         0.         0.02823606 ... 0.         0.         0.        ],3,1,3,281
"[ 0.06785777  0.23543629  0.00605104 ...  0.02742814 -0.075179
  0.28674585]",[282.32983 333.39383 289.33255 ... 310.87097 262.45956 322.31107],[319.05594 382.65036 327.27274 ... 342.92307 303.1259  361.5035 ],[290.9152  352.77325 296.9601  ... 310.34027 273.37875 328.2074 ],[0.         0.         0.         ... 0.         0.04646751 0.        ],3,1,3,282
[0.65998155 0.35956606 0.3944528  ... 0.2932121  0.23141246 0.19016723],[421.0054  400.5628  396.3034  ... 379.57333 346.6756  374.20663],[592.1377  512.2246  533.34784 ... 554.38403 518.13043 486.06522],[555.53265 477.013   491.92838 ... 510.09756 482.50528 447.36624],[0.         0.         0.04370513 ... 0.         0.         0.        ],3,1,3,283
"[ 0.          0.00328348  0.25213367 ... -0.2187985   0.0524696
  0.44546744]",[240.60582 234.28531 300.67584 ... 230.97504 271.79648 324.85684],[355.23117 362.93466 437.72864 ... 331.598   410.82413 455.79898],[323.1611  331.5854  401.28607 ... 301.4791  377.66782 422.60132],[0.         0.02979769 0.         ... 0.         0.07009482 0.        ],3,1,3,284
"[ 0.19138356  0.12667154  0.20685425 ... -0.04548723  0.1912183
  0.18228887]",[298.37518 294.8273  322.49106 ... 272.74405 313.42355 310.75174],[307.92093 309.53952 328.9628  ... 279.47443 326.50232 316.1349 ],[265.22644 269.58505 286.91556 ... 238.80505 284.19354 273.85394],[0.         0.         0.         ... 0.03568277 0.         0.        ],3,1,3,285
[0.01841757 0.16027279 0.12315529 ... 0.00087763 0.31188855 0.15960565],[182.68283 232.49031 238.3021  ... 229.09917 271.56064 223.98357],[237.75    276.16666 274.51962 ... 276.37744 332.61765 282.93628],[209.19008 246.39542 244.20662 ... 243.02158 301.8793  253.75966],[0.         0.         0.         ... 0.03731073 0.         0.        ],3,1,3,286
[0.38044947 0.24766932 0.19633938 ... 0.06954791 0.03808081 0.2511567 ],[393.2125  389.6357  371.10272 ... 362.18546 365.14127 398.85483],[450.39572 448.57755 433.26736 ... 432.20322 422.4599  463.4813 ],[396.91434 390.40994 380.25714 ... 374.5018  364.75848 405.30804],[0.         0.         0.         ... 0.         0.02880532 0.        ],3,1,3,287
[0.20410378 0.43891186 0.12828743 ... 0.20876889 0.10647473 0.4028339 ],[321.88043 401.76093 323.67807 ... 353.08536 335.053   397.89853],[369.05524 451.0829  382.0497  ... 404.81216 380.16022 445.8674 ],[328.91803 410.50787 337.94617 ... 362.88123 334.63525 401.99832],[0.         0.         0.         ... 0.         0.02985322 0.        ],3,1,3,288
"[ 0.00748124  0.11994521 -0.04232305 ...  0.08136611  0.33550543
  0.18356614]",[204.69847 227.9871  194.33157 ... 233.32713 272.45996 207.38492],[284.72278 312.98514 285.75247 ... 326.09406 357.73267 298.4208 ],[249.48302 277.17215 249.0198  ... 288.86328 319.37534 261.5172 ],[0.         0.         0.         ... 0.04675125 0.         0.        ],3,1,3,289
[0.10334254 0.27611688 0.37390968 ... 0.         0.05336934 0.2923739 ],[317.01352 357.4033  368.42227 ... 311.53952 320.87738 356.50076],[362.58963 404.82547 436.2736  ... 365.98114 373.62265 413.4717 ],[320.65195 365.53238 397.47864 ... 319.95694 324.1927  371.04758],[0.05099323 0.         0.         ... 0.         0.02874385 0.        ],3,1,3,290
[0.15759674 0.09542605 0.01033189 ... 0.06606352 0.1272557  0.16057038],[233.24329 224.36874 237.75015 ... 266.98248 293.90515 266.9969 ],[343.657   342.96136 338.30917 ... 376.91788 389.05798 384.5121 ],[291.8024  287.05426 280.41232 ... 321.32474 328.55267 325.10532],[0. 0. 0. ... 0. 0. 0.],3,1,3,291
[0.23198189 0.12613396 0.13164748 ... 0.00616586 0.11062638 0.08484759],[307.23325 316.70395 332.29453 ... 304.51337 333.0576  301.8996 ],[342.74725 352.0934  364.48352 ... 343.65384 370.011   339.011  ],[293.17593 300.72305 305.98526 ... 291.37122 316.02313 285.6566 ],[0. 0. 0. ... 0. 0. 0.],3,1,3,292
[0.2297383  0.01955917 0.35134426 ... 0.11502678 0.17513871 0.17988357],[289.57623 259.04388 337.4575  ... 286.29367 303.2123  277.04742],[300.90765 273.31848 353.9618  ... 301.26434 316.86942 297.3949 ],[274.03174 247.56593 327.23883 ... 276.29443 289.65918 272.55923],[0.         0.         0.         ... 0.02189758 0.         0.        ],3,1,3,293
[0.29080573 0.1239419  0.1700705  ... 0.01813319 0.06228107 0.00629991],[313.26874 270.5892  292.73932 ... 281.09003 284.8615  272.1859 ],[330.77222 302.18332 312.26666 ... 300.64444 308.11667 289.53333],[296.49957 268.24054 278.8954  ... 265.0288  273.3725  253.6814 ],[0. 0. 0. ... 0. 0. 0.],3,1,3,294
"[ 0.27032447  0.36836877  0.22572397 ... -0.1458805   0.03580067
  0.24693483]",[404.3647  455.6549  416.5699  ... 313.39215 356.2415  367.56912],[452.43378 501.62558 464.56622 ... 359.22375 399.863   424.45663],[407.12    462.48477 420.3231  ... 313.2427  362.16562 380.5133 ],[0.         0.         0.03277121 ... 0.         0.04032372 0.        ],3,1,3,295
"[ 0.09567939 -0.05540261  0.07983088 ... -0.1551207   0.00058776
  0.18049775]",[260.18326 252.12318 290.04193 ... 257.50305 284.948   298.23584],[291.24026 279.66232 317.5844  ... 281.27274 312.46103 315.16232],[248.85805 232.85605 272.56024 ... 234.33693 268.66663 268.27893],[0.         0.         0.05201215 ... 0.         0.         0.        ],3,1,3,296
[0.44166404 0.2757587  0.15879308 ... 0.23808171 0.02462821 0.25938523],[355.45526 343.96295 331.45166 ... 363.21426 308.06458 335.41006],[383.9524  378.3069  363.14816 ... 403.60846 341.3545  366.50266],[337.12595 332.9859  319.0285  ... 360.6863  297.2374  324.034  ],[0. 0. 0. ... 0. 0. 0.],3,1,3,297
[0.18512532 0.29727888 0.13728693 ... 0.16805194 0.         0.2519045 ],[286.38922 319.95023 291.74457 ... 330.06577 274.5703  327.62198],[295.72726 329.75974 299.4935  ... 337.5844  283.14935 337.18832],[276.03918 310.39984 278.82635 ... 316.47452 264.72415 315.64813],[0.         0.         0.         ... 0.         0.02294469 0.        ],3,1,3,298
[0.2547456  0.29508668 0.18870674 ... 0.3240231  0.19421038 0.25163993],[343.86777 358.22302 367.05023 ... 420.76138 392.87912 371.20404],[375.599   391.30457 401.42133 ... 457.2944  418.34518 396.2995 ],[304.40533 323.95084 330.3535  ... 382.50363 346.12482 325.31232],[0. 0. 0. ... 0. 0. 0.],3,1,3,299
[0.04530044 0.23958284 0.04685723 ... 0.         0.09186693 0.17139739],[201.32559 264.41177 204.93689 ... 232.95885 263.13107 249.16281],[277.1063  351.44446 309.21738 ... 333.4831  350.52173 342.42996],[262.53635 337.6403  293.6193  ... 315.29343 332.23288 321.60666],[0.         0.         0.         ... 0.         0.02411883 0.        ],3,1,3,300
"[ 0.16267744 -0.01253919  0.20150504 ...  0.14362751  0.
  0.        ]",[399.19077 373.13818 433.0016  ... 349.37204 308.20322 301.75198],[415.34253 380.6022  443.5083  ... 358.53592 312.05524 308.97238],[353.30573 320.9975  379.86298 ... 300.9598  256.70294 250.8237 ],[0. 0. 0. ... 0. 0. 0.],3,1,3,301
"[ 0.07026839  0.23289798  0.06335729 ...  0.03385502 -0.02112773
  0.03734268]",[239.11389 283.60583 252.60818 ... 237.22179 231.21924 236.34456],[299.16745 344.41147 311.91388 ... 305.73206 291.65073 296.66028],[249.66595 291.46597 258.05566 ... 255.08968 240.34724 246.8076 ],[0. 0. 0. ... 0. 0. 0.],3,1,3,302
"[ 0.          0.01530409  0.11978418 ...  0.08131418 -0.01818644
  0.01818644]",[214.26456 234.95232 249.6769  ... 265.52042 211.21016 231.67546],[296.60645 315.52258 348.74194 ... 352.54193 313.20645 317.8258 ],[261.0234  282.1573  314.75598 ... 318.76965 279.5536  281.0183 ],[0.         0.02674371 0.         ... 0.         0.         0.        ],3,1,3,303
"[ 0.17420514  0.23376796  0.30624893 ... -0.04684873  0.05689754
  0.1444645 ]",[317.99286 345.62808 363.5823  ... 337.6934  353.62872 359.6086 ],[326.4402  355.34927 380.03348 ... 344.04306 362.02872 364.36365],[266.95978 297.653   319.9896  ... 282.09604 302.39185 306.64093],[0. 0. 0. ... 0. 0. 0.],3,1,3,304
"[ 0.26128337  0.27149966  0.14415142 ...  0.23722194 -0.07579894
  0.15937804]",[401.5434  418.08102 394.21896 ... 439.48035 358.37994 405.34445],[442.7853  467.19208 436.06213 ... 507.73447 410.887   448.7853 ],[386.59268 405.53015 376.499   ... 446.5509  348.63162 386.7421 ],[0. 0. 0. ... 0. 0. 0.],3,1,3,305
[0.         0.3131248  0.1483644  ... 0.21106707 0.15711194 0.23054345],[292.52045 434.12387 394.08765 ... 405.9482  413.5157  417.65323],[332.23376 480.06494 436.63635 ... 479.95456 468.66882 456.2857 ],[260.67703 400.1678  360.39844 ... 403.25867 386.30798 373.54352],[0. 0. 0. ... 0. 0. 0.],3,1,3,306
[0.15790808 0.33298492 0.         ... 0.1664206  0.08322848 0.18190835],[237.8692  266.4121  224.375   ... 278.07773 249.48062 254.59726],[318.55618 368.38202 300.5056  ... 369.64044 334.36517 351.76404],[277.34354 325.31586 258.82834 ... 326.67575 293.36337 309.41345],[0. 0. 0. ... 0. 0. 0.],3,1,3,307
[0.3226652  0.2867369  0.04780287 ... 0.17191856 0.06102828 0.18171483],[350.0904  361.69208 327.3018  ... 336.34998 313.88342 330.35687],[444.8646  448.1875  413.70834 ... 429.45834 402.28125 420.49478],[362.7066  367.7525  325.4897  ... 355.68896 317.17896 343.8354 ],[0. 0. 0. ... 0. 0. 0.],3,1,3,308
"[ 0.5542145  -0.09022113  0.0823346  ... -0.0378456   0.07659172
  0.35077456]",[304.7062  240.65694 267.7729  ... 261.96027 269.11847 306.14035],[339.47845 260.57758 294.26294 ... 286.68967 302.44827 352.19827],[284.8893  203.54518 236.94572 ... 227.8091  241.48602 293.17938],[0.         0.         0.         ... 0.         0.05491989 0.        ],3,1,3,309
[0.24780335 0.37410584 0.10803807 ... 0.39135617 0.11193741 0.06861193],[318.46756 370.2178  346.15405 ... 409.13885 316.83163 297.7664 ],[469.829   516.6632  475.08292 ... 565.9326  468.14508 428.07773],[415.3787  466.95663 415.5638  ... 511.3594  414.15475 373.9747 ],[0. 0. 0. ... 0. 0. 0.],3,1,3,310
[0.         0.         0.05271644 ... 0.21960835 0.10510859 0.07492202],[137.51108 125.42005 148.0592  ... 157.90161 141.91492 139.9751 ],[238.81348 241.3627  262.95337 ... 284.43005 260.18652 241.75647],[207.47632 210.51651 229.17212 ... 250.5562  227.06554 208.60797],[0.         0.         0.02297136 ... 0.         0.         0.        ],3,1,3,311
[0.19003509 0.1565061  0.09743536 ... 0.         0.10515456 0.20380713],[303.5183  309.06284 303.26178 ... 320.4136  334.2042  346.74347],[303.5183  309.06284 303.26178 ... 320.4136  334.2042  346.74347],[254.47287 258.5833  252.76616 ... 269.83624 278.72095 291.8425 ],[0.         0.         0.         ... 0.         0.02998398 0.        ],3,1,3,312
[0.0502067  0.04069882 0.3014813  ... 0.2923416  0.0336743  0.5091828 ],[232.97145 263.46866 313.20706 ... 306.95444 252.6011  317.88654],[286.96402 296.55396 363.47482 ... 358.22302 288.8993  380.33813],[240.59744 246.98979 313.8139  ... 306.9547  238.4984  331.67365],[0.         0.02646664 0.         ... 0.         0.03940751 0.        ],3,1,3,313
[0.42698792 0.32896203 0.39374498 ... 0.04345429 0.49846637 0.35002032],[324.73016 332.29434 352.69928 ... 296.23114 366.91217 329.7528 ],[386.2773  386.2521  406.3109  ... 340.0084  438.06723 377.9496 ],[362.9525  362.37405 379.19635 ... 311.32144 411.31137 350.13443],[0.         0.         0.         ... 0.04971296 0.         0.        ],3,1,3,314
[0.09112802 0.29155898 0.2587616  ... 0.04586989 0.32153842 0.18998289],[248.9226  305.79813 294.16785 ... 270.30325 297.85043 251.55878],[362.27335 415.05334 417.6     ... 365.76666 416.19333 358.21335],[324.41797 378.20685 370.8262  ... 327.4116  377.8151  320.19434],[0.         0.         0.         ... 0.03723497 0.         0.        ],3,1,3,315
[0.10082534 0.20455748 0.33718613 ... 0.14212935 0.13633351 0.31168014],[300.3383  338.13306 382.87988 ... 288.31546 273.12634 308.6024 ],[353.40372 391.95032 423.66458 ... 323.65216 311.02484 351.09937],[334.41736 364.71335 400.17322 ... 299.36905 289.30753 327.19843],[0.         0.         0.         ... 0.03887625 0.         0.        ],3,1,3,316
[0.27984223 0.10311951 0.03131688 ... 0.15000539 0.21213952 0.15395397],[223.43044 221.31265 200.00674 ... 238.17554 267.13797 235.04283],[310.0305  310.89633 303.58536 ... 352.95123 364.67075 345.68292],[242.78482 247.67346 237.43225 ... 280.02075 290.2557  275.28036],[0. 0. 0. ... 0. 0. 0.],3,1,3,317
[0.         0.13863344 0.18598732 ... 0.         0.05138704 0.01686373],[246.97583 294.4005  314.03885 ... 278.59    296.43726 277.12357],[308.47406 357.82352 376.2699  ... 340.49136 355.96194 339.0761 ],[273.99228 322.54874 341.18903 ... 308.14355 321.02383 303.73898],[0. 0. 0. ... 0. 0. 0.],3,1,3,318
[0.14563964 0.10410725 0.17183495 ... 0.05899647 0.16734725 0.29356503],[259.56467 273.4561  250.70296 ... 283.45203 266.14618 286.4096 ],[382.09036 382.38553 403.3253  ... 396.9217  400.7229  424.06625],[344.6756  343.67657 361.67065 ... 361.00177 358.92554 386.56274],[0.         0.         0.         ... 0.         0.03650271 0.        ],3,1,3,319
[0.2583892  0.20971675 0.09112443 ... 0.18425086 0.02725402 0.26027095],[292.57693 296.03845 279.31732 ... 298.97595 263.13943 299.90866],[292.57693 296.03845 279.31732 ... 298.97595 263.13943 299.90866],[245.82301 247.57086 228.41045 ... 247.05997 213.52261 252.19359],[0.         0.         0.         ... 0.         0.03757419 0.        ],3,1,3,320
[0.05711107 0.20024185 0.54139155 ... 0.10751106 0.10807414 0.1155578 ],[265.7637  310.71075 367.4833  ... 309.4275  298.25217 297.54315],[351.7842  394.32632 483.3684  ... 399.14212 394.0421  390.73157],[314.83545 357.10565 443.79797 ... 358.91006 355.77036 351.63574],[0.         0.07172296 0.         ... 0.         0.         0.        ],3,1,3,321
[0.08621636 0.27786776 0.30670246 ... 0.13614532 0.21944845 0.2968245 ],[294.50323 335.44922 339.35892 ... 317.70197 318.61594 305.99918],[352.5364  397.0843  411.83142 ... 380.03064 380.31033 388.22223],[277.96338 322.70178 336.9699  ... 299.1671  304.7127  308.84885],[0.03843571 0.         0.         ... 0.04130195 0.         0.        ],3,1,3,322
[0.21663907 0.00279168 0.29893023 ... 0.1121813  0.16357155 0.15398504],[349.96793 335.34    419.1377  ... 385.39566 392.17004 366.8591 ],[358.71838 343.15518 423.41953 ... 392.15518 402.16092 373.56323],[304.6692  286.31165 365.2833  ... 334.4441  344.6745  318.88574],[0. 0. 0. ... 0. 0. 0.],3,1,3,323
"[ 0.          0.02658983  0.26083434 ... -0.10905413  0.
  0.16284986]",[257.59848 288.87958 330.72388 ... 272.51547 298.34906 293.4624 ],[343.24844 386.2671  452.60248 ... 365.82608 393.90683 407.21118],[305.81583 345.5168  413.396   ... 325.4895  353.60757 368.25772],[0.         0.04810213 0.         ... 0.         0.         0.        ],3,1,3,324
[0.48758343 0.02752273 0.05891474 ... 0.         0.1564075  0.10469713],[321.77087 244.15987 254.14014 ... 238.76671 260.87152 247.68465],[426.80823 343.85388 354.52054 ... 340.4201  368.16895 351.0411 ],[380.73337 294.09338 302.613   ... 286.05997 314.32556 297.89236],[0. 0. 0. ... 0. 0. 0.],3,1,3,325
[0.13667412 0.05099294 0.15343031 ... 0.16144511 0.27945346 0.2702128 ],[151.2313  152.18217 157.40262 ... 178.5442  196.52832 210.04294],[337.69644 318.5595  359.55356 ... 404.35715 431.41666 417.7738 ],[291.5926  273.58652 314.1229  ... 357.83658 385.44992 371.1683 ],[0.        0.        0.        ... 0.0314898 0.        0.       ],3,1,3,326
[0.09436461 0.17761195 0.37898922 ... 0.32363144 0.20663288 0.30753008],[260.96817 280.60825 333.12555 ... 341.76617 302.96115 304.2167 ],[289.6812  309.86026 365.48035 ... 373.28384 343.90393 338.     ],[248.23851 267.4004  321.62866 ... 328.27435 296.50317 295.71735],[0. 0. 0. ... 0. 0. 0.],3,1,3,327
"[ 0.0056757   0.14513187 -0.03231636 ...  0.14187106  0.06934297
  0.15051647]",[299.4074  338.50385 313.83823 ... 343.5668  323.84863 335.0269 ],[310.62723 351.19525 320.74557 ... 353.54437 335.88165 343.52664],[259.62015 301.0025  267.38797 ... 302.51578 281.60086 292.3183 ],[0. 0. 0. ... 0. 0. 0.],3,1,3,328
"[2.8992802e-01 8.4444322e-03 2.8821257e-01 ... 8.8914479e-05 0.0000000e+00
 5.0380206e-01]",[388.54837 337.907   414.67886 ... 352.32645 314.91293 410.5313 ],[410.05234 360.73837 439.68604 ... 373.25    344.15698 444.77325],[372.68478 324.97382 403.2392  ... 334.2412  307.77463 408.0575 ],[0.         0.02673701 0.         ... 0.         0.0738183  0.        ],3,1,3,329
[0.16474204 0.16439606 0.30337432 ... 0.07313634 0.21581826 0.13801369],[281.99905 253.22266 293.369   ... 256.70007 290.7594  208.03075],[370.16666 375.54166 418.39166 ... 368.75833 391.66666 321.79166],[355.00012 362.04822 404.1489  ... 353.91418 374.98047 309.26202],[0.         0.         0.         ... 0.03526953 0.         0.        ],3,1,3,330
[0.34913954 0.13882357 0.40457803 ... 0.40577814 0.13586874 0.08836863],[303.3506  306.85944 359.37845 ... 377.1534  325.35876 292.54053],[335.98523 338.89655 390.06897 ... 412.59607 356.32513 328.74384],[266.78326 265.99146 322.0001  ... 338.7044  281.07687 256.56717],[0. 0. 0. ... 0. 0. 0.],3,1,3,331
"[ 0.29573733  0.34624356  0.1465265  ... -0.1629636   0.2092267
  0.1942344 ]",[344.5288  363.54413 320.2715  ... 267.84128 344.49542 290.25406],[398.91208 415.26923 374.37912 ... 310.93405 396.9011  336.65384],[353.6064  368.9719  323.44138 ... 263.5833  345.00787 291.38177],[0.         0.         0.         ... 0.         0.03869283 0.        ],3,1,3,332
"[ 0.3567118   0.0883294  -0.02545123 ... -0.01831724  0.09467772
  0.12001856]",[265.64352 230.75362 231.44026 ... 234.5413  238.51302 246.53804],[358.26382 339.45956 331.7149  ... 341.77448 361.5234  365.3319 ],[293.13828 272.02893 256.54294 ... 271.41998 290.28195 291.02356],[0.         0.         0.         ... 0.01942824 0.         0.        ],3,1,3,333
[0.1581002  0.14793219 0.35714236 ... 0.17545654 0.02477806 0.19542682],[270.0088  268.938   323.2335  ... 292.79938 236.75618 278.60675],[299.21967 301.54337 357.42773 ... 322.89597 276.4393  310.5549 ],[271.75696 274.61658 326.8046  ... 289.64722 247.21489 280.079  ],[0. 0. 0. ... 0. 0. 0.],3,1,3,334
[0.15319937 0.21125871 0.3047792  ... 0.23819348 0.04680767 0.10184158],[273.21567 297.59067 324.91934 ... 335.70135 279.35953 282.81638],[337.43396 356.1698  381.1824  ... 392.8239  334.1635  336.21384],[307.1096  324.3041  350.34048 ... 358.7199  301.6138  302.2586 ],[0.         0.02686486 0.         ... 0.         0.         0.        ],3,1,3,335
"[ 0.19917764  0.3038816   0.15767735 ...  0.22197486 -0.05255315
  0.27717155]",[303.849   334.48462 312.00662 ... 343.1328  266.43036 328.8308 ],[409.83334 458.11493 426.85632 ... 458.3908  373.2931  454.65518],[362.2181  401.3706  375.95578 ... 402.53613 318.0471  398.3263 ],[0.         0.         0.         ... 0.         0.03627654 0.        ],3,1,3,336
[0.         0.20244922 0.05867745 ... 0.19060613 0.32519117 0.11367641],[244.2277  283.79562 268.33118 ... 285.4323  319.23703 249.45073],[355.9836  408.25137 392.96722 ... 426.0164  450.847   382.99454],[299.15448 353.9412  333.73697 ... 369.1324  396.60245 331.80554],[0.         0.         0.         ... 0.01974647 0.         0.        ],3,1,3,337
[0.21071067 0.13125259 0.19434518 ... 0.04798563 0.24888797 0.03762228],[217.89941 234.13843 256.17117 ... 243.98839 280.51572 226.6612 ],[317.8497  307.4393  356.56647 ... 334.12717 370.      310.21967],[270.24582 260.33582 304.1412  ... 279.12704 317.96643 259.9546 ],[0. 0. 0. ... 0. 0. 0.],3,1,3,338
[0.16429597 0.08884151 0.06469662 ... 0.07734036 0.06015308 0.        ],[250.0946  274.8394  267.83798 ... 283.2544  268.52728 242.36731],[299.02368 314.3018  313.28403 ... 328.858   315.5799  292.47336],[275.01373 290.78555 289.68063 ... 304.70456 292.01788 267.44614],[0. 0. 0. ... 0. 0. 0.],3,1,3,339
"[ 0.          0.07075128  0.         ... -0.17705832  0.07967448
  0.20250736]",[231.81331 290.25452 272.88    ... 248.96222 288.8341  293.87173],[305.16428 333.8643  326.76428 ... 308.4     357.57858 340.72144],[280.98444 309.67734 297.82968 ... 281.84778 332.66824 313.75568],[0.         0.         0.         ... 0.         0.02937901 0.        ],3,1,3,340
[0.         0.         0.09844187 ... 0.07121417 0.00639696 0.06930893],[224.33942 234.3619  264.6217  ... 250.79779 226.12529 250.90063],[349.26257 366.30725 404.10056 ... 396.9497  377.53073 384.92737],[301.83444 321.8242  357.16827 ... 353.23114 331.24118 341.67523],[0.         0.01897003 0.         ... 0.         0.         0.        ],3,1,3,341
[0.2677202  0.11200481 0.12193134 ... 0.07737795 0.13548924 0.37633872],[287.59277 265.9579  290.16037 ... 287.81558 284.7716  336.70502],[352.72684 327.52682 349.18048 ... 358.      346.34146 392.11218],[314.70898 287.89642 305.42865 ... 316.7579  305.032   352.30136],[0.         0.         0.         ... 0.         0.04740365 0.        ],3,1,3,342
[0.4194146  0.42951557 0.5785175  ... 0.00361743 0.         0.17256622],[366.91364 363.9113  385.5729  ... 281.88367 272.02405 296.87134],[416.86487 420.8446  457.9527  ... 335.6081  330.72296 355.68918],[381.2617  383.98816 422.58987 ... 298.6605  293.05106 318.326  ],[0.         0.         0.11606327 ... 0.         0.02058793 0.        ],3,1,3,343
[0.         0.         0.25582087 ... 0.         0.33033776 0.44508427],[278.37054 288.94095 338.59833 ... 320.08365 376.82782 392.12192],[326.03976 344.77274 418.76706 ... 373.57385 432.39206 456.89774],[274.84503 294.46893 364.91855 ... 319.5879  377.98984 401.73383],[0.         0.         0.04503243 ... 0.07639869 0.         0.        ],3,1,3,344
[0.36662862 0.14595364 0.21537687 ... 0.02700104 0.1987951  0.09213975],[312.05334 269.9227  279.30292 ... 251.46538 274.33273 273.20523],[341.10068 304.42953 332.33557 ... 307.3557  338.13422 306.46307],[309.02658 271.52454 299.1148  ... 274.5473  303.67633 273.51962],[0.         0.         0.         ... 0.02045381 0.         0.        ],3,1,3,345
[0.39635915 0.08683617 0.2759618  ... 0.27183986 0.41021222 0.31090897],[268.9948  251.69673 273.81885 ... 283.3765  305.03995 299.6096 ],[336.75937 309.91443 358.19788 ... 368.90375 389.21924 361.78076],[278.15073 251.00557 295.6541  ... 307.88937 329.0624  297.96976],[0.         0.         0.         ... 0.03257945 0.         0.        ],3,1,3,346
[0.1674245  0.17254265 0.10105211 ... 0.24621421 0.23389024 0.02516543],[295.4668  293.1251  270.91367 ... 317.21054 297.95108 253.57907],[359.54395 370.15384 353.989   ... 393.07144 382.3901  317.47253],[322.22244 331.94    315.6202  ... 351.12656 335.7859  278.7332 ],[0. 0. 0. ... 0. 0. 0.],3,1,3,347
[0.18319744 0.05247298 0.12974767 ... 0.1002077  0.07091867 0.22415109],[255.37479 232.47003 263.97586 ... 275.05356 260.24442 257.4582 ],[353.39038 340.39038 369.78076 ... 375.95187 364.87164 390.70053],[326.57928 312.49008 337.55432 ... 346.7448  335.4377  361.29947],[0.         0.         0.         ... 0.         0.03397941 0.        ],3,1,3,348
[0.12116417 0.21940646 0.1409115  ... 0.23486872 0.37785348 0.4619586 ],[407.03973 421.53986 417.51404 ... 422.6625  468.1805  454.33017],[451.7979  495.07773 477.26944 ... 474.02072 505.15543 503.74094],[392.9585  437.69537 414.86758 ... 405.80057 442.43472 438.3945 ],[0.         0.         0.         ... 0.         0.04140152 0.        ],3,1,3,349
[0.26603326 0.26591983 0.39100587 ... 0.28191677 0.0775596  0.0660363 ],[249.9541  285.82895 295.05576 ... 303.84866 230.167   227.1237 ],[365.03076 385.      411.4513  ... 414.56412 348.1641  321.2564 ],[314.56107 331.06143 363.7356  ... 363.34314 296.90424 272.30542],[0.         0.         0.02093967 ... 0.         0.         0.        ],3,1,3,350
[0.         0.2681063  0.23112816 ... 0.16542402 0.00332577 0.13108493],[262.39395 336.86667 344.23032 ... 354.1697  313.60605 330.0485 ],[262.39395 336.86667 344.23032 ... 354.1697  313.60605 330.0485 ],[225.81488 295.7831  306.6964  ... 315.3152  275.13202 292.09116],[0. 0. 0. ... 0. 0. 0.],3,1,3,351
[0.20758116 0.3032784  0.29037112 ... 0.21727757 0.4178449  0.0972581 ],[303.77744 315.48447 348.20297 ... 310.92834 356.08597 278.38092],[433.72873 476.98404 500.53192 ... 476.96808 520.9202  407.54788],[377.13513 422.1267  439.4825  ... 418.8411  464.87915 352.0524 ],[0.         0.         0.         ... 0.03980608 0.         0.        ],3,1,3,352
"[ 0.35470882 -0.1464503  -0.01864524 ...  0.10629174  0.21667486
  0.34072518]",[300.96658 195.43126 239.45897 ... 286.2105  293.9501  318.8519 ],[470.062   369.2403  419.02325 ... 497.6589  528.4031  555.124  ],[416.79474 316.3411  363.04654 ... 442.1207  472.17828 497.6549 ],[0.         0.         0.04644016 ... 0.         0.05162831 0.        ],3,1,3,353
"[ 0.23731099  0.26923922 -0.1232991  ...  0.06145855  0.12334141
  0.21263817]",[255.94427 280.19382 221.25233 ... 282.3426  282.20804 295.53024],[306.50275 335.0164  264.2787  ... 332.74863 346.57376 353.01093],[271.27457 303.2891  231.04845 ... 301.4725  311.0909  317.1965 ],[0.         0.         0.         ... 0.03565812 0.         0.        ],3,1,3,354
[0.26250175 0.08437137 0.1573864  ... 0.15500462 0.16282246 0.2098077 ],[259.44293 251.72552 265.1244  ... 276.10162 264.28644 249.7754 ],[279.28183 274.76364 300.96362 ... 306.58182 295.10455 280.82727],[240.6372  233.98773 260.24988 ... 266.33105 255.1735  242.31836],[0. 0. 0. ... 0. 0. 0.],3,1,3,355
"[ 0.09909221  0.14722908  0.06464325 ... -0.05833006  0.02411462
  0.16946998]",[229.42458 253.27988 223.66512 ... 191.71744 218.17947 250.80576],[350.80576 369.45325 351.1295  ... 327.92807 352.3813  372.15826],[300.0403  315.06558 300.9359  ... 275.9438  296.76553 316.82806],[0.         0.         0.02433434 ... 0.         0.         0.        ],3,1,3,356
"[ 0.03887715  0.15585296  0.23932682 ...  0.02398855 -0.00833554
  0.04163953]",[240.51056 267.39334 286.21857 ... 253.65376 233.04347 244.93289],[277.60156 312.33984 329.8828  ... 292.01562 271.1953  282.27344],[250.90137 282.23358 301.2942  ... 259.6215  243.99326 251.59589],[0. 0. 0. ... 0. 0. 0.],3,1,3,357
"[ 0.25048286 -0.04082981  0.1239263  ...  0.20212084 -0.00274307
  0.35659945]",[207.00377 196.84373 218.68864 ... 252.77808 206.04674 283.95337],[328.81818 285.9899  328.76767 ... 394.37375 341.30304 425.33838],[293.42844 250.76953 289.41187 ... 354.00797 301.53708 383.91223],[0.         0.         0.         ... 0.         0.03890869 0.        ],3,1,3,358
"[ 0.25905502  0.15400034 -0.0442134  ...  0.17075321  0.06220987
  0.21530606]",[279.7436  289.4979  241.14153 ... 288.947   240.39859 260.24655],[351.78348 346.28348 313.54724 ... 365.10236 340.50394 360.9252 ],[298.54697 288.6423  252.68646 ... 307.31787 279.0784  304.04285],[0.         0.         0.         ... 0.         0.02200234 0.        ],3,1,3,359
[0.26689258 0.01923723 0.13619968 ... 0.1108496  0.19722207 0.08640049],[252.62369 214.20451 238.07997 ... 238.94637 243.16191 215.26654],[299.8095  260.79047 286.9762  ... 285.09525 288.67618 255.40953],[272.93085 233.21661 257.7937  ... 254.71614 259.115   224.79372],[0. 0. 0. ... 0. 0. 0.],3,1,3,360
"[ 0.500039    0.08367677  0.14930528 ... -0.04073245  0.06746661
  0.43755665]",[376.0097  307.48898 338.61664 ... 293.012   325.33508 363.2434 ],[434.66028 355.01913 379.26315 ... 360.92822 375.07178 411.51675],[375.32758 296.91016 321.02322 ... 295.7676  312.28177 352.42395],[0.         0.         0.         ... 0.         0.05805402 0.        ],3,1,3,361
[0.11893192 0.         0.09595264 ... 0.00923528 0.03374636 0.09713172],[285.99286 285.58005 311.91342 ... 318.4931  318.3831  309.06073],[302.36734 301.55783 327.59863 ... 338.16327 338.19727 327.2857 ],[265.35767 266.47495 289.7777  ... 302.02017 298.93976 288.70343],[0. 0. 0. ... 0. 0. 0.],3,1,3,362
[0.09104443 0.         0.         ... 0.17015773 0.10558822 0.2661161 ],[219.04868 212.63632 225.28769 ... 256.10922 245.21387 286.8835 ],[306.20807 298.08054 307.1678  ... 377.349   346.3423  378.33557],[278.31784 266.808   276.99548 ... 344.5015  317.30997 346.73694],[0.         0.         0.         ... 0.         0.02198506 0.        ],3,1,3,363
"[ 0.19077653  0.2435699  -0.02270416 ...  0.27944216  0.28135487
  0.17287636]",[296.58557 319.26624 266.50412 ... 359.0853  323.22815 290.93353],[332.2857  351.92572 299.62286 ... 390.84    365.78287 324.8343 ],[295.2535  318.48123 261.99353 ... 355.5852  327.80685 288.2581 ],[0. 0. 0. ... 0. 0. 0.],3,1,3,364
"[ 0.3138913   0.08210058  0.35186157 ...  0.26390174 -0.03554253
  0.37648872]",[264.26727 256.2891  315.35275 ... 314.0724  244.1892  298.2102 ],[316.60843 291.6988  355.13254 ... 359.18073 280.62048 363.0482 ],[285.37982 257.67258 321.44666 ... 324.5802  244.78294 327.75043],[0.         0.         0.02758673 ... 0.         0.03411041 0.        ],3,1,3,365
[0.30303472 0.18319188 0.         ... 0.00611117 0.21507187 0.2478455 ],[239.24455 236.9066  225.3343  ... 228.2991  260.85864 258.71347],[289.74576 288.01694 270.9096  ... 276.28815 311.14124 301.75705],[257.2097  254.99605 236.70264 ... 242.81026 275.8841  266.18628],[0.         0.         0.         ... 0.03432385 0.         0.        ],3,1,3,366
[0.1063154  0.02204802 0.27354643 ... 0.28075245 0.19501035 0.27264598],[310.76733 300.0133  341.70987 ... 339.31833 320.78128 343.66556],[341.01852 325.06174 387.33334 ... 384.19135 357.18518 366.57407],[293.39633 276.00458 333.50378 ... 334.37137 307.7024  313.37466],[0. 0. 0. ... 0. 0. 0.],3,1,3,367
"[ 0.11966957  0.03027578  0.13531606 ...  0.25628167 -0.0434012
  0.2069765 ]",[263.07953 265.17322 296.67575 ... 315.0654  247.6398  272.57343],[268.2213  268.2787  300.041   ... 318.4836  251.03279 285.34427],[243.66557 246.10693 275.35922 ... 295.10513 226.73787 262.2107 ],[0. 0. 0. ... 0. 0. 0.],3,1,3,368
"[ 0.22924405 -0.06141306  0.07984913 ...  0.02808244  0.19708344
  0.06161834]",[379.14813 302.6833  366.51605 ... 344.09445 397.81082 346.3401 ],[451.0103  391.7835  466.18558 ... 455.97937 500.15463 434.1134 ],[392.25824 334.6068  403.6615  ... 394.49023 438.62534 375.19846],[0.        0.        0.0361944 ... 0.        0.        0.       ],3,1,3,369
[0.23423892 0.         0.28771332 ... 0.03954333 0.09255625 0.        ],[271.88675 250.88739 300.41367 ... 261.19516 272.73108 246.6819 ],[292.69183 258.4088  322.7107  ... 275.11322 280.69812 255.62894],[254.99461 222.4478  287.48056 ... 238.01216 242.37819 213.62402],[0.         0.02294329 0.         ... 0.         0.         0.        ],3,1,3,370
"[ 0.08910086  0.24235839 -0.03182008 ...  0.16016906 -0.08158475
  0.5331275 ]",[175.46426 186.41284 166.3453  ... 168.61432 146.85553 209.14342],[380.32385 440.14774 380.8466  ... 437.02274 336.33524 475.83524],[333.32285 389.99658 330.28766 ... 383.29184 285.91095 427.29358],[0.         0.         0.         ... 0.         0.07775916 0.        ],3,1,3,371
"[ 0.12229649 -0.05412471  0.29110542 ...  0.1485554   0.18101431
  0.1931803 ]",[291.27853 272.472   360.15637 ... 348.81625 347.53156 309.2913 ],[296.3427  280.22534 365.14554 ... 354.86853 351.20187 318.79813],[254.16411 239.39531 317.90955 ... 306.12314 306.4843  272.3424 ],[0.         0.04288916 0.         ... 0.         0.         0.        ],3,1,3,372
[0.09787824 0.03986201 0.02583813 ... 0.3180942  0.11536326 0.22944397],[264.20523 257.93088 273.2982  ... 339.56598 294.48492 288.9275 ],[320.94916 312.0565  321.35593 ... 402.34464 351.113   367.97174],[265.93365 256.5149  264.4714  ... 345.06384 290.4281  311.94302],[0. 0. 0. ... 0. 0. 0.],3,1,3,373
"[ 6.8762586e-02  1.9693232e-01 -3.9323453e-02 ...  6.6774619e-06
  1.4438930e-01  1.9043989e-02]",[281.1056  320.17044 277.8999  ... 276.78992 299.0441  276.65665],[304.27975 351.49405 307.7381  ... 303.4107  329.05356 296.66666],[269.48294 315.22507 271.86432 ... 269.6895  296.11227 262.71277],[0. 0. 0. ... 0. 0. 0.],3,1,3,374
"[ 0.08695516 -0.05071588  0.12384908 ... -0.04066216  0.10758493
  0.12231242]",[275.0783  285.5693  324.87894 ... 272.1391  292.18094 287.48596],[329.3111  332.21667 379.6611  ... 337.61667 356.86667 345.96667],[307.09628 311.02432 358.4953  ... 313.06793 333.99896 323.51782],[0.         0.         0.03194062 ... 0.         0.         0.        ],3,1,3,375
"[ 0.11939386 -0.01173307  0.05102438 ...  0.02967409  0.09781709
  0.41408917]",[225.12187 211.25647 233.09456 ... 243.2795  246.49438 294.39395],[291.8927  276.48926 301.34763 ... 325.8455  329.2575  355.43777],[277.25232 262.1449  285.48892 ... 310.04575 311.9661  339.4984 ],[0.         0.         0.         ... 0.         0.05396885 0.        ],3,1,3,376
[0.25332808 0.09846254 0.14960901 ... 0.2955236  0.03474282 0.21957427],[235.20302 229.17735 260.4129  ... 258.51114 213.16731 220.44838],[342.1077  330.22565 357.2359  ... 398.06668 330.89743 376.51282],[311.16077 301.93103 320.57452 ... 364.0885  297.6763  338.82062],[0.         0.         0.14875759 ... 0.         0.         0.        ],3,1,3,377
[0.3647217  0.13041611 0.07671986 ... 0.         0.05401412 0.08495051],[370.95343 303.8868  316.9219  ... 267.63654 280.2048  268.1253 ],[386.36905 334.2143  332.0476  ... 283.2976  296.6905  279.375  ],[365.1178  318.5831  308.99805 ... 262.93356 273.66574 257.91028],[0. 0. 0. ... 0. 0. 0.],3,1,3,378
[0.40360764 0.16668521 0.11733927 ... 0.27025253 0.11741612 0.338217  ],[334.31442 324.8363  315.4852  ... 366.9018  326.48502 345.5462 ],[380.31516 367.46667 362.23636 ... 429.29697 384.06668 407.45456],[344.5826  330.31973 326.5323  ... 386.8358  339.04144 369.77127],[0.         0.         0.         ... 0.         0.02390278 0.        ],3,1,3,379
"[ 0.19524482  0.06811503  0.38953015 ... -0.05098076  0.33743608
  0.11296619]",[284.231   271.96454 346.03058 ... 251.1103  334.53174 281.4239 ],[343.95026 343.0597  421.40796 ... 330.80597 410.3781  351.73633],[293.75146 291.47888 369.44623 ... 273.19794 350.49817 294.32034],[0.         0.04694042 0.         ... 0.03566105 0.         0.        ],3,1,3,380
[0.02903152 0.14321187 0.3102076  ... 0.20388645 0.03299015 0.40673003],[178.30003 207.7939  244.9973  ... 243.94296 203.34077 234.08063],[267.22598 292.68927 336.0904  ... 349.0113  311.2147  349.05084],[201.34398 231.31363 271.08093 ... 274.64636 238.53629 278.51025],[0.         0.         0.         ... 0.         0.03835678 0.        ],3,1,3,381
[0.         0.19711241 0.19861154 ... 0.         0.19229499 0.39564258],[249.35126 311.72784 321.52716 ... 276.54935 300.68198 332.09454],[275.38788 342.21213 344.63635 ... 298.06668 334.92728 370.9394 ],[236.63069 302.98285 306.12393 ... 256.28693 296.8988  331.09406],[0.         0.         0.         ... 0.         0.06035279 0.        ],3,1,3,382
"[ 0.31599033  0.1079189   0.11254352 ... -0.00383468  0.03798307
  0.13500012]",[342.18878 314.74695 323.29913 ... 311.09192 320.3855  307.52722],[414.08804 386.30817 404.78616 ... 395.7736  396.8931  409.07547],[367.14    339.51602 350.76364 ... 341.87433 344.092   360.02408],[0. 0. 0. ... 0. 0. 0.],3,1,3,383
[0.19608985 0.13772142 0.14384614 ... 0.08063079 0.15556608 0.18103532],[262.77377 250.81244 269.3237  ... 258.58923 260.9979  263.77753],[335.23648 337.1081  348.5     ... 345.55405 346.8243  333.45947],[311.259   312.47137 322.99365 ... 319.3207  320.48172 308.74738],[0.         0.         0.         ... 0.03360734 0.         0.        ],3,1,3,384
[0.12441476 0.16732076 0.11451466 ... 0.07422406 0.07286171 0.01462183],[299.6719  311.8705  296.43524 ... 296.16357 294.0231  256.25272],[335.0407  355.94116 347.8552  ... 346.9774  336.51584 311.3258 ],[288.1245  307.8208  303.18683 ... 300.65585 285.30515 265.62845],[0. 0. 0. ... 0. 0. 0.],3,1,3,385
[0.26036608 0.28905073 0.0022971  ... 0.38887328 0.06592146 0.02660763],[312.89285 324.36905 276.75    ... 366.5238  301.98215 286.41666],[312.89285 324.36905 276.75    ... 366.5238  301.98215 286.41666],[260.75314 271.83203 226.92535 ... 317.96893 252.84546 240.07289],[0. 0. 0. ... 0. 0. 0.],3,1,3,386
"[ 0.1839747  -0.10562848  0.02107714 ...  0.03307021  0.08517464
  0.46660578]",[257.1026  227.03734 257.70224 ... 282.07904 266.74084 331.89288],[335.33734 304.5241  333.89758 ... 349.63254 344.75302 425.25302],[292.90405 262.01465 294.06802 ... 303.5872  298.44894 378.76212],[0.         0.         0.02938411 ... 0.         0.07669903 0.        ],3,1,3,387
[0.50641084 0.15036196 0.26707444 ... 0.13569352 0.05491344 0.31307343],[340.04688 309.77866 348.7072  ... 323.066   304.0232  362.6901 ],[377.7716  344.38272 379.8395  ... 364.88272 353.59875 401.80865],[317.51834 279.45285 307.51297 ... 301.4837  280.96088 333.96054],[0.         0.         0.         ... 0.         0.03043254 0.        ],3,1,3,388
[0.21131566 0.2527548  0.19388914 ... 0.01265553 0.06411292 0.2233928 ],[247.68306 271.76828 278.48956 ... 253.09772 244.76047 255.92755],[254.18803 281.1581  286.35043 ... 264.13248 256.27777 272.21368],[211.85994 235.88994 237.4757  ... 215.36397 207.5221  227.93881],[0.         0.         0.         ... 0.         0.02886699 0.        ],3,1,3,389
[0.20721047 0.00473935 0.1638231  ... 0.06075705 0.01719058 0.00819444],[254.28072 225.06342 272.98862 ... 269.831   275.8939  283.55753],[313.66    316.83334 360.76    ... 376.73334 361.56668 358.91333],[283.23587 283.28735 329.44675 ... 341.0702  328.60968 323.55   ],[0. 0. 0. ... 0. 0. 0.],3,1,3,390
[0.24069424 0.15964311 0.33785596 ... 0.28835645 0.32110906 0.2825549 ],[223.25336 215.9675  257.23746 ... 254.00168 270.2855  237.619  ],[317.48172 308.57925 358.07318 ... 365.37195 362.65244 327.14026],[269.01794 261.5835  304.044   ... 309.1691  310.09503 273.087  ],[0. 0. 0. ... 0. 0. 0.],3,1,3,391
[0.0071902  0.03732228 0.05439364 ... 0.12886567 0.09140735 0.05872937],[318.0397  312.18356 339.0679  ... 375.3451  333.4432  341.13516],[412.83722 427.63953 450.7093  ... 487.8256  479.39536 463.4244 ],[331.14996 343.46704 358.3327  ... 404.4583  391.9     374.04468],[0.         0.         0.05591661 ... 0.         0.         0.        ],3,1,3,392
"[ 0.13076435  0.07108137  0.06743754 ...  0.14336738 -0.01902603
  0.13146745]",[235.65685 227.83237 243.96246 ... 260.46695 222.68938 228.68779],[287.14084 287.0141  301.7465  ... 326.85916 281.331   298.21127],[263.87473 262.37888 277.5664  ... 302.9846  257.2735  276.38297],[0. 0. 0. ... 0. 0. 0.],3,1,3,393
[0.19810265 0.22826536 0.05472786 ... 0.10737716 0.19432287 0.07976568],[271.7306  286.07953 256.45026 ... 264.78574 272.3723  241.47266],[279.55026 294.9312  262.05292 ... 268.4868  278.27515 250.35449],[255.69789 270.78836 237.5857  ... 242.60056 253.30502 224.5388 ],[0. 0. 0. ... 0. 0. 0.],3,1,3,394
[0.05439166 0.15334886 0.06057575 ... 0.02077562 0.07814511 0.08168524],[267.2927  287.40683 277.27667 ... 267.59708 274.1534  263.1532 ],[277.04977 298.39368 284.79187 ... 275.5611  280.1267  271.13123],[244.0929  264.61688 249.24652 ... 241.78806 245.58713 235.95226],[0.         0.         0.         ... 0.01683105 0.         0.        ],3,1,3,395
"[ 0.17500946  0.          0.15059727 ... -0.04282428  0.13037713
  0.1195112 ]",[271.7861  234.9397  275.87872 ... 268.83713 282.6982  277.38336],[372.68277 332.8069  381.5793  ... 362.8     399.93793 381.56552],[349.98965 307.37482 355.27335 ... 334.37732 373.12524 353.47116],[0. 0. 0. ... 0. 0. 0.],3,1,3,396
"[ 0.25800896  0.13557172  0.10176542 ... -0.03478072 -0.02288015
  0.05766087]",[192.27515 192.105   201.83395 ... 195.36536 180.9455  184.6522 ],[274.1307  292.32678 299.1634  ... 301.2549  296.1438  297.7451 ],[250.96071 268.67953 275.29108 ... 275.32928 268.00793 271.62595],[0. 0. 0. ... 0. 0. 0.],3,1,3,397
"[ 0.18182485  0.0141618   0.09636415 ... -0.04231161  0.1989668
  0.2787123 ]",[334.93488 335.05118 361.01862 ... 339.53488 383.62326 368.85117],[334.93488 335.05118 361.01862 ... 339.53488 383.62326 368.85117],[279.00186 275.2454  303.29376 ... 275.97552 321.3457  307.88162],[0.         0.         0.         ... 0.         0.03850883 0.        ],3,1,3,398
[0.42948595 0.03688338 0.14881752 ... 0.13033216 0.12437118 0.08016925],[443.24313 357.78943 396.84842 ... 404.93515 391.3887  381.94333],[498.95032 412.52795 455.67703 ... 465.63974 452.15527 425.21118],[455.18045 371.96167 405.3628  ... 417.87814 407.39218 373.70087],[0. 0. 0. ... 0. 0. 0.],3,1,3,399
[0.05468058 0.16896103 0.19717807 ... 0.10178152 0.03996688 0.08647882],[215.2326  242.66621 254.82106 ... 239.1133  217.54521 232.1257 ],[253.64635 289.6301  301.374   ... 279.5366  266.53253 268.89432],[218.53273 253.62817 265.27853 ... 247.17227 232.63536 232.7751 ],[0. 0. 0. ... 0. 0. 0.],3,1,3,400
[0.14887215 0.11561204 0.32816157 ... 0.05707559 0.         0.27295652],[246.79192 248.90831 290.82733 ... 246.51982 234.38177 249.23083],[327.10526 318.8469  369.0048  ... 332.20575 301.24402 322.50717],[300.9025 295.6801 343.629  ... 304.8511 273.7815 297.8235],[0.         0.         0.         ... 0.         0.03178189 0.        ],3,1,3,401
[0.2566689  0.09713621 0.05643252 ... 0.00955267 0.25147724 0.09628502],[302.56726 300.94806 294.11435 ... 279.6467  324.63614 270.66345],[315.6689  313.5473  311.81082 ... 293.3919  339.51352 287.27704],[280.86893 279.32544 275.6409  ... 256.17932 301.18256 251.44508],[0. 0. 0. ... 0. 0. 0.],3,1,3,402
"[ 0.02000513 -0.00149531  0.         ... -0.07064474  0.12410329
  0.17411014]",[259.14117 271.5577  271.8022  ... 262.04428 305.6712  286.91327],[315.13586 322.91306 329.78262 ... 330.34784 363.2337  356.86957],[256.29074 264.16388 269.07434 ... 269.06073 295.87405 293.7517 ],[0.         0.         0.         ... 0.         0.02574331 0.        ],3,1,3,403
[0.3537727  0.41061524 0.1885475  ... 0.         0.         0.3554791 ],[402.1896  451.87506 400.16595 ... 349.28586 315.87024 391.08405],[406.94116 462.08496 418.7255  ... 356.15686 327.00653 402.33987],[350.95667 403.25354 353.62857 ... 293.74063 271.1936  348.21472],[0.         0.         0.         ... 0.         0.04274148 0.        ],3,1,3,404
"[ 0.07754256 -0.02591596  0.11768267 ...  0.13360053  0.
  0.35670236]",[351.1209  336.54764 386.8793  ... 372.104   310.55154 357.89423],[379.46564 369.35876 414.87024 ... 399.99237 332.17557 393.1374 ],[305.16196 295.6644  334.83453 ... 324.78482 255.8291  323.89496],[0.         0.         0.03355737 ... 0.         0.04811513 0.        ],3,1,3,405
"[ 0.09185221  0.01872748 -0.03134413 ... -0.01971141  0.09751984
  0.1646913 ]",[305.60938 294.05124 300.30856 ... 275.48093 300.7081  306.14383],[337.2624  325.8317  329.30197 ... 310.72772 333.99506 339.12872],[279.27423 266.69183 261.24515 ... 248.9273  269.95425 275.4055 ],[0.         0.         0.         ... 0.         0.02957019 0.        ],3,1,3,406
"[ 0.1365149   0.27960655 -0.02161014 ...  0.06398401  0.07644895
  0.1823108 ]",[275.92892 309.79608 246.31918 ... 287.63547 296.71088 278.0882 ],[298.48077 339.33975 273.41025 ... 319.72437 323.05768 316.26923],[280.3451  320.8759  253.2632  ... 300.04407 303.11627 298.63635],[0.         0.         0.         ... 0.         0.02756268 0.        ],3,1,3,407
"[ 0.24074689  0.15503415  0.30389965 ... -0.02760591  0.003175
  0.1563182 ]",[366.51337 360.27808 406.19788 ... 328.16043 331.4171  358.72726],[366.51337 360.27808 406.19788 ... 328.16043 331.4171  358.72726],[320.77142 315.35883 366.06653 ... 284.5663  287.9979  316.00146],[0. 0. 0. ... 0. 0. 0.],3,1,3,408
[0.02835051 0.1698762  0.5642289  ... 0.17648812 0.38138393 0.26752156],[197.68915 236.62285 315.36523 ... 286.8449  308.6463  282.47665],[359.57626 401.57062 506.887   ... 468.10168 505.63843 467.50284],[285.35117 333.46265 436.75034 ... 399.75208 429.27863 396.81076],[0.         0.04172232 0.         ... 0.04764225 0.         0.        ],3,1,3,409
[0.25804248 0.13219729 0.06002115 ... 0.16393176 0.08453941 0.34156746],[313.46594 334.34213 312.53735 ... 354.81033 322.65634 373.05035],[410.22543 393.6763  386.06937 ... 441.2659  402.71097 460.24277],[372.7779  353.12534 348.36383 ... 399.1121  362.96497 421.65   ],[0.         0.         0.         ... 0.         0.02831541 0.        ],3,1,3,410
"[ 0.44229335  0.02710159  0.3265302  ... -0.13294223  0.5130208
  0.22376342]",[365.96896 291.37384 363.6301  ... 287.82434 415.77206 306.24048],[403.12122 320.8909  394.9212  ... 318.9515  448.76364 337.22424],[344.75293 265.34695 335.54013 ... 255.96948 388.26263 278.3008 ],[0.         0.         0.         ... 0.06165334 0.         0.        ],3,1,3,411
"[ 0.2884476   0.18698618  0.00093328 ...  0.01924912 -0.01200273
  0.19042735]",[255.36235 258.2531  241.17914 ... 270.1075  224.10545 254.3406 ],[337.45752 338.32025 308.29413 ... 354.9085  329.24835 363.56863],[298.3228  297.44345 267.07166 ... 313.29276 287.96204 322.12277],[0. 0. 0. ... 0. 0. 0.],3,1,3,412
[0.03956499 0.1871259  0.06884163 ... 0.03091228 0.20193116 0.18388464],[253.32869 289.63412 257.49524 ... 266.2229  282.05374 259.37668],[312.6131  352.59525 329.5893  ... 339.75    360.0357  329.4405 ],[286.17477 323.066   301.52722 ... 311.9635  330.98547 300.33633],[0.         0.         0.         ... 0.03633868 0.         0.        ],3,1,3,413
[0.         0.32267666 0.10714329 ... 0.04711156 0.2870843  0.08562709],[213.54118 280.68222 242.20177 ... 246.0202  288.61258 222.03815],[276.3154  362.76923 324.23077 ... 302.8154  357.3154  290.19232],[229.6846  315.70206 273.96985 ... 255.28816 303.49457 237.3786 ],[0. 0. 0. ... 0. 0. 0.],3,1,3,414
[0.14803848 0.2962165  0.17739859 ... 0.2578726  0.1533134  0.18939248],[341.6463  368.39764 355.93332 ... 379.19318 336.9873  326.50122],[355.82162 393.9027  373.80542 ... 397.16217 364.27026 354.6757 ],[282.7892  318.12134 296.83362 ... 320.21933 290.59128 281.99155],[0. 0. 0. ... 0. 0. 0.],3,1,3,415
"[ 0.20681585  0.07792707  0.05758626 ... -0.06098053  0.13830104
  0.23414458]",[273.84155 256.24335 258.70886 ... 248.30168 278.9965  280.42606],[330.80075 326.16974 332.90036 ... 311.63467 343.8524  343.7011 ],[282.413   277.70694 282.3302  ... 262.09247 294.81042 295.67896],[0.         0.         0.         ... 0.         0.02727611 0.        ],3,1,3,416
[0.01162099 0.15016258 0.11071495 ... 0.16407809 0.26136512 0.17962845],[299.55048 333.94012 333.3639  ... 341.72556 360.54907 333.76654],[310.72223 340.09875 345.10495 ... 353.      373.98148 340.91357],[266.29437 298.6835  301.01404 ... 311.6486  333.4166  294.29117],[0. 0. 0. ... 0. 0. 0.],3,1,3,417
"[ 0.11888388  0.00744459  0.19878678 ... -0.04146776  0.
  0.1030176 ]",[203.2303  186.31384 225.51149 ... 189.50943 191.17749 215.33276],[255.81313 244.56566 285.21213 ... 257.02524 262.75757 272.15656],[235.24118 222.84932 264.73468 ... 237.94627 242.98523 251.6779 ],[0.         0.03495688 0.         ... 0.         0.         0.        ],3,1,3,418
[0.6781566  0.74677896 0.7845125  ... 0.06158535 0.01621329 0.11603016],[354.2913  371.58386 371.1168  ... 267.7156  250.73875 243.12408],[454.10553 479.29648 488.6985  ... 355.66333 334.06534 328.34674],[398.70554 420.7725  429.90472 ... 296.83533 280.12155 271.43674],[0.         0.04894965 0.         ... 0.         0.         0.        ],3,1,3,419
[0.23203984 0.143029   0.25695616 ... 0.5324511  0.37314585 0.27323967],[395.23068 404.14404 446.6602  ... 553.4543  494.0266  464.37167],[426.05807 439.00644 476.41934 ... 585.2774  535.59357 483.49677],[381.6851  393.51065 430.33624 ... 535.3078  486.96603 434.32507],[0. 0. 0. ... 0. 0. 0.],3,1,3,420
"[ 1.10837385e-01 -1.78288421e-04  8.63864571e-02 ...  0.00000000e+00
  2.45994166e-01  2.11702660e-01]",[367.86264 336.36685 365.71518 ... 350.23233 387.9956  373.26492],[380.7903  354.1989  387.46237 ... 368.2258  411.0914  391.48386],[305.76862 280.3556  307.04794 ... 291.4489  331.27112 312.26572],[0.         0.02106455 0.         ... 0.02312982 0.         0.        ],3,1,3,421
[0.43425184 0.34220505 0.1224681  ... 0.13098016 0.29502147 0.6861453 ],[424.51004 426.53278 372.60574 ... 399.28433 436.50208 462.2165 ],[461.75885 464.2553  411.65958 ... 429.68796 463.7943  501.5461 ],[411.3585  406.77814 355.35867 ... 372.343   408.71844 446.48532],[0.         0.         0.02250066 ... 0.         0.09889365 0.        ],3,1,3,422
"[ 0.05656437  0.1963366   0.6742228  ... -0.02397716  0.16127221
  0.21279466]",[205.95425 240.20544 322.87054 ... 236.68222 242.45576 262.28308],[266.39584 310.58334 410.75696 ... 310.02084 336.09723 347.40277],[218.47691 259.5484  362.31323 ... 254.40187 288.25726 296.58762],[0.         0.03461067 0.         ... 0.         0.         0.        ],3,1,3,423
"[ 0.3419255   0.02139998 -0.04432067 ... -0.07790241  0.20652881
  0.2590395 ]",[357.4453  318.2124  304.00464 ... 332.43976 397.73798 381.90472],[406.52414 346.0138  338.      ... 350.4138  427.68277 409.04138],[353.619   296.4654  283.2091  ... 299.43927 368.315   353.3317 ],[0.         0.         0.         ... 0.         0.04515489 0.        ],3,1,3,424
[0.265032   0.12668915 0.2683712  ... 0.01707434 0.01992301 0.30707613],[319.99103 305.0219  356.91946 ... 322.96243 322.1862  371.16946],[322.64252 309.28018 360.15942 ... 323.87924 323.0918  375.29468],[284.66177 267.66937 319.50137 ... 282.5796  281.33105 334.2616 ],[0.         0.         0.         ... 0.         0.03861538 0.        ],3,1,3,425
[0.05550751 0.         0.10104219 ... 0.12421561 0.07315176 0.14195919],[287.05472 284.96518 313.97015 ... 332.23383 321.33832 324.24875],[287.05472 284.96518 313.97015 ... 332.23383 321.33832 324.24875],[238.94878 238.64566 264.12628 ... 285.18494 273.94055 278.20154],[0.         0.         0.04394741 ... 0.         0.02206526 0.        ],3,1,3,426
"[ 0.34850836  0.01474561  0.22670949 ...  0.29283783 -0.09686543
  0.42374766]",[295.47485 246.96255 296.42245 ... 349.58334 268.8448  343.11584],[322.30246 274.51236 331.0432  ... 390.19754 299.80246 378.2037 ],[264.2054  215.59073 266.78278 ... 326.51965 231.47272 314.4605 ],[0.         0.         0.05513453 ... 0.         0.06183625 0.        ],3,1,3,427
[0.08036424 0.00420249 0.07140683 ... 0.021147   0.07082836 0.49154934],[374.58304 351.02835 366.42752 ... 352.36017 375.30334 435.06027],[395.03488 374.52325 398.10464 ... 379.23254 395.61047 481.39536],[330.9703  314.34854 335.0808  ... 319.1246  328.26047 418.63327],[0.        0.        0.        ... 0.        0.0800084 0.       ],3,1,3,428
"[ 0.09522542 -0.02392192  0.00335994 ...  0.09218188  0.16462749
  0.30845335]",[291.15695 272.76233 281.89236 ... 299.6009  309.88788 313.62332],[291.15695 272.76233 281.89236 ... 299.6009  309.88788 313.62332],[253.45197 236.89949 245.5303  ... 262.06033 271.1193  272.21713],[0.         0.         0.01645949 ... 0.         0.0474181  0.        ],3,1,3,429
"[ 0.7468505  -0.0691396   0.         ...  0.20689487  0.2868282
  0.16447462]",[346.9077  238.90613 281.73697 ... 329.1464  347.53714 294.63995],[370.34073 251.02963 292.56296 ... 350.33334 363.90372 305.77777],[325.8605  208.54344 245.55937 ... 303.86768 314.2152  254.63861],[0. 0. 0. ... 0. 0. 0.],3,1,3,430
[0.22524278 0.         0.12224742 ... 0.22476588 0.02044225 0.37388155],[313.09595 287.71716 318.4899  ... 349.9596  301.84848 338.     ],[313.09595 287.71716 318.4899  ... 349.9596  301.84848 338.     ],[267.3649  244.2761  269.8267  ... 302.37476 255.58498 289.41916],[0.        0.        0.        ... 0.        0.0371674 0.       ],3,1,3,431
[0.31251624 0.15001103 0.         ... 0.11660744 0.29122323 0.06481932],[262.54724 238.72083 219.32545 ... 226.18    249.87502 206.16013],[302.44955 284.44037 258.53668 ... 265.34402 288.97247 239.6055 ],[269.22784 250.92924 226.51828 ... 234.95381 258.51    209.21785],[0. 0. 0. ... 0. 0. 0.],3,1,3,432
[0.10817255 0.08338185 0.03473033 ... 0.09072288 0.         0.        ],[294.04242 286.38092 287.1073  ... 324.10898 295.0114  271.5134 ],[328.62912 327.49765 321.6432  ... 354.10327 325.53522 299.0047 ],[290.20886 287.8196  280.40353 ... 314.8763  283.32336 256.9757 ],[0. 0. 0. ... 0. 0. 0.],3,1,3,433
[0.40620488 0.1494041  0.7773526  ... 0.         0.         0.25661495],[353.19577 317.5297  440.001   ... 315.6327  303.88016 392.9899 ],[459.37143 402.0357  553.7714  ... 409.05713 418.85715 465.70715],[381.3187  326.65533 469.88638 ... 334.39325 332.9502  386.24564],[0.         0.06142491 0.         ... 0.         0.03288258 0.        ],3,1,3,434
[0.14682359 0.29909298 0.07078035 ... 0.21432053 0.493546   0.05175351],[255.04684 307.02423 241.54306 ... 300.38623 370.541   240.10153],[326.48236 375.6706  332.4294  ... 385.61176 447.70587 333.75882],[280.16464 330.29184 285.53528 ... 334.94257 391.6734  281.05396],[0.         0.         0.         ... 0.02936956 0.         0.        ],3,1,3,435
[0.24766566 0.32870066 0.26352784 ... 0.0846488  0.16105805 0.07571255],[314.7278  345.19614 333.7616  ... 314.1961  332.02777 305.23096],[316.8     348.85117 336.3628  ... 318.3721  335.5442  307.5628 ],[264.36798 287.2586  280.95303 ... 263.61407 278.46512 251.15178],[0. 0. 0. ... 0. 0. 0.],3,1,3,436
[0.41526264 0.23360181 0.30747557 ... 0.07537713 0.03362072 0.5543518 ],[318.47977 290.76974 315.3555  ... 280.74304 265.24622 308.6881 ],[354.12354 317.6647  346.9353  ... 309.31177 294.82352 345.4647 ],[298.04242 266.0801  295.2695  ... 255.89056 240.85393 292.8715 ],[0.         0.         0.         ... 0.         0.08592243 0.        ],3,1,3,437
[0.27957645 0.38912082 0.03589758 ... 0.3833378  0.10281422 0.22246477],[306.4604  340.69254 264.90192 ... 369.84952 317.21085 331.76184],[317.98743 349.6415  292.22012 ... 387.38364 329.13837 343.20126],[257.65573 286.85834 226.55276 ... 320.53894 262.43683 278.66336],[0. 0. 0. ... 0. 0. 0.],3,1,3,438
"[ 0.24056229  0.06062033 -0.08897128 ...  0.          0.19422622
  0.23892091]",[280.5794  267.1934  244.04463 ... 238.11046 266.8054  274.961  ],[313.69196 302.38388 277.436   ... 269.29385 300.72986 302.6019 ],[275.13147 262.9171  235.772   ... 230.10281 259.07513 262.63278],[0.        0.        0.        ... 0.0388991 0.        0.       ],3,1,3,439
[0.1492002  0.18341057 0.14772229 ... 0.25459972 0.13920324 0.1953285 ],[339.08014 347.59177 353.51587 ... 367.00278 351.67618 302.47772],[381.66147 398.0521  398.46875 ... 414.90103 385.7604  347.9896 ],[327.35797 342.53583 337.96524 ... 360.68622 329.6001  293.0813 ],[0.         0.         0.05198601 ... 0.         0.         0.        ],3,1,3,440
[0.33212832 0.18410939 0.10348265 ... 0.03781907 0.2533062  0.24315917],[310.3592  292.35153 290.05145 ... 296.0473  335.0022  298.17987],[331.0747  314.5977  314.55173 ... 308.83334 351.55173 318.5345 ],[282.61444 265.1542  266.3398  ... 254.56775 300.418   266.55643],[0. 0. 0. ... 0. 0. 0.],3,1,3,441
"[ 0.32075652  0.         -0.05339323 ...  0.02509126  0.08348733
  0.37106064]",[259.50574 219.2069  216.28162 ... 252.023   256.38507 293.2299 ],[259.50574 219.2069  216.28162 ... 252.023   256.38507 293.2299 ],[212.39459 170.84799 168.89116 ... 203.61299 208.93292 246.78317],[0.         0.         0.02949123 ... 0.         0.05326737 0.        ],3,1,3,442
[0.19297366 0.11405852 0.15630554 ... 0.00386819 0.13432623 0.04888504],[334.23648 335.8523  347.0345  ... 322.20935 326.65012 314.9271 ],[337.54877 342.47562 350.2927  ... 325.32925 337.77438 319.07925],[289.59064 288.78696 299.72522 ... 267.18585 282.3406  262.35767],[0. 0. 0. ... 0. 0. 0.],3,1,3,443
[0.03677094 0.         0.12899584 ... 0.09162769 0.15587653 0.10494125],[236.52817 258.59927 282.46948 ... 288.10907 312.5881  287.12408],[381.18842 375.31885 424.71014 ... 476.15942 477.18115 446.31885],[339.30957 329.52386 378.7249  ... 428.32968 430.88376 401.39975],[0.         0.         0.04307874 ... 0.         0.         0.        ],3,1,3,444
[0.2654998  0.17436497 0.29134804 ... 0.         0.40997288 0.4321057 ],[352.93588 349.60257 378.96155 ... 318.52563 391.17947 359.04486],[352.93588 349.60257 378.96155 ... 318.52563 391.17947 359.04486],[293.2402  290.6628  317.26804 ... 255.21062 328.0075  294.99094],[0.         0.         0.         ... 0.06720898 0.         0.        ],3,1,3,445
"[ 0.31399587  0.02210806  0.13278064 ... -0.09707975  0.37273985
  0.04303572]",[349.9896  292.5625  318.5     ... 277.61978 364.72397 282.4896 ],[349.9896  292.5625  318.5     ... 277.61978 364.72397 282.4896 ],[308.36862 252.19261 277.19672 ... 232.37146 324.13574 240.62077],[0.         0.         0.         ... 0.02984058 0.         0.        ],3,1,3,446
[0.21831083 0.11265156 0.         ... 0.18628944 0.10785376 0.        ],[233.54195 242.4153  222.36948 ... 234.7757  220.28801 162.97816],[336.26865 335.03732 309.56717 ... 337.88806 309.25372 267.57462],[316.6291  313.23862 287.29395 ... 316.17117 288.448   249.07524],[0. 0. 0. ... 0. 0. 0.],3,1,3,447
[0.05572975 0.02411102 0.05730131 ... 0.10167137 0.20683149 0.06601007],[255.55214 238.6254  246.22513 ... 241.12929 269.9175  223.95714],[289.30722 282.19278 291.25903 ... 292.51205 311.9759  264.01807],[263.2141  257.6733  266.09116 ... 266.67014 285.62274 237.56955],[0. 0. 0. ... 0. 0. 0.],3,1,3,448
"[ 0.21650113  0.23178136 -0.1001761  ... -0.00298555  0.03935433
  0.19192278]",[336.8482  359.07272 293.79388 ... 316.79636 327.4841  332.52417],[403.7829  434.48685 356.625   ... 378.2434  385.08554 411.2566 ],[322.1749  352.59882 270.93692 ... 297.0687  303.9569  331.13287],[0.         0.         0.         ... 0.         0.03005372 0.        ],3,1,3,449
[0.12038053 0.25520268 0.17215548 ... 0.11656588 0.18618985 0.40071267],[243.6668  314.73083 299.5256  ... 303.5076  285.0444  342.6076 ],[404.48428 496.74213 488.98114 ... 503.85535 512.13837 571.26416],[321.6849  405.8772  393.70892 ... 410.4857  422.93472 483.44534],[0.         0.         0.         ... 0.         0.03236618 0.        ],3,1,3,450
[0.21155587 0.41079095 0.25263116 ... 0.20089452 0.02905227 0.08269902],[261.23727 331.02753 324.53677 ... 312.70557 270.3716  274.04956],[314.2931  380.8046  371.3908  ... 367.44254 316.8506  323.05746],[277.92114 341.49905 335.33936 ... 330.54745 281.5947  286.97864],[0. 0. 0. ... 0. 0. 0.],3,1,3,451
[0.2278639  0.08687595 0.07092955 ... 0.18140404 0.28319296 0.29866692],[376.5796  353.3391  366.7458  ... 395.398   402.62784 383.67258],[396.9034  378.04544 386.125   ... 418.82385 434.30682 411.9659 ],[338.84146 322.26126 324.7958  ... 359.00574 375.93478 353.75864],[0.         0.         0.         ... 0.05342411 0.         0.        ],3,1,3,452
[0.2225712  0.22786723 0.1887058  ... 0.17560269 0.04090831 0.0849702 ],[405.59766 413.54205 413.03226 ... 454.54868 387.8511  401.5757 ],[411.6614  430.41733 427.22833 ... 463.07874 398.15747 408.4567 ],[365.0277  384.8062  376.66364 ... 410.92136 352.91135 361.0301 ],[0. 0. 0. ... 0. 0. 0.],3,1,3,453
[0.1508924  0.23275213 0.02268833 ... 0.         0.17711703 0.31112605],[241.01253 241.08052 219.53175 ... 239.47308 246.40016 275.63388],[314.56668 336.60556 295.8111  ... 321.87222 343.93332 356.75555],[277.60266 298.78693 255.82498 ... 279.43304 302.52863 316.84067],[0.        0.        0.        ... 0.        0.0431627 0.       ],3,1,3,454
[0.29071578 0.06328835 0.299922   ... 0.22677931 0.23543553 0.20198861],[436.79755 390.57748 460.69244 ... 413.8854  410.04425 381.3034 ],[449.98193 399.4277  472.81927 ... 440.39157 434.6988  402.90964],[377.91544 329.04694 398.81866 ... 371.0613  364.3609  332.6471 ],[0. 0. 0. ... 0. 0. 0.],3,1,3,455
[0.22967596 0.1687194  0.11841017 ... 0.09328226 0.1120703  0.11540288],[274.08432 284.38977 304.55405 ... 313.7733  322.02643 312.48193],[292.4433  297.6134  318.1598  ... 325.76804 331.60825 325.66495],[248.92387 251.20442 270.2388  ... 277.78772 281.3633  281.08585],[0. 0. 0. ... 0. 0. 0.],3,1,3,456
[0.29091737 0.30572402 0.18127784 ... 0.18752046 0.18444377 0.55186707],[356.67834 374.81378 354.57147 ... 367.63373 361.26184 416.01987],[399.92126 408.7244  390.65353 ... 402.41733 397.9449  446.5118 ],[348.23175 358.71014 336.4633  ... 349.7305  346.72318 393.53363],[0.         0.         0.04454888 ... 0.         0.06106285 0.        ],3,1,3,457
[0.11308154 0.11464005 0.30365458 ... 0.03850954 0.04236503 0.1937718 ],[383.99146 412.10187 469.31885 ... 380.99435 359.09714 401.71378],[421.75555 467.6     536.4593  ... 454.91852 453.14816 473.48148],[361.38785 404.01395 466.8133  ... 392.08447 387.4676  408.9995 ],[0.         0.04805633 0.         ... 0.         0.         0.        ],3,1,3,458
[0.07569338 0.22635023 0.07511274 ... 0.08398967 0.12578864 0.13311921],[241.40329 289.54556 258.9523  ... 270.54642 272.1692  264.57428],[248.5241  297.40964 266.3735  ... 279.30722 284.5     272.53012],[211.70607 258.67606 230.20395 ... 243.08936 250.61334 236.94394],[0. 0. 0. ... 0. 0. 0.],3,1,3,459
"[ 0.20183524  0.06095256 -0.06095256 ... -0.08435065  0.20343463
  0.2264677 ]",[350.8298  316.7932  318.1781  ... 321.38226 385.81836 372.35324],[380.3299  357.0464  349.25772 ... 345.26804 422.5103  402.8969 ],[343.8297  318.56653 310.66772 ... 304.68237 382.05438 362.47824],[0.         0.         0.02674648 ... 0.         0.         0.        ],3,1,3,460
[0.09858671 0.17581461 0.01404555 ... 0.4674174  0.14919388 0.26138413],[289.10486 338.26532 302.5874  ... 379.97696 304.49615 324.00128],[318.97638 369.70078 342.38583 ... 418.71652 352.      360.55118],[253.7723  303.43634 271.12875 ... 352.6681  281.25485 291.65375],[0. 0. 0. ... 0. 0. 0.],3,1,3,461
[0.06964232 0.06743987 0.06186042 ... 0.1462645  0.34813222 0.3360427 ],[295.01706 282.0193  301.53284 ... 357.13272 382.91858 349.35907],[353.34558 351.125   377.52942 ... 418.45587 465.59558 450.52942],[272.3635  278.73032 299.985   ... 351.34177 393.50198 387.34183],[0.         0.         0.04315616 ... 0.02394335 0.         0.        ],3,1,3,462
"[ 0.10670407  0.03197247  0.13956921 ... -0.00690414  0.19612522
  0.3255539 ]",[301.3791  296.61438 325.98694 ... 304.60785 345.73856 333.7974 ],[301.3791  296.61438 325.98694 ... 304.60785 345.73856 333.7974 ],[246.35237 239.2844  269.04953 ... 248.52403 290.31168 277.2248 ],[0.         0.         0.02096677 ... 0.         0.05461689 0.        ],3,1,3,463
[0.         0.20114851 0.16431633 ... 0.10750689 0.26862067 0.28899533],[236.04692 282.56818 285.76123 ... 285.81412 300.9113  281.6883 ],[263.66    315.32    312.52    ... 308.05334 337.09332 311.62   ],[237.49052 288.85327 289.41595 ... 281.6858  309.18408 284.94562],[0.         0.         0.         ... 0.05630092 0.         0.        ],3,1,3,464
[0.         0.00180194 0.01478529 ... 0.1609293  0.45019808 0.18727764],[266.0298  285.4783  292.1745  ... 351.4059  368.4941  321.75656],[301.35672 319.66666 335.64328 ... 398.52048 424.84796 363.6082 ],[268.8811  284.05392 300.0896  ... 361.39056 390.05072 322.06583],[0.         0.         0.03177125 ... 0.06936252 0.         0.        ],3,1,3,465
"[ 0.070329   -0.070329    0.10877512 ...  0.15557     0.28039145
  0.13410543]",[236.33797 236.65862 289.16132 ... 286.79974 308.80154 253.1857 ],[320.79797 309.74747 355.93436 ... 363.15656 379.32828 336.0404 ],[284.7253  273.80777 318.90555 ... 325.59097 345.14505 299.04788],[0.         0.02705181 0.         ... 0.04396196 0.         0.        ],3,1,3,466
[0.33686468 0.27457145 0.13295469 ... 0.28921077 0.40591806 0.215877  ],[268.9537  286.52042 273.82632 ... 305.1552  305.93652 266.2337 ],[307.8538  330.67838 303.78946 ... 340.7193  346.06433 297.1111 ],[270.92453 293.05582 265.26477 ... 298.94727 304.4054  255.62051],[0. 0. 0. ... 0. 0. 0.],3,1,3,467
[0.37657696 0.5379896  0.55456674 ... 0.32280058 0.26026085 0.20848286],[428.83438 476.3121  496.18472 ... 444.50955 429.63693 372.63693],[428.83438 476.3121  496.18472 ... 444.50955 429.63693 372.63693],[369.52478 416.6192  425.75073 ... 381.79752 362.3509  308.7958 ],[0.         0.03373727 0.         ... 0.         0.         0.        ],3,1,3,468
"[ 0.4431467  -0.07702505 -0.0126703  ...  0.01603181  0.
  0.5977198 ]",[415.3476  317.95706 360.32648 ... 372.63385 375.11484 462.62244],[479.59848 381.3409  414.5909  ... 458.91666 436.39395 548.9091 ],[386.7362  287.8582  313.59674 ... 361.80136 348.79797 457.08005],[0.         0.         0.04416084 ... 0.         0.07483021 0.        ],3,1,3,469
[0.18255763 0.34386858 0.19265977 ... 0.12575667 0.35718656 0.32079384],[297.4438  340.3787  314.1361  ... 302.3432  344.50296 312.91125],[297.4438  340.3787  314.1361  ... 302.3432  344.50296 312.91125],[264.65747 305.63998 278.66324 ... 266.0933  308.37238 279.1131 ],[0.         0.         0.         ... 0.04615013 0.         0.        ],3,1,3,470
[0.02072331 0.36837673 0.14985675 ... 0.01707732 0.20810503 0.17535341],[259.98822 332.7675  308.736   ... 285.62445 296.0145  276.37134],[270.61084 344.31033 317.55173 ... 298.8079  313.49753 289.68967],[223.05959 298.97766 269.88385 ... 251.12067 265.51752 244.06287],[0.03904667 0.         0.         ... 0.01933817 0.         0.        ],3,1,3,471
[0.0330318  0.36398438 0.2423487  ... 0.05874587 0.21054955 0.20935604],[197.67873 263.03143 249.23274 ... 233.09727 233.05751 209.5888 ],[293.52438 373.27438 357.9695  ... 327.37195 338.72562 331.35974],[253.30855 330.4321  315.90402 ... 286.5075  299.0284  287.42136],[0. 0. 0. ... 0. 0. 0.],3,1,3,472
"[ 0.22225073  0.32150668  0.18490665 ... -0.07308151  0.15325105
  0.35714644]",[275.25983 337.36728 323.50705 ... 290.09024 320.6663  316.13544],[312.27777 361.84027 343.28473 ... 311.8264  344.93054 358.34027],[282.0746  335.41608 309.72525 ... 281.5021  311.84027 325.23184],[0.         0.         0.         ... 0.         0.06011005 0.        ],3,1,3,473
"[ 0.09743607  0.29769486  0.05778868 ... -0.09387971  0.
  0.12426549]",[193.01639 269.00577 248.56114 ... 216.14693 229.23007 239.38725],[260.38742 338.4084  312.43454 ... 283.19894 295.25653 307.84293],[225.7219  301.3805  276.09665 ... 245.36261 258.3427  270.5728 ],[0. 0. 0. ... 0. 0. 0.],3,1,3,474
[0.15672798 0.33974788 0.18176232 ... 0.24070112 0.25011632 0.10268845],[305.9858  350.539   342.14893 ... 369.2695  368.6312  323.     ],[305.9858  350.539   342.14893 ... 369.2695  368.6312  323.     ],[273.9765  318.4473  308.28946 ... 336.96457 331.04843 289.11462],[0. 0. 0. ... 0. 0. 0.],3,1,3,475
"[ 0.28741828 -0.15411836  0.2540683  ...  0.11821955  0.15969776
  0.08671876]",[260.1623  205.49745 308.43347 ... 277.3696  280.50467 237.29022],[342.21637 282.97076 385.80118 ... 362.47952 359.2807  338.39767],[308.5637  250.54886 347.97308 ... 326.407   321.29205 300.35757],[0.         0.02752509 0.         ... 0.         0.         0.        ],3,1,3,476
"[ 0.          0.3171741   0.02150093 ... -0.19263305  0.15079503
  0.49619898]",[247.48146 332.01416 299.31055 ... 268.4563  323.6858  364.34848],[302.63635 389.18182 349.37762 ... 305.993   385.2937  421.007  ],[267.46292 352.68866 310.43063 ... 264.5167  347.8682  380.0816 ],[0.         0.         0.         ... 0.         0.07254442 0.        ],3,1,3,477
"[ 0.18272455 -0.03182991  0.23123167 ...  0.09378029  0.11195064
  0.17480655]",[325.06793 301.84753 352.3194  ... 335.25247 339.34683 339.854  ],[344.37125 313.76648 367.62875 ... 359.05988 353.66467 356.16766],[285.81302 249.37857 306.77805 ... 299.75534 296.776   292.45517],[0.         0.         0.02370001 ... 0.         0.         0.        ],4,1,3,0
[0.22233786 0.02323564 0.01548465 ... 0.04009102 0.1374162  0.06111591],[339.58755 337.12195 353.2953  ... 380.34726 396.3396  366.09045],[345.2342  339.22153 358.96204 ... 382.9114  398.41772 368.17722],[313.67242 303.97885 321.16486 ... 346.0845  361.4087  329.47726],[0. 0. 0. ... 0. 0. 0.],4,1,3,1
[0.18289147 0.33765304 0.16098359 ... 0.16155688 0.12041965 0.11857646],[376.8039  424.3371  390.5972  ... 377.31638 359.61807 321.27383],[389.7104  429.6175  398.5519  ... 386.06012 376.5082  344.17487],[326.4643  363.05655 327.9649  ... 321.93564 311.68954 279.16946],[0. 0. 0. ... 0. 0. 0.],4,1,3,2
"[ 0.27816057  0.45689166 -0.09127937 ...  0.3435378   0.21989964
  0.49719882]",[352.894   427.66495 303.58633 ... 425.192   388.0701  412.44412],[355.81503 431.36417 305.7977  ... 427.46243 391.2312  414.5029 ],[305.8947  375.4111  252.17026 ... 368.39618 334.00626 358.86142],[0.         0.         0.         ... 0.         0.03991061 0.        ],4,1,3,3
[0.         0.3211619  0.2004406  ... 0.12056748 0.1119067  0.06290069],[275.72482 345.0776  320.58618 ... 312.95337 304.43112 285.70648],[303.0226  380.13574 351.26245 ... 349.1448  337.27148 318.1267 ],[263.78104 339.4354  312.3325  ... 308.5811  294.06882 277.828  ],[0.02731855 0.         0.         ... 0.         0.         0.        ],4,1,3,4
[1.5164082  1.1518084  1.1066248  ... 0.21912134 0.18033789 0.1198099 ],[697.0463  617.22687 607.0648  ... 407.78705 372.16666 345.76852],[697.0463  617.22687 607.0648  ... 407.78705 372.16666 345.76852],[653.61774 568.9235  560.6642  ... 366.8521  328.3915  306.9911 ],[0.         0.         0.16345423 ... 0.         0.         0.        ],4,1,3,5
[0.10504463 0.12436875 0.09601469 ... 0.01109849 0.         0.11780575],[236.0871  247.56015 250.10454 ... 237.44945 224.59608 243.82263],[257.40527 268.28195 275.2643  ... 255.98679 247.55066 265.1057 ],[223.21756 234.37323 241.4937  ... 221.01665 213.08249 230.18172],[0. 0. 0. ... 0. 0. 0.],4,1,3,6
[0.22426938 0.51420325 0.3538098  ... 0.10440927 0.09494526 0.17108716],[319.218   401.09924 362.1556  ... 310.92776 306.34952 301.086  ],[338.89  415.84  386.2   ... 333.015 327.29  314.33 ],[297.13544 373.7533  341.96042 ... 288.80756 281.39813 273.18246],[0.         0.         0.09026766 ... 0.         0.         0.        ],4,1,3,7
"[ 0.          0.15601578  0.02523336 ...  0.02517201 -0.01205941
  0.298527  ]",[245.70142 316.70444 288.9257  ... 313.7533  293.12747 354.45685],[262.6199  344.80542 315.7421  ... 334.75113 313.18552 384.19458],[235.04951 316.60873 287.46356 ... 304.05124 283.16827 356.09598],[0.         0.         0.         ... 0.         0.04729185 0.        ],4,1,3,8
[0.12796392 0.01409827 0.2474489  ... 0.1781567  0.07222871 0.15480429],[332.5373  334.3106  411.803   ... 422.0828  392.6176  367.97623],[368.86935 373.42712 441.62814 ... 461.20602 422.85428 414.1206 ],[341.15582 346.18924 415.37216 ... 431.7357  392.43848 382.7383 ],[0.         0.02078728 0.         ... 0.         0.         0.        ],4,1,3,9
[0.         0.24931358 0.30061066 ... 0.3822518  0.03925083 0.15555012],[216.69899 280.86807 290.21353 ... 341.1739  272.74063 260.06793],[289.73636 367.33636 405.29092 ... 445.64545 350.8682  349.8409 ],[250.76857 328.58682 368.65204 ... 407.53436 309.9459  308.2724 ],[0.03452049 0.         0.         ... 0.         0.         0.        ],4,1,3,10
[0.04394282 0.02667223 0.45261642 ... 0.17520027 0.0904735  0.02225539],[317.58585 325.19562 404.40543 ... 369.5525  354.8945  330.60257],[336.6319  340.1043  446.29446 ... 404.32516 379.4049  351.9264 ],[291.5289  291.5903  397.64777 ... 356.06216 331.54306 305.06668],[0.         0.06918277 0.         ... 0.         0.         0.        ],4,1,3,11
[0.22387019 0.25537384 0.5513764  ... 0.27861685 0.13157502 0.12136072],[302.33057 325.98694 411.48825 ... 369.6401  323.7778  303.51816],[312.08148 345.7926  422.12592 ... 379.26666 333.41483 312.7037 ],[277.65424 309.43372 387.79453 ... 341.1512  297.1046  276.74164],[0.        0.0425881 0.        ... 0.        0.        0.       ],4,1,3,12
"[ 0.20503986  0.11173789  0.25303382 ...  0.13509583 -0.06022508
  0.16830887]",[266.79044 270.10843 299.173   ... 296.19757 252.56126 287.53192],[300.78723 296.84396 336.78015 ... 326.13477 284.39008 318.94327],[258.19537 254.68224 295.13953 ... 283.10458 240.61896 275.4859 ],[0. 0. 0. ... 0. 0. 0.],4,1,3,13
[0.2796089  0.092898   0.1973416  ... 0.09479064 0.16315238 0.33979046],[407.74506 365.17953 396.1905  ... 364.6324  378.44327 392.03418],[417.2745  377.09314 405.43628 ... 383.5245  390.36765 410.52942],[387.14294 346.1806  377.0365  ... 344.41272 357.12738 374.6155 ],[0.         0.         0.01880433 ... 0.         0.04668128 0.        ],4,1,3,14
[0.633341   0.24549556 0.11227218 ... 0.45218104 0.48508558 0.5197499 ],[327.18097 276.4614  266.67532 ... 369.03998 388.0489  366.9435 ],[410.87756 350.14285 341.91837 ... 457.63776 458.57144 461.2602 ],[370.36472 308.38943 299.65875 ... 409.7817  410.97208 416.74136],[0. 0. 0. ... 0. 0. 0.],4,1,3,15
[0.03860017 0.13555954 0.08799745 ... 0.04730164 0.19646564 0.21999535],[293.36963 306.55594 339.88492 ... 313.08316 344.9205  303.95825],[330.30127 360.46155 362.71796 ... 355.73077 376.1346  327.91025],[280.27597 308.34372 310.5808  ... 306.0884  320.0951  280.405  ],[0. 0. 0. ... 0. 0. 0.],4,1,3,16
[0.19556452 0.10141145 0.21950954 ... 0.18513863 0.19655213 0.11669351],[333.87863 313.5629  339.92926 ... 347.80707 332.27856 311.9497 ],[391.90292 384.5097  418.7427  ... 418.3398  404.69904 378.0534 ],[351.08133 342.58905 373.43723 ... 370.61017 359.74988 330.24295],[0. 0. 0. ... 0. 0. 0.],4,1,3,17
[0.21849187 0.11657619 0.13456155 ... 0.19277772 0.1300708  0.        ],[334.51862 319.71234 339.88647 ... 366.851   355.933   287.9544 ],[356.72528 343.3022  355.15384 ... 394.53845 375.23077 300.46155],[334.75525 320.09927 329.34943 ... 369.8237  350.37662 276.97247],[0. 0. 0. ... 0. 0. 0.],4,1,3,18
[0.31427574 0.08539242 0.11082645 ... 0.09197995 0.57300633 0.08893089],[368.82605 383.45084 383.1781  ... 394.39212 506.95734 394.16647],[422.7299  426.4885  435.66666 ... 461.0977  583.37354 437.55746],[365.55728 370.74356 378.87997 ... 398.60687 525.4193  382.5199 ],[0.         0.         0.         ... 0.05522519 0.         0.        ],4,1,3,19
"[ 0.5131237   0.2987861   0.23165657 ... -0.03343223  0.12924764
  0.15127555]",[335.07562 351.5919  347.84216 ... 298.62228 334.82825 339.57288],[376.5     387.6154  373.51648 ... 333.14835 369.8956  365.34616],[322.9913  330.04272 317.98456 ... 280.75754 311.87262 311.3116 ],[0. 0. 0. ... 0. 0. 0.],4,1,3,20
"[ 0.36019862  0.03098016 -0.09664422 ...  0.0254245   0.22268675
  0.33931902]",[361.74728 297.8114  296.244   ... 379.0131  417.7021  420.07532],[403.97043 348.73965 325.8284  ... 421.36685 467.0355  482.73373],[352.3867  293.3981  272.139   ... 358.72797 407.93286 423.93454],[0.         0.         0.         ... 0.         0.04027442 0.        ],4,1,3,21
[0.17685492 0.19105159 0.13973108 ... 0.00445674 0.18266565 0.33902302],[279.6223  300.14172 313.78415 ... 304.16156 326.62274 324.60797],[314.78677 340.60294 346.18384 ... 342.2647  386.97058 363.69852],[287.87393 312.52023 316.16638 ... 309.68253 353.59442 335.0116 ],[0.         0.         0.         ... 0.         0.05656605 0.        ],4,1,3,22
"[ 2.1542735e-02  9.0324946e-02 -1.9324591e-02 ...  1.5088040e-04
  2.7569649e-01  5.2481936e-04]",[333.21124 356.63895 351.15433 ... 353.1284  403.02054 346.25995],[336.68085 359.19574 352.70212 ... 359.8851  410.68936 347.7447 ],[247.84929 276.12497 260.22946 ... 262.6096  319.55084 250.83432],[0. 0. 0. ... 0. 0. 0.],4,1,3,23
[0.10078241 0.02232648 0.17359987 ... 0.03738586 0.09083115 0.07934016],[271.83023 278.60184 312.3906  ... 302.32593 297.4129  275.0348 ],[285.04202 287.4622  319.56302 ... 309.93277 304.90756 297.21008],[249.78821 250.73508 285.60376 ... 271.62943 266.51016 262.41418],[0. 0. 0. ... 0. 0. 0.],4,1,3,24
[0.05666186 0.03889731 0.0556155  ... 0.02309553 0.20740664 0.        ],[315.8396  320.53583 330.73822 ... 349.29492 365.2178  295.80173],[342.89893 338.10638 345.87766 ... 368.82977 387.96808 312.96277],[312.17853 308.20978 313.05582 ... 340.82828 356.04672 282.65817],[0. 0. 0. ... 0. 0. 0.],4,1,3,25
[0.17640051 0.06293617 0.18829066 ... 0.25406745 0.         0.49384144],[266.6516  278.54486 286.4967  ... 306.91156 252.954   337.07803],[315.9253  329.8046  367.5747  ... 384.3793  307.13217 402.58047],[285.0555  297.07965 337.82715 ... 352.25198 274.30222 368.0555 ],[0.         0.         0.         ... 0.         0.05846461 0.        ],4,1,3,26
[0.5139648  0.35475692 0.16890709 ... 0.09933936 0.24243402 0.43099234],[450.69452 418.23425 390.0811  ... 392.41644 417.96536 429.15555],[472.1382  469.98373 424.05692 ... 421.39838 448.47156 447.71545],[418.6624  410.20993 367.1128  ... 361.71185 385.3785  388.847  ],[0.         0.         0.         ... 0.         0.07225475 0.        ],4,1,3,27
"[ 0.1773925  -0.12180674  0.18307786 ...  0.08640999  0.25832224
  0.33820018]",[218.81963 187.7537  236.11163 ... 246.12001 261.86023 267.35733],[277.11185 242.23685 307.7434  ... 320.60526 343.69736 343.9342 ],[244.17899 207.38962 276.14185 ... 284.75867 305.69113 310.00687],[0.         0.         0.         ... 0.         0.04507228 0.        ],4,1,3,28
[0.         0.17414133 0.07244579 ... 0.00284387 0.18603718 0.24873036],[266.30707 321.36142 301.58478 ... 306.40817 346.32297 350.78772],[297.26733 347.0792  332.44058 ... 329.55942 377.01486 378.49506],[257.23157 307.15375 294.08615 ... 290.4522  335.76855 340.39993],[0.         0.         0.         ... 0.         0.04041804 0.        ],4,1,3,29
[0.18405846 0.2818902  0.14748815 ... 0.38566962 0.08738224 0.12107972],[284.26804 308.1598  298.5309  ... 360.31958 297.      283.9897 ],[284.26804 308.1598  298.5309  ... 360.31958 297.      283.9897 ],[245.52197 271.373   256.7597  ... 319.39035 255.48796 242.4739 ],[0. 0. 0. ... 0. 0. 0.],4,1,3,30
[0.08943984 0.05874922 0.03645583 ... 0.19825272 0.23259449 0.1883913 ],[280.4142  281.19363 273.6367  ... 338.70532 350.73438 340.34833],[314.3927  307.      305.36987 ... 379.04565 382.55252 366.52054],[266.20508 261.13284 257.06055 ... 327.61255 332.68442 315.96823],[0. 0. 0. ... 0. 0. 0.],4,1,3,31
[0.36009488 0.49103168 0.3767917  ... 0.09818555 0.08369589 0.14212663],[347.32632 388.7345  362.4206  ... 325.2142  323.1259  295.095  ],[434.04736 473.4     452.35788 ... 398.25262 387.41052 387.83157],[384.71362 424.8555  399.17258 ... 347.46814 335.4393  336.83087],[0. 0. 0. ... 0. 0. 0.],4,1,3,32
[0.11941636 0.0182285  0.0335557  ... 0.10700019 0.         0.0858971 ],[247.80597 246.32535 247.78833 ... 280.21167 257.25015 264.32837],[254.85393 253.98877 258.61237 ... 286.16855 263.45505 270.48877],[220.1718  216.7052  220.68985 ... 247.09459 223.35747 232.04962],[0. 0. 0. ... 0. 0. 0.],4,1,3,33
[0.14907081 0.37806314 0.         ... 0.22755855 0.17623438 0.00779105],[244.80164 319.42874 267.68954 ... 323.64728 303.4565  276.09045],[268.68265 344.61078 281.1078  ... 344.23953 332.1497  292.8024 ],[219.6956  296.72885 232.16635 ... 293.82    281.76938 243.73474],[0. 0. 0. ... 0. 0. 0.],4,1,3,34
[0.2504597  0.26384073 0.13955475 ... 0.11149214 0.13727577 0.13685523],[299.448   311.94836 289.32654 ... 315.76987 321.14023 294.6132 ],[307.68558 324.30414 298.42267 ... 326.5103  331.51547 306.69073],[288.87256 303.4011  277.6611  ... 306.92273 310.64258 285.98947],[0. 0. 0. ... 0. 0. 0.],4,1,3,35
[0.1452728  0.17952274 0.27735692 ... 0.1335974  0.16371568 0.1572864 ],[321.13654 335.68756 365.50104 ... 346.12073 326.82614 298.41187],[344.26315 363.51578 389.00525 ... 366.55264 345.7421  322.9579 ],[304.4569  323.78784 347.8629  ... 326.60684 303.39127 284.19855],[0. 0. 0. ... 0. 0. 0.],4,1,3,36
[0.31100026 0.24234508 0.4727566  ... 0.1445742  0.04488686 0.12393501],[357.39523 351.3751  401.77322 ... 355.05963 317.9274  316.36377],[375.58377 372.71573 428.7005  ... 373.01523 346.50253 338.75128],[333.60892 326.4673  385.98642 ... 328.06226 297.0186  294.78677],[0.         0.         0.04287324 ... 0.         0.         0.        ],4,1,3,37
[0.19853039 0.21007639 0.22775817 ... 0.13104486 0.19767836 0.03101809],[293.34186 313.048   322.44498 ... 334.99408 334.37753 295.18607],[352.2035  359.39536 367.86047 ... 386.09885 381.30234 339.5465 ],[304.96588 312.53726 320.0805  ... 336.06818 333.78384 288.7784 ],[0. 0. 0. ... 0. 0. 0.],4,1,3,38
[0.22296402 0.0114012  0.2942463  ... 0.11027739 0.07775618 0.        ],[313.73956 271.80292 339.71335 ... 316.78986 310.35834 275.3193 ],[355.      315.2746  388.09427 ... 366.2869  358.56146 314.89343],[313.98334 276.21536 345.54556 ... 323.8704  312.87344 274.0235 ],[0.         0.02648811 0.         ... 0.         0.         0.        ],4,1,3,39
[0.         0.12181348 0.15917753 ... 0.16484532 0.07933364 0.21648851],[282.35446 327.76862 337.93546 ... 373.98895 333.2354  351.05362],[307.24228 355.44052 371.05286 ... 395.71805 368.23788 387.70044],[277.63843 325.21802 337.76794 ... 361.33704 335.04666 354.19092],[0.         0.02978969 0.         ... 0.         0.         0.        ],4,1,3,40
[0.         0.06219578 0.20856361 ... 0.07366759 0.09383993 0.09227569],[268.5706  292.02942 329.38235 ... 302.1647  306.2294  288.54117],[268.5706  292.02942 329.38235 ... 302.1647  306.2294  288.54117],[227.14531 249.05946 287.33047 ... 261.116   263.19125 249.29326],[0.        0.0297845 0.        ... 0.        0.        0.       ],4,1,3,41
[0.33875105 0.05121553 0.18050234 ... 0.08732589 0.03760348 0.03405015],[291.87555 255.52888 290.09778 ... 290.      279.02222 266.9289 ],[291.87555 255.52888 290.09778 ... 290.      279.02222 266.9289 ],[249.65335 215.77148 251.5815  ... 247.47891 235.06946 225.42154],[0. 0. 0. ... 0. 0. 0.],4,1,3,42
[0.0077122  0.04363545 0.15293452 ... 0.11890898 0.         0.22732864],[162.77306 192.74562 195.38365 ... 211.6569  182.52628 200.75389],[284.707   295.76434 317.48407 ... 314.34396 282.3758  306.49045],[249.73863 258.74588 282.8598  ... 280.4628  247.01672 270.56662],[0. 0. 0. ... 0. 0. 0.],4,1,3,43
"[ 0.06106892 -0.0184036   0.08299353 ...  0.10910818 -0.15727815
  0.15966259]",[282.40057 276.53262 310.0552  ... 339.15747 282.20718 310.54938],[311.54544 300.24402 336.6268  ... 363.64594 300.48325 333.2488 ],[256.43802 249.5098  282.4421  ... 310.1407  244.34482 276.1131 ],[0.         0.         0.04151528 ... 0.         0.         0.        ],4,1,3,44
"[ 0.03707694  0.25450414 -0.0897227  ...  0.          0.1045685
  0.16034913]",[238.35918 287.49924 226.9078  ... 261.15866 262.6291  251.59082],[265.      320.15173 263.2483  ... 292.84137 294.9793  291.3793 ],[237.29823 294.45023 235.16946 ... 265.2593  267.29742 263.52264],[0. 0. 0. ... 0. 0. 0.],4,1,3,45
"[ 0.          0.08947683  0.04223775 ... -0.08428635  0.05383772
  0.22049761]",[260.7117  306.2283  291.84628 ... 265.2287  282.60513 290.3184 ],[296.08  331.665 318.475 ... 291.53  303.08  321.605],[255.47754 289.07272 278.82632 ... 247.70012 264.5267  283.0517 ],[0.         0.         0.         ... 0.         0.03279413 0.        ],4,1,3,46
[0.14195451 0.00077278 0.20275733 ... 0.00720662 0.0570607  0.0961573 ],[320.841   303.59415 348.03766 ... 313.5021  323.00418 320.682  ],[320.841   303.59415 348.03766 ... 313.5021  323.00418 320.682  ],[266.84378 248.85799 292.42273 ... 258.31705 267.07803 263.859  ],[0.         0.02314503 0.         ... 0.         0.         0.        ],4,1,3,47
[0.4651218  0.21767631 0.22085537 ... 0.08450202 0.24028046 0.3253667 ],[353.73642 355.51028 350.08957 ... 333.91055 361.6472  344.38092],[393.98572 396.1143  407.90714 ... 378.76428 405.27856 407.87143],[340.5324  337.37854 343.99948 ... 320.52374 347.1775  353.21796],[0.         0.         0.         ... 0.         0.03598454 0.        ],4,1,3,48
[1.2209368  1.0969632  0.9137929  ... 0.20598495 0.43687555 0.4942983 ],[609.5083  541.028   526.78754 ... 403.00858 454.98645 429.28906],[700.1163  675.76746 622.6977  ... 484.0775  536.9225  512.26355],[665.82776 636.50275 587.33685 ... 445.77353 496.5305  474.84152],[0.         0.         0.127164   ... 0.05957636 0.         0.        ],4,1,3,49
[0.48831967 0.         0.04163768 ... 0.11507238 0.         0.33725134],[300.45215 249.17845 231.38893 ... 280.65155 264.88397 298.59372],[379.03845 307.3923  319.34616 ... 366.27692 328.8231  394.40768],[354.27982 282.90207 297.27496 ... 340.30347 300.79443 371.15665],[0.         0.         0.         ... 0.         0.04716869 0.        ],4,1,3,50
"[ 0.10051853  0.22214904  0.         ... -0.01447729  0.01751477
  0.5103188 ]",[294.1179  323.2641  273.00302 ... 279.39877 279.93307 384.51877],[327.52432 368.19458 315.6162  ... 323.49728 326.0054  425.85947],[289.16306 327.2338  277.0334  ... 283.4352  284.15726 385.0877 ],[0.         0.         0.         ... 0.         0.07019701 0.        ],4,1,3,51
"[ 0.14244594  0.24065277  0.029148   ... -0.03773744  0.05918386
  0.13024263]",[230.55222 247.2549  239.50626 ... 215.78152 226.31984 219.15034],[297.69492 341.83615 311.74576 ... 288.08475 304.47458 289.77402],[267.606   310.3923  280.19153 ... 257.06635 270.65735 259.88037],[0. 0. 0. ... 0. 0. 0.],4,1,3,52
[0.         0.1129319  0.0131091  ... 0.20723127 0.21957028 0.08360056],[277.72424 320.39767 298.00504 ... 321.59015 326.04575 276.1899 ],[296.5303  330.84344 310.0303  ... 338.27274 338.88385 288.43436],[239.90892 269.98166 251.6162  ... 280.26157 281.7189  234.24426],[0. 0. 0. ... 0. 0. 0.],4,1,3,53
[0.34788024 0.28507006 0.2909691  ... 0.02110877 0.3046893  0.23347148],[356.02335 359.61948 364.59558 ... 289.2246  353.63474 320.23547],[388.17648 399.5936  409.3262  ... 328.06418 401.83957 367.2353 ],[368.49838 380.8982  388.6827  ... 306.5959  381.7589  346.02194],[0.         0.         0.         ... 0.04225746 0.         0.        ],4,1,3,54
[0.19390717 0.08071861 0.15073639 ... 0.3104644  0.07701529 0.42503893],[310.00067 317.8842  337.74228 ... 363.42072 309.40543 376.99808],[357.31183 342.39786 362.8871  ... 402.49463 343.22043 407.71506],[298.18555 277.7329  300.42395 ... 339.23187 279.54153 348.4373 ],[0.         0.         0.         ... 0.         0.04158571 0.        ],4,1,3,55
"[ 0.40617475 -0.01237431  0.25290358 ... -0.06697714  0.16495332
  0.21014132]",[330.79352 269.5542  322.83014 ... 284.82666 329.53574 309.25412],[357.23557 280.56732 340.6971  ... 296.90866 343.09134 332.22116],[307.00742 230.5976  289.33    ... 242.11389 289.61557 281.3536 ],[0.         0.         0.         ... 0.         0.02885109 0.        ],4,1,3,56
[0.3563002  0.06389859 0.13108115 ... 0.14874291 0.3809802  0.1329224 ],[370.2205  345.15485 370.5977  ... 367.37662 422.02438 331.73618],[423.96848 380.72522 407.4054  ... 404.95947 459.2072  363.77026],[362.8314  316.53    336.31827 ... 337.3954  391.92404 299.9865 ],[0. 0. 0. ... 0. 0. 0.],4,1,3,57
"[ 0.29563826  0.15934391  0.16017614 ...  0.05099649 -0.13365771
  0.16464251]",[242.05576 233.94275 225.3802  ... 221.91545 178.7476  201.90321],[283.18344 276.6154  278.98224 ... 264.71005 227.69823 245.11835],[246.51553 239.48126 241.93198 ... 227.71623 191.133   210.23428],[0.         0.         0.         ... 0.         0.02068831 0.        ],4,1,3,58
[0.35627764 0.1645141  0.03572883 ... 0.         0.06583618 0.21659848],[359.12012 345.12198 329.38126 ... 284.05194 292.9973  316.99097],[380.9321  365.88272 347.9074  ... 309.80865 321.85803 343.85184],[345.82224 322.85605 308.96848 ... 273.87546 283.34348 309.97513],[0. 0. 0. ... 0. 0. 0.],4,1,3,59
[0.04399004 0.42497453 0.10455613 ... 0.10234596 0.17876884 0.18484265],[254.18561 339.31927 284.59702 ... 276.81458 286.02243 266.4956 ],[279.957   369.4785  303.0484  ... 293.      311.0269  294.07526],[258.69733 346.48004 278.9888  ... 270.35153 286.1222  271.7494 ],[0. 0. 0. ... 0. 0. 0.],4,1,3,60
[0.33722496 0.43837473 0.25449088 ... 1.0765338  1.4843197  0.98880357],[263.15488 286.24454 267.37863 ... 472.94846 570.35675 440.69342],[368.24457 409.55978 377.00543 ... 608.22284 700.163   556.6957 ],[318.57086 361.08148 322.06918 ... 556.1646  643.7725  506.7896 ],[0.         0.         0.         ... 0.06841702 0.         0.        ],4,1,3,61
[0.37538162 0.21111032 0.42760485 ... 0.27192006 0.17412679 0.28421938],[450.82233 420.69037 486.79697 ... 463.96448 431.1066  412.2995 ],[450.82233 420.69037 486.79697 ... 463.96448 431.1066  412.2995 ],[403.8012  368.17096 434.9893  ... 417.7815  384.2535  363.75568],[0. 0. 0. ... 0. 0. 0.],4,1,3,62
[0.         0.16369125 0.01516445 ... 0.05163827 0.09055194 0.        ],[288.39008 345.26334 323.89227 ... 319.6562  331.0632  298.1078 ],[292.63876 347.95154 328.1718  ... 330.11896 334.51984 300.89868],[248.48544 300.01392 276.13974 ... 283.12622 280.3842  255.54349],[0. 0. 0. ... 0. 0. 0.],4,1,3,63
[0.22273664 0.3626947  0.08143224 ... 0.08243987 0.12392861 0.03621894],[311.3041  352.96188 292.6077  ... 302.4228  312.34885 279.4819 ],[331.9244  372.56976 313.63373 ... 323.19766 330.47675 302.47675],[300.76913 340.56134 281.21317 ... 289.2427  296.82867 271.81766],[0. 0. 0. ... 0. 0. 0.],4,1,3,64
[0.23438247 0.19599591 0.10557712 ... 0.1882026  0.27132052 0.        ],[247.89777 304.367   285.94254 ... 311.52725 288.72308 238.57115],[417.43292 435.2439  425.73172 ... 480.32318 498.7561  396.12805],[358.4813  375.11078 362.7084  ... 415.87817 430.66995 329.34747],[0. 0. 0. ... 0. 0. 0.],4,1,3,65
[0.16901037 0.01305446 0.06310324 ... 0.03994691 0.3880867  0.10368009],[273.1938  260.01315 260.83215 ... 272.54675 365.20514 270.29092],[334.8611  315.54443 328.1889  ... 350.65555 441.19446 338.70557],[304.62048 284.18393 297.48178 ... 320.63132 407.6036  309.84314],[0.        0.        0.        ... 0.0496373 0.        0.       ],4,1,3,66
[0.42714137 0.07485401 0.07374617 ... 0.06206654 0.12639049 0.15530424],[341.82892 291.39062 285.62015 ... 300.77133 312.1639  299.693  ],[366.11005 308.25836 319.73206 ... 329.4402  338.7177  316.92822],[320.33435 260.1168  271.02692 ... 280.23358 287.4234  267.0106 ],[0.         0.         0.         ... 0.         0.02029925 0.        ],4,1,3,67
[0.21377549 0.054547   0.17023869 ... 0.03778616 0.140698   0.        ],[300.2216  268.6334  299.4365  ... 276.2025  287.5617  237.41019],[353.2827  324.45026 349.81674 ... 329.55496 345.55496 294.7487 ],[301.15106 272.04254 300.4834  ... 278.92896 295.94412 245.5158 ],[0. 0. 0. ... 0. 0. 0.],4,1,3,68
[0.         0.15585393 0.17756313 ... 0.03825253 0.         0.04788952],[269.80157 316.0238  326.30157 ... 309.7857  291.96826 296.87302],[269.80157 316.0238  326.30157 ... 309.7857  291.96826 296.87302],[237.5249  281.82028 294.80966 ... 278.8764  258.02625 264.3104 ],[0. 0. 0. ... 0. 0. 0.],4,1,3,69
"[ 0.04855681 -0.00508693  0.12808199 ...  0.07923612  0.14855967
  0.        ]",[219.34525 230.0648  250.63266 ... 242.40495 244.3823  221.93988],[281.19183 283.90613 319.6449  ... 302.48572 315.91837 276.25714],[241.65614 242.23856 278.24368 ... 261.31793 272.63217 233.27808],[0. 0. 0. ... 0. 0. 0.],4,1,3,70
[0.3307389  0.05987242 0.2035093  ... 0.03976184 0.16047585 0.0854769 ],[322.17188 283.5434  332.30664 ... 279.58496 313.02502 289.0458 ],[406.21875 354.56876 394.6     ... 352.475   373.7875  340.55   ],[344.6166  297.4587  335.33762 ... 289.62015 311.34637 274.64532],[0. 0. 0. ... 0. 0. 0.],4,1,3,71
[0.10224758 0.38625857 0.05951822 ... 0.04640353 0.17022537 0.3430414 ],[371.16446 440.09662 379.77106 ... 387.52606 420.53543 450.34464],[379.75363 449.74878 384.5749  ... 393.50723 426.45892 465.029  ],[328.66406 402.7088  336.20703 ... 341.55652 369.5622  413.0284 ],[0.         0.         0.         ... 0.         0.05081126 0.        ],4,1,3,72
[0.         0.09453501 0.18517675 ... 0.07313912 0.0673153  0.        ],[278.72702 312.82776 348.84073 ... 331.74408 329.42526 297.9486 ],[295.35443 327.92404 359.05484 ... 347.02533 340.0422  309.4768 ],[267.78986 300.39767 331.64612 ... 320.178   313.49585 283.83362],[0.         0.02512021 0.         ... 0.         0.         0.        ],4,1,3,73
[0.26551968 0.         0.20455272 ... 0.2050295  0.         0.15478544],[321.3924  265.33817 322.38245 ... 307.41943 266.41858 291.46823],[400.35483 347.13977 402.03226 ... 403.53226 352.8925  370.0645 ],[339.83966 283.35077 339.34143 ... 345.47693 292.2781  311.91275],[0. 0. 0. ... 0. 0. 0.],4,1,3,74
"[ 0.10650382  0.         -0.09540778 ...  0.09897216  0.20752342
  0.        ]",[352.69855 331.61945 337.52478 ... 393.40543 385.50415 324.1228 ],[359.74432 334.29544 340.25568 ... 398.5341  392.125   327.94885],[310.13867 285.4238  290.05746 ... 349.7806  341.8834  280.1679 ],[0.         0.         0.03743447 ... 0.         0.         0.        ],4,1,3,75
[0.         0.17064919 0.20834735 ... 0.10381315 0.07582144 0.16979037],[303.0719  365.06073 393.10706 ... 357.5535  330.77994 323.2713 ],[333.0808  417.5303  441.4798  ... 406.5303  373.76767 380.29294],[247.86815 330.06564 353.67072 ... 314.139   282.89276 293.20636],[0. 0. 0. ... 0. 0. 0.],4,1,3,76
"[ 0.24319877  0.15889141  0.09463624 ...  0.30557352 -0.02430035
  0.2699544 ]",[391.32306 399.7105  382.2519  ... 444.23715 329.71487 397.3973 ],[431.74857 436.53714 420.29715 ... 486.62857 359.57144 428.06857],[408.87744 413.53867 395.45773 ... 460.33798 331.94482 400.6872 ],[0. 0. 0. ... 0. 0. 0.],4,1,3,77
"[ 0.04697448  0.32835135  0.06274436 ... -0.01387788  0.28172457
  0.        ]",[225.32921 278.48288 229.72536 ... 240.9198  286.41235 231.77733],[234.39285 288.26428 243.71428 ... 248.57143 294.32858 239.69286],[204.41248 258.78256 214.28235 ... 217.32808 263.03665 210.04288],[0. 0. 0. ... 0. 0. 0.],4,1,3,78
[0.03056594 0.00782695 0.19409972 ... 0.19465631 0.         0.34683248],[235.50444 226.02888 282.5997  ... 270.16135 247.44739 285.94345],[271.73654 280.23953 323.48502 ... 331.47305 280.01196 335.97006],[255.97478 263.83127 306.9633  ... 314.15402 263.71622 319.2544 ],[0.         0.02509274 0.         ... 0.         0.03896736 0.        ],4,1,3,79
"[ 0.127968    0.11406031 -0.127968   ...  0.13696557  0.10644715
  0.160382  ]",[240.92326 252.2569  206.66487 ... 259.31903 234.31718 234.60304],[312.91574 339.23035 288.64044 ... 337.20224 322.76404 330.75842],[259.108   283.5356  231.93704 ... 283.462   270.52454 278.2711 ],[0.         0.         0.03889863 ... 0.         0.         0.        ],4,1,3,80
[0.32067224 0.3745316  0.44169852 ... 0.05831975 0.10193203 0.30007496],[311.2228  304.7988  333.14218 ... 281.48712 288.2084  330.88058],[348.56552 360.0345  381.82758 ... 327.30344 333.82068 358.3517 ],[307.84528 321.26056 339.81073 ... 285.43372 294.2091  313.74414],[0.         0.         0.         ... 0.         0.02946312 0.        ],4,1,3,81
[0.19716348 0.24583098 0.30751288 ... 0.20013812 0.08869139 0.3433746 ],[365.41324 377.90466 413.49893 ... 397.63135 353.82874 398.35693],[395.46783 421.85965 454.97076 ... 447.49707 393.731   436.76608],[345.76154 374.73047 401.64874 ... 400.1624  344.495   389.62003],[0.         0.         0.         ... 0.         0.03595765 0.        ],4,1,3,82
"[ 0.07789157 -0.03153032  0.03195632 ...  0.17700143  0.3006595
  0.35448557]",[261.75412 258.612   265.28125 ... 286.79758 304.73154 291.58054],[306.08133 289.4067  309.6842  ... 338.57895 363.2153  335.91388],[261.16562 245.22879 261.64908 ... 291.82965 316.75278 292.15558],[0.         0.         0.04288099 ... 0.04770538 0.         0.        ],4,1,3,83
"[ 0.03627054 -0.00103588  0.20115109 ... -0.01555052  0.04920677
  0.04530475]",[223.623   221.842   258.0319  ... 226.30309 242.86597 223.61426],[297.8919  295.41623 345.96216 ... 306.92432 319.48648 307.05405],[261.5698  257.80637 307.03976 ... 269.17593 280.5457  270.70538],[0. 0. 0. ... 0. 0. 0.],4,1,3,84
[0.         0.16305335 0.1388308  ... 0.         0.10797609 0.11763139],[245.40376 294.9409  296.10092 ... 270.6303  308.90463 266.8275 ],[287.83554 339.00888 341.0711  ... 321.64444 342.03555 308.36444],[251.75766 304.13998 304.42047 ... 283.9887  308.0855  274.4302 ],[0. 0. 0. ... 0. 0. 0.],4,1,3,85
"[ 0.2838421   0.14996676  0.35788813 ... -0.00957785  0.22527662
  0.06076447]",[315.2887  315.71744 367.1175  ... 287.3999  327.609   288.6923 ],[370.5752  370.5263  431.57144 ... 342.3045  390.06015 342.3684 ],[318.24677 315.32318 375.6867  ... 284.7356  334.5503  287.58676],[0.         0.         0.         ... 0.02587359 0.         0.        ],4,1,3,86
[0.13005784 0.4477808  0.3293648  ... 0.20846303 0.3120122  0.        ],[342.06018 414.31125 398.29492 ... 388.9659  388.16064 296.79865],[364.55862 436.2     411.13104 ... 398.5862  406.7517  312.9793 ],[304.2783  373.75018 354.04498 ... 337.38577 344.8035  255.38844],[0.         0.         0.         ... 0.04140602 0.         0.        ],4,1,3,87
"[ 0.13181607  0.05346977  0.10987102 ...  0.06347188 -0.03267035
  0.14337516]",[241.38179 246.3197  263.82092 ... 275.3162  241.55476 260.67926],[258.14706 270.68137 284.48038 ... 299.36765 261.89706 281.77942],[231.41003 241.93503 256.9254  ... 270.6256  232.46599 252.93747],[0. 0. 0. ... 0. 0. 0.],4,1,3,88
"[ 0.39423168  0.21782392  0.25969037 ... -0.05100705 -0.01663652
  0.16633792]",[420.61084 387.8079  404.92612 ... 341.7586  343.6798  372.7537 ],[420.61084 387.8079  404.92612 ... 341.7586  343.6798  372.7537 ],[340.7638  304.04492 320.2091  ... 267.16226 263.0375  300.72006],[0. 0. 0. ... 0. 0. 0.],4,1,3,89
[0.32467794 0.40852985 0.21070212 ... 0.15573815 0.29455885 0.06174893],[437.4662  455.95895 419.6529  ... 396.45135 418.61203 335.74506],[461.32608 492.08694 442.44022 ... 421.2663  448.78262 359.42935],[407.9036  435.01007 389.0752  ... 367.55273 397.18832 308.31415],[0. 0. 0. ... 0. 0. 0.],4,1,3,90
[0.2874369  0.44309387 0.41008985 ... 0.36865214 0.2604687  0.10722291],[287.36768 344.4086  317.6552  ... 317.7203  311.5112  250.46744],[389.66013 437.19608 430.6209  ... 429.84967 392.66013 330.7843 ],[356.91287 399.63974 395.40826 ... 390.2556  353.52948 293.40103],[0. 0. 0. ... 0. 0. 0.],4,1,3,91
[0.         0.3121479  0.05343368 ... 0.09575563 0.34578073 0.46188927],[189.141   235.14874 171.14285 ... 198.57594 236.28633 239.06848],[337.37323 438.2324  382.38028 ... 386.84506 450.169   455.66196],[303.20206 399.67953 343.75104 ... 352.9804  417.22287 418.17764],[0.         0.         0.02843456 ... 0.         0.05976056 0.        ],4,1,3,92
"[ 0.          0.41714138  0.13390002 ...  0.10214522 -0.07709254
  0.07709254]",[217.03925 298.85855 264.23914 ... 266.86588 229.90056 233.46939],[221.21547 302.9503  268.25415 ... 270.8232  233.59668 245.13812],[181.56882 260.61795 227.9953  ... 229.22806 190.26015 202.32689],[0. 0. 0. ... 0. 0. 0.],4,1,3,93
[0.06667047 0.34161854 0.21707636 ... 0.4200467  0.69127023 0.4755583 ],[370.65018 438.15527 411.42874 ... 490.08435 556.9723  487.13202],[372.14963 439.87955 412.35767 ... 495.1168  558.0146  490.94162],[300.81775 370.68134 343.62213 ... 418.3404  484.2238  420.64597],[0.03013465 0.         0.03284858 ... 0.02435422 0.         0.        ],4,1,3,94
[0.01481484 0.06486799 0.15551314 ... 0.11012094 0.2725521  0.05629977],[245.04817 259.09787 289.78772 ... 288.16608 326.61673 266.358  ],[256.07938 271.89948 298.94708 ... 302.48148 339.8254  278.19577],[240.2705  255.69951 282.5834  ... 287.2009  325.343   263.2332 ],[0. 0. 0. ... 0. 0. 0.],4,1,3,95
"[ 0.13380101  0.34558278  0.14167291 ... -0.04126499  0.25686827
  0.31843346]",[174.33438 226.30666 205.0831  ... 204.31326 201.79538 212.70425],[285.57812 356.65625 318.4922  ... 298.5625  349.42188 331.84375],[248.94351 318.4001  280.38095 ... 256.33612 309.346   290.83603],[0.         0.         0.         ... 0.         0.04916252 0.        ],4,1,3,96
[0.25147122 0.21086036 0.26046273 ... 0.20978206 0.20178981 0.24927637],[285.89484 312.6487  322.01837 ... 357.54578 325.52167 313.09372],[287.17743 314.0242  323.44354 ... 358.85483 328.44354 316.1129 ],[257.85327 284.81662 298.02612 ... 326.39014 302.3457  284.77402],[0. 0. 0. ... 0. 0. 0.],4,1,3,97
"[ 0.1862372   0.14826436 -0.15401673 ... -0.11086001  0.02565954
  0.18671489]",[270.6213  300.60074 248.52487 ... 292.07642 313.76505 317.39542],[294.13986 330.62936 268.95804 ... 316.2168  344.72726 340.75525],[268.01813 302.76193 239.96344 ... 283.1406  311.26282 310.74078],[0.         0.         0.         ... 0.         0.03061846 0.        ],4,1,3,98
"[ 0.17947966  0.02334929  0.20099819 ... -0.00576525  0.16551018
  0.05900721]",[285.4402  265.4336  301.23608 ... 267.59195 298.19406 275.3979 ],[286.24872 266.25888 302.52286 ... 268.39594 301.45685 276.26395],[258.95483 238.30362 274.48804 ... 240.3793  274.48325 249.55904],[0.         0.02315653 0.         ... 0.         0.         0.        ],4,1,3,99
[0.         0.17037873 0.19480798 ... 0.22291297 0.49457523 0.04218238],[322.55414 394.2102  432.      ... 473.18472 524.94904 383.73248],[322.55414 394.2102  432.      ... 473.18472 524.94904 383.73248],[276.56366 349.59854 380.12033 ... 418.723   475.94095 334.70496],[0.         0.         0.         ... 0.03310728 0.         0.        ],4,1,3,100
[0.60824627 0.5763364  0.37851536 ... 0.13463306 0.19181564 0.29996368],[441.41232 484.11847 441.8673  ... 389.4929  401.62085 389.4076 ],[441.41232 484.11847 441.8673  ... 389.4929  401.62085 389.4076 ],[398.76456 435.95425 394.3686  ... 342.99582 354.1942  346.1253 ],[0.         0.         0.10457119 ... 0.         0.03939288 0.        ],4,1,3,101
"[ 0.1108005   0.3414968   0.20918532 ... -0.02345297  0.06084443
  0.58273655]",[268.33627 321.18024 311.7101  ... 285.93848 296.27298 365.83362],[291.8441  349.96237 334.9355  ... 310.91934 319.90323 392.8871 ],[254.25345 312.3778  296.52948 ... 270.52075 278.21606 353.6678 ],[0.         0.         0.         ... 0.         0.09182356 0.        ],4,1,3,102
[0.3800023  0.10761315 0.15913577 ... 0.4411447  0.09973163 0.06337831],[318.832   284.95184 300.8385  ... 363.74966 303.57605 289.11536],[391.30807 336.44446 353.95456 ... 439.18182 352.19193 336.9192 ],[352.0274  294.99338 310.7832  ... 393.33548 307.17508 295.8716 ],[0. 0. 0. ... 0. 0. 0.],4,1,3,103
[0.04961109 0.26472342 0.05596049 ... 0.04565061 0.10421    0.05259211],[325.6501  413.1095  335.23633 ... 349.33447 371.55975 341.75916],[414.68    495.94287 433.64572 ... 447.45142 464.22287 428.37143],[373.99506 457.51825 394.1343  ... 406.8596  422.86923 390.53018],[0. 0. 0. ... 0. 0. 0.],4,1,3,104
"[ 0.0777244   0.03427681 -0.02027955 ...  0.11362922  0.18511695
  0.12212408]",[244.20645 242.2     235.6     ... 269.55484 279.15485 251.69032],[244.20645 242.2     235.6     ... 269.55484 279.15485 251.69032],[223.4463  221.31538 215.44347 ... 246.19513 256.59988 229.58563],[0.         0.         0.02075501 ... 0.0173227  0.         0.        ],4,1,3,105
[0.25132853 0.28194022 0.30876106 ... 0.19251344 0.10998434 0.10676789],[281.8385  295.97913 315.3818  ... 290.50644 278.774   268.45782],[325.8812  350.24753 368.47525 ... 353.33664 327.35645 312.12375],[274.7485  296.63623 311.28064 ... 296.9598  270.69162 255.61546],[0. 0. 0. ... 0. 0. 0.],4,1,3,106
"[ 0.46899247  0.06185598  0.2746091  ... -0.01328165  0.19564424
  0.2850318 ]",[354.2767  276.26834 317.18317 ... 279.27002 334.8758  349.1295 ],[462.56  370.43  421.375 ... 390.105 440.785 461.68 ],[417.91498 319.76086 373.95    ... 337.06818 390.52332 411.33914],[0.         0.         0.         ... 0.         0.03971433 0.        ],4,1,3,107
[0.24378315 0.12017539 0.13692893 ... 0.10681464 0.         0.        ],[284.51257 277.98227 281.23862 ... 282.55197 262.5574  253.68852],[347.0497  338.3978  344.337   ... 351.35358 319.52487 301.8177 ],[310.41058 296.7307  300.5169  ... 312.09805 277.15527 265.45303],[0. 0. 0. ... 0. 0. 0.],4,1,3,108
"[ 0.3844653   0.13995308  0.14387704 ... -0.02501266  0.20581695
  0.18691619]",[375.8421  334.61133 336.51416 ... 311.02835 359.53845 336.48584],[375.8421  334.61133 336.51416 ... 311.02835 359.53845 336.48584],[313.49417 272.88455 274.577   ... 247.55905 292.79965 274.71887],[0.         0.         0.03839901 ... 0.03703099 0.         0.        ],4,1,3,109
[0.05254836 0.11313464 0.12692858 ... 0.2986916  0.09565025 0.        ],[226.8021  231.78877 232.73822 ... 257.79398 221.95734 185.17883],[281.0955  295.49246 300.92462 ... 335.6985  286.54272 256.2161 ],[261.33774 277.6006  281.54227 ... 316.69556 266.63654 237.46996],[0.         0.         0.02820662 ... 0.         0.         0.        ],4,1,3,110
[0.12061565 0.256388   0.14171472 ... 0.13686988 0.2225482  0.06744401],[270.7237  329.79224 310.41223 ... 327.80005 355.47507 293.1383 ],[293.93985 359.41354 335.41354 ... 360.406   380.797   322.09024],[271.88547 335.86395 311.33572 ... 336.1081  355.35995 297.33792],[0. 0. 0. ... 0. 0. 0.],4,1,3,111
[0.2840751  0.46849114 0.21917172 ... 0.06692185 0.19244944 0.20360342],[295.67117 339.5988  294.84372 ... 267.07544 294.1824  291.96307],[324.08133 371.03348 324.01913 ... 288.4689  314.98087 313.12918],[302.36685 348.93246 300.03918 ... 266.342   290.0979  291.16937],[0.        0.        0.        ... 0.0309963 0.        0.       ],4,1,3,112
[0.24589428 0.42667964 0.15438488 ... 0.00312215 0.19652359 0.13446006],[261.0784  315.98413 270.015   ... 279.40686 310.4215  271.14163],[313.38583 378.53543 320.7244  ... 321.02362 353.96063 331.29135],[285.37317 350.6823  294.91473 ... 294.7162  325.43442 306.1709 ],[0.         0.         0.         ... 0.02795937 0.         0.        ],4,1,3,113
[0.         0.09989151 0.07621536 ... 0.40909526 0.10231554 0.        ],[224.11563 223.1486  234.8431  ... 315.6407  238.80615 190.40738],[292.0182  319.52728 326.06668 ... 411.17575 332.16364 270.87274],[254.2123  278.6278  288.00076 ... 372.92166 288.54523 234.66891],[0. 0. 0. ... 0. 0. 0.],4,1,3,114
[0.21578987 0.21800852 0.07230849 ... 0.00250392 0.20540242 0.27897125],[261.2875  263.74768 263.69244 ... 264.67526 282.25058 324.96094],[308.08066 325.19354 316.42743 ... 315.75    360.89517 373.37097],[270.0985  286.66534 277.06543 ... 277.04166 321.36148 332.86197],[0.         0.         0.         ... 0.04673534 0.         0.        ],4,1,3,115
[0.06607773 0.14856872 0.17185737 ... 0.24750558 0.25322577 0.38958368],[265.7095  332.59424 322.2344  ... 362.9369  326.6772  333.31912],[347.3691  392.41632 392.17596 ... 421.7897  388.75537 395.03433],[299.9646  341.46713 347.4669  ... 371.47104 340.7318  349.60123],[0. 0. 0. ... 0. 0. 0.],4,1,3,116
[0.60880965 0.10343443 0.15137509 ... 0.12310499 0.22474742 0.37974977],[430.89813 332.9678  350.8935  ... 350.0345  366.81155 369.13458],[501.76382 398.39197 412.0402  ... 412.94974 422.42212 433.08542],[439.94803 335.28668 348.7985  ... 353.49466 363.28058 372.92703],[0.         0.         0.         ... 0.         0.05102061 0.        ],4,1,3,117
"[ 0.34164956  0.30942324  0.48514092 ... -0.06482349  0.18796897
  0.27373597]",[373.77667 346.48108 414.10446 ... 269.6543  303.62988 313.07553],[433.37442 430.3981  476.55923 ... 350.1564  387.3365  380.67297],[378.79172 371.73044 421.14688 ... 289.46146 331.63522 326.4423 ],[0.         0.         0.         ... 0.         0.03110885 0.        ],4,1,3,118
[0.09256249 0.42007422 0.18437585 ... 0.03526935 0.36879307 0.20860423],[279.60657 389.2088  349.40982 ... 324.84686 381.27182 310.51404],[282.43478 391.44098 351.7267  ... 326.92548 387.75156 316.36026],[242.73648 339.01962 304.08652 ... 283.0947  341.34048 271.90042],[0.         0.         0.         ... 0.05079255 0.         0.        ],4,1,3,119
[0.31802896 0.04362911 0.32925534 ... 0.20327856 0.08915982 0.44833487],[306.11206 270.63074 327.1988  ... 321.10443 293.5468  360.76627],[346.90442 305.85294 369.93384 ... 362.90442 333.58823 403.21323],[316.1984  274.33    338.00467 ... 329.78296 300.3678  370.59396],[0.         0.         0.         ... 0.         0.06936444 0.        ],4,1,3,120
[0.09662116 0.26520893 0.07141177 ... 0.21640448 0.2081735  0.15233459],[259.40552 297.03934 264.10547 ... 325.94122 314.03418 311.07834],[292.49374 344.275   306.23126 ... 356.9875  351.05624 339.625  ],[251.58531 304.61584 265.3683  ... 313.8452  310.69763 296.4649 ],[0. 0. 0. ... 0. 0. 0.],4,1,3,121
[0.27436513 0.19469684 0.1786683  ... 0.08896893 0.06930364 0.27196115],[329.46658 361.4921  356.68994 ... 334.41595 312.01443 344.9719 ],[387.9805  406.2878  411.8634  ... 381.67804 358.69757 386.1512 ],[352.68845 366.87405 374.84988 ... 345.9287  321.11264 349.87772],[0.         0.         0.         ... 0.         0.03555236 0.        ],4,1,3,122
"[ 0.30440298 -0.0785204   0.153079   ...  0.08395912  0.22296251
  0.37066993]",[273.80313 226.6702  269.37274 ... 214.29028 216.42593 257.0258 ],[366.9371  295.92453 360.02515 ... 276.05032 296.74213 310.78616],[361.89688 289.4848  354.53986 ... 270.69595 291.5396  305.2084 ],[0.         0.         0.         ... 0.         0.04904994 0.        ],4,1,3,123
"[ 0.08601941 -0.05462918  0.22786817 ...  0.04966928  0.12371827
  0.149316  ]",[332.5476  315.47025 382.45834 ... 332.4345  343.90475 341.52975],[332.5476  315.47025 382.45834 ... 332.4345  343.90475 341.52975],[287.4573  268.78534 336.2166  ... 286.71674 296.98102 293.38242],[0. 0. 0. ... 0. 0. 0.],4,1,3,124
"[ 0.28629744  0.23922798 -0.12353323 ...  0.25528717  0.08445886
  0.16650683]",[343.6149  338.77606 265.89188 ... 381.46103 339.67953 326.98584],[387.05807 399.23227 333.99356 ... 451.92258 394.2903  404.8129 ],[355.43176 368.53455 302.78168 ... 413.90103 359.06506 370.21777],[0. 0. 0. ... 0. 0. 0.],4,1,3,125
[0.7736327  0.47765598 0.86484945 ... 0.08817888 0.17106481 0.2763628 ],[509.1613  487.4315  599.37427 ... 385.47824 401.53156 420.9053 ],[510.05057 491.57303 601.27527 ... 386.6292  404.73035 422.15732],[413.7027  397.51456 494.86987 ... 284.8551  300.64804 319.80475],[0.        0.0740798 0.        ... 0.        0.        0.       ],4,1,3,126
[0.27432412 0.25598988 0.07873335 ... 0.10655783 0.17641743 0.06212339],[304.80536 336.2274  295.2217  ... 320.1528  330.6705  282.86072],[330.67026 346.21622 305.3027  ... 331.8     340.32974 297.76758],[302.39935 316.14154 279.14523 ... 302.30606 310.45056 269.6571 ],[0. 0. 0. ... 0. 0. 0.],4,1,3,127
"[ 0.40959844  0.6042469   0.20639785 ... -0.03289569  0.22897983
  0.1989245 ]",[274.43652 405.64755 343.99008 ... 262.68616 319.20663 301.18033],[454.18228 562.5     470.75522 ... 405.03647 463.25    438.0104 ],[394.41364 502.64038 403.1987  ... 343.57593 401.57098 372.69028],[0.         0.         0.         ... 0.         0.02326991 0.        ],4,1,3,128
[0.01808939 0.09491438 0.34588653 ... 0.20685981 0.14824615 0.36966574],[236.06422 260.53683 322.12534 ... 302.6245  296.21536 311.24573],[257.53705 286.41357 354.60495 ... 339.04938 321.12344 340.5432 ],[228.64618 254.94069 324.98856 ... 309.43176 291.90643 309.9855 ],[0.        0.        0.        ... 0.        0.0279956 0.       ],4,1,3,129
"[ 0.09099513  0.14859204  0.18883641 ... -0.07659905  0.35760352
  0.06123023]",[288.92044 322.21884 323.0195  ... 260.05237 365.85077 277.65518],[342.21133 377.43814 384.69586 ... 330.31442 434.8299  339.76804],[299.81863 329.25937 339.14902 ... 280.19437 386.11456 290.3883 ],[0.         0.         0.         ... 0.03988292 0.         0.        ],4,1,3,130
[0.18420742 0.45117667 0.24129452 ... 0.01428961 0.0432895  0.05334928],[262.2871  307.37112 287.70807 ... 245.44675 254.09708 255.11066],[265.90298 316.69403 291.07462 ... 257.5224  259.16418 258.46268],[223.93303 272.45422 248.81172 ... 212.9526  216.20973 217.11095],[0. 0. 0. ... 0. 0. 0.],4,1,3,131
"[ 0.02088457  0.18888395  0.11627781 ...  0.10165682 -0.0078311
  0.20178607]",[378.83594 436.193   426.53058 ... 445.58224 401.7681  413.22772],[387.7104  443.77048 432.34973 ... 454.56284 412.08197 430.18033],[325.08862 377.25006 361.8792  ... 384.45096 340.76553 360.52942],[0.         0.         0.         ... 0.         0.02753982 0.        ],4,1,3,132
"[ 0.2806609  -0.05099485  0.31976888 ...  0.25494653  0.14142996
  0.38812587]",[289.11154 282.0124  374.0366  ... 322.31784 324.84903 357.50616],[369.15427 344.82446 443.90427 ... 418.9415  394.70746 446.3351 ],[303.9232  276.59125 373.76337 ... 352.0845  320.25546 378.6345 ],[0.         0.03672034 0.         ... 0.         0.03248213 0.        ],4,1,3,133
[0.2107213  0.04761603 0.32289344 ... 0.39735034 0.2109555  0.23815855],[303.55997 293.42432 360.0289  ... 373.50873 316.9497  332.4095 ],[330.42856 327.18878 396.2449  ... 407.48468 359.90817 357.93878],[277.81042 273.57907 340.07135 ... 348.36703 301.97623 307.21594],[0. 0. 0. ... 0. 0. 0.],4,1,3,134
[0.32217807 0.34825832 0.36716205 ... 0.17665347 0.4230447  0.17836139],[261.5176  263.99756 273.76837 ... 256.731   287.9197  230.15742],[416.98935 430.5585  441.97873 ... 381.15427 428.79788 357.02658],[389.51184 396.49588 409.34    ... 350.97852 398.18503 326.0939 ],[0.         0.         0.         ... 0.05012944 0.         0.        ],4,1,3,135
[0.18811661 0.         0.12823865 ... 0.12140147 0.25318256 0.        ],[269.36044 242.45331 276.62463 ... 286.77417 288.2959  225.73787],[335.21622 305.83243 341.2054  ... 341.56216 360.3838  288.0973 ],[292.41965 262.2698  298.244   ... 294.38202 313.72336 242.50565],[0.         0.         0.         ... 0.02412279 0.         0.        ],4,1,3,136
[0.25021684 0.44100717 0.12012382 ... 0.0695261  0.0221839  0.16596489],[247.40808 322.79318 282.58292 ... 271.03033 260.3004  270.02975],[307.73846 392.8923  340.2923  ... 331.12308 318.76923 327.96155],[281.6762  365.85    311.7697  ... 302.4917  290.37335 300.30536],[0. 0. 0. ... 0. 0. 0.],4,1,3,137
[0.31162417 0.3790495  0.10311969 ... 0.3053816  0.23993991 0.01635775],[332.46753 352.1948  314.16232 ... 348.0779  331.2013  281.013  ],[332.46753 352.1948  314.16232 ... 348.0779  331.2013  281.013  ],[280.05487 302.88016 263.66187 ... 293.60522 277.4147  229.5349 ],[0. 0. 0. ... 0. 0. 0.],4,1,3,138
[0.15406731 0.23407912 0.         ... 0.07269178 0.02110864 0.00468954],[273.6307  296.1463  263.42392 ... 284.0397  272.59515 254.53421],[290.56668 326.16666 286.16666 ... 306.85333 290.09332 275.71335],[264.75757 298.20786 258.4484  ... 278.05362 260.31137 248.81114],[0. 0. 0. ... 0. 0. 0.],4,1,3,139
[0.2299004  0.10343667 0.07055751 ... 0.1753279  0.0606738  0.12956378],[216.8126  201.68059 211.43794 ... 242.82658 212.37009 223.76392],[270.1384  259.9375  262.3884  ... 292.94196 266.01785 274.5982 ],[242.25269 232.96474 233.1984  ... 266.42184 238.78572 246.70982],[0. 0. 0. ... 0. 0. 0.],4,1,3,140
"[ 0.01115895  0.22011498 -0.00331545 ...  0.14312954  0.1295831
  0.45667848]",[262.93234 306.4177  252.62573 ... 322.17386 308.36255 342.16992],[357.10568 414.4309  358.3008  ... 446.03253 427.5691  479.90244],[299.2154  358.451   301.3578  ... 389.99225 371.5684  424.07138],[0.         0.         0.0279124  ... 0.         0.05803787 0.        ],4,1,3,141
[0.0779777  0.         0.23426786 ... 0.         0.         0.1795196 ],[309.48126 306.59598 355.29196 ... 317.929   303.9136  341.00845],[336.3242  329.07693 382.52197 ... 341.41757 328.0989  371.42307],[306.6543  293.66736 353.68576 ... 308.69208 296.5551  336.4189 ],[0.         0.03274631 0.         ... 0.         0.02648176 0.        ],4,1,3,142
[0.38650343 0.45950854 0.23671791 ... 0.20189041 0.47782332 0.        ],[295.75995 312.00714 275.30038 ... 288.67032 319.30807 228.46481],[394.87292 432.93924 383.5083  ... 379.77347 427.34253 301.6851 ],[362.60864 398.19217 345.99005 ... 345.3847  393.15503 266.81204],[0.         0.         0.         ... 0.05557063 0.         0.        ],4,1,3,143
"[ 0.31348094 -0.04288246  0.16970342 ...  0.0650178   0.41364914
  0.14616174]",[366.55856 291.1495  356.09164 ... 348.3312  411.41656 363.43344],[426.76163 360.90115 420.23837 ... 418.02908 493.88953 415.77325],[367.73248 295.60724 352.78748 ... 349.27396 424.62646 349.386  ],[0.         0.         0.04451592 ... 0.02707765 0.         0.        ],4,1,3,144
"[ 0.41999334  0.62446904  0.42559618 ...  0.13805412 -0.06216657
  0.19409057]",[289.91425 296.19342 286.85638 ... 267.9234  220.05075 240.1978 ],[377.88113 420.05594 394.2238  ... 354.2028  303.06293 346.83215],[346.37204 390.9481  363.8225  ... 323.1956  270.9636  315.5767 ],[0. 0. 0. ... 0. 0. 0.],4,1,3,145
"[ 0.22103678  0.05807327  0.21649754 ... -0.07710192  0.37706292
  0.03856257]",[284.67783 253.963   289.6455  ... 234.68535 316.48962 230.14305],[341.7801  307.06284 345.5864  ... 294.08377 387.07852 297.18848],[298.36365 264.11444 302.65082 ... 247.28175 340.80087 251.86502],[0.         0.         0.03238552 ... 0.02656536 0.         0.        ],4,1,3,146
[0.         0.2705238  0.24891163 ... 0.19116463 0.1594988  0.20885558],[273.37564 363.6901  386.219   ... 422.84464 402.49387 412.20023],[311.19116 404.67157 435.14706 ... 463.04413 446.69608 458.2402 ],[245.3148  336.17404 358.87836 ... 386.67227 376.89633 383.42447],[0. 0. 0. ... 0. 0. 0.],4,1,3,147
[0.235582   0.05075644 0.30453983 ... 0.         0.17693259 0.08927631],[115.55889   89.08864  131.91945  ...  84.949135 109.82702   92.344406],[296.7268  261.69586 318.24744 ... 260.38144 279.93814 259.13403],[287.1072  251.59743 308.29187 ... 250.29248 270.7101  249.67978],[0.         0.         0.         ... 0.02621129 0.         0.        ],4,1,3,148
"[ 0.51686233  0.          0.09300964 ... -0.08021903  0.08985372
  0.06797631]",[344.30145 246.26772 269.25327 ... 229.39992 259.21295 253.6657 ],[398.69232 294.66153 325.94873 ... 284.55383 321.52307 301.69745],[356.85925 252.64172 281.9414  ... 242.7696  277.05118 255.18156],[0. 0. 0. ... 0. 0. 0.],4,1,3,149
"[ 0.29899192 -0.02378596  0.04849486 ...  0.00234624  0.06048316
  0.21874705]",[345.22726 297.54544 313.18182 ... 325.60388 319.73376 340.0065 ],[345.22726 297.54544 313.18182 ... 325.60388 319.73376 340.0065 ],[290.09332 241.84935 259.71463 ... 267.33636 260.06293 284.27454],[0. 0. 0. ... 0. 0. 0.],4,1,3,150
[0.06794088 0.10951282 0.3397413  ... 0.45720884 0.29790205 0.2977714 ],[249.87753 271.5419  335.42062 ... 353.71878 310.03696 300.7518 ],[294.39883 315.95377 382.31213 ... 410.48553 359.62427 340.57803],[266.18884 288.58087 353.6565  ... 380.8551  329.80573 313.63324],[0. 0. 0. ... 0. 0. 0.],4,1,3,151
"[ 0.2154377   0.10050061 -0.01090053 ...  0.03426664  0.02629991
  0.1515807 ]",[273.07538 253.30743 247.51271 ... 253.75594 253.44043 262.76898],[300.0407  282.49417 269.22092 ... 287.65115 285.25    288.06396],[277.17816 259.9778  245.90564 ... 264.1383  261.77344 264.21487],[0. 0. 0. ... 0. 0. 0.],4,1,3,152
[0.20894773 0.24702697 0.09572474 ... 0.2786225  0.12607606 0.07568857],[260.32504 299.4686  272.4135  ... 311.32904 263.2188  256.39136],[359.26904 404.67514 376.00507 ... 431.90863 379.8325  362.37054],[316.72015 357.4109  328.71075 ... 382.45877 330.13416 311.90836],[0. 0. 0. ... 0. 0. 0.],4,1,3,153
[0.277813   0.         0.04260915 ... 0.2311805  0.36277452 0.30407974],[305.50162 273.89166 291.51166 ... 316.5748  337.7471  291.91888],[325.36047 286.06976 306.27325 ... 344.43024 364.28488 317.52908],[285.13766 245.3275  259.97458 ... 302.39627 321.85754 275.57233],[0.         0.         0.         ... 0.03488983 0.         0.        ],4,1,3,154
"[ 0.30597767  0.23439771 -0.07653096 ...  0.21986543  0.0141969
  0.01940398]",[307.27246 308.61044 254.05397 ... 344.7692  292.3913  277.08142],[326.67606 321.69016 273.15494 ... 359.9859  305.2676  293.64084],[270.7706  269.08356 217.246   ... 302.02084 249.61258 238.27097],[0. 0. 0. ... 0. 0. 0.],4,1,3,155
[0.23205642 0.         0.10483183 ... 0.         0.11507769 0.1749968 ],[378.44064 315.81036 356.61206 ... 342.8415  373.8035  359.12408],[387.14285 330.23376 373.      ... 362.      382.05194 372.88962],[324.3562  271.73892 308.02878 ... 295.02148 316.50256 307.7766 ],[0. 0. 0. ... 0. 0. 0.],4,1,3,156
[0.09106952 0.0195029  0.30579144 ... 0.06359601 0.35305333 0.14821407],[212.58598 176.05055 242.69377 ... 228.26965 253.49666 217.48567],[319.53247 304.96753 372.86365 ... 333.0779  382.87012 336.35065],[280.5212  267.35165 332.8081  ... 291.32135 344.03192 295.64297],[0.         0.02422904 0.         ... 0.04079371 0.         0.        ],4,1,3,157
"[ 0.39427504  0.18602705  0.20163052 ...  0.34127238 -0.02410669
  0.17019145]",[268.28168 295.61838 304.6143  ... 335.3225  266.23123 276.5323 ],[434.5036  408.23022 430.2446  ... 507.1151  367.07913 416.02158],[391.61832 361.38675 380.94278 ... 459.25073 319.35922 368.31073],[0. 0. 0. ... 0. 0. 0.],4,1,3,158
[0.10894389 0.1818486  0.13887033 ... 0.         0.         0.17227028],[330.6907  350.05124 360.0151  ... 330.9881  335.36835 344.03345],[354.98438 376.8854  384.45834 ... 358.50522 353.8125  381.09897],[308.61667 330.4363  336.28146 ... 306.394   303.7153  329.1147 ],[0. 0. 0. ... 0. 0. 0.],4,1,3,159
[0.20952177 0.04828316 0.05303567 ... 0.21719794 0.00931749 0.39699298],[272.11563 264.09567 253.3501  ... 306.65656 247.63776 305.85663],[351.6054  329.9027  332.56757 ... 381.0865  308.77838 376.03244],[321.06622 299.94794 304.60672 ... 350.26923 279.96783 348.30093],[0.         0.         0.         ... 0.         0.04514092 0.        ],4,1,3,160
[0.25572547 0.08514672 0.13185763 ... 0.2206373  0.11085424 0.18451548],[296.0485  293.23535 320.41602 ... 366.44037 338.7051  351.08383],[307.0263  304.22632 327.35263 ... 382.82632 349.5579  364.07895],[250.20029 246.38283 270.38098 ... 321.90436 291.9204  307.291  ],[0. 0. 0. ... 0. 0. 0.],4,1,3,161
[0.05469313 0.12746382 0.18228085 ... 0.06248336 0.19869523 0.3640972 ],[269.25052 295.36914 323.19962 ... 288.36548 310.87646 332.25525],[295.50458 323.01376 343.9908  ... 314.2844  338.33487 353.33945],[248.71106 277.32904 295.81378 ... 263.7733  290.06226 306.37283],[0.         0.         0.         ... 0.         0.04820618 0.        ],4,1,3,162
[0.07908137 0.05943764 0.01971427 ... 0.06853832 0.14521697 0.11035074],[241.62457 235.47127 242.04405 ... 242.1451  260.359   250.20494],[291.75696 298.7291  297.32272 ... 299.83664 314.41833 299.85657],[256.9054  262.97763 260.74768 ... 263.91754 276.18295 265.29248],[0. 0. 0. ... 0. 0. 0.],4,1,3,163
"[ 0.13143851  0.13303748  0.0605174  ... -0.00505554  0.11692616
  0.2410898 ]",[342.77536 357.23956 342.4275  ... 330.79547 373.59515 358.7257 ],[368.48215 383.90475 373.00595 ... 367.70834 399.27975 391.86905],[305.73346 322.26984 313.67432 ... 309.9088  339.6236  333.05923],[0.        0.        0.        ... 0.        0.0372358 0.       ],4,1,3,164
"[ 0.11912341  0.11369724  0.05298564 ... -0.03483664  0.05756366
  0.13499962]",[266.45892 276.83575 276.80676 ... 260.96136 272.37198 268.54108],[266.45892 276.83575 276.80676 ... 260.96136 272.37198 268.54108],[238.82799 248.75824 248.41516 ... 232.9139  244.10115 240.90169],[0.         0.         0.         ... 0.         0.01668806 0.        ],4,1,3,165
[0.33087912 0.16847628 0.39401546 ... 0.22099406 0.40591794 0.15903214],[408.37912 385.35815 441.8274  ... 399.91806 434.28296 358.6526 ],[447.4935  430.77924 488.2857  ... 454.9935  476.57144 407.51947],[350.53598 336.9384  395.8602  ... 358.1555  383.68167 312.8947 ],[0.         0.04425983 0.         ... 0.         0.         0.        ],4,1,3,166
[0.         0.06381081 0.10249199 ... 0.15676527 0.26691487 0.4427968 ],[285.47137 300.48566 330.96735 ... 357.6164  367.32477 377.1015 ],[305.97974 323.5743  346.69595 ... 380.3581  390.75674 408.0946 ],[271.94272 289.87323 316.49075 ... 344.23273 360.74463 373.87384],[0.         0.         0.05414305 ... 0.         0.06707034 0.        ],4,1,3,167
[0.4673498  0.08394193 0.09114448 ... 0.05047316 0.20742705 0.25127476],[225.92017 192.63008 192.11086 ... 202.12422 224.57437 219.34651],[354.3129  319.04907 334.8589  ... 347.00613 371.7178  339.8589 ],[332.71094 296.9726  313.3175  ... 324.5086  349.34543 318.79358],[0.         0.         0.         ... 0.         0.02656302 0.        ],4,1,3,168
"[ 0.3024608   0.2715317   0.14165442 ... -0.11072126  0.04444654
  0.1877727 ]",[335.3593  350.7587  349.29312 ... 294.01276 331.2703  325.04044],[369.40253 396.03143 379.55975 ... 331.95596 359.48428 362.2516 ],[303.1271  335.82104 309.58133 ... 260.66974 291.21698 298.0512 ],[0.         0.         0.         ... 0.         0.03158927 0.        ],4,1,3,169
[0.21404043 0.09609259 0.19082917 ... 0.13769679 0.02185268 0.11025506],[182.40709 198.2156  196.57277 ... 194.04767 181.15923 183.0017 ],[291.27908 303.80234 324.86627 ... 320.81396 296.19766 288.8256 ],[252.90907 263.40158 283.24615 ... 279.3162  254.67923 250.21399],[0. 0. 0. ... 0. 0. 0.],4,1,3,170
[0.         0.03937729 0.1251839  ... 0.00658197 0.2681306  0.26867056],[206.00085 198.4161  225.40663 ... 233.65657 267.84604 248.91586],[261.9542  272.99237 292.15268 ... 309.33588 359.5267  322.     ],[221.0625  231.39735 251.44023 ... 264.73663 315.1265  282.8832 ],[0.         0.03015261 0.         ... 0.05106989 0.         0.        ],4,1,3,171
[0.01688664 0.02980628 0.1932066  ... 0.44302428 0.1822855  0.2252357 ],[246.73999 259.59232 293.9359  ... 361.0819  303.7778  311.41745],[262.92654 278.2599  310.36157 ... 379.40112 325.64407 326.83615],[227.5611  240.02322 273.71252 ... 343.8104  287.35    290.6391 ],[0. 0. 0. ... 0. 0. 0.],4,1,3,172
"[ 0.31290585 -0.08712616  0.19021724 ...  0.32523167  0.21181023
  0.15605424]",[305.28842 276.54886 322.7933  ... 379.27545 332.5531  281.89008],[370.30573 320.2739  387.77707 ... 439.01273 384.10828 345.7516 ],[299.25504 251.34729 311.68567 ... 362.76846 306.97998 274.67044],[0.         0.         0.03319368 ... 0.         0.         0.        ],4,1,3,173
"[ 0.1534246   0.          0.16255823 ... -0.03600532  0.16273315
  0.        ]",[331.13287 310.43903 348.10562 ... 318.01843 346.42618 286.97153],[392.7647  358.48663 401.04813 ... 368.64706 409.26202 347.28876],[337.69986 301.56235 343.8602  ... 312.3452  351.0484  294.93658],[0.         0.         0.02369549 ... 0.         0.         0.        ],4,1,3,174
"[ 0.11448836  0.01695667  0.08828682 ...  0.09494784 -0.02663164
  0.07289385]",[227.60704 212.21022 217.62271 ... 241.41748 215.66687 231.46   ],[267.64163 254.30637 269.75143 ... 286.74567 258.4451  269.13873],[220.58865 207.41519 220.93839 ... 239.03044 212.07451 222.91452],[0. 0. 0. ... 0. 0. 0.],4,1,3,175
"[ 0.          0.0414327  -0.02682095 ...  0.15709676  0.16642128
  0.34565938]",[237.47292 256.2969  245.88991 ... 291.85074 302.55453 305.56732],[298.0269  311.71506 317.08066 ... 366.58066 365.08066 381.5    ],[253.11151 267.46585 269.3261  ... 315.4039  316.13577 334.35953],[0.         0.         0.         ... 0.         0.03425549 0.        ],4,1,3,176
"[ 0.0675229   0.13300057  0.08379202 ... -0.04637029  0.00676853
  0.2182254 ]",[244.44446 224.54512 198.42471 ... 204.3009  207.19313 246.10484],[381.1182  397.58182 387.88635 ... 356.11365 358.7409  387.07727],[326.1353  343.69995 331.04388 ... 294.6474  301.25848 326.32742],[0.         0.         0.         ... 0.         0.02543176 0.        ],4,1,3,177
[0.16338731 0.0804762  0.09255609 ... 0.18865661 0.02387311 0.11674613],[278.9222  286.70914 290.99652 ... 343.9389  294.18964 294.31522],[329.6621  322.25113 348.85388 ... 390.10046 341.71234 332.10046],[293.14053 289.2322  311.14258 ... 353.3197  302.9533  297.21115],[0. 0. 0. ... 0. 0. 0.],4,1,3,178
"[ 0.22198132  0.14609557 -0.09493981 ...  0.02672441  0.01705068
  0.19793744]",[277.70602 266.50555 238.0548  ... 270.56015 268.178   304.52762],[303.66217 292.02704 260.25    ... 299.0473  289.4054  322.5811 ],[285.1638  272.51144 242.88867 ... 278.53677 269.59558 303.1303 ],[0.         0.         0.         ... 0.         0.02396841 0.        ],4,1,3,179
[0.07952807 0.06225938 0.1133553  ... 0.24001428 0.18073238 0.05419407],[255.88812 254.87447 294.2846  ... 359.94937 336.1353  296.06635],[316.6368  343.06964 359.29352 ... 425.0796  406.39304 364.84576],[288.41556 316.78735 330.58582 ... 394.6537  375.73727 336.37735],[0. 0. 0. ... 0. 0. 0.],4,1,3,180
[0.08670114 0.2036974  0.2360764  ... 0.7948793  0.5600416  0.43248898],[240.54135 263.37595 284.86465 ... 415.0451  368.70676 330.9699 ],[240.54135 263.37595 284.86465 ... 415.0451  368.70676 330.9699 ],[213.03804 236.07594 258.16156 ... 387.90012 340.41458 304.46832],[0. 0. 0. ... 0. 0. 0.],4,1,3,181
[0.5691892  0.5556664  0.43310213 ... 0.10854793 0.10967369 0.31840226],[229.9867  231.0474  226.08806 ... 193.65842 178.70094 178.97444],[373.81097 373.59756 357.81708 ... 292.32925 286.7866  303.62195],[345.93976 345.31784 328.68924 ... 264.90088 256.8382  276.06885],[0.         0.         0.         ... 0.         0.02704427 0.        ],4,1,3,182
[0.100656   0.17359717 0.         ... 0.2655149  0.10133629 0.04356461],[237.89053 289.73663 257.33826 ... 334.53192 304.43912 274.48825],[273.68478 320.73914 292.70108 ... 375.86957 338.20108 311.0163 ],[234.42786 281.29224 252.7341  ... 335.36325 295.89084 271.97745],[0. 0. 0. ... 0. 0. 0.],4,1,3,183
[0.34514248 0.18567963 0.18750265 ... 0.11527497 0.02292537 0.06288614],[236.68245 216.99457 242.0444  ... 224.40495 188.49867 186.43083],[382.64252 365.96136 371.86475 ... 351.55554 316.0338  310.16907],[329.49594 311.10068 312.9985  ... 291.6432  258.36325 249.80598],[0. 0. 0. ... 0. 0. 0.],4,1,3,184
[0.17599179 0.04430889 0.29316196 ... 0.05389748 0.52848107 0.32215562],[257.20602 269.64447 333.7395  ... 266.90576 359.0227  284.6686 ],[285.08804 287.84277 360.8176  ... 302.44025 392.33334 317.11322],[254.92166 255.17352 325.95197 ... 268.6889  359.03036 284.30026],[0.         0.         0.         ... 0.08298381 0.         0.        ],4,1,3,185
[0.01708678 0.00928693 0.12308615 ... 0.19808826 0.3064108  0.19904546],[280.94485 284.2174  309.74646 ... 324.39966 338.9107  311.57904],[285.4491  288.7126  317.77844 ... 331.6587  343.40118 316.1497 ],[250.01584 253.66145 280.5001  ... 296.38193 305.83096 278.12177],[0. 0. 0. ... 0. 0. 0.],4,1,3,186
[0.         0.13316359 0.48788786 ... 0.07709339 0.26652893 0.17413375],[266.0796  301.0348  388.64374 ... 306.316   329.58224 305.42276],[269.38797 303.00546 394.36612 ... 311.8579  331.73224 308.57376],[215.68642 248.21574 339.88446 ... 258.93817 275.96378 254.46977],[0.         0.05712023 0.         ... 0.         0.         0.        ],4,1,3,187
[0.5093352  0.18370782 0.14496733 ... 0.25590405 0.07606843 0.00565034],[484.58292 405.05026 422.56784 ... 484.20602 422.5226  399.60303],[484.58292 405.05026 422.56784 ... 484.20602 422.5226  399.60303],[439.7646  359.76837 371.179   ... 433.6294  375.96683 353.03543],[0. 0. 0. ... 0. 0. 0.],4,1,3,188
"[ 0.3030472   0.11431966 -0.06405064 ... -0.0060945   0.29155874
  0.17518105]",[224.76642 250.44012 203.63115 ... 208.38889 252.15657 221.22372],[323.73914 322.68323 282.60248 ... 293.21118 350.3851  295.98135],[295.0403  291.6062  253.84181 ... 263.00012 318.08813 265.48703],[0.         0.         0.         ... 0.04537307 0.         0.        ],4,1,3,189
[0.259299   0.         0.01451437 ... 0.17682263 0.29403055 0.12058438],[296.65765 228.02913 246.78244 ... 320.2856  335.70456 305.71066],[447.23334 395.82    406.59332 ... 494.23334 515.9133  457.06   ],[395.0305  342.29852 350.9367  ... 437.46634 456.45035 399.05392],[0.         0.         0.02264593 ... 0.         0.         0.        ],4,1,3,190
[0.2607677  0.18349525 0.35806322 ... 0.37871283 0.13412032 0.27246085],[324.40543 315.43713 356.53882 ... 387.4676  326.8037  351.20795],[325.58218 316.58905 359.61642 ... 388.58905 327.97946 355.00684],[293.48337 285.46997 327.22968 ... 354.9975  295.03632 324.0927 ],[0. 0. 0. ... 0. 0. 0.],4,1,3,191
[0.17745455 0.21039027 0.         ... 0.21030872 0.         0.28976205],[242.19131 248.73859 207.56212 ... 225.34013 213.71777 239.57472],[323.35443 338.63925 299.96204 ... 339.3038  286.4304  345.28482],[284.22583 300.9356  257.022   ... 299.62085 244.30815 303.46402],[0.        0.        0.        ... 0.        0.0402504 0.       ],4,1,3,192
[0.23657408 0.30339015 0.2710202  ... 0.30777577 0.17098486 0.3113381 ],[310.70822 341.66006 332.0543  ... 334.91428 306.18402 329.61584],[331.14917 354.9116  354.48065 ... 349.5083  318.43094 345.83978],[305.15    326.8569  326.54507 ... 321.49756 288.5274  318.45078],[0. 0. 0. ... 0. 0. 0.],4,1,3,193
"[ 0.54357475  0.43099037  0.23740199 ...  0.20582311 -0.13682781
  0.36337593]",[407.93436 398.40057 372.2407  ... 399.3972  312.05652 383.9976 ],[414.19632 400.1902  376.49692 ... 401.88342 314.48465 388.26993],[364.63614 353.9065  324.07806 ... 352.1345  265.3355  336.6159 ],[0.         0.         0.         ... 0.         0.05848737 0.        ],4,1,3,194
[0.31568757 0.07359115 0.00647667 ... 0.07132062 0.01676004 0.20857015],[369.0054  334.82703 326.34595 ... 344.21082 333.58377 372.3081 ],[369.0054  334.82703 326.34595 ... 344.21082 333.58377 372.3081 ],[315.39743 276.77817 265.16153 ... 286.98126 273.81113 315.09595],[0.         0.         0.03183968 ... 0.         0.         0.        ],4,1,3,195
[0.5368798  0.67174304 0.4691474  ... 0.07161519 0.0709428  0.00924998],[381.95596 444.73346 409.9601  ... 301.6316  301.7341  278.16898],[440.1559  504.42474 466.51614 ... 359.24194 351.28494 331.19354],[405.02008 466.5169  423.46484 ... 317.9392  313.9324  292.48865],[0. 0. 0. ... 0. 0. 0.],4,1,3,196
"[ 0.45852542  0.21013051 -0.1157613  ...  0.13192193  0.08639707
  0.13089052]",[434.3171  405.37292 327.54193 ... 401.26962 367.8519  352.87903],[472.9461  432.78442 349.9102  ... 434.23953 405.71857 384.8024 ],[438.76926 400.42627 312.2992  ... 393.4618  365.14026 347.41232],[0. 0. 0. ... 0. 0. 0.],4,1,3,197
[0.16898665 0.21251577 0.18741357 ... 0.06409567 0.15973885 0.        ],[297.09573 321.01596 322.40427 ... 316.90427 324.5851  276.35107],[297.09573 321.01596 322.40427 ... 316.90427 324.5851  276.35107],[250.722   275.17944 271.53348 ... 264.78632 272.39865 227.7685 ],[0. 0. 0. ... 0. 0. 0.],4,1,3,198
[0.5587328  0.20584898 0.26503465 ... 0.10566127 0.2837014  0.        ],[408.08792 391.9698  445.8102  ... 412.4116  455.18182 347.46863],[460.94446 428.32715 472.3642  ... 461.31482 503.33334 375.1605 ],[380.24457 345.62756 386.82053 ... 375.06412 416.551   282.9748 ],[0. 0. 0. ... 0. 0. 0.],4,1,3,199
"[ 0.21526049 -0.00902711  0.19525386 ...  0.13622288  0.19693786
  0.        ]",[315.59482 251.19325 322.6816  ... 314.69537 305.889   226.09338],[365.14362 313.79254 366.1117  ... 372.82446 368.0851  264.6649 ],[338.59155 289.6182  341.96667 ... 347.1472  340.1469  238.55334],[0. 0. 0. ... 0. 0. 0.],4,1,3,200
"[ 0.49557152  0.08259846 -0.03921242 ... -0.00883335  0.06603135
  0.47221783]",[294.6998  232.71806 226.84727 ... 266.74603 267.48898 305.54932],[319.49548 263.9009  255.8018  ... 288.44144 298.0901  337.02704],[295.81042 243.40419 232.87613 ... 262.19876 273.93726 313.77448],[0.         0.         0.         ... 0.         0.06873265 0.        ],4,1,3,201
"[ 0.00382477  0.05481603  0.06525344 ... -0.08614919  0.17396033
  0.33335748]",[230.54149 249.39812 248.2741  ... 212.65468 244.27678 256.35675],[306.8155  324.      327.55356 ... 292.4345  342.39285 365.9881 ],[290.26358 306.7896  309.6351  ... 271.4001  323.0169  346.60126],[0.         0.         0.01829486 ... 0.         0.05355592 0.        ],4,1,3,202
"[ 0.17757453  0.12885381  0.13381004 ... -0.08322766  0.17910545
  0.11425209]",[233.37334 244.944   254.81847 ... 232.77888 259.53656 242.12273],[350.14053 341.85947 360.2865  ... 327.04865 370.05405 339.4108 ],[311.01328 303.33228 320.02844 ... 283.4978  326.48193 298.001  ],[0.         0.         0.         ... 0.02512298 0.         0.        ],4,1,3,203
"[ 0.736052    0.3432844  -0.18178596 ... -0.12929899  0.
  0.1838977 ]",[386.5819  345.63278 263.2599  ... 282.56497 310.34464 315.61017],[386.5819  345.63278 263.2599  ... 282.56497 310.34464 315.61017],[328.38007 287.369   204.14409 ... 224.51869 251.30298 257.97305],[0. 0. 0. ... 0. 0. 0.],4,1,3,204
[0.32816678 0.21159673 0.37944084 ... 0.07409704 0.3720859  0.56826943],[402.91986 390.67667 454.10947 ... 360.39746 435.67398 465.63126],[431.52448 439.42657 507.67133 ... 421.25174 497.7832  527.7482 ],[372.65805 381.6464  451.738   ... 362.61826 434.45175 472.14603],[0.         0.         0.         ... 0.         0.05933797 0.        ],4,1,3,205
"[ 0.2709082   0.21650226  0.05963449 ... -0.07309592  0.21561709
  0.18051873]",[229.64409 207.71054 166.05672 ... 197.01906 216.52592 224.28717],[387.29507 378.2896  347.03824 ... 323.73224 382.89618 367.62842],[338.37177 332.0303  300.06168 ... 275.12537 337.50735 317.9354 ],[0.         0.         0.         ... 0.03941257 0.         0.        ],4,1,3,206
"[ 0.17655012  0.03761453 -0.00970802 ...  0.27757037  0.19380878
  0.2597123 ]",[267.76004 249.1624  245.14389 ... 303.22186 277.7218  277.3319 ],[282.6178  266.41885 260.46072 ... 320.28796 298.00525 291.6492 ],[239.8233  221.40671 217.84834 ... 277.7208  254.66711 249.48128],[0. 0. 0. ... 0. 0. 0.],4,1,3,207
[0.3228286  0.03150392 0.358912   ... 0.1598223  0.33985105 0.08897651],[343.71243 331.35574 396.75598 ... 383.79407 414.13074 345.13013],[364.56885 348.4611  411.72455 ... 401.5928  432.40118 372.1018 ],[274.86624 253.68204 320.26358 ... 300.86868 337.78632 278.15918],[0.         0.04730165 0.         ... 0.046265   0.         0.        ],4,1,3,208
"[ 0.11973508  0.245905    0.00711647 ...  0.09274321 -0.03409895
  0.23823404]",[244.88708 267.35458 230.2282  ... 261.57187 219.10855 242.84067],[324.06747 351.0368  305.15338 ... 339.07974 297.57056 338.95706],[279.79526 308.69046 259.40375 ... 295.6533  254.62782 297.9178 ],[0.         0.         0.         ... 0.         0.02863256 0.        ],4,1,3,209
"[ 0.16608678  0.07351958  0.16446297 ... -0.03025522 -0.11015477
  0.33289963]",[280.3396  263.33713 281.6572  ... 280.38443 257.27274 302.62946],[319.1228  306.18713 328.2924  ... 317.66083 291.25732 347.10526],[269.47165 254.8991  282.07114 ... 266.02646 238.08823 297.0833 ],[0.         0.         0.         ... 0.         0.04904464 0.        ],4,1,3,210
[0.17187531 0.30457434 0.00274113 ... 0.2894182  0.         0.3635844 ],[376.44287 415.57584 359.9207  ... 439.08234 371.82666 441.27533],[430.625   489.17105 403.67764 ... 499.8092  412.53946 486.41446],[381.56055 432.97607 349.55353 ... 444.54498 356.0421  432.48694],[0.         0.         0.         ... 0.         0.03756672 0.        ],4,1,3,211
[0.64262956 0.3445796  0.         ... 0.         0.11059677 0.2625776 ],[236.04832 237.34547 189.4292  ... 201.919   196.80959 198.44667],[416.26813 386.97827 319.77536 ... 358.7029  375.88406 370.67392],[371.75424 340.7222  274.1055  ... 308.40326 329.29364 323.40656],[0.         0.         0.         ... 0.         0.04115406 0.        ],4,1,3,212
"[ 0.2219449   0.11799913  0.02451488 ... -0.00087298 -0.11136717
  0.3595152 ]",[301.3856  276.2736  273.55026 ... 264.78934 240.1236  312.37613],[327.8254  313.92593 306.8836  ... 292.7725  266.26456 338.38623],[281.189   269.4632  259.69568 ... 244.04422 218.46135 291.4263 ],[0.         0.         0.         ... 0.         0.05814142 0.        ],4,1,3,213
[0.6403817  0.4951117  0.56707937 ... 0.01930223 0.24910527 0.22316425],[384.42938 373.8683  387.43265 ... 277.62567 301.96973 281.26093],[407.3364  383.30875 401.50693 ... 292.99078 315.08755 291.79724],[345.77316 325.4559  341.68045 ... 234.45195 253.86789 234.40646],[0.         0.         0.         ... 0.03534981 0.         0.        ],4,1,3,214
[0.18372549 0.16062587 0.10109732 ... 0.27309528 0.26535425 0.338096  ],[124.77329 153.26462 143.49097 ... 216.6273  200.27258 232.07669],[253.44444 286.54248 284.79086 ... 383.51633 363.51633 365.79086],[240.75279 274.46786 272.1198  ... 368.62134 350.21036 352.62985],[0. 0. 0. ... 0. 0. 0.],4,1,3,215
[0.3451904  0.20997794 0.08654553 ... 0.09334066 0.01333001 0.09399676],[415.02463 397.171   392.41177 ... 413.30844 392.7223  363.44638],[420.98193 398.23495 393.56024 ... 414.38553 393.8554  364.51205],[350.01187 326.26416 319.5066  ... 346.08133 318.83884 293.28537],[0. 0. 0. ... 0. 0. 0.],4,1,3,216
[0.04965436 0.12624526 0.20042782 ... 0.1101179  0.231667   0.10828068],[268.829   305.54056 324.2979  ... 294.7285  315.27753 284.90527],[308.9128  329.46667 349.4513  ... 326.      343.2359  313.51794],[267.93237 291.18365 310.26297 ... 285.6096  304.2569  274.68066],[0.         0.         0.         ... 0.03639827 0.         0.        ],4,1,3,217
[0.24367107 0.09181407 0.33599973 ... 0.21767214 0.04125154 0.20652169],[271.00858 260.3919  319.80136 ... 291.85788 280.76297 291.71057],[419.3506  407.55746 469.85632 ... 460.51724 408.31033 423.93677],[350.08118 335.52576 398.81027 ... 384.2278  331.4631  351.69138],[0. 0. 0. ... 0. 0. 0.],4,1,3,218
"[ 0.22172238  0.19571447 -0.07019881 ...  0.16119674  0.10519442
  0.07356068]",[290.41312 289.08597 242.00038 ... 255.96986 234.49544 225.32173],[310.7638  310.44882 267.2756  ... 277.063   254.50394 240.80315],[295.31085 294.49548 251.05167 ... 262.3422  238.42786 226.6808 ],[0. 0. 0. ... 0. 0. 0.],4,1,3,219
[0.25582594 0.13015914 0.02347012 ... 0.17112555 0.13452616 0.03992092],[255.47366 245.37468 236.34013 ... 249.09178 259.68466 225.12181],[370.97958 365.13605 353.64627 ... 399.02042 385.70068 320.7075 ],[329.42102 320.49115 309.82608 ... 355.99847 342.18576 275.81274],[0. 0. 0. ... 0. 0. 0.],4,1,3,220
[0.50094867 0.06358427 0.003593   ... 0.00360255 0.2512267  0.15270011],[309.3127  273.54724 248.17584 ... 242.98692 289.2954  251.29941],[389.5525  337.53592 325.76242 ... 320.0442  367.33148 319.96686],[353.45966 294.52722 282.1208  ... 278.04797 328.77106 282.67194],[0.         0.         0.         ... 0.03159927 0.         0.        ],4,1,3,221
[0.17082916 0.23354049 0.07603955 ... 0.16063073 0.14792778 0.16690359],[275.82184 292.23813 281.34128 ... 301.74878 272.47903 279.14853],[327.5409  342.42767 330.13208 ... 359.91196 328.08804 327.61636],[299.36536 314.05276 300.123   ... 327.81894 300.96585 301.29636],[0.         0.         0.         ... 0.02411729 0.         0.        ],4,1,3,222
[0.2631245  0.41662386 0.3468816  ... 0.06501368 0.09029209 0.        ],[372.25113 442.77    427.44006 ... 393.2217  367.30954 337.84412],[373.06848 445.94064 429.0274  ... 393.98172 371.44748 338.6484 ],[309.84695 374.60938 361.43585 ... 322.85187 305.61508 268.37552],[0. 0. 0. ... 0. 0. 0.],4,1,3,223
[0.10711337 0.09409555 0.09333128 ... 0.03662189 0.         0.09015211],[274.09384 280.3652  287.9172  ... 286.16238 270.11642 291.96478],[298.4421  304.84738 309.27896 ... 312.49475 290.98947 310.53683],[267.78195 271.21146 276.38638 ... 280.8992  259.4502  277.50064],[0. 0. 0. ... 0. 0. 0.],4,1,3,224
"[ 0.1314035   0.151177    0.08575185 ... -0.08614911  0.02794443
  0.11552027]",[285.80597 292.16928 290.79953 ... 272.3168  277.91702 289.40125],[330.58636 338.24545 336.62726 ... 311.29092 331.53183 331.9    ],[272.74054 282.2279  278.89706 ... 250.6529  271.68045 270.4746 ],[0. 0. 0. ... 0. 0. 0.],4,1,3,225
"[ 0.17245646  0.2729965   0.08806387 ...  0.14091079 -0.03578655
  0.08735353]",[188.78673 237.32193 186.46478 ... 226.60402 171.95824 190.79181],[335.84946 371.4301  339.75806 ... 363.09677 321.74194 334.2043 ],[283.96365 318.7752  283.79233 ... 310.55652 267.5513  277.295  ],[0. 0. 0. ... 0. 0. 0.],4,1,3,226
"[ 0.          0.16681182 -0.02126464 ... -0.03330118  0.18218789
  0.09629112]",[258.50287 299.28    268.69714 ... 283.51428 328.45715 300.1543 ],[258.50287 299.28    268.69714 ... 283.51428 328.45715 300.1543 ],[221.0355  262.72922 231.5274  ... 245.58669 286.43884 261.19177],[0.         0.         0.02603985 ... 0.         0.         0.        ],4,1,3,227
"[ 0.16209587  0.10146834 -0.06725673 ... -0.05766233  0.28008467
  0.15732208]",[325.70102 323.59277 308.61856 ... 320.5825  392.03607 342.82474],[325.70102 323.59277 308.61856 ... 320.5825  392.03607 342.82474],[251.90378 248.1702  231.79837 ... 246.43887 314.20203 266.17398],[0.         0.         0.         ... 0.03916701 0.         0.        ],4,1,3,228
"[ 0.44313276 -0.12827154  0.03114745 ...  0.0124649   0.08437447
  0.08878783]",[370.90128 294.5708  331.64377 ... 336.87982 332.4077  324.6867 ],[370.90128 294.5708  331.64377 ... 336.87982 332.4077  324.6867 ],[300.4026  224.80455 259.26703 ... 260.38312 259.22137 249.15997],[0. 0. 0. ... 0. 0. 0.],4,1,3,229
"[ 0.04523972 -0.03425535  0.01092715 ... -0.02121996  0.01663006
  0.18860191]",[288.48102 286.25317 295.15823 ... 284.71518 287.46204 319.75317],[288.48102 286.25317 295.15823 ... 284.71518 287.46204 319.75317],[251.2427  247.03123 258.1012  ... 241.15794 244.16917 281.5904 ],[0.         0.         0.02067969 ... 0.         0.02557525 0.        ],4,1,3,230
"[ 0.22209689  0.19174369  0.11241611 ... -0.05548841  0.05738945
  0.        ]",[322.7222  352.6798  346.71786 ... 320.02734 329.22675 297.09857],[342.93436 366.08585 363.83838 ... 335.30807 340.21213 313.03534],[283.39905 306.7741  301.47144 ... 269.34872 279.35995 249.00032],[0. 0. 0. ... 0. 0. 0.],4,1,3,231
[0.09394369 0.03119444 0.09655735 ... 0.6330356  0.03109187 0.40638822],[308.9232  314.74734 367.4067  ... 480.09985 343.8181  395.82104],[332.05383 351.02307 387.43076 ... 527.94617 366.94617 434.04614],[280.70483 300.11703 334.98492 ... 471.36295 309.59457 379.69302],[0. 0. 0. ... 0. 0. 0.],4,1,3,232
[0.24522687 0.600319   0.5044301  ... 0.06579057 0.17220546 0.29445812],[347.48874 417.68155 426.34702 ... 300.21994 318.48703 331.30637],[414.96793 509.10696 501.88235 ... 364.61496 382.31015 397.29413],[355.3902  451.21085 437.54993 ... 298.4983  316.3367  336.15628],[0.05583047 0.         0.         ... 0.         0.04252657 0.        ],4,1,3,233
"[1.6633072e-01 4.7078110e-02 2.6199603e-04 ... 1.2203508e-01 1.2965101e-01
 2.6496720e-01]",[331.5265  320.73428 315.94785 ... 341.8405  333.06012 329.10208],[333.6726  324.3512  318.2262  ... 344.05356 337.15475 331.35715],[277.26416 261.06125 258.50723 ... 278.92212 273.96994 271.14362],[0.         0.         0.02558425 ... 0.         0.         0.        ],4,1,3,234
[0.42396906 0.05001188 0.07107046 ... 0.02791571 0.08136775 0.        ],[330.49774 287.90872 316.76614 ... 324.8399  301.2917  280.07233],[371.72726 340.4485  354.51514 ... 372.84244 358.0788  315.16364],[311.03763 271.77444 284.31198 ... 305.933   290.0721  246.25882],[0. 0. 0. ... 0. 0. 0.],4,1,3,235
[0.34994283 0.13941859 0.18115084 ... 0.         0.350162   0.33815604],[392.5477  371.38068 380.4438  ... 349.3921  425.54398 398.6335 ],[405.36414 376.6413  388.3587  ... 358.10327 442.21738 421.09238],[349.02368 314.21072 324.8366  ... 300.71777 381.52225 366.1407 ],[0.         0.         0.         ... 0.06222313 0.         0.        ],4,1,3,236
[0.15879679 0.0127291  0.16755636 ... 0.3158226  0.2745627  0.3006511 ],[261.33908 235.46329 277.36353 ... 302.45682 291.75726 286.16977],[282.8941  268.7353  308.4     ... 338.69412 321.95294 313.7    ],[263.48117 251.54227 290.36908 ... 319.79776 303.3097  295.6633 ],[0. 0. 0. ... 0. 0. 0.],4,1,3,237
[0.11679359 0.06439826 0.0327171  ... 0.25004154 0.1862198  0.27468106],[303.10687 307.68204 307.45285 ... 321.08212 306.77838 318.90826],[305.11697 309.94736 309.69006 ... 326.83624 310.65497 322.64328],[254.29405 257.24564 257.3053  ... 276.21497 261.48752 276.833  ],[0. 0. 0. ... 0. 0. 0.],4,1,3,238
[0.03364583 0.06453134 0.02665099 ... 0.10174123 0.20764858 0.        ],[257.87692 263.88718 259.13846 ... 281.61026 301.1949  254.40512],[257.87692 263.88718 259.13846 ... 281.61026 301.1949  254.40512],[221.06982 227.03603 221.07317 ... 244.81804 263.89444 219.48029],[0. 0. 0. ... 0. 0. 0.],4,1,3,239
[0.21904567 0.3193032  0.20211807 ... 0.00852432 0.20310228 0.5614486 ],[336.52832 357.30173 351.29462 ... 319.3399  350.75116 359.58582],[348.61267 384.40845 364.4859  ... 342.0493  369.4014  373.9014 ],[284.07828 315.94232 297.07697 ... 275.22433 295.32266 309.76898],[0.         0.         0.         ... 0.         0.07768698 0.        ],4,1,3,240
"[ 0.41369355 -0.06331213  0.23955497 ...  0.03856237  0.17072086
  0.230991  ]",[250.64473 183.64745 230.5901  ... 212.26501 217.41595 215.61218],[396.9643  308.02975 386.15475 ... 347.36905 348.4881  349.9524 ],[355.05426 266.9927  339.53696 ... 304.90042 307.52988 308.8758 ],[0.         0.         0.03099373 ... 0.04013431 0.         0.        ],4,1,3,241
[0.07918297 0.2831268  0.22435927 ... 0.00586987 0.16444027 0.21364602],[242.5251  292.4901  300.04666 ... 244.25253 281.19864 264.3935 ],[260.93048 314.754   307.43317 ... 262.16577 296.26736 278.4064 ],[233.21802 286.54764 280.49448 ... 233.56544 265.9831  251.09685],[0.         0.         0.         ... 0.         0.03247787 0.        ],4,1,3,242
"[ 0.01849582 -0.01510739  0.24358025 ...  0.1326311   0.09929955
  0.26166108]",[281.85907 279.78525 332.94632 ... 301.302   278.5302  305.698  ],[281.85907 279.78525 332.94632 ... 301.302   278.5302  305.698  ],[243.38416 241.24673 294.01404 ... 262.5493  239.88231 266.5929 ],[0.         0.04433661 0.         ... 0.         0.         0.        ],4,1,3,243
"[ 0.20063403  0.0747972  -0.17750785 ...  0.36886325  0.08704812
  0.14651628]",[173.10828 198.78644 176.64197 ... 276.33533 222.30957 204.65036],[324.81866 345.1917  292.71503 ... 414.3005  326.6995  330.07254],[305.6702  326.03528 270.29446 ... 393.33157 306.3519  310.199  ],[0. 0. 0. ... 0. 0. 0.],4,1,3,244
"[ 0.29412374  0.22428831  0.         ... -0.09846561  0.32517612
  0.10294108]",[267.88736 272.89978 246.98497 ... 242.09444 309.99612 254.89664],[292.21875 306.1027  265.7232  ... 266.7277  343.8259  282.0357 ],[240.21292 253.58467 213.97435 ... 213.49712 289.43744 231.4938 ],[0.         0.         0.         ... 0.02775062 0.         0.        ],4,1,3,245
[0.06675299 0.02985044 0.05914721 ... 0.01006298 0.         0.25463176],[334.9106  340.42892 348.07397 ... 346.14835 318.67133 356.90714],[353.09836 355.77048 361.      ... 361.62842 336.67758 367.74863],[310.85147 306.25446 313.74115 ... 310.59357 287.79337 319.96396],[0.         0.         0.02791197 ... 0.         0.03742021 0.        ],4,1,3,246
[0.         0.20480241 0.10699096 ... 0.16392735 0.20036793 0.00173035],[343.733   427.82642 405.06332 ... 434.4858  418.3192  333.16675],[358.78787 450.83334 422.31818 ... 453.41666 426.60605 348.77274],[307.04355 389.99167 365.82788 ... 390.90057 367.51227 289.1644 ],[0.         0.         0.03893166 ... 0.         0.         0.        ],4,1,3,247
[0.         0.06382145 0.05429235 ... 0.         0.11294566 0.        ],[214.83745 231.72308 235.38705 ... 216.8827  236.2067  202.83163],[260.013   278.4935  284.35065 ... 268.46103 293.17532 259.37012],[239.84671 260.00632 263.9722  ... 248.35715 272.03958 240.1658 ],[0. 0. 0. ... 0. 0. 0.],4,1,3,248
"[ 0.35289276 -0.06511018  0.20529218 ...  0.31996924  0.1308193
  0.0954528 ]",[281.1412  211.33212 261.5149  ... 301.76755 247.47406 240.54144],[357.27225 286.2827  344.97382 ... 375.53403 330.178   303.12564],[314.87338 243.81017 301.59308 ... 331.22415 285.6613  259.8252 ],[0. 0. 0. ... 0. 0. 0.],4,1,3,249
[0.19324616 0.21295212 0.15992308 ... 0.04995959 0.18205296 0.02556567],[240.82983 272.4413  287.32108 ... 268.2801  265.68372 241.24367],[320.29333 347.70667 342.67334 ... 352.69333 355.41333 306.86   ],[289.73578 319.56384 310.79196 ... 319.09204 322.41623 275.1074 ],[0. 0. 0. ... 0. 0. 0.],4,1,3,250
[0.         0.03732904 0.1156228  ... 0.02923632 0.10549247 0.29580915],[315.17734 319.93872 347.53247 ... 336.10657 339.97766 347.66226],[325.85068 332.12216 360.1584  ... 345.4163  352.07693 361.93213],[280.25378 291.35992 315.1904  ... 300.28543 312.0488  316.54822],[0.         0.         0.02992258 ... 0.         0.04484495 0.        ],4,1,3,251
"[ 0.4417696   0.1748193  -0.02284209 ... -0.0325364   0.17702152
  0.02102523]",[387.77563 370.82153 344.72064 ... 351.06137 401.10995 364.24518],[429.33847 408.53845 367.53845 ... 389.72308 436.90768 392.03076],[357.88187 333.2555  289.8685  ... 309.8723  357.7762  311.61606],[0. 0. 0. ... 0. 0. 0.],4,1,3,252
[0.         0.05789121 0.0821479  ... 0.         0.3377445  0.        ],[218.46735 223.62534 239.64117 ... 235.87607 282.76367 219.59752],[269.375   294.66666 307.71527 ... 300.02084 354.22223 270.84723],[222.22302 249.97475 258.41898 ... 251.68347 302.44193 221.9021 ],[0. 0. 0. ... 0. 0. 0.],4,1,3,253
[0.3089192  0.07466695 0.0821925  ... 0.16963422 0.20320784 0.        ],[361.82404 290.60312 305.72128 ... 313.36343 335.08453 268.57535],[407.7422  362.41406 367.6953  ... 397.48438 400.3828  324.70312],[365.93045 319.64844 323.78928 ... 357.62646 358.1326  282.84183],[0. 0. 0. ... 0. 0. 0.],4,1,3,254
"[ 0.05713525 -0.0398511   0.21219309 ...  0.15264565  0.0388924
  0.192472  ]",[148.63121 131.12088 154.22456 ... 170.74164 163.89595 185.36842],[302.6828  295.8925  354.98926 ... 355.27957 321.07526 339.3387 ],[260.28308 254.77695 313.33063 ... 311.9882  277.70474 299.33118],[0.         0.02923783 0.         ... 0.         0.         0.        ],4,1,3,255
[0.         0.04661619 0.07003716 ... 0.0485599  0.04456117 0.3593464 ],[208.5425  263.7742  251.39023 ... 270.22125 252.26724 284.78333],[247.20422 304.95773 308.94366 ... 312.92255 305.4155  324.61267],[212.47655 269.14877 275.52246 ... 272.9807  270.63467 288.66116],[0.         0.         0.         ... 0.         0.04575396 0.        ],4,1,3,256
[0.368024   0.28238267 0.15119487 ... 0.06961337 0.00055191 0.00593271],[391.05817 375.95203 348.8383  ... 342.96307 330.49146 315.83987],[440.97864 419.47864 387.13675 ... 387.047   365.0812  366.27777],[388.504   368.27878 336.3901  ... 336.59625 315.3697  316.44382],[0. 0. 0. ... 0. 0. 0.],4,1,3,257
"[ 0.2930793   0.02438879 -0.00424382 ...  0.07205493  0.11747953
  0.05651368]",[267.54764 227.9387  218.02655 ... 250.90141 254.8593  231.388  ],[346.25    298.53125 293.3125  ... 337.4     343.275   315.6375 ],[325.36072 275.99072 273.00757 ... 317.2557  321.94708 294.46375],[0. 0. 0. ... 0. 0. 0.],4,1,3,258
[0.         0.05406151 0.1671408  ... 0.14927691 0.07972188 0.        ],[189.44168 200.08849 236.96078 ... 226.24246 221.43675 187.7073 ],[307.38095 333.0381  372.1143  ... 379.97144 354.01904 331.5762 ],[244.48256 268.65848 306.98425 ... 320.34927 292.06448 271.36224],[0. 0. 0. ... 0. 0. 0.],4,1,3,259
[0.19083211 0.3729623  0.46118572 ... 0.22220239 0.14232379 0.21352896],[342.30048 398.60413 436.8685  ... 412.85275 383.8187  352.6446 ],[381.49457 430.58694 477.50543 ... 448.5435  415.13043 396.27173],[311.52136 360.97626 406.77747 ... 374.73846 340.99533 332.23282],[0. 0. 0. ... 0. 0. 0.],4,1,3,260
[0.30929774 0.05585763 0.03703972 ... 0.         0.08483838 0.18785705],[284.14423 225.675   264.59375 ... 252.08699 252.32373 244.72142],[328.65494 289.65494 299.61972 ... 303.99295 316.72534 295.5986 ],[302.24246 263.91656 272.30823 ... 276.69928 289.51602 270.00064],[0.         0.         0.         ... 0.         0.02463276 0.        ],4,1,3,261
"[ 0.2875727   0.11164375 -0.05660206 ...  0.10404665  0.09116671
  0.32869512]",[264.9082  223.28186 193.90987 ... 209.03775 214.6996  247.37527],[347.86023 318.60214 287.91397 ... 320.2527  314.32257 348.13977],[306.59317 277.8775  246.0031  ... 281.06558 272.32584 309.22864],[0.        0.        0.        ... 0.        0.0431244 0.       ],4,1,3,262
[0.38877085 0.36684465 0.74987215 ... 0.04362335 0.09587509 0.41459998],[450.48743 440.8919  537.7871  ... 404.2591  393.4937  439.07556],[463.4253  462.2701  557.26434 ... 418.81033 406.7299  455.75287],[400.3063  395.35834 490.0129  ... 352.23267 336.1998  393.16946],[0.         0.05207137 0.         ... 0.         0.04670675 0.        ],4,1,3,263
[0.06677892 0.         0.22786151 ... 0.12435818 0.21939045 0.12384502],[228.20372 217.81949 268.46906 ... 252.2619  276.91455 232.877  ],[275.72684 265.8611  318.20834 ... 308.5139  328.45834 290.59723],[261.3758  252.51935 304.88348 ... 293.52014 313.74673 276.60635],[0.         0.02059106 0.         ... 0.0306174  0.         0.        ],4,1,3,264
[0.19170657 0.25869033 0.18290913 ... 0.10192924 0.         0.11222432],[283.2866  305.17657 298.41827 ... 292.0065  258.5771  257.7712 ],[313.3317  339.8     327.7561  ... 324.93658 287.05853 290.42438],[265.3765  288.99918 275.34192 ... 270.44803 236.34416 238.21439],[0. 0. 0. ... 0. 0. 0.],4,1,3,265
[0.         0.12028795 0.04634108 ... 0.05448006 0.08514554 0.16828893],[297.37744 331.76013 316.0389  ... 333.66367 328.96027 345.78006],[302.33722 336.66278 325.48837 ... 342.26163 342.16278 354.05234],[246.86493 277.3005  265.78156 ... 284.25278 288.38266 297.30954],[0.         0.         0.03566876 ... 0.         0.         0.        ],4,1,3,266
"[ 0.          0.23494822  0.06560837 ...  0.1200988  -0.01005666
  0.24699388]",[258.4061  339.8935  324.1861  ... 329.9832  308.3908  371.61823],[299.26065 391.23935 368.86703 ... 407.1968  355.02127 424.56384],[264.0409  355.4452  331.6411  ... 371.96875 322.9822  390.73853],[0. 0. 0. ... 0. 0. 0.],4,1,3,267
[0.1051809  0.27177662 0.16605267 ... 0.52413577 0.2639818  0.23636626],[332.884   386.94235 360.13873 ... 459.3784  393.12436 378.74426],[334.98343 393.06628 365.50278 ... 461.12708 395.5746  381.34253],[289.44504 335.30453 315.0281  ... 408.36395 342.3835  330.43945],[0. 0. 0. ... 0. 0. 0.],4,1,3,268
[0.08324215 0.12526129 0.0464121  ... 0.1707939  0.0847956  0.1864334 ],[317.51776 327.47668 329.23758 ... 378.19925 351.72806 346.97388],[323.88095 337.91428 341.14285 ... 391.99048 357.74762 356.9762 ],[274.41077 294.34943 294.05695 ... 342.6805  311.9003  308.0269 ],[0. 0. 0. ... 0. 0. 0.],4,1,3,269
"[ 0.18690273  0.01382086  0.2644902  ...  0.15142925 -0.10779183
  0.19764823]",[199.30356 191.80536 217.37796 ... 222.73036 172.2723  186.32713],[314.4181  306.3277  364.59888 ... 355.75705 282.18643 326.10733],[287.8658 279.1468 339.0475 ... 327.5049 254.5921 298.4397],[0.         0.         0.         ... 0.         0.02515162 0.        ],4,1,3,270
[0.5365108  0.16526844 0.25082883 ... 0.09019394 0.05123236 0.2908278 ],[346.80167 308.4298  328.62967 ... 375.3496  341.2721  397.4262 ],[375.05344 331.25955 349.1985  ... 400.2977  367.98474 418.5878 ],[338.09717 294.18533 314.50186 ... 359.841   326.7007  380.6429 ],[0.         0.         0.         ... 0.         0.03905248 0.        ],4,1,3,271
[0.306797   0.23795193 0.         ... 0.11777536 0.14489843 0.16452695],[356.7712  358.67264 302.76816 ... 328.78326 311.0888  299.0707 ],[369.48334 363.9389  311.8611  ... 336.4889  317.48334 305.12222],[331.52808 322.15158 268.1286  ... 294.2074  278.7754  268.99265],[0.         0.         0.         ... 0.02059104 0.         0.        ],4,1,3,272
"[ 0.01502866  0.         -0.01502866 ...  0.05201204  0.14018229
  0.22152732]",[234.44447 239.37042 221.6029  ... 272.07272 280.84937 281.20404],[286.81647 290.81647 286.46835 ... 340.79114 339.11392 347.17722],[244.75684 246.52452 245.25616 ... 293.15646 294.08505 300.32986],[0.         0.         0.         ... 0.03788195 0.         0.        ],4,1,3,273
"[ 0.          0.0860756   0.05703766 ... -0.10281793  0.188997
  0.3754781 ]",[256.19107 287.81528 284.28662 ... 254.59872 295.28024 321.2102 ],[256.19107 287.81528 284.28662 ... 254.59872 295.28024 321.2102 ],[218.82614 250.34024 245.95757 ... 217.14548 258.69852 284.14743],[0.         0.         0.         ... 0.         0.05996522 0.        ],4,1,3,274
[0.         0.2423907  0.2489727  ... 0.2570787  0.12097802 0.21672504],[192.7397  248.51085 249.42197 ... 264.43515 241.45433 233.99431],[293.35394 360.55618 366.20786 ... 373.96628 341.65732 329.20786],[249.69318 318.16095 323.1718  ... 329.77014 294.57663 285.38037],[0. 0. 0. ... 0. 0. 0.],4,1,3,275
[0.13804527 0.1658609  0.30127263 ... 0.043195   0.09335326 0.5948943 ],[276.13623 289.3183  320.9775  ... 275.6028  287.80145 381.08633],[325.4257  341.79053 376.23648 ... 329.1419  342.8919  438.8243 ],[289.2951  305.09067 338.53094 ... 290.3677  302.22504 401.7558 ],[0.         0.         0.         ... 0.         0.08886237 0.        ],4,1,3,276
[0.32817557 0.02451031 0.16623183 ... 0.22452427 0.13961397 0.2320622 ],[330.15353 284.6693  317.02118 ... 330.58505 304.05157 292.25583],[332.94675 287.3432  319.95267 ... 337.24854 306.7574  295.16568],[293.7109  249.55598 280.7378  ... 297.67587 268.54364 260.54727],[0. 0. 0. ... 0. 0. 0.],4,1,3,277
[0.         0.08051082 0.19656852 ... 0.1135219  0.25575843 0.28818935],[212.29594 234.67044 273.38843 ... 257.4207  279.45975 259.70126],[266.19885 288.54544 333.31818 ... 329.4091  346.44318 325.38068],[227.9895  251.17322 293.41525 ... 289.22382 308.5382  288.2055 ],[0.         0.         0.         ... 0.03859465 0.         0.        ],4,1,3,278
[0.09592379 0.10819127 0.24025765 ... 0.00389874 0.12310505 0.04175378],[264.26462 294.84555 320.50375 ... 278.47974 284.538   272.34714],[357.56808 360.22534 404.69482 ... 351.1878  368.22534 336.30984],[309.2362  313.6753  351.6502  ... 302.25522 320.44543 286.3164 ],[0.         0.         0.03016697 ... 0.         0.         0.        ],4,1,3,279
[0.         0.20598654 0.20032533 ... 0.15090166 0.07174321 0.00350089],[312.13736 366.11438 368.10663 ... 385.08954 345.11484 317.90994],[320.96893 369.1056  377.19254 ... 389.5031  348.01242 320.91925],[268.16257 317.63962 322.66867 ... 332.43997 291.45605 269.1199 ],[0. 0. 0. ... 0. 0. 0.],4,1,3,280
[0.18774164 0.31894377 0.18650584 ... 0.02768843 0.14433037 0.3365881 ],[311.05264 343.0351  335.1228  ... 327.50293 355.33334 362.97076],[311.05264 343.0351  335.1228  ... 327.50293 355.33334 362.97076],[261.2332  296.13846 289.44974 ... 280.38632 306.22012 316.26373],[0.         0.         0.         ... 0.         0.05426283 0.        ],4,1,3,281
[0.01305529 0.24108358 0.05350272 ... 0.06960277 0.10155084 0.09476582],[232.06473 272.7632  245.68681 ... 241.51938 238.84009 240.55873],[329.1462  379.81873 341.18713 ... 355.40936 354.92398 320.35672],[274.33633 326.0597  285.08447 ... 298.40717 297.334   263.83667],[0.         0.         0.02197501 ... 0.         0.         0.        ],4,1,3,282
"[ 0.24640308  0.05401482 -0.03679363 ...  0.05868469  0.35709724
  0.2040645 ]",[236.82697 231.75905 221.18233 ... 218.56923 277.49057 222.3131 ],[325.53897 312.2922  299.60388 ... 316.0844  382.85715 316.53247],[295.30762 280.87738 267.90826 ... 283.46304 349.84528 284.83386],[0.         0.         0.03020159 ... 0.04197733 0.         0.        ],4,1,3,283
[0.19405542 0.10981788 0.11155446 ... 0.00230801 0.16740124 0.00337244],[272.5948  266.3469  284.087   ... 253.21365 278.03235 232.64821],[310.40887 308.40393 318.3793  ... 287.91626 312.21674 266.59113],[260.4232  256.28488 265.9939  ... 235.44502 260.456   219.4984 ],[0. 0. 0. ... 0. 0. 0.],4,1,3,284
"[ 0.10038426  0.10791264 -0.0131577  ...  0.07655642  0.25808337
  0.10348491]",[254.0421  261.9052  233.39777 ... 264.50107 295.9791  266.17252],[302.07462 313.72388 292.96268 ... 307.31345 346.4179  311.21643],[269.32117 283.65628 261.60852 ... 273.14444 314.57483 276.941  ],[0. 0. 0. ... 0. 0. 0.],4,1,3,285
[0.12896255 0.         0.11088797 ... 0.00640046 0.06679223 0.11657664],[274.60577 275.73575 306.79047 ... 291.06696 293.444   274.26642],[282.85938 283.23438 315.40625 ... 296.6328  303.78125 285.8047 ],[244.20435 240.52766 273.1719  ... 255.43457 261.27563 243.64265],[0.         0.02559995 0.         ... 0.         0.         0.        ],4,1,3,286
[0.         0.15338571 0.17062382 ... 0.3624949  0.         0.08824783],[282.09195 323.2586  337.3046  ... 369.75287 300.94254 307.40805],[282.09195 323.2586  337.3046  ... 369.75287 300.94254 307.40805],[218.04129 258.70508 269.33582 ... 302.56293 231.92809 239.27408],[0. 0. 0. ... 0. 0. 0.],4,1,3,287
[0.16264516 0.05385148 0.53617674 ... 0.09746583 0.10278203 0.2540669 ],[212.22415 218.73564 322.30582 ... 242.25786 213.92485 221.17477],[357.16217 339.0108  456.6162  ... 362.64865 343.78378 337.34595],[332.53986 311.83163 432.05682 ... 337.74106 317.98776 310.4982 ],[0.         0.04000571 0.         ... 0.         0.02612634 0.        ],4,1,3,288
[0.1847036  0.07374797 0.30126712 ... 0.         0.         0.592684  ],[205.75417 188.16869 233.16628 ... 206.02232 170.46748 231.11644],[299.43262 279.41843 341.5248  ... 276.68085 254.06383 338.5248 ],[255.46277 237.90097 297.71857 ... 233.22034 210.13455 295.0643 ],[0.         0.         0.         ... 0.         0.07718765 0.        ],4,1,3,289
[0.29643556 0.24821635 0.296648   ... 0.12151583 0.05059695 0.25358236],[393.30725 380.63095 390.76294 ... 370.40414 335.5699  372.2419 ],[411.84036 402.38498 417.33804 ... 386.84976 350.24414 401.96243],[374.01202 366.15503 378.95822 ... 351.46133 315.6625  365.0028 ],[0. 0. 0. ... 0. 0. 0.],4,1,3,290
[0.1066122  0.09277774 0.01686024 ... 0.08602182 0.2692292  0.42132065],[284.10724 282.39252 275.77585 ... 291.4574  321.6868  326.00247],[296.22726 299.69885 288.69885 ... 301.11365 333.82956 338.8466 ],[248.26537 250.94884 239.18762 ... 250.15703 281.48657 291.78748],[0.         0.         0.         ... 0.         0.05737608 0.        ],4,1,3,291
[0.22370096 0.2744755  0.15415989 ... 0.02705949 0.         0.22578217],[289.28314 306.93967 305.46088 ... 287.74918 268.3135  288.65558],[322.40625 332.875   331.375   ... 327.1953  313.58594 315.53125],[283.4989  295.82614 295.34247 ... 287.93417 269.37888 278.12878],[0. 0. 0. ... 0. 0. 0.],4,1,3,292
[0.0379949  0.         0.06955542 ... 0.11816664 0.31756738 0.        ],[228.18912 224.15202 243.45296 ... 261.7398  291.69458 225.93057],[249.50769 248.76154 270.74615 ... 290.8923  325.6846  254.41539],[208.31902 206.08337 223.94508 ... 248.44702 279.2705  213.49437],[0.         0.         0.03763207 ... 0.02456634 0.         0.        ],4,1,3,293
[0.12188458 0.13251577 0.49336648 ... 0.34704906 0.31890208 0.22015713],[280.177   283.9597  356.25104 ... 339.44193 334.65146 293.73013],[295.89334 300.64667 374.92667 ... 365.58    352.94666 312.84668],[248.57257 255.53275 328.96002 ... 322.43567 303.87167 267.64536],[0.         0.03474179 0.         ... 0.         0.         0.        ],4,1,3,294
[0.23802184 0.10783952 0.20561312 ... 0.         0.13152811 0.08748218],[231.25307 208.47322 251.65004 ... 210.55568 216.10358 205.40604],[339.11023 320.40945 366.9685  ... 304.2756  330.07874 316.2126 ],[309.2237  291.1413  333.91168 ... 272.11768 298.32913 283.9057 ],[0. 0. 0. ... 0. 0. 0.],4,1,3,295
"[ 0.04133803  0.10938669 -0.02618671 ...  0.0085609   0.1949132
  0.16511688]",[323.91333 346.89493 319.4466  ... 345.61234 349.05997 329.7826 ],[353.51205 383.006   345.91565 ... 371.70483 391.71686 357.39157],[319.0322  345.1511  310.6178  ... 334.21185 357.39856 323.43893],[0.         0.         0.         ... 0.02844617 0.         0.        ],4,1,3,296
[0.10635119 0.14293651 0.04508831 ... 0.         0.0451355  0.35692224],[316.30984 327.60532 312.79364 ... 311.74625 303.21393 331.3844 ],[378.44275 395.87024 367.08398 ... 362.54962 353.08398 413.4275 ],[335.2299  351.81308 328.0011  ... 320.76163 312.4234  374.4049 ],[0.         0.         0.         ... 0.         0.04608485 0.        ],4,1,3,297
"[ 0.29000401 -0.03743389  0.06999597 ...  0.02639528  0.22398669
  0.35797158]",[317.93417 258.93875 300.80334 ... 328.09558 369.4813  377.69293],[329.0474  263.61612 305.4834  ... 336.15167 384.09006 383.455  ],[297.99255 232.51201 273.97983 ... 305.16647 351.83374 352.28558],[0.         0.         0.         ... 0.         0.04555429 0.        ],4,1,3,298
"[ 0.17953783  0.19079961 -0.02370596 ... -0.11125263  0.24235389
  0.13147931]",[319.62222 321.92172 293.81775 ... 308.2648  375.45505 327.10522],[334.71112 343.1611  309.27777 ... 322.26666 397.4     346.37778],[299.32214 309.0268  275.76114 ... 288.2425  361.65814 312.96326],[0.         0.         0.         ... 0.03269938 0.         0.        ],4,1,3,299
[0.45113823 0.21054658 0.04065858 ... 0.03767246 0.15107465 0.22768268],[313.40936 273.94855 260.0569  ... 257.233   266.6305  269.32452],[327.7625  292.61874 269.8125  ... 265.49374 282.54376 280.0875 ],[285.53622 250.701   227.76332 ... 224.69469 239.30214 240.39554],[0.         0.         0.         ... 0.03962118 0.         0.        ],4,1,3,300
[0.18619585 0.12331165 0.00302256 ... 0.22375087 0.04235581 0.        ],[270.81503 277.51132 241.35939 ... 317.20804 273.0542  232.62288],[370.13574 379.51584 344.31674 ... 421.2172  370.53845 348.44345],[337.3538  340.64786 310.19382 ... 389.96722 337.82538 315.41193],[0. 0. 0. ... 0. 0. 0.],4,1,3,301
"[ 0.3395501   0.10985779  0.14691497 ... -0.00437091  0.00437091
  0.2458113 ]",[348.74228 309.9175  330.62372 ... 298.26288 293.61856 311.65463],[348.74228 309.9175  330.62372 ... 298.26288 293.61856 311.65463],[292.5675  255.64154 274.9997  ... 241.68724 240.88933 255.9661 ],[0.         0.         0.         ... 0.         0.03614619 0.        ],4,1,3,302
"[ 0.33784223 -0.01832954  0.04021276 ...  0.00347934  0.06753737
  0.30451307]",[286.58292 233.28806 242.22568 ... 244.917   254.81479 278.35214],[329.68085 259.72873 271.90958 ... 277.67023 283.9149  302.65427],[310.95996 240.34052 253.12787 ... 257.9419  264.80505 283.64697],[0.         0.         0.         ... 0.         0.04705595 0.        ],4,1,3,303
"[ 0.39394337  0.19907781 -0.01948804 ... -0.05072849  0.04264295
  0.65751314]",[374.57095 383.985   360.81583 ... 353.62592 385.03516 456.66867],[379.06213 397.06213 364.90396 ... 372.1808  389.26553 462.31638],[306.73538 322.8788  282.58627 ... 293.72372 310.2494  388.43002],[0.        0.        0.        ... 0.        0.0894483 0.       ],4,1,3,304
"[ 0.24554963  0.2866445   0.         ... -0.1452925   0.
  0.43366054]",[164.83684 157.32257 163.00247 ... 135.7468  142.52216 219.62683],[323.70456 362.08334 309.97726 ... 305.31818 333.1894  411.8106 ],[300.4832  336.7359  287.65128 ... 283.00635 309.8351  388.2727 ],[0.         0.         0.         ... 0.         0.06240777 0.        ],4,1,3,305
"[ 0.          0.29354373  0.3431309  ...  0.03426789 -0.04039745
  0.12821375]",[199.1692  287.9337  304.77264 ... 238.2677  227.21812 238.4423 ],[289.2973  368.44324 395.6919  ... 339.49728 305.96216 332.373  ],[240.82109 320.65854 342.9808  ... 285.75327 253.0776  281.41086],[0.04774361 0.         0.         ... 0.         0.         0.        ],4,1,3,306
[0.3379982  0.34989777 0.21825019 ... 0.26521608 0.10162207 0.23109692],[299.6833  288.0436  278.23837 ... 286.48196 254.38159 242.80728],[384.17126 390.1547  366.09946 ... 390.99448 334.6022  328.20993],[358.09317 362.72018 337.24603 ... 362.6713  306.31873 300.32278],[0. 0. 0. ... 0. 0. 0.],4,1,3,307
[0.3181131  0.         0.26326314 ... 0.16581212 0.05798424 0.        ],[268.6694  227.3897  296.1192  ... 286.54288 254.50252 231.77505],[321.90805 280.18967 351.1092  ... 345.6954  312.10345 281.56897],[271.89252 233.72206 300.4701  ... 296.5422  260.75977 232.87016],[0.         0.04430515 0.         ... 0.         0.         0.        ],4,1,3,308
"[ 0.41107258  0.38372225  0.17608543 ... -0.01241411  0.05546421
  0.19654758]",[300.35666 345.5599  302.31256 ... 287.85004 300.89413 290.45724],[350.91525 385.91525 344.71185 ... 324.57626 337.48022 342.49716],[303.61044 336.22336 293.95248 ... 277.07297 285.7858  292.52472],[0.         0.         0.         ... 0.         0.02993943 0.        ],4,1,3,309
[0.05399855 0.07337421 0.07221162 ... 0.15186982 0.3237476  0.14605054],[249.35431 255.27383 269.19025 ... 279.5819  316.08826 266.06335],[284.69662 287.86517 298.45505 ... 313.73035 341.20786 291.1854 ],[244.85869 248.69156 255.66522 ... 273.8857  299.47528 248.71089],[0. 0. 0. ... 0. 0. 0.],4,1,3,310
[0.41166994 0.19586648 0.23698696 ... 0.17198132 0.02209811 0.04098384],[285.95377 274.82632 279.5039  ... 303.6099  246.07884 284.00723],[375.9134  382.70865 398.063   ... 426.7244  384.55118 367.10236],[305.66476 310.86673 325.51016 ... 357.4452  313.4953  297.74133],[0.         0.         0.03872672 ... 0.         0.         0.        ],4,1,3,311
[0.23089387 0.41650236 0.11203399 ... 0.01514554 0.1981918  0.05971884],[313.537   377.47806 316.77383 ... 309.3755  343.30325 282.4183 ],[315.3554  379.13855 321.9217  ... 311.10242 345.60242 284.36145],[259.7969  325.65295 267.28265 ... 256.10892 292.77994 229.53542],[0. 0. 0. ... 0. 0. 0.],4,1,3,312
[0.1595482  0.24924524 0.07683611 ... 0.06039329 0.05424318 0.2978876 ],[193.10812 201.4137  181.66554 ... 201.32863 213.2643  228.47966],[369.45715 392.28    358.07428 ... 401.29144 389.76    394.38858],[329.1014  353.64297 315.5136  ... 356.80307 344.2971  352.87875],[0.        0.        0.        ... 0.        0.0452809 0.       ],4,1,3,313
[0.03755162 0.08638249 0.14130664 ... 0.04443886 0.0220468  0.32615054],[227.50919 229.51555 264.09317 ... 246.96878 249.07095 246.54996],[322.8069  333.7793  350.6207  ... 339.48965 330.34482 363.93793],[281.90845 295.77853 309.4873  ... 297.7446  290.9969  326.1826 ],[0.         0.         0.02912198 ... 0.         0.05000476 0.        ],4,1,3,314
[0.20823105 0.13575868 0.25643656 ... 0.0193494  0.07210162 0.2753412 ],[315.3669  336.06763 361.23544 ... 338.3289  336.35312 357.4899 ],[333.9535  351.76163 380.13373 ... 360.3256  358.26746 375.72675],[262.7754  269.45642 301.77374 ... 285.93262 282.94394 296.08932],[0.         0.         0.         ... 0.         0.03330015 0.        ],4,1,3,315
[0.08353367 0.14954413 0.00626695 ... 0.         0.24381378 0.11809202],[224.53867 246.18839 225.09802 ... 247.56642 268.99762 251.686  ],[292.99387 320.21472 295.78528 ... 317.47238 367.92026 312.5583 ],[272.64783 301.54898 274.60098 ... 294.79486 346.25787 291.33487],[0.         0.         0.         ... 0.02656913 0.         0.        ],4,1,3,316
"[ 0.2727255   0.35399684  0.16431955 ... -0.01812387 -0.02300235
  0.35179117]",[302.84714 325.5767  282.18634 ... 271.25394 257.58194 313.0673 ],[332.49045 359.2102  321.49683 ... 302.1019  292.0828  363.17834],[318.1195  344.90674 305.29907 ... 286.2556  274.3667  347.18115],[0.         0.         0.         ... 0.         0.05580875 0.        ],4,1,3,317
"[ 0.31883323  0.06726117  0.18524224 ... -0.01919857  0.172167
  0.03643286]",[405.64484 369.28766 397.86652 ... 349.2543  397.88004 326.80374],[419.88342 391.42944 414.3497  ... 366.74234 407.3865  341.7178 ],[350.36078 312.67072 341.06076 ... 289.04984 331.71814 269.59866],[0. 0. 0. ... 0. 0. 0.],4,1,3,318
"[ 0.06648012  0.09915886 -0.02520221 ...  0.08854645  0.19600643
  0.1285646 ]",[213.49994 230.91864 203.61656 ... 226.0901  245.08112 216.64215],[266.3865  284.27606 261.773   ... 295.6503  312.72394 278.66257],[245.23207 265.66327 240.06554 ... 275.2918  291.10703 258.75995],[0.         0.         0.         ... 0.02166794 0.         0.        ],4,1,3,319
"[ 0.15736054  0.15610291  0.2106348  ... -0.05154359  0.2816306
  0.10024283]",[218.18233 228.9     255.86154 ... 226.2606  273.68378 226.77545],[268.3586  274.0138  288.85516 ... 266.5793  329.32413 274.18622],[242.31552 246.71588 261.93134 ... 240.55482 303.07635 249.20938],[0.         0.         0.         ... 0.02928066 0.         0.        ],4,1,3,320
"[ 0.2688688   0.07098664 -0.04013715 ...  0.12412115  0.28349495
  0.1541724 ]",[279.55774 263.41708 246.41006 ... 288.90775 306.29987 273.64984],[330.75772 308.93814 294.39175 ... 341.62888 368.46393 330.3866 ],[287.33264 264.82443 250.32211 ... 295.19586 320.29984 286.1115 ],[0.         0.         0.         ... 0.03394603 0.         0.        ],4,1,3,321
[0.33326647 0.17136551 0.1062808  ... 0.08979316 0.20714958 0.2164415 ],[306.2871  314.70575 307.67365 ... 318.70343 341.30292 297.12958],[308.86624 319.36307 309.73886 ... 319.79617 342.34396 298.34396],[266.3202  275.964   270.07785 ... 275.10522 296.15274 255.9479 ],[0.         0.         0.         ... 0.04312401 0.         0.        ],4,1,3,322
"[ 0.31080803  0.26269642  0.12177405 ... -0.10207833  0.15388858
  0.04687018]",[322.11346 341.99866 314.4275  ... 256.75278 312.07828 272.4927 ],[338.4452  359.20547 327.9589  ... 277.35617 324.91782 281.774  ],[312.53293 330.95767 300.04575 ... 246.11053 294.65527 254.1224 ],[0. 0. 0. ... 0. 0. 0.],4,1,3,323
[0.20326515 0.26589385 0.24377482 ... 0.         0.18333477 0.18367064],[250.6246  286.3452  296.09192 ... 268.24142 286.70493 272.94022],[313.5435  343.02173 345.74457 ... 316.03806 344.98914 323.1087 ],[270.05893 296.76266 303.96738 ... 271.06876 299.36993 281.77863],[0.         0.         0.         ... 0.02867058 0.         0.        ],4,1,3,324
[0.17552938 0.21415646 0.0269412  ... 0.15010913 0.22911912 0.33147496],[357.20224 381.191   343.0674  ... 373.14044 388.07303 403.23596],[357.20224 381.191   343.0674  ... 373.14044 388.07303 403.23596],[305.56494 325.01074 290.66034 ... 318.89972 334.35565 343.3716 ],[0.        0.        0.        ... 0.0474598 0.        0.       ],4,1,3,325
[0.18281275 0.02269233 0.02914724 ... 0.11847676 0.2932044  0.17420974],[237.59966 242.06906 240.02916 ... 276.69766 305.08472 256.21677],[262.92856 267.83517 269.2967  ... 301.06042 331.52197 285.52197],[238.2823  240.81812 243.96205 ... 273.33472 303.54623 259.34985],[0.         0.         0.         ... 0.04842748 0.         0.        ],4,1,3,326
"[ 0.1683813  -0.04976674  0.38371807 ...  0.03609554  0.08848619
  0.1128443 ]",[305.7828  269.82806 372.69684 ... 307.71494 321.17648 310.00452],[305.7828  269.82806 372.69684 ... 307.71494 321.17648 310.00452],[272.7707  238.2603  337.6336  ... 275.54803 284.64136 275.04004],[0.         0.03735349 0.         ... 0.         0.         0.        ],4,1,3,327
[0.02598962 0.13388433 0.09741853 ... 0.30037546 0.20200011 0.21887125],[291.88965 309.14816 309.30777 ... 344.92148 337.22302 332.14264],[319.4573  348.35974 348.75    ... 394.09756 369.51828 368.42682],[265.3061  293.58444 288.9252  ... 336.20932 312.55835 312.9556 ],[0. 0. 0. ... 0. 0. 0.],4,1,3,328
[0.18364774 0.26374158 0.04497527 ... 0.1427237  0.         0.3246585 ],[254.11237 279.31253 239.52634 ... 281.77682 241.76852 298.22443],[305.7277  329.38498 288.51175 ... 333.78873 278.79813 354.53992],[288.12503 312.49896 270.83417 ... 312.61618 256.829   334.01086],[0.         0.         0.         ... 0.         0.04591622 0.        ],4,1,3,329
"[ 0.18191777  0.08646151  0.1404349  ...  0.         -0.09207103
  0.28727937]",[264.5269  263.6989  288.58066 ... 246.10753 220.37097 273.32794],[264.5269  263.6989  288.58066 ... 246.10753 220.37097 273.32794],[229.37576 227.78345 250.74266 ... 209.48895 184.27028 237.20734],[0.         0.         0.         ... 0.         0.03616141 0.        ],4,1,3,330
[0.37898293 0.         0.09211324 ... 0.14636953 0.3789852  0.33898327],[256.05627 227.63937 247.30125 ... 272.52798 283.92572 278.4511 ],[300.89172 269.9363  291.67517 ... 316.73248 355.17197 333.67517],[250.3737  217.04308 240.16577 ... 261.60275 298.9713  279.53122],[0.         0.         0.         ... 0.05317175 0.         0.        ],4,1,3,331
[0.17606954 0.         0.09392999 ... 0.17779866 0.17867054 0.25270584],[299.66876 275.7125  294.9375  ... 332.625   323.99374 303.075  ],[299.66876 275.7125  294.9375  ... 332.625   323.99374 303.075  ],[251.5306  226.64087 245.45462 ... 280.2636  275.41187 256.2853 ],[0.         0.         0.04338442 ... 0.         0.         0.        ],4,1,3,332
"[ 0.22768319  0.1261163   0.01517728 ... -0.0157953   0.19275713
  0.16337575]",[217.55443 231.85654 211.32501 ... 233.19218 271.03964 257.5223 ],[287.1547  293.7127  275.76794 ... 299.38675 343.61877 332.97238],[265.7162  272.1148  252.97554 ... 276.36597 321.55206 310.7237 ],[0.         0.         0.         ... 0.02904691 0.         0.        ],4,1,3,333
"[ 0.12220418  0.08981773 -0.02222754 ... -0.07040365  0.18221918
  0.07040365]",[320.28784 328.89005 326.50616 ... 308.0317  346.91977 326.31564],[324.86032 332.257   328.5419  ... 316.98883 357.0894  328.26816],[244.19337 262.55865 247.18196 ... 232.88446 277.34268 245.89024],[0. 0. 0. ... 0. 0. 0.],4,1,3,334
[0.16783622 0.10336516 0.17410684 ... 0.09013323 0.26046118 0.21878506],[273.41165 278.41147 290.0907  ... 290.7576  322.4517  284.34982],[300.97595 308.60577 322.80768 ... 327.37982 361.02884 322.68268],[255.72668 260.32086 278.90933 ... 280.95798 313.66776 274.51123],[0.         0.         0.         ... 0.03660035 0.         0.        ],4,1,3,335
[0.28728274 0.06876797 0.45094216 ... 0.23399374 0.20415035 0.05321393],[345.71054 299.03946 392.91446 ... 372.26315 355.4737  293.88815],[345.71054 299.03946 392.91446 ... 372.26315 355.4737  293.88815],[298.77292 257.75513 349.86954 ... 327.61008 308.53967 250.26054],[0. 0. 0. ... 0. 0. 0.],4,1,3,336
[0.15366745 0.00090333 0.13267621 ... 0.24510376 0.32449156 0.27639532],[268.059   272.79276 304.52594 ... 319.5911  326.48877 287.1123 ],[330.60638 323.93085 356.3351  ... 375.95746 389.9947  341.04254],[295.32224 287.25632 319.38107 ... 340.9222  355.8358  305.10907],[0.         0.         0.05201727 ... 0.         0.         0.        ],4,1,3,337
[0.0984644  0.16613771 0.2315177  ... 0.10001466 0.20479305 0.2659446 ],[312.69217 339.21646 351.17578 ... 359.69205 376.45197 346.96973],[318.17053 353.31784 373.45737 ... 376.0155  381.6279  364.50388],[276.9184  315.42963 333.15137 ... 336.36868 335.78027 323.48297],[0.         0.         0.         ... 0.04351745 0.         0.        ],4,1,3,338
"[ 0.11597823 -0.00706135  0.07670785 ... -0.0651369   0.15966433
  0.1941929 ]",[251.42508 238.92685 251.62622 ... 231.70439 252.54953 267.375  ],[303.94846 282.57733 307.5     ... 278.65463 311.90723 310.83505],[277.05023 254.69992 280.0456  ... 251.4638  283.80276 282.85944],[0.         0.         0.         ... 0.03656061 0.         0.        ],4,1,3,339
[0.23549241 0.0514608  0.30858362 ... 0.08051027 0.27409223 0.41199118],[237.41571 229.98021 280.96387 ... 259.6717  271.4524  274.40402],[315.41354 289.2857  343.2406  ... 324.0451  354.90976 332.2406 ],[266.3909  243.7202  297.6579  ... 275.45227 306.6731  284.90897],[0.        0.        0.        ... 0.        0.0503116 0.       ],4,1,3,340
[0.20533025 0.16288398 0.24663004 ... 0.26832837 0.10031897 0.21792953],[284.99902 296.45422 323.37646 ... 313.39438 278.74796 290.70804],[305.731   310.71344 335.26315 ... 337.1345  297.66666 309.33917],[269.5838  271.04013 295.90164 ... 298.68918 257.28955 270.5886 ],[0. 0. 0. ... 0. 0. 0.],4,1,3,341
[0.34380215 0.48180184 0.17203668 ... 0.22059873 0.20206083 0.        ],[355.98044 396.48126 353.52542 ... 336.42117 333.15646 281.689  ],[424.75217 476.77826 410.35654 ... 398.24783 390.5435  338.32608],[336.41763 379.136   312.95026 ... 304.55298 296.52924 245.53871],[0. 0. 0. ... 0. 0. 0.],4,1,3,342
"[ 0.29322553  0.30587742 -0.02624771 ...  0.01875177  0.05577082
  0.26123545]",[327.58334 337.96213 280.94696 ... 307.59848 309.90152 294.39395],[327.58334 337.96213 280.94696 ... 307.59848 309.90152 294.39395],[284.1223  295.7303  236.23311 ... 265.98236 261.69708 247.15848],[0.         0.         0.         ... 0.         0.03937846 0.        ],4,1,3,343
[0.03868473 0.09739267 0.10880485 ... 0.11306405 0.09955485 0.15429232],[232.87628 248.89932 262.61108 ... 270.96353 255.10973 267.36627],[275.70465 296.95856 310.3575  ... 325.7254  318.95856 313.3575 ],[231.02914 254.72662 268.89767 ... 280.52036 274.13626 270.88013],[0. 0. 0. ... 0. 0. 0.],4,1,3,344
"[ 0.09420372  0.12419534  0.46720275 ... -0.11189979  0.12954706
  0.2121549 ]",[298.52484 325.05045 388.9363  ... 290.50198 305.258   319.10104],[327.11765 360.68066 444.61343 ... 332.0504  345.08405 344.65546],[293.1133  328.52032 411.0167  ... 296.45435 309.53104 310.88074],[0.         0.         0.         ... 0.         0.03701978 0.        ],4,1,3,345
[0.09264331 0.09256467 0.09526958 ... 0.16715117 0.10974313 0.08292284],[258.25885 252.58403 274.23868 ... 269.66553 249.66454 241.67271],[323.2027  327.94144 336.23874 ... 352.991   329.68918 309.68018],[291.42264 297.68518 304.4915  ... 321.14627 297.87018 277.30353],[0. 0. 0. ... 0. 0. 0.],4,1,3,346
[0.01790876 0.14659366 0.30820405 ... 0.35828304 0.22551814 0.18352883],[295.45642 331.52716 366.80377 ... 368.74722 321.2249  301.93814],[353.45312 392.08853 432.1979  ... 440.86978 393.84897 352.41666],[293.94577 331.01074 371.77786 ... 378.8295  333.64905 294.64914],[0.         0.05098641 0.         ... 0.         0.         0.        ],4,1,3,347
[0.13171424 0.20325947 0.         ... 0.18721077 0.3881541  0.49166197],[291.63104 293.00052 271.7122  ... 305.93604 363.2339  334.94202],[307.61063 324.55753 288.8407  ... 353.64603 380.13275 373.34512],[287.07828 302.4692  268.51157 ... 332.62405 359.47528 352.58597],[0.         0.         0.         ... 0.06676502 0.         0.        ],4,1,3,348
[0.22940265 0.01645592 0.06481057 ... 0.05860764 0.24006571 0.25094378],[266.89697 255.62224 277.40002 ... 269.01163 281.93304 278.40222],[309.39407 293.78326 310.66504 ... 302.8473  318.8867  312.97537],[278.2437  261.3851  279.67096 ... 270.89087 284.63403 281.61124],[0.        0.        0.        ... 0.0430891 0.        0.       ],4,1,3,349
[0.20917465 0.4565061  0.434935   ... 0.11686446 0.10144018 0.20699348],[238.65823 269.76642 249.12996 ... 209.34674 212.8937  209.03712],[385.49536 446.29166 448.51852 ... 394.81482 384.30093 363.99075],[330.50336 387.44604 388.09073 ... 335.8729  328.42416 311.3831 ],[0.05423864 0.         0.         ... 0.         0.         0.        ],4,1,3,350
[0.39894512 0.         0.16537708 ... 0.33046797 0.25188458 0.02403746],[228.84578 203.60204 224.93678 ... 245.41415 244.60861 206.54251],[358.2455  299.5928  339.67065 ... 377.98804 350.5509  297.7006 ],[311.76727 255.63258 292.81274 ... 331.75342 305.05002 252.91403],[0. 0. 0. ... 0. 0. 0.],4,1,3,351
[0.04740234 0.01363215 0.15554248 ... 0.09400547 0.20738831 0.17188562],[216.79248 219.39749 254.11618 ... 242.49696 238.04231 233.2674 ],[284.2398  278.09692 309.5     ... 314.32144 312.38266 291.7143 ],[255.48488 249.47836 279.40442 ... 283.8525  281.00363 260.46646],[0.        0.0313905 0.        ... 0.        0.        0.       ],4,1,3,352
[0.44300672 0.13651395 0.4317487  ... 0.10053635 0.23508397 0.10710917],[301.5437  271.33817 330.80682 ... 289.8376  311.51385 269.8411 ],[326.54053 306.86487 373.44595 ... 321.55405 344.22296 298.19595],[289.05505 268.9253  335.29236 ... 280.84457 304.29074 256.68185],[0.         0.         0.         ... 0.02143595 0.         0.        ],4,1,3,353
[0.32502082 0.3141463  0.15375672 ... 0.42418045 0.15878433 0.13026667],[293.41196 312.9525  314.86865 ... 389.30508 324.77475 298.4386 ],[394.2034  433.03955 400.68362 ... 508.77966 427.      403.68927],[336.1561  369.12897 338.07516 ... 442.8875  362.1871  341.6904 ],[0. 0. 0. ... 0. 0. 0.],4,1,3,354
"[ 0.1827328   0.14957954  0.15240173 ...  0.15751916 -0.01113145
  0.2447453 ]",[241.69507 201.75682 220.76764 ... 212.32306 196.92854 218.56946],[367.72092 379.88953 380.56976 ... 380.00583 337.15115 388.40115],[322.34137 330.10883 331.29462 ... 333.66364 285.7674  341.63696],[0.        0.        0.        ... 0.        0.0270372 0.       ],4,1,3,355
"[ 0.4536879   0.12473682  0.12075918 ... -0.02829396  0.15352514
  0.11088911]",[199.50545 165.69293 159.4163  ... 131.81346 158.43361 148.15169],[351.92062 302.42856 320.10583 ... 271.43915 303.9312  290.56613],[330.1671  280.77396 298.2981  ... 251.37164 282.02213 267.09476],[0. 0. 0. ... 0. 0. 0.],4,1,3,356
[0.10719737 0.23443747 0.05314061 ... 0.16056614 0.01780442 0.03547706],[247.79683 281.7023  251.20972 ... 330.81635 285.88354 290.0855 ],[274.27026 314.1689  284.89865 ... 367.27704 324.56082 321.3446 ],[254.80533 294.19678 262.5782  ... 344.17154 303.03967 298.83344],[0. 0. 0. ... 0. 0. 0.],4,1,3,357
[0.3977882  0.48682952 0.25433335 ... 0.02627722 0.21373315 0.31735525],[287.15182 309.1523  278.9231  ... 270.27783 314.74588 280.52444],[399.7724  427.7793  390.34482 ... 370.13104 414.2138  376.7655 ],[358.63782 391.19    351.8748  ... 325.39786 371.16953 335.94424],[0.         0.         0.         ... 0.         0.05536079 0.        ],4,1,3,358
"[ 0.21343903 -0.08467977  0.43731892 ...  0.14595999  0.09805325
  0.12794536]",[273.56088 246.56291 365.18982 ... 319.91818 291.89478 279.935  ],[312.1761  275.7044  407.8365  ... 359.28302 328.3522  331.50943],[242.23335 208.29648 334.8359  ... 288.3195  261.8237  262.71426],[0.         0.05316679 0.         ... 0.         0.         0.        ],4,1,3,359
[0.11942724 0.18230094 0.10221943 ... 0.12507136 0.2413277  0.28930324],[286.2774  326.12875 313.76395 ... 311.17627 315.45917 320.29724],[362.2771  408.71085 390.8253  ... 416.83734 411.3253  398.7771 ],[282.59775 326.0601  309.00323 ... 334.50302 333.10382 314.3381 ],[0. 0. 0. ... 0. 0. 0.],4,1,3,360
[0.28042123 0.03316352 0.         ... 0.11032447 0.35384125 0.        ],[278.35178 262.71033 257.31323 ... 290.20416 324.35385 226.78351],[320.04166 303.44644 299.25    ... 324.63095 375.04166 264.75   ],[295.62567 276.64124 272.4371  ... 296.43015 347.18115 235.61188],[0.         0.         0.         ... 0.02648611 0.         0.        ],4,1,3,361
"[ 0.3940025   0.22151886 -0.14420417 ...  0.26233402 -0.10487898
  0.26659742]",[314.75946 325.01898 269.16913 ... 342.6209  260.30347 307.86035],[339.61905 347.86395 297.42856 ... 373.4966  285.10886 337.59183],[295.49744 300.7872  245.60005 ... 326.54965 238.37108 293.51447],[0. 0. 0. ... 0. 0. 0.],4,1,3,362
"[ 0.3065834   0.11901689 -0.01433031 ...  0.05426338  0.01164254
  0.15086488]",[308.8245  281.9645  259.05185 ... 261.61945 267.15387 292.897  ],[350.99066 325.04205 298.44394 ... 321.18692 304.41122 335.8972 ],[324.5271  297.50757 269.3907  ... 288.23096 274.3329  306.63885],[0. 0. 0. ... 0. 0. 0.],4,1,3,363
[0.2581599  0.04645078 0.21173553 ... 0.16755754 0.10404459 0.47853243],[322.4245  287.49765 330.63458 ... 338.67206 320.57996 341.18103],[327.82068 292.8     342.16553 ... 352.83447 331.81378 356.13794],[301.6492  265.1617  313.291   ... 326.32343 304.87686 330.39215],[0.         0.         0.03968837 ... 0.         0.0553613  0.        ],4,1,3,364
"[ 0.37594184  0.11559535 -0.1213642  ...  0.10875688  0.23562558
  0.        ]",[340.6507  317.1869  272.37744 ... 359.05478 369.0373  310.2123 ],[395.04858 366.3846  311.32794 ... 405.97977 431.63968 352.44534],[347.82935 316.16583 259.09335 ... 353.77655 378.951   301.78198],[0. 0. 0. ... 0. 0. 0.],4,1,3,365
"[ 0.22073196  0.22526944 -0.02179641 ...  0.14087752  0.25567773
  0.01048991]",[279.42294 313.75952 268.24237 ... 284.06223 290.89658 247.60695],[346.3172  382.543   323.7957  ... 360.60214 377.1183  314.2097 ],[312.8516  347.85745 289.1187  ... 324.72275 342.61475 276.834  ],[0. 0. 0. ... 0. 0. 0.],4,1,3,366
"[ 0.30026832 -0.05371877  0.12390179 ... -0.08596582  0.23713855
  0.2813807 ]",[337.85272 293.58408 346.46295 ... 301.3228  379.49634 362.83228],[406.7097  353.42395 402.2765  ... 364.76498 448.68665 418.86636],[335.99945 281.08347 323.63147 ... 290.15585 372.11374 347.28683],[0.         0.         0.         ... 0.         0.04980827 0.        ],4,1,3,367
"[ 0.          0.03172738  0.09302043 ... -0.05206577  0.16601685
  0.10767506]",[233.26498 239.96411 259.99814 ... 239.66457 292.05356 262.35495],[257.98114 277.91196 295.36478 ... 270.478   317.7673  291.03775],[226.67686 247.6061  264.32996 ... 238.61615 283.79456 258.88577],[0.         0.         0.         ... 0.02242065 0.         0.        ],4,1,3,368
[0.19694912 0.1737981  0.00604253 ... 0.11003389 0.22407019 0.3362023 ],[272.40875 293.87604 269.56042 ... 302.26782 307.59857 315.1371 ],[293.6316  311.1184  288.25    ... 323.42105 327.98026 335.2434 ],[240.31154 259.83423 233.741   ... 267.73428 274.6303  281.5191 ],[0.         0.         0.         ... 0.         0.04215513 0.        ],4,1,3,369
[0.05772648 0.12447575 0.21905631 ... 0.01974618 0.36841953 0.43282798],[302.1711  341.3522  370.5651  ... 325.9431  376.03976 359.53006],[364.6587  384.23352 411.01196 ... 380.07785 429.2994  411.31735],[298.70795 318.18594 342.89276 ... 311.16672 352.5032  342.64008],[0.         0.         0.         ... 0.07078161 0.         0.        ],4,1,3,370
[0.26650178 0.2237817  0.03939869 ... 0.         0.25796497 0.09465547],[316.783   337.90912 296.1309  ... 344.4826  368.46454 301.97684],[330.06805 360.7906  319.98953 ... 361.90576 385.3822  321.2513 ],[271.06088 295.01227 257.86255 ... 290.12436 319.40598 256.81558],[0.         0.         0.         ... 0.03521348 0.         0.        ],4,1,3,371
[0.21140659 0.48317775 0.0598047  ... 0.1707754  0.14453444 0.08956428],[243.76543 327.21393 238.51291 ... 275.2483  266.72147 258.57266],[331.08966 412.65518 331.89655 ... 391.26205 376.11035 343.82758],[296.62863 374.77274 296.02197 ... 354.15012 339.41626 302.3479 ],[0. 0. 0. ... 0. 0. 0.],4,1,3,372
[0.35405105 0.0298205  0.49585113 ... 0.05858546 0.52492934 0.14239973],[373.52664 324.77444 397.9039  ... 338.52393 425.20935 325.8822 ],[420.28    368.78    483.54    ... 378.62668 489.74667 368.19333],[358.21588 302.00296 416.6552  ... 316.4583  429.95667 306.0301 ],[0.         0.04309207 0.         ... 0.05213415 0.         0.        ],4,1,3,373
[0.         0.27007386 0.22226143 ... 0.56488407 0.38630474 0.2354684 ],[231.08662 283.8136  273.1368  ... 357.52664 323.86713 288.56543],[276.05646 346.76614 342.03226 ... 439.75    386.75    347.9516 ],[235.1476  304.34604 295.76282 ... 391.01163 344.56143 304.70038],[0.04388342 0.         0.         ... 0.         0.         0.        ],4,1,3,374
[0.400576   0.2023773  0.2501799  ... 0.21878082 0.09466213 0.00198521],[318.39307 308.45874 316.88358 ... 334.441   308.22934 303.9269 ],[367.46155 370.5799  382.46155 ... 416.15384 378.6154  357.70413],[319.2244  313.81476 329.78104 ... 364.1509  325.04324 302.27573],[0. 0. 0. ... 0. 0. 0.],4,1,3,375
[0.27455634 0.1747684  0.4493339  ... 0.09574471 0.21594064 0.        ],[265.7715  247.91504 309.1023  ... 251.58632 272.21954 233.51978],[302.82877 285.5959  346.3904  ... 295.85617 317.23288 263.75342],[267.60233 251.3053  308.91064 ... 258.84293 282.4048  228.13599],[0. 0. 0. ... 0. 0. 0.],4,1,3,376
[0.216706   0.11379537 0.24811    ... 0.39389852 0.17926066 0.52590597],[351.36667 361.27335 395.36    ... 470.50665 394.32    472.97333],[351.36667 361.27335 395.36    ... 470.50665 394.32    472.97333],[306.1121  311.80878 349.4944  ... 418.59308 343.65753 422.8864 ],[0.         0.         0.         ... 0.         0.04538436 0.        ],4,1,3,377
[0.2814961  0.56190014 0.36880508 ... 0.03883073 0.08992687 0.21115251],[418.03467 489.48758 414.93246 ... 375.3548  370.07568 395.32214],[431.17123 512.548   465.50684 ... 390.26028 399.18494 416.26712],[387.22412 469.69443 422.22784 ... 350.64062 358.8188  376.51508],[0.         0.         0.06940161 ... 0.         0.         0.        ],4,1,3,378
"[ 0.3875789   0.1142828   0.04453668 ...  0.19931127 -0.00463488
  0.15494007]",[423.82733 374.1079  359.5036  ... 342.70505 297.06476 319.48203],[423.82733 374.1079  359.5036  ... 342.70505 297.06476 319.48203],[357.9165  301.0183  286.4395  ... 274.3869  225.58961 252.03409],[0. 0. 0. ... 0. 0. 0.],4,1,3,379
"[ 0.25932372 -0.12262908  0.3128897  ... -0.02953336  0.07993916
  0.36251473]",[296.34268 263.38812 353.33093 ... 293.3743  303.9174  339.71045],[374.34073 321.2963  434.54074 ... 356.85184 371.34073 425.93332],[326.72513 269.35828 379.96777 ... 299.8654  318.77222 367.229  ],[0.         0.         0.         ... 0.         0.04972519 0.        ],4,1,3,380
[0.4572389  0.24165195 0.22543874 ... 0.24934448 0.10311002 0.46605575],[422.21506 403.68118 395.5698  ... 404.2791  357.57492 419.49786],[448.84314 429.5621  432.86273 ... 433.67975 386.86273 461.9085 ],[417.81866 397.5436  400.164   ... 396.7572  352.18973 427.52426],[0.        0.        0.        ... 0.        0.0467889 0.       ],4,1,3,381
[0.13766956 0.11996362 0.30488852 ... 0.13209715 0.04896081 0.34082264],[260.5959  299.06754 333.80658 ... 281.15558 252.64091 299.85837],[326.33743 356.74847 403.86502 ... 356.7178  315.9448  376.5399 ],[264.0886  297.61392 341.81097 ... 293.31018 252.07655 310.3985 ],[0.         0.         0.         ... 0.         0.04481715 0.        ],4,1,3,382
[0.20969413 0.10327642 0.12741743 ... 0.168778   0.19862992 0.15388167],[278.0995  273.61365 272.82275 ... 305.40747 304.7789  271.74817],[319.8191  313.66833 326.46735 ... 366.3417  349.64825 316.18594],[271.12177 264.31448 274.36392 ... 313.01825 300.3504  264.94507],[0. 0. 0. ... 0. 0. 0.],4,1,3,383
[0.10422062 0.08187255 0.05898566 ... 0.         0.10398863 0.15009086],[299.8969  316.41534 336.36972 ... 313.34875 347.41064 349.64572],[314.66867 335.93976 351.90964 ... 336.494   361.03613 361.90363],[255.0917  275.53238 287.83115 ... 278.76624 297.86298 300.43787],[0. 0. 0. ... 0. 0. 0.],4,1,3,384
[0.05669548 0.19510268 0.36497188 ... 0.07270498 0.21585244 0.00948816],[288.4198  326.90692 367.41937 ... 325.2938  361.0153  311.09497],[292.0238  329.05356 373.66666 ... 331.33334 363.35715 314.52975],[232.95233 271.85342 314.3128  ... 271.45392 301.05228 255.69048],[0. 0. 0. ... 0. 0. 0.],4,1,3,385
"[ 0.10588078  0.06672205 -0.06672205 ...  0.25749347  0.35164642
  0.46603397]",[280.5452  277.46793 275.19693 ... 310.1507  322.92365 335.88055],[284.53333 281.45456 280.9818  ... 319.97577 327.99393 341.08484],[231.16689 226.87198 223.51982 ... 262.69507 272.1781  279.83563],[0.         0.         0.         ... 0.         0.03712765 0.        ],4,1,3,386
"[1.1137822e-01 1.5091415e-01 3.8378639e-04 ... 2.7121595e-01 1.8520418e-01
 5.0069815e-01]",[152.7242  201.35234 182.53271 ... 200.14888 191.18002 224.9379 ],[289.8684  325.42764 310.29605 ... 361.48685 327.3487  383.5658 ],[258.6996  293.871   277.81015 ... 328.50928 295.16226 350.04208],[0.         0.         0.         ... 0.         0.04676699 0.        ],4,1,3,387
[1.4168189  1.5284684  1.3681649  ... 0.5895192  0.94059354 1.1355249 ],[594.72  626.408 610.416 ... 504.024 581.968 538.32 ],[594.72  626.408 610.416 ... 504.024 581.968 538.32 ],[517.08496 553.67004 536.05634 ... 425.96454 504.78796 464.87076],[0.         0.         0.         ... 0.         0.04535379 0.        ],4,1,3,388
"[ 0.13760975  0.08744089  0.2624781  ... -0.07416114  0.06416489
  0.33789137]",[359.92654 358.6271  401.71185 ... 354.51978 395.2938  418.03955],[359.92654 358.6271  401.71185 ... 354.51978 395.2938  418.03955],[301.2179  301.11557 349.25153 ... 298.02505 334.36642 363.38977],[0.         0.         0.         ... 0.         0.04956202 0.        ],4,1,3,389
[0.1052781  0.14117509 0.10805273 ... 0.04585816 0.06944516 0.        ],[278.4569  287.2845  297.17093 ... 300.28864 293.10724 265.4147 ],[298.08    318.32    318.84    ... 313.17334 314.65332 288.41333],[269.83185 288.95285 289.165   ... 283.55045 285.04443 259.27283],[0. 0. 0. ... 0. 0. 0.],4,1,3,390
[0.04899241 0.01201629 0.2148603  ... 0.05342893 0.21798241 0.00668643],[142.59349 135.69763 174.59166 ... 125.7631  199.54012 149.54356],[294.8674  294.54144 338.05524 ... 311.558   346.56906 294.75137],[254.5343  252.11711 295.143   ... 267.58694 301.19986 251.72208],[0.         0.02611183 0.         ... 0.         0.         0.        ],4,1,3,391
"[ 0.30496755  0.24399449  0.15549394 ... -0.09582735  0.22383648
  0.37205532]",[297.1844  288.95035 288.1915  ... 254.61702 316.40427 321.9078 ],[297.1844  288.95035 288.1915  ... 254.61702 316.40427 321.9078 ],[260.52118 252.9253  249.26929 ... 218.27133 278.15234 287.46774],[0.         0.         0.         ... 0.         0.05488005 0.        ],4,1,3,392
"[ 0.33830792 -0.14219686 -0.05521767 ...  0.06116842  0.05291514
  0.11032004]",[328.92862 290.8897  316.5762  ... 354.135   342.55222 335.50684],[346.09637 301.0482  330.7711  ... 367.8554  358.63254 344.1265 ],[291.1784  241.33472 277.0583  ... 307.64618 304.3881  289.68314],[0. 0. 0. ... 0. 0. 0.],4,1,3,393
[0.02838826 0.11087068 0.03248154 ... 0.06443673 0.10728929 0.06080835],[187.41785 210.75821 213.4164  ... 244.4941  245.42947 218.30244],[256.65533 279.14563 286.32526 ... 316.00485 325.09222 286.10193],[223.89214 248.6495  253.83138 ... 282.52032 291.3058  253.39056],[0. 0. 0. ... 0. 0. 0.],4,1,3,394
[0.5865396  0.08285191 0.16706541 ... 0.09291513 0.1271603  0.24786003],[420.42514 369.95807 397.23352 ... 383.88025 387.21558 389.1437 ],[420.42514 369.95807 397.23352 ... 383.88025 387.21558 389.1437 ],[342.13577 292.37494 315.1033  ... 298.23846 305.86462 307.96555],[0. 0. 0. ... 0. 0. 0.],4,1,3,395
"[ 0.          0.04638606  0.21208876 ...  0.16283502 -0.03164883
  0.21269897]",[223.28952 227.72583 255.67311 ... 259.13702 224.34409 244.00877],[288.2903  313.7258  351.0269  ... 337.3441  285.5     328.49463],[254.51207 279.52206 316.97495 ... 302.6748  250.37022 295.7491 ],[0.         0.03622599 0.         ... 0.         0.         0.        ],4,1,3,396
[0.4308066  0.         0.33804744 ... 0.22917432 0.10339968 0.06437284],[277.38596 236.40082 289.97003 ... 277.81137 257.19168 250.13708],[327.79013 275.6605  340.40125 ... 326.4753  301.07407 288.62344],[280.97922 227.96112 295.94473 ... 276.34723 251.5628  240.40938],[0. 0. 0. ... 0. 0. 0.],4,1,3,397
"[3.9514736e-04 1.3826747e-01 8.6942799e-02 ... 1.7263059e-01 2.6312450e-01
 6.2473357e-01]",[323.81854 361.19574 365.14795 ... 404.5371  429.50305 441.80167],[345.7378  379.57318 385.45123 ... 443.94513 444.65854 465.52438],[289.66632 323.81366 323.79056 ... 384.8347  386.7496  404.8558 ],[0.         0.         0.03439307 ... 0.         0.08554012 0.        ],4,1,3,398
[0.42100567 0.17598772 0.         ... 0.10062978 0.5866233  0.1403243 ],[320.89114 302.33334 286.4694  ... 320.61905 407.63266 291.45578],[320.89114 302.33334 286.4694  ... 320.61905 407.63266 291.45578],[262.2554  240.22176 226.0105  ... 258.2417  344.99078 226.93051],[0.         0.         0.         ... 0.06348484 0.         0.        ],4,1,3,399
"[ 0.30824023  0.06704694  0.06958086 ... -0.07730991  0.13124247
  0.10561579]",[383.6955  355.8914  351.45438 ... 317.29865 365.5544  337.17712],[396.84473 358.55902 360.44098 ... 322.1615  368.59628 343.90683],[362.99353 322.54926 325.26907 ... 288.4134  333.3033  309.9213 ],[0.         0.         0.04832032 ... 0.         0.         0.        ],4,1,3,400
"[ 0.31636575  0.19449238 -0.00587254 ...  0.23494242  0.33377698
  0.32003468]",[289.02493 279.7472  244.66081 ... 306.54993 297.9312  284.8983 ],[290.29324 280.9925  245.82707 ... 307.78195 303.42105 286.     ],[266.25003 257.98602 222.13762 ... 283.9085  280.071   262.40213],[0.         0.         0.         ... 0.07119527 0.         0.        ],4,1,3,401
"[ 0.33017057  0.11197171  0.2728486  ... -0.07596624  0.1439183
  0.07929989]",[265.58978 254.17934 287.68207 ... 227.4158  242.04317 235.22354],[345.17487 311.59015 346.14755 ... 279.2623  312.541   279.67758],[297.8175  264.01083 299.82346 ... 232.47537 265.6739  235.5268 ],[0. 0. 0. ... 0. 0. 0.],4,1,3,402
"[ 0.16487662 -0.01566483  0.         ...  0.03055736  0.16769268
  0.484355  ]",[285.27673 260.78592 275.52112 ... 297.66602 331.59515 334.15942],[314.97684 286.4537  299.87964 ... 325.81946 356.67593 366.18982],[274.49005 242.56087 260.3338  ... 281.65628 311.04306 322.4005 ],[0.         0.         0.         ... 0.         0.07446216 0.        ],4,1,3,403
"[ 0.52341086  0.1119608   0.24586537 ... -0.02857614  0.18915637
  0.2493268 ]",[274.92905 260.7459  303.14438 ... 269.97614 298.4447  285.0846 ],[379.4889  339.90372 387.57037 ... 349.60742 396.88147 385.08148],[330.59836 288.97418 335.90845 ... 296.51294 342.36664 335.6223 ],[0.         0.         0.         ... 0.         0.03186987 0.        ],4,1,3,404
"[ 0.19132362  0.2670399  -0.01386032 ...  0.03748558  0.16454934
  0.40537357]",[290.47098 313.05624 259.5371  ... 284.93866 292.8859  322.9078 ],[332.56494 353.35715 297.53247 ... 321.46753 335.03247 361.75974],[290.59033 310.13403 254.76218 ... 274.26288 290.14224 316.38297],[0.         0.         0.         ... 0.         0.05280309 0.        ],4,1,3,405
[0.09070536 0.         0.24367008 ... 0.01634696 0.3022133  0.10494277],[260.3506  260.66666 317.5862  ... 267.37357 323.97125 258.81033],[260.3506  260.66666 317.5862  ... 267.37357 323.97125 258.81033],[221.57335 220.96928 276.84018 ... 226.71707 284.72882 220.34346],[0.         0.03361336 0.         ... 0.         0.         0.        ],4,1,3,406
"[ 0.19259438  0.17002863 -0.07244708 ... -0.03642366  0.25832975
  0.09853548]",[157.63705 185.11046 158.23642 ... 158.19662 213.7417  165.03792],[297.25198 327.77167 287.14172 ... 298.47244 362.8189  311.56693],[280.43518 309.00574 267.6494  ... 279.98798 344.2053  294.18054],[0.         0.         0.         ... 0.02074296 0.         0.        ],4,1,3,407
"[ 0.2101385   0.00791819 -0.24936722 ...  0.08229681  0.11905404
  0.5118925 ]",[301.505   299.7187  260.31686 ... 344.5293  371.88928 419.22943],[307.9758  318.92743 266.21774 ... 371.67743 377.9597  427.34677],[260.3813  268.43317 215.16652 ... 321.31445 328.99017 378.8601 ],[0.         0.         0.         ... 0.         0.07265834 0.        ],4,1,3,408
[0.         0.20043582 0.16352628 ... 0.00620675 0.03167367 0.5862697 ],[215.69533 285.2125  278.188   ... 226.32996 221.0751  300.12317],[262.58267 336.74014 337.31497 ... 280.9685  277.063   378.44882],[218.86192 293.0462  291.74826 ... 238.20183 231.06311 333.30118],[0.         0.         0.         ... 0.         0.08317664 0.        ],4,1,3,409
[0.10836744 0.18367721 0.0645201  ... 0.32634363 0.16967203 0.208261  ],[299.57272 346.94824 333.17447 ... 375.55325 339.3654  298.47797],[314.9244  354.77325 338.11047 ... 382.88953 345.16278 307.26746],[273.70102 312.4253  294.80493 ... 342.18704 305.8809  267.5358 ],[0. 0. 0. ... 0. 0. 0.],4,1,3,410
[0.3855623  0.11559165 0.43332928 ... 0.20449172 0.18946545 0.44426116],[252.4481  207.22968 240.65004 ... 242.44737 240.82741 288.98364],[344.7193  302.27194 351.9386  ... 335.92105 331.99124 368.94736],[298.3451  252.87102 311.48703 ... 289.43372 286.45645 325.7424 ],[0.         0.         0.         ... 0.         0.04425119 0.        ],4,1,3,411
"[ 0.22556193  0.14247124 -0.00256187 ...  0.17137066  0.5023236
  0.34007928]",[350.25302 338.60843 307.09036 ... 371.33734 448.91565 382.33133],[350.25302 338.60843 307.09036 ... 371.33734 448.91565 382.33133],[311.2833  295.46686 265.91565 ... 326.78384 404.99942 343.3407 ],[0.         0.         0.         ... 0.06114249 0.         0.        ],4,1,3,412
[0.11077287 0.00906615 0.01752643 ... 0.25141877 0.1811156  0.05822618],[224.81847 202.84122 206.66492 ... 287.20135 275.4322  253.2029 ],[309.13217 290.52875 298.5115  ... 390.21265 368.01724 326.8161 ],[275.69272 257.02002 264.95532 ... 352.21173 331.25128 290.54385],[0.         0.         0.03027742 ... 0.         0.         0.        ],4,1,3,413
[0.5461307  0.12833951 0.47676113 ... 0.01785828 0.08226138 0.60277176],[359.42856 323.3492  392.7037  ... 332.98413 329.61905 412.5238 ],[359.42856 323.3492  392.7037  ... 332.98413 329.61905 412.5238 ],[295.1083  256.28363 321.17215 ... 257.7064  253.24522 342.08798],[0.        0.        0.        ... 0.        0.0878461 0.       ],4,1,3,414
[0.02664981 0.09817812 0.16760096 ... 0.14058319 0.22990376 0.14818907],[215.32457 236.0352  231.75401 ... 241.59067 250.24347 222.1541 ],[318.2016  340.2097  355.9758  ... 365.14517 371.4516  333.9758 ],[287.4628  304.81845 320.97437 ... 335.9557  339.02985 300.9956 ],[0. 0. 0. ... 0. 0. 0.],4,1,3,415
[0.3007008  0.16868289 0.23136792 ... 0.03325791 0.07768698 0.1799556 ],[359.72626 330.87872 345.7324  ... 293.23456 291.6378  303.17715],[373.1     352.82352 368.80588 ... 316.44705 319.20587 324.31766],[338.35205 316.89795 333.1187  ... 279.84134 284.13748 291.68127],[0.         0.         0.02454174 ... 0.         0.02646788 0.        ],4,1,3,416
"[ 0.09296887  0.06933612 -0.08949724 ... -0.12193888 -0.01294773
  0.24969187]",[308.9148  321.51855 287.3075  ... 296.87756 305.28516 331.7063 ],[344.92624 361.19672 324.5082  ... 347.14755 331.83606 376.41803],[312.1809  328.40863 290.19955 ... 316.5606  301.82254 343.94513],[0.        0.        0.        ... 0.        0.0309315 0.       ],4,1,3,417
[0.27477577 0.06797455 0.08495109 ... 0.11836416 0.         0.19832763],[343.7444  307.6155  325.85248 ... 342.11688 300.5995  333.82626],[409.92105 371.4421  384.99475 ... 413.64212 369.48947 387.68948],[330.41333 290.69678 300.71033 ... 327.11154 289.65588 307.68634],[0. 0. 0. ... 0. 0. 0.],4,1,3,418
"[ 0.28507414  0.00259996 -0.00259996 ... -0.00990643  0.09950963
  0.12707068]",[293.61765 262.73663 265.96005 ... 257.78174 279.42517 273.52615],[307.59302 271.22675 274.63953 ... 266.30814 286.81396 280.03488],[254.37453 219.88812 222.3504  ... 212.85023 233.56247 227.8048 ],[0. 0. 0. ... 0. 0. 0.],4,1,3,419
"[ 0.22860655  0.30533737 -0.02012209 ...  0.06441317  0.58023065
  0.        ]",[266.35934 298.44653 241.38684 ... 245.28061 345.47202 195.44392],[366.08667 396.03333 329.32    ... 330.67334 434.65332 286.11334],[327.95526 358.0147  286.9455  ... 293.64594 396.97266 251.55312],[0.         0.         0.         ... 0.05476288 0.         0.        ],4,1,3,420
[0.16629371 0.0691647  0.01525744 ... 0.15857464 0.0507017  0.13734493],[286.15952 283.48373 277.42136 ... 306.28882 295.4581  295.99655],[328.04938 328.23456 323.2037  ... 365.7037  340.83334 344.9753 ],[275.30878 278.73932 268.47543 ... 316.16815 287.3167  288.6467 ],[0. 0. 0. ... 0. 0. 0.],4,1,3,421
"[ 0.25550026 -0.10432856  0.0079807  ...  0.24937618  0.30603367
  0.2022409 ]",[253.00977 222.75845 249.85855 ... 274.53967 283.53372 238.95126],[279.50314 246.67924 272.6415  ... 301.50314 308.7044  270.7107 ],[241.81752 207.65627 235.05675 ... 263.76877 267.28876 232.95709],[0.         0.         0.02598011 ... 0.         0.         0.        ],4,1,3,422
[0.24854362 0.15885684 0.34312537 ... 0.15447536 0.44302315 0.5530888 ],[317.74963 334.10797 325.55814 ... 305.11395 341.99533 334.58228],[441.70422 416.5845  468.17606 ... 427.11972 472.5845  463.3521 ],[375.08514 355.0621  403.52438 ... 365.0063  412.47144 404.71954],[0.         0.         0.03749099 ... 0.09107052 0.         0.        ],4,1,3,423
[0.13046826 0.03419695 0.22405642 ... 0.15045169 0.43961105 0.        ],[363.58044 345.64587 396.06128 ... 384.3416  445.69763 336.64404],[378.85394 361.71347 414.51685 ... 403.55618 473.47754 351.08426],[325.92123 308.92538 357.03506 ... 346.40317 416.11972 297.01297],[0.        0.        0.        ... 0.0407498 0.        0.       ],4,1,3,424
"[ 0.14040719  0.11485751  0.15787368 ... -0.00163315  0.20050527
  0.11459545]",[286.64087 279.01126 313.46143 ... 306.80237 350.73834 308.81995],[331.7     323.57333 352.04    ... 354.23334 400.73334 365.71335],[254.13263 253.2407  273.71298 ... 273.807   321.50244 288.2793 ],[0. 0. 0. ... 0. 0. 0.],4,1,3,425
[0.28968003 0.20523801 0.530079   ... 0.22978175 0.27592668 0.1485207 ],[315.18817 341.8284  404.8984  ... 352.63412 370.02502 307.28503],[408.14285 405.33084 496.78195 ... 452.66165 455.9699  393.3684 ],[372.44812 368.24524 458.77646 ... 413.49368 413.5496  357.96262],[0. 0. 0. ... 0. 0. 0.],4,1,3,426
"[ 0.04533983  0.22909655 -0.04383743 ...  0.          0.08056882
  0.        ]",[279.50336 317.46307 278.8255  ... 279.1745  296.8926  258.2886 ],[279.50336 317.46307 278.8255  ... 279.1745  296.8926  258.2886 ],[229.98795 268.96896 229.25627 ... 231.52122 243.696   209.20854],[0. 0. 0. ... 0. 0. 0.],4,1,3,427
"[ 0.02958934  0.20788816  0.1831464  ...  0.4119597  -0.09311494
  0.37820905]",[312.14005 355.9157  359.0895  ... 388.02213 271.74582 361.48373],[313.29443 360.9222  360.19446 ... 392.9889  274.59445 363.0111 ],[261.4683  306.79962 303.1883  ... 338.72644 222.25659 306.31604],[0.         0.         0.         ... 0.         0.03065704 0.        ],4,1,3,428
"[ 0.21104647  0.090989   -0.00288922 ...  0.10307435  0.2575002
  0.43636417]",[403.66232 376.987   370.47403 ... 406.5844  432.03247 433.03247],[403.66232 376.987   370.47403 ... 406.5844  432.03247 433.03247],[323.34714 299.37543 286.97275 ... 322.26416 341.78387 350.21112],[0.         0.         0.04983708 ... 0.         0.05182644 0.        ],4,1,3,429
"[ 0.11965916 -0.08460223  0.10852689 ... -0.00445104  0.16436662
  0.0097559 ]",[241.05833 211.60213 259.82913 ... 256.44272 271.08295 238.88876],[279.13333 260.85    302.9     ... 290.22778 326.97778 283.6389 ],[258.61768 241.58316 283.40198 ... 271.45624 307.0593  264.86853],[0.         0.         0.02402541 ... 0.         0.         0.        ],4,1,3,430
"[ 0.25899488  0.01287815  0.26077935 ... -0.01333622  0.33994764
  0.3212469 ]",[360.3325  331.80148 393.92633 ... 328.7328  376.82443 382.09753],[389.28162 350.38507 417.93677 ... 351.75287 436.13217 422.50574],[306.78812 259.6016  325.30017 ... 266.1713  342.39743 330.5672 ],[0.         0.         0.         ... 0.05401963 0.         0.        ],4,1,3,431
"[ 0.09531745  0.02160214  0.2046739  ...  0.3838053  -0.04802064
  0.14336963]",[221.30095 215.7465  247.29364 ... 324.91653 231.29457 268.1893 ],[278.85715 284.31216 332.6931  ... 409.33862 303.9365  333.38095],[228.81174 235.73196 281.37195 ... 352.79785 252.55145 282.8009 ],[0.         0.02951685 0.         ... 0.         0.         0.        ],4,1,3,432
"[ 0.11985744  0.05804641 -0.07049276 ...  0.37613526  0.08646173
  0.12893729]",[294.77646 298.19412 277.6706  ... 380.3294  308.04117 304.19412],[294.77646 298.19412 277.6706  ... 380.3294  308.04117 304.19412],[246.4439  247.03954 228.94417 ... 324.3878  253.86098 249.24649],[0. 0. 0. ... 0. 0. 0.],4,1,3,433
"[ 0.23243572 -0.00578956  0.2557104  ...  0.33957696  0.11219814
  0.15080488]",[248.50093 213.19722 261.45554 ... 289.01355 231.18437 225.12198],[319.51706 274.3409  333.9375  ... 373.36365 320.23865 299.17615],[272.32272 224.17166 286.96588 ... 320.71448 268.17316 248.98636],[0.         0.         0.03247882 ... 0.         0.         0.        ],4,1,3,434
"[ 0.31117362  0.09739525  0.15343781 ... -0.00582011  0.06161083
  0.28075993]",[385.95258 363.94772 381.79742 ... 355.03006 376.68924 414.97363],[419.37778 384.63333 403.9889  ... 377.32224 403.8389  435.71667],[358.4312  320.74243 334.795   ... 315.0989  331.17487 369.99878],[0.         0.         0.06062615 ... 0.         0.         0.        ],4,1,3,435
"[ 0.          0.14274402  0.34054688 ... -0.16459155  0.1052688
  0.3119816 ]",[267.03665 311.52582 346.63928 ... 282.46255 337.61548 345.14536],[280.3897  322.02942 366.60294 ... 294.58087 356.68384 360.19116],[237.97589 279.81583 325.92694 ... 253.89725 310.71072 317.30603],[0.         0.03363247 0.         ... 0.         0.03776109 0.        ],4,1,3,436
"[ 0.18036263  0.11647335 -0.01406381 ...  0.01769449  0.090716
  0.02280787]",[233.39624 246.42715 238.66747 ... 272.3272  264.01984 260.1998 ],[295.47018 302.      281.8543  ... 320.1523  329.45694 306.49667],[256.4316  261.42587 240.93214 ... 278.51825 285.84918 266.52954],[0. 0. 0. ... 0. 0. 0.],4,1,3,437
"[ 0.30943528  0.4200975  -0.05628503 ...  0.02392384  0.04552969
  0.04085427]",[352.7404  384.62018 292.86057 ... 322.41827 327.62018 313.96634],[352.7404  384.62018 292.86057 ... 322.41827 327.62018 313.96634],[312.2698  343.14407 250.78368 ... 281.39636 281.0189  273.2812 ],[0. 0. 0. ... 0. 0. 0.],5,1,3,0
"[ 0.04757607  0.05719807 -0.02398385 ...  0.11932923 -0.03806071
  0.05645327]",[269.67407 275.38095 268.14478 ... 314.3506  283.4579  299.63495],[293.51596 296.70746 290.56384 ... 349.2553  309.46808 327.90958],[267.5587  270.10394 263.7952  ... 321.36887 281.54376 301.83884],[0. 0. 0. ... 0. 0. 0.],5,1,3,1
[0.16028464 0.01979897 0.18971649 ... 0.04533249 0.11074159 0.15252203],[271.51572 281.522   318.79245 ... 302.24527 306.08176 310.08804],[271.51572 281.522   318.79245 ... 302.24527 306.08176 310.08804],[231.93983 239.91988 278.45657 ... 263.35928 267.68063 270.1929 ],[0.         0.02430311 0.         ... 0.02491027 0.         0.        ],5,1,3,2
[0.4717199  0.17446142 0.13874462 ... 0.15884756 0.07671104 0.08843157],[314.90656 297.41614 299.83102 ... 339.12656 314.84583 309.80328],[336.70514 320.34616 320.82053 ... 364.5     339.84616 338.82693],[275.9182  251.58943 252.11755 ... 299.58243 274.37836 273.2983 ],[0. 0. 0. ... 0. 0. 0.],5,1,3,3
"[ 0.02982664  0.04852656  0.05016401 ... -0.08692103  0.06171906
  0.09062389]",[287.75238 285.73862 298.45404 ... 279.0192  308.78116 308.78278],[301.41278 307.09885 312.78488 ... 294.5     327.51163 324.98837],[250.73325 258.59442 262.2893  ... 244.60086 276.46628 275.13705],[0. 0. 0. ... 0. 0. 0.],5,1,3,4
[0.30985    0.245195   0.1541894  ... 0.00801754 0.3064194  0.25452352],[286.1584  326.80515 327.975   ... 298.61865 345.79007 322.5849 ],[327.54443 365.35556 353.62222 ... 327.10556 389.47223 362.0611 ],[289.36597 323.93628 308.4229  ... 282.6911  346.87692 320.93475],[0.         0.         0.         ... 0.04072298 0.         0.        ],5,1,3,5
[0.5589899  0.2808401  0.26316285 ... 0.32796904 0.13888703 0.18301405],[309.17984 301.68857 318.60782 ... 349.93466 289.01413 307.63934],[365.18842 350.34784 354.82608 ... 391.82608 343.1087  342.9058 ],[317.8156  302.52084 308.58673 ... 341.70398 295.17496 298.4341 ],[0. 0. 0. ... 0. 0. 0.],5,1,3,6
"[ 0.21020612  0.04009853 -0.12790002 ...  0.5207342   1.118374
  0.63811606]",[238.08408 245.25974 216.43591 ... 348.34924 476.10938 347.1626 ],[315.66458 314.90063 285.0559  ... 449.24225 586.09937 472.62732],[271.1693  270.06674 237.49092 ... 401.91705 538.0287  427.40445],[0.         0.         0.03837222 ... 0.04312027 0.         0.        ],5,1,3,7
"[ 0.15478733  0.16099352  0.23886327 ...  0.1328218  -0.02170429
  0.02170429]",[273.3113  275.75354 274.37305 ... 241.61845 214.95976 213.32777],[312.82 334.65 358.85 ... 283.41 247.49 248.78],[304.5467  326.70972 350.87076 ... 275.1942  239.8146  241.3081 ],[0. 0. 0. ... 0. 0. 0.],5,1,3,8
[0.10060931 0.17813645 0.36886576 ... 0.08295079 0.126872   0.28541955],[262.86322 290.39853 325.39236 ... 273.6773  300.1956  313.98758],[297.05182 342.82382 390.87564 ... 333.6425  340.76685 372.65286],[260.84973 305.92563 348.57785 ... 296.75613 303.55533 334.01572],[0.04011548 0.         0.         ... 0.         0.04001973 0.        ],5,1,3,9
"[ 0.39379066  0.03829936  0.21864887 ... -0.04702269  0.00103356
  0.        ]",[292.8281  253.82187 290.89673 ... 258.82404 266.21774 260.7081 ],[326.731   289.2924  323.64328 ... 293.8772  297.6082  290.8655 ],[287.64978 247.63309 283.9972  ... 252.28381 254.18842 251.40643],[0. 0. 0. ... 0. 0. 0.],5,1,3,10
"[ 0.06900638  0.03200268  0.28457013 ... -0.03280135  0.07499495
  0.0696012 ]",[286.39813 298.95593 366.33615 ... 305.70108 333.12415 316.6049 ],[301.15952 315.91412 376.26993 ... 322.33743 346.25766 337.88956],[255.2326  269.44022 326.20422 ... 273.47687 292.04974 289.70245],[0. 0. 0. ... 0. 0. 0.],5,1,3,11
[0.47169685 0.04086032 0.18012    ... 0.20470354 0.13262753 0.17930606],[450.55023 394.5359  426.27753 ... 435.33014 419.13876 416.25836],[450.55023 394.5359  426.27753 ... 435.33014 419.13876 416.25836],[371.65366 303.96014 337.98608 ... 350.79312 329.6689  327.52063],[0. 0. 0. ... 0. 0. 0.],5,1,3,12
"[ 0.37698767  0.14130017  0.11360668 ... -0.06502917  0.18473957
  0.08123928]",[348.49667 316.27847 323.781   ... 301.6674  336.45212 310.30252],[362.35468 333.8473  331.76355 ... 309.97537 356.16257 327.87686],[312.80853 286.81152 281.41425 ... 254.16624 309.15747 277.78412],[0. 0. 0. ... 0. 0. 0.],5,1,3,13
"[ 0.0663988   0.1078366  -0.025116   ...  0.06187702 -0.10526748
  0.06176   ]",[320.6662  334.9697  317.70657 ... 374.92468 328.26096 363.2603 ],[341.41205 356.28644 337.01004 ... 389.07034 343.6985  379.46735],[289.9483  307.74905 282.4006  ... 334.06174 288.2496  328.81958],[0. 0. 0. ... 0. 0. 0.],5,1,3,14
[0.01748104 0.20629893 0.10538747 ... 0.         0.13547695 0.1615631 ],[211.87868 234.17842 232.26581 ... 202.43398 236.95172 234.35493],[260.08386 300.4129  286.45807 ... 272.81937 291.09033 287.30322],[227.09895 265.62207 253.5231  ... 239.36575 254.41588 255.18883],[0. 0. 0. ... 0. 0. 0.],5,1,3,15
[0.31077874 0.13508703 0.10176928 ... 0.17431371 0.03473668 0.19705965],[272.52502 225.08725 241.80486 ... 246.88316 236.74083 258.3791 ],[338.3672  307.77344 313.5625  ... 337.91406 308.76562 326.3125 ],[306.62482 271.3721  278.82477 ... 301.38336 271.24878 293.26254],[0. 0. 0. ... 0. 0. 0.],5,1,3,16
[0.11924732 0.32136753 0.03783271 ... 0.0983381  0.07801276 0.14127724],[284.8761  361.5729  298.52298 ... 302.94766 295.13785 296.16098],[327.4122  403.56488 337.73282 ... 344.19083 327.92368 343.2977 ],[294.09177 369.47363 303.21274 ... 307.968   295.92477 309.94864],[0. 0. 0. ... 0. 0. 0.],5,1,3,17
[0.2082175  0.26492602 0.19706027 ... 0.02650048 0.         0.        ],[366.44028 373.83728 361.72552 ... 331.78296 305.5053  314.57385],[393.7688  407.69943 404.1214  ... 366.89017 354.3237  351.2948 ],[333.74118 350.7733  338.79968 ... 306.87234 297.21033 295.55194],[0. 0. 0. ... 0. 0. 0.],5,1,3,18
"[ 0.42460105  0.         -0.15974078 ...  0.03689105  0.02497468
 -0.00643379]",[372.90054 288.92703 272.54276 ... 355.57828 350.38934 328.55237],[415.7255  331.06863 307.54413 ... 394.61273 390.0147  361.0098 ],[389.37628 304.96466 280.56097 ... 366.05734 359.35825 332.8716 ],[0.         0.         0.02450212 ... 0.         0.         0.        ],5,1,3,19
"[ 0.24526905 -0.1280645   0.1655532  ...  0.15560834  0.09522294
  0.        ]",[315.79462 268.87033 338.6874  ... 357.2378  337.72482 303.3473 ],[334.11856 286.78867 358.72165 ... 376.79382 364.7165  319.73196],[298.03598 252.32751 323.83755 ... 342.7066  325.54633 284.17413],[0. 0. 0. ... 0. 0. 0.],5,1,3,20
"[ 2.7789980e-01  4.6567005e-01  1.4211148e-01 ... -8.6327083e-02
  4.8456499e-05  0.0000000e+00]",[297.22055 340.7223  293.55756 ... 265.05368 288.1785  273.766  ],[337.9073  385.2119  338.72186 ... 300.6755  322.2384  319.52982],[295.88202 347.62616 295.78452 ... 259.86417 281.38187 280.05292],[0. 0. 0. ... 0. 0. 0.],5,1,3,21
[0.08861046 0.19848584 0.20047884 ... 0.13416424 0.22882318 0.24692957],[238.13615 259.16724 262.6979  ... 285.81757 291.48184 276.85898],[296.3841  319.19205 331.54306 ... 336.93378 346.07285 348.39072],[254.94232 279.5642  290.62692 ... 294.87744 305.70044 309.70178],[0.         0.         0.         ... 0.04659752 0.         0.        ],5,1,3,22
"[ 0.18995531  0.29557177 -0.07114828 ...  0.12539618  0.24834572
  0.11995779]",[340.76923 392.57437 303.9641  ... 382.44617 412.9436  362.93332],[340.76923 392.57437 303.9641  ... 382.44617 412.9436  362.93332],[295.74692 346.65887 261.40253 ... 337.47256 364.42383 319.23065],[0. 0. 0. ... 0. 0. 0.],5,1,3,23
"[ 0.0968961   0.07586259  0.06144214 ...  0.14670347 -0.00067695
 -0.17021555]",[245.32045 237.57008 241.88356 ... 288.8274  251.45215 220.67064],[277.09744 288.1846  284.2359  ... 325.27692 293.6564  248.48718],[247.38597 258.98605 257.21246 ... 294.88986 262.27768 219.54771],[0. 0. 0. ... 0. 0. 0.],5,1,3,24
"[ 0.3624546   0.27416703  0.02536754 ...  0.17440939 -0.00051846
  0.00523203]",[376.18616 376.32977 336.68085 ... 388.87766 351.17023 344.2447 ],[376.18616 376.32977 336.68085 ... 388.87766 351.17023 344.2447 ],[294.75482 291.01712 253.3611  ... 304.16943 262.703   258.94562],[0. 0. 0. ... 0. 0. 0.],5,1,3,25
"[ 0.36610875  0.21805651  0.15054336 ... -0.01208053  0.20133854
  0.24003877]",[360.75098 321.89798 332.6589  ... 303.0723  331.63657 349.33023],[428.06595 404.45605 403.6154  ... 369.03845 402.66483 410.25275],[387.92487 365.42752 362.6458  ... 330.26974 362.3344  370.46   ],[0.         0.         0.         ... 0.03841802 0.         0.        ],5,1,3,26
[0.09048791 0.         0.02286604 ... 0.0404366  0.09985965 0.03401167],[230.45538 232.77739 243.16756 ... 239.17557 248.25014 222.09471],[287.0059  288.1059  299.59412 ... 306.24118 312.98236 287.35294],[252.26863 253.29193 262.21054 ... 269.68185 276.34482 252.2464 ],[0. 0. 0. ... 0. 0. 0.],5,1,3,27
[0.34490645 0.6143767  0.11149568 ... 0.18451445 0.09871147 0.19830646],[353.92944 422.91788 322.2197  ... 385.96588 327.94574 338.802  ],[372.43454 444.19894 339.01047 ... 398.84293 353.15182 360.84293],[322.83334 391.53806 288.1994  ... 347.51413 300.90173 313.72165],[0. 0. 0. ... 0. 0. 0.],5,1,3,28
[0.         0.15746269 0.16861778 ... 0.14205965 0.0371178  0.18014169],[242.10352 286.957   292.1366  ... 281.97174 259.07083 287.23813],[264.58182 311.15756 312.96362 ... 310.2     286.93332 313.49698],[231.67026 277.2889  279.65466 ... 273.88965 249.9336  277.19843],[0. 0. 0. ... 0. 0. 0.],5,1,3,29
"[ 0.0661328   0.         -0.01901738 ...  0.1307691   0.19830492
  0.0443847 ]",[184.95766 178.14781 175.06757 ... 221.52144 237.20164 190.73157],[249.75706 240.76836 240.30508 ... 283.50848 297.27118 267.0678 ],[211.5828  201.04579 202.80405 ... 245.5157  257.64938 227.33786],[0.         0.         0.02204376 ... 0.         0.         0.        ],5,1,3,30
"[ 0.34618142  0.17646125 -0.08542003 ...  0.00716221  0.17281622
  0.17456663]",[324.05    321.19287 270.6     ... 302.55    336.12857 328.72858],[324.05    321.19287 270.6     ... 302.55    336.12857 328.72858],[278.50577 271.63394 221.76859 ... 254.21109 282.17908 273.94952],[0.         0.         0.         ... 0.02360584 0.         0.        ],5,1,3,31
"[ 0.12453984  0.05931721  0.11397481 ... -0.00265192  0.19075507
  0.15870288]",[256.58936 260.90497 269.38312 ... 265.62292 293.8521  288.3748 ],[287.7381  301.8095  315.60715 ... 298.5357  340.84525 330.77975],[259.4393  271.32608 285.74918 ... 268.20602 311.86465 300.68848],[0.         0.         0.         ... 0.02372375 0.         0.        ],5,1,3,32
[0.2834685  0.24125521 0.02785019 ... 0.0749299  0.17790721 0.20603418],[256.86383 255.76172 210.98035 ... 250.46892 261.9008  250.60861],[366.20947 371.0743  324.3919  ... 361.77704 382.96622 370.6554 ],[338.61902 343.40652 294.37906 ... 330.39484 353.66122 339.82794],[0.         0.         0.         ... 0.02931306 0.         0.        ],5,1,3,33
"[ 0.6514557   0.29698178  0.10617169 ... -0.02832929 -0.0293856
  0.50860333]",[421.71167 387.40012 344.67825 ... 341.20612 335.90182 464.5886 ],[434.08588 396.60736 357.9632  ... 346.8098  352.6871  471.01227],[380.58936 339.83514 301.7938  ... 294.2879  293.01764 414.49506],[0.         0.         0.         ... 0.         0.07457171 0.        ],5,1,3,34
"[ 0.04513042  0.20197308  0.20370673 ...  0.09221472 -0.04077157
  0.04125008]",[302.15457 339.09033 344.40503 ... 353.53445 315.46176 324.66974],[310.15555 348.3111  356.90668 ... 363.42667 332.23557 333.56   ],[262.56192 300.4269  307.98306 ... 311.19022 277.9901  284.5829 ],[0. 0. 0. ... 0. 0. 0.],5,1,3,35
[0.10068786 0.17394517 0.12491502 ... 0.11572556 0.0183994  0.23951967],[275.57812 304.25522 295.22916 ... 294.93228 265.47397 300.59897],[275.57812 304.25522 295.22916 ... 294.93228 265.47397 300.59897],[235.17435 262.13348 253.58061 ... 251.13988 222.7414  256.9129 ],[0. 0. 0. ... 0. 0. 0.],5,1,3,36
"[ 0.7671656   0.50720656  0.59604645 ... -0.08649366  0.
  0.08507715]",[503.34186 455.0188  487.33072 ... 332.54178 346.5833  353.66733],[525.4836  480.96243 507.78403 ... 341.57278 360.42722 368.12677],[452.23358 405.96252 427.00266 ... 264.35077 280.72852 295.44275],[0.         0.         0.08965876 ... 0.         0.         0.        ],5,1,3,37
[0.13184841 0.21152692 0.07542989 ... 0.03009354 0.1826945  0.26644883],[321.067   357.59988 343.0546  ... 329.8941  371.59937 374.08514],[334.01755 368.74854 351.193   ... 345.19882 383.89474 385.61404],[301.86578 336.7803  319.77563 ... 311.98114 350.5939  358.1634 ],[0.         0.         0.         ... 0.         0.04419234 0.        ],5,1,3,38
"[ 0.39085335  0.14333051 -0.19238384 ...  0.0871463   0.09944932
  0.26727593]",[231.72456 218.29294 160.89749 ... 204.97894 217.92615 227.78078],[354.10852 330.90698 271.97675 ... 297.60464 295.39536 329.71317],[337.17917 313.17114 254.99681 ... 278.04092 277.25122 312.76987],[0.         0.         0.         ... 0.         0.03345554 0.        ],5,1,3,39
"[ 0.10101616 -0.0291284   0.21303856 ...  0.07432018 -0.01236527
  0.12389088]",[365.82462 344.5195  411.72226 ... 413.79248 370.79633 391.41074],[385.42453 361.61792 451.5283  ... 434.96698 394.5236  414.5236 ],[304.12317 285.82462 372.2352  ... 348.25217 308.41373 332.29562],[0. 0. 0. ... 0. 0. 0.],5,1,3,40
"[ 0.3310323   0.07721996  0.12212916 ... -0.04400712  0.21303745
  0.04887734]",[299.35852 262.07062 289.09653 ... 247.84488 284.00815 254.7376 ],[313.89758 274.2229  299.74097 ... 258.8253  303.7711  267.0723 ],[278.07547 237.29494 261.24466 ... 221.76057 267.84302 231.35063],[0. 0. 0. ... 0. 0. 0.],5,1,3,41
"[ 0.09851111  0.2981087   0.04268143 ... -0.08892485 -0.03324192
  0.06036722]",[250.59111 320.18152 277.83853 ... 262.7713  272.3308  294.91357],[310.7378  386.4573  324.83536 ... 329.48172 339.70123 341.68903],[278.4729  353.6017  293.55502 ... 297.61487 307.6282  311.20154],[0. 0. 0. ... 0. 0. 0.],5,1,3,42
"[ 0.06631538  0.          0.00704154 ...  0.05811018  0.05124317
 -0.00740724]",[278.4737  276.80118 295.269   ... 301.32748 303.53802 289.14035],[278.4737  276.80118 295.269   ... 301.32748 303.53802 289.14035],[228.65361 226.24205 243.01039 ... 252.38046 249.12914 236.5257 ],[0. 0. 0. ... 0. 0. 0.],5,1,3,43
"[ 0.19707978 -0.09799805  0.11499387 ...  0.          0.23343366
  0.22205555]",[319.18304 283.8876  334.11746 ... 323.21362 371.98242 361.92105],[331.96335 295.50262 344.5131  ... 333.95288 386.63873 377.06284],[291.04752 250.18304 298.73605 ... 286.89948 340.55927 332.19174],[0.         0.         0.02207752 ... 0.02978008 0.         0.        ],5,1,3,44
[0.         0.13643587 0.29554415 ... 0.         0.28726736 0.12668972],[265.49875 295.46445 333.54105 ... 277.11655 347.7424  312.5165 ],[306.0678  342.68362 382.68927 ... 323.1356  392.46893 353.9774 ],[260.48087 297.4546  336.16223 ... 276.69604 342.65622 305.15994],[0.         0.03077457 0.         ... 0.         0.         0.        ],5,1,3,45
[0.         0.12541659 0.1446493  ... 0.00857824 0.0978417  0.03084635],[224.62657 264.1354  270.88626 ... 271.4279  285.5739  272.67432],[238.4127  279.72485 284.1905  ... 288.92062 300.5238  283.3545 ],[202.03264 240.62079 245.8146  ... 246.86461 262.51276 244.49887],[0. 0. 0. ... 0. 0. 0.],5,1,3,46
[0.27863893 0.21655865 0.42261815 ... 0.04237423 0.15752204 0.15626107],[324.84613 317.54486 351.93265 ... 303.37375 321.86838 314.52536],[361.9859  346.15494 397.2676  ... 342.20422 365.05634 352.2535 ],[328.23807 315.2137  364.8609  ... 308.5001  331.0958  321.00186],[0.         0.04138704 0.         ... 0.02730668 0.         0.        ],5,1,3,47
"[ 0.65484154  0.3112992  -0.02121863 ...  0.07257883 -0.05226291
  0.11445038]",[427.24295 404.9204  339.0949  ... 358.3886  330.48944 346.60214],[463.28873 440.0986  374.09155 ... 409.669   376.331   402.831  ],[398.24374 374.82898 305.5713  ... 343.52222 306.19714 334.5673 ],[0. 0. 0. ... 0. 0. 0.],5,1,3,48
[0.18812032 0.09839969 0.27966577 ... 0.         0.09771812 0.14479332],[302.338   301.017   341.3429  ... 290.62366 314.40952 315.7196 ],[353.33505 346.4897  397.83505 ... 352.3299  370.17526 374.60825],[295.9605  288.73123 343.35873 ... 290.95404 311.7004  319.28992],[0. 0. 0. ... 0. 0. 0.],5,1,3,49
"[ 0.30790198 -0.03559658  0.1306359  ...  0.1211054   0.
  0.04705523]",[342.65024 282.3853  329.24734 ... 347.67813 318.4328  309.02136],[352.78262 295.95108 345.50543 ... 369.40216 336.19565 336.57065],[290.20032 228.61945 281.06683 ... 301.5119  267.10648 268.03915],[0. 0. 0. ... 0. 0. 0.],5,1,3,50
"[ 0.2048478  -0.04700699  0.12140077 ...  0.07535331  0.3611011
 -0.08530051]",[326.60657 286.89072 324.3552  ... 331.53006 390.15848 290.57922],[326.60657 286.89072 324.3552  ... 331.53006 390.15848 290.57922],[263.71942 225.56888 258.2966  ... 264.8832  323.07703 226.60901],[0.         0.         0.03111408 ... 0.02557601 0.         0.        ],5,1,3,51
[0.2719952  0.01169213 0.3881551  ... 0.19984072 0.15173055 0.17422879],[312.8984  306.04993 393.82352 ... 345.01828 335.35385 326.3513 ],[400.24854 365.90533 465.02957 ... 416.49704 400.46747 382.65088],[368.15988 333.60635 435.0945  ... 383.8942  367.19412 352.13516],[0. 0. 0. ... 0. 0. 0.],5,1,3,52
"[ 0.2606458   0.12135535  0.18385798 ... -0.14493744  0.16266857
  0.23654109]",[299.93002 277.18854 302.55844 ... 259.85895 333.1949  288.90088],[351.7143  337.25467 376.32297 ... 311.3292  384.62732 365.91306],[314.83804 297.16336 338.1325  ... 270.30472 345.61325 328.12808],[0.         0.         0.         ... 0.         0.03663411 0.        ],5,1,3,53
"[ 0.07718095  0.01270322  0.15197508 ... -0.09570249  0.34357566
  0.19929609]",[295.46887 298.63034 337.29413 ... 289.009   360.41232 317.74487],[313.8521  318.17606 359.00705 ... 305.52817 401.88733 335.84506],[271.79105 279.64807 318.0522  ... 263.37723 359.1951  294.6514 ],[0.         0.         0.         ... 0.03464948 0.         0.        ],5,1,3,54
[0.         0.09368167 0.12873232 ... 0.08926569 0.34908038 0.09149942],[238.86101 309.61334 304.7354  ... 308.52313 376.20227 309.15646],[256.22534 319.15494 327.49295 ... 327.6831  388.3169  322.66196],[233.19325 294.03418 303.24506 ... 300.3094  361.58832 297.40598],[0. 0. 0. ... 0. 0. 0.],5,1,3,55
"[ 0.09735182  0.10932541  0.26873094 ...  0.27317932 -0.01086972
  0.10140122]",[312.18735 353.54483 407.653   ... 394.6413  324.60352 337.26947],[404.26974 426.05264 477.48026 ... 505.2237  411.6842  436.4013 ],[351.61377 371.84857 420.48654 ... 450.53363 353.05685 382.69324],[0. 0. 0. ... 0. 0. 0.],5,1,3,56
[0.1094095  0.05955542 0.09491487 ... 0.15115881 0.06202128 0.29901665],[393.77658 373.70688 397.32596 ... 403.1647  375.38007 429.29062],[397.8349  392.73114 406.50943 ... 413.13208 385.94812 443.03302],[347.25623 341.41458 357.13144 ... 361.4249  333.52872 393.94626],[0.        0.        0.        ... 0.        0.0319452 0.       ],5,1,3,57
[0.0501773  0.43380445 0.15095636 ... 0.19335398 0.00799993 0.19484438],[302.06635 388.83798 331.31503 ... 352.42877 309.63437 343.16455],[331.464 423.704 371.576 ... 384.496 334.856 371.08 ],[278.56238 375.8817  323.89398 ... 334.04358 282.28436 321.9016 ],[0. 0. 0. ... 0. 0. 0.],5,1,3,58
"[ 0.11200014  0.00438763  0.15023638 ...  0.1016985  -0.10538958
  0.        ]",[345.6988  335.99203 372.04547 ... 396.08112 318.1702  327.35718],[386.3132  377.511   416.52197 ... 433.45605 361.41208 366.989  ],[328.9777  321.2074  360.84027 ... 369.59964 306.43835 304.3616 ],[0. 0. 0. ... 0. 0. 0.],5,1,3,59
"[ 0.32490236 -0.03780412  0.066519   ...  0.95307755  0.6466989
  0.59070015]",[283.84555 233.84947 273.83627 ... 540.2203  436.06766 412.671  ],[400.33813 334.17267 386.8849  ... 661.3093  578.8921  555.7338 ],[335.07755 267.26248 317.286   ... 588.4501  502.9028  486.2028 ],[0. 0. 0. ... 0. 0. 0.],5,1,3,60
[0.27924693 0.2402328  0.19338304 ... 0.08201618 0.21925476 0.25661877],[361.1551  367.41333 367.4486  ... 347.81262 384.99625 388.24664],[369.6346  378.83334 373.21155 ... 372.02563 396.90384 394.32693],[308.58286 311.83972 307.03806 ... 302.4394  326.81155 323.94727],[0. 0. 0. ... 0. 0. 0.],5,1,3,61
"[ 0.43276283  0.0695646   0.3647706  ... -0.15264826  0.
  0.21613972]",[244.24525 221.02057 242.54651 ... 165.43454 207.66913 227.87915],[457.30066 385.82352 462.41177 ... 361.817   397.15686 447.12418],[407.37952 332.551   413.5266  ... 305.22412 344.037   397.19232],[0.         0.         0.         ... 0.         0.02894491 0.        ],5,1,3,62
[0.2738643  0.         0.06328651 ... 0.01195215 0.1376489  0.        ],[312.18536 289.97562 305.64877 ... 301.1512  319.8683  286.7561 ],[312.18536 289.97562 305.64877 ... 301.1512  319.8683  286.7561 ],[267.51917 243.29903 259.69098 ... 252.80844 273.3156  237.9676 ],[0. 0. 0. ... 0. 0. 0.],5,1,3,63
"[ 0.1296605   0.34168562 -0.1296605  ...  0.07417339  0.16754417
  0.3047645 ]",[298.7156  351.63257 283.953   ... 350.7709  364.28677 390.65472],[316.92264 376.60773 296.33148 ... 365.5304  385.663   413.29282],[276.00626 335.96216 252.29765 ... 322.42084 345.23917 376.5132 ],[0.         0.         0.         ... 0.         0.04980488 0.        ],5,1,3,64
[0.16123067 0.08910195 0.07355268 ... 0.17014195 0.2202652  0.10130823],[185.39134 203.79092 211.05356 ... 217.13272 211.98425 186.99698],[285.8931  296.5849  295.66037 ... 309.8176  320.55975 290.0566 ],[247.99124 256.90833 255.77252 ... 269.78897 278.3937  250.98477],[0.         0.         0.         ... 0.04110872 0.         0.        ],5,1,3,65
"[ 0.30569705  0.25686488  0.16943245 ... -0.08673512  0.14927118
  0.15482718]",[335.88425 358.1862  322.75876 ... 289.88248 341.97385 324.92715],[363.40994 384.2857  366.68323 ... 313.2671  360.51553 347.42236],[318.0718  336.9157  317.9866  ... 264.30664 312.03873 299.44818],[0.         0.         0.         ... 0.02753616 0.         0.        ],5,1,3,66
"[ 0.2980243   0.08322536  0.38267526 ... -0.06181746  0.213253
  0.3461266 ]",[263.67923 248.36032 316.94324 ... 240.01523 264.2156  302.15726],[343.6022  329.1105  401.94476 ... 324.49722 370.12708 395.87292],[290.58807 271.88098 343.6833  ... 266.379   313.45453 341.61267],[0.         0.         0.         ... 0.         0.05408254 0.        ],5,1,3,67
[0.15953271 0.03677006 0.2308399  ... 0.06721701 0.09050591 0.12935144],[337.172   341.8276  397.12552 ... 369.3024  370.82788 349.4264 ],[378.22513 372.5183  428.04712 ... 402.19373 400.5445  389.85864],[317.73456 307.8727  357.1719  ... 336.64856 332.7896  329.09122],[0. 0. 0. ... 0. 0. 0.],5,1,3,68
"[ 0.83395976  0.891895    0.888458   ... -0.06221397  0.04849002
  0.24311107]",[404.37164 454.95493 447.66956 ... 266.00427 265.0086  288.32162],[521.381   566.2857  580.0536  ... 326.45834 341.9524  367.69644],[480.21304 521.2261  531.7822  ... 283.17853 298.51883 325.45734],[0.         0.         0.06576035 ... 0.         0.0390506  0.        ],5,1,3,69
"[ 0.12075531  0.075222    0.33972448 ...  0.196237   -0.04229906
  0.15596472]",[292.73413 289.5098  347.1997  ... 335.77155 280.01233 315.42435],[313.81894 306.98355 361.82715 ... 350.84363 301.214   332.57614],[257.04446 248.951   301.33237 ... 289.28036 240.41841 272.4589 ],[0.         0.03024331 0.         ... 0.         0.         0.        ],5,1,3,70
"[ 0.45986423  0.46999782 -0.00481848 ... -0.01370656  0.24464145
  0.2484952 ]",[365.52274 392.49637 281.52692 ... 341.33743 377.39026 369.4646 ],[422.55554 434.92593 313.54074 ... 388.42963 457.27408 428.92593],[393.50363 403.5992  280.19638 ... 352.91913 421.45966 397.63718],[0.         0.         0.         ... 0.03588813 0.         0.        ],5,1,3,71
[0.198174   0.3261661  0.25687084 ... 0.16408084 0.         0.07941845],[317.82608 343.84454 345.21414 ... 304.9939  286.26694 281.77072],[352.8827  380.24023 382.59778 ... 359.87152 321.5419  329.12848],[286.43005 312.7992  314.46478 ... 286.88644 249.06349 262.97504],[0. 0. 0. ... 0. 0. 0.],5,1,3,72
[0.38085023 0.28136197 0.05033948 ... 0.08048998 0.13355462 0.20025256],[222.23346 223.24284 216.65454 ... 269.10104 275.0187  261.05643],[302.02118 295.32803 275.8201  ... 326.86774 331.73016 330.33334],[266.43686 258.31    237.60426 ... 285.22757 289.29282 291.41025],[0.         0.         0.         ... 0.02833259 0.         0.        ],5,1,3,73
[0.02644483 0.22717428 0.26518837 ... 0.12925649 0.11749326 0.        ],[242.4234  271.86328 288.2637  ... 278.60168 276.70242 242.3395 ],[293.90607 348.19888 360.34253 ... 346.2652  340.663   311.14917],[264.143   315.858   327.47388 ... 311.7117  307.71936 275.86346],[0. 0. 0. ... 0. 0. 0.],5,1,3,74
[0.23266907 0.10367803 0.09089316 ... 0.10264003 0.20502962 0.24658166],[339.00522 318.1979  322.5104  ... 340.6875  354.02603 352.03125],[339.00522 318.1979  322.5104  ... 340.6875  354.02603 352.03125],[269.75244 252.29868 257.7501  ... 273.93796 288.811   285.94138],[0.         0.         0.         ... 0.02961494 0.         0.        ],5,1,3,75
"[ 0.09791358  0.11201841  0.07978228 ... -0.04840564  0.15863195
  0.        ]",[308.84363 319.28278 316.042   ... 309.9874  344.65054 303.25034],[328.7229  334.58435 333.3494  ... 322.44577 359.494   321.29517],[269.93436 276.9173  274.78198 ... 265.3114  302.60962 261.31622],[0. 0. 0. ... 0. 0. 0.],5,1,3,76
[0.12197143 0.01242906 0.12426442 ... 0.35661462 0.10775451 0.14810917],[238.51884 232.79242 250.99847 ... 321.88657 268.1752  255.52141],[264.06186 250.89691 273.8402  ... 342.68558 285.66495 275.35052],[232.86383 217.49954 240.86942 ... 309.60724 249.59442 243.95946],[0.       0.       0.018058 ... 0.       0.       0.      ],5,1,3,77
"[ 0.17700487  0.03936203  0.09014911 ...  0.01447401 -0.05289078
  0.15059684]",[238.28775 239.79517 249.76703 ... 247.97934 231.81139 278.6615 ],[294.8093  290.58606 300.85117 ... 306.16745 284.51163 330.09302],[279.63263 273.53616 285.34656 ... 289.28555 267.08374 313.02835],[0.         0.         0.         ... 0.         0.02309015 0.        ],5,1,3,78
[0.09164827 0.10274428 0.02799722 ... 0.         0.11612635 0.28761774],[275.19034 287.44113 251.83902 ... 281.7576  284.09616 307.31522],[357.82938 374.17535 360.00473 ... 363.8673  380.0948  416.09006],[288.09186 295.55087 285.05945 ... 288.172   304.8533  339.47925],[0.         0.         0.         ... 0.         0.04870807 0.        ],5,1,3,79
"[ 0.36556867  0.07999972 -0.00684891 ...  0.2572709   0.1101535
  0.07627621]",[332.24365 313.32996 302.4619  ... 364.2538  325.      314.39594],[332.24365 313.32996 302.4619  ... 364.2538  325.      314.39594],[285.38394 264.67596 253.51749 ... 314.2716  276.02914 266.5308 ],[0. 0. 0. ... 0. 0. 0.],5,1,3,80
[0.26719078 0.37893796 0.2171676  ... 0.03338795 0.25223398 0.22456561],[294.9746  321.3969  301.60162 ... 269.72498 319.9824  288.05435],[338.31903 372.54602 347.51535 ... 333.74234 368.4417  349.49692],[288.77438 319.98117 290.79013 ... 278.3918  313.10803 295.46677],[0.         0.         0.         ... 0.02779345 0.         0.        ],5,1,3,81
[0.08564821 0.09008066 0.23537056 ... 0.28289056 0.41857457 0.10002227],[327.5351  335.18378 367.55408 ... 368.53018 412.2502  316.19815],[361.68604 376.1279  410.86047 ... 439.53488 452.6744  357.3314 ],[303.35147 317.08777 352.767   ... 377.54886 392.8475  299.96335],[0.        0.        0.0510295 ... 0.        0.        0.       ],5,1,3,82
"[ 0.12427767  0.09528448 -0.01972187 ...  0.02250649  0.16160776
  0.1615783 ]",[241.26741 239.56633 213.92398 ... 263.26456 272.50732 261.2369 ],[341.16315 338.26315 317.14737 ... 345.37894 363.8421  355.89474],[306.3981  305.01334 280.75537 ... 309.8553  330.2993  319.5235 ],[0.         0.         0.         ... 0.03357878 0.         0.        ],5,1,3,83
[0.01140161 0.25853893 0.13819818 ... 0.04056171 0.2619968  0.3743348 ],[292.12564 356.9598  335.7839  ... 346.14072 398.13568 402.48743],[292.12564 356.9598  335.7839  ... 346.14072 398.13568 402.48743],[240.3031  305.28635 282.07312 ... 293.47116 341.9938  346.3472 ],[0.         0.         0.         ... 0.05713765 0.         0.        ],5,1,3,84
[0.06210628 0.00751622 0.15431964 ... 0.         0.07740619 0.06018091],[282.40076 273.87607 312.61057 ... 263.6141  286.79715 297.44693],[346.92737 335.1732  371.0894  ... 336.3687  357.3687  345.8268 ],[301.18958 288.63562 323.33334 ... 292.6105  306.65305 298.79584],[0. 0. 0. ... 0. 0. 0.],5,1,3,85
"[ 0.21281487 -0.08416645 -0.01299835 ...  0.          0.04539503
 -0.01062261]",[278.05002 249.07822 274.79916 ... 282.16092 301.44247 273.14392],[300.13022 267.59897 288.84375 ... 310.40625 321.625   297.41666],[258.94055 223.51286 246.58867 ... 265.09213 273.8063  249.53662],[0.         0.         0.03684901 ... 0.         0.         0.        ],5,1,3,86
"[ 0.5622088   0.12601236  0.23955965 ...  0.28569725 -0.02525553
  0.01864484]",[369.87885 311.4929  345.73697 ... 348.57706 279.82935 291.26755],[397.89542 340.60132 371.49673 ... 388.69934 309.8693  315.98038],[357.0643  296.83957 325.59137 ... 341.65918 262.63196 268.19846],[0. 0. 0. ... 0. 0. 0.],5,1,3,87
"[ 0.17977129  0.24995983  0.18801981 ... -0.05328273  0.22451936
  0.0345394 ]",[281.0219  291.06277 311.06326 ... 258.68152 306.70764 262.22015],[328.8365  350.06918 354.4151  ... 305.03143 367.53458 316.1698 ],[296.4075  318.3014  318.69327 ... 274.2115  336.89914 283.9477 ],[0. 0. 0. ... 0. 0. 0.],5,1,3,88
[0.3176603  0.18249634 0.3159433  ... 0.22236383 0.03726136 0.13296379],[305.47925 292.84296 319.47763 ... 323.39822 295.59848 309.47458],[356.26215 333.0291  363.51456 ... 379.10193 335.85922 357.30582],[305.9004  285.1632  316.03345 ... 331.15262 286.1338  308.4946 ],[0. 0. 0. ... 0. 0. 0.],5,1,3,89
[0.11185133 0.05752678 0.09491897 ... 0.17512712 0.         0.12528752],[253.54324 242.43715 266.7062  ... 276.5698  242.99246 252.50665],[304.66287 301.02856 315.14856 ... 339.84    301.38858 306.02856],[265.954   262.48563 275.39975 ... 298.18173 258.8122  268.7486 ],[0. 0. 0. ... 0. 0. 0.],5,1,3,90
"[ 0.10714687  0.28079587  0.01940441 ...  0.15936825  0.
 -0.02652268]",[203.01643 254.41519 213.05904 ... 244.99197 207.72563 203.43591],[313.2782  383.97745 335.61655 ... 381.54886 327.10526 315.8045 ],[267.95087 334.98944 290.00955 ... 331.44922 277.62527 269.9842 ],[0. 0. 0. ... 0. 0. 0.],5,1,3,91
"[ 0.18699172  0.05317762  0.04775009 ... -0.02269158  0.3004027
  0.19997264]",[298.9768  279.2843  276.89758 ... 291.89453 367.94202 331.18195],[310.0351  289.01755 290.7544  ... 301.307   377.7193  348.28946],[282.92764 259.30206 261.75952 ... 270.00525 345.67743 317.81647],[0.         0.         0.         ... 0.03932571 0.         0.        ],5,1,3,92
"[ 0.05747946  0.25724614  0.12193333 ...  0.01261396 -0.02650889
  0.10074181]",[232.37068 274.68533 269.80078 ... 246.09523 235.04564 241.08037],[307.90384 380.16666 356.98718 ... 342.29486 329.06412 357.1346 ],[286.08597 356.25864 333.4731  ... 318.24524 301.7435  331.2277 ],[0. 0. 0. ... 0. 0. 0.],5,1,3,93
[0.14372605 0.26826978 0.03361566 ... 0.05059082 0.         0.12144309],[293.60104 341.45416 300.2384  ... 319.40317 304.90533 303.54068],[300.81168 344.12338 302.39612 ... 324.13635 307.1948  305.88962],[266.00662 307.84445 265.5766  ... 285.74585 265.83917 269.8996 ],[0. 0. 0. ... 0. 0. 0.],5,1,3,94
[0.07617793 0.07011447 0.19298258 ... 0.09073319 0.25633734 0.29161954],[273.1885  267.97812 306.1704  ... 297.31763 324.97876 320.55045],[295.82257 296.9301  328.82257 ... 327.42474 360.13977 357.09677],[252.03947 252.61389 283.89844 ... 280.31113 313.30624 309.37616],[0.         0.         0.         ... 0.         0.03734241 0.        ],5,1,3,95
[0.07517934 0.20051467 0.01498871 ... 0.01367004 0.05411267 0.01497271],[217.07846 257.82263 229.1567  ... 246.38237 251.60008 243.86374],[299.8208  349.68207 312.57803 ... 342.97687 353.02313 339.25433],[259.5626  310.55215 271.28247 ... 302.55392 310.00623 299.87216],[0. 0. 0. ... 0. 0. 0.],5,1,3,96
[0.49478236 0.23550451 0.12088363 ... 0.0860226  0.07385305 0.04836673],[323.30453 292.0171  278.7173  ... 319.72964 304.78546 300.23746],[344.6747  322.51807 302.66266 ... 344.60843 328.96988 321.63254],[306.14236 279.99866 260.23178 ... 301.1537  281.8522  274.88184],[0. 0. 0. ... 0. 0. 0.],5,1,3,97
"[ 0.12080951  0.21816863  0.14362974 ... -0.02085437  0.12433589
  0.09021573]",[292.7932  313.29312 324.00568 ... 301.87756 328.13846 314.9659 ],[316.33545 346.07596 358.81647 ... 333.44302 366.8481  331.6329 ],[291.49423 321.71396 333.73312 ... 308.60013 340.6597  304.31027],[0. 0. 0. ... 0. 0. 0.],5,1,3,98
"[ 0.21940145  0.05756309 -0.04119053 ...  0.02606451  0.26683438
 -0.0469008 ]",[307.86667 287.70908 272.73334 ... 307.36365 348.91516 257.76364],[307.86667 287.70908 272.73334 ... 307.36365 348.91516 257.76364],[259.24628 234.49974 222.04433 ... 251.34834 298.54318 208.54329],[0. 0. 0. ... 0. 0. 0.],5,1,3,99
[0.17389958 0.05119289 0.02042803 ... 0.14999987 0.10679078 0.14983933],[294.83484 290.6244  296.50308 ... 317.70786 299.8609  310.31924],[301.12366 297.16666 302.99463 ... 329.57526 318.08603 319.51614],[254.75638 251.90956 256.06317 ... 286.0579  273.92838 278.6992 ],[0. 0. 0. ... 0. 0. 0.],5,1,3,100
[0.14585604 0.11137915 0.21305244 ... 0.16160327 0.12201045 0.08777202],[218.40796 215.79886 253.05145 ... 271.30667 274.7967  225.06026],[324.5683  321.1202  361.65027 ... 385.37704 369.69946 339.93988],[306.41498 302.86807 343.92892 ... 367.143   350.56696 322.8133 ],[0. 0. 0. ... 0. 0. 0.],5,1,3,101
[0.2675901  0.14955893 0.34012088 ... 0.07513367 0.4405655  0.23226072],[301.90677 297.661   336.18643 ... 307.48306 362.59323 302.19492],[301.90677 297.661   336.18643 ... 307.48306 362.59323 302.19492],[254.27214 247.26572 287.0639  ... 255.2032  312.8487  253.9189 ],[0.         0.         0.         ... 0.06952869 0.         0.        ],5,1,3,102
"[ 0.          0.09011411  0.31848767 ... -0.01586375  0.15018003
  0.12023176]",[255.04855 303.72815 353.67044 ... 294.39996 328.15582 312.95068],[258.65317 309.83237 357.28903 ... 297.5896  336.56647 318.13293],[217.64497 267.7576  314.82843 ... 257.02554 290.60486 276.38837],[0.         0.02952683 0.         ... 0.         0.         0.        ],5,1,3,103
[0.30456766 0.16311122 0.22178295 ... 0.05278025 0.23206683 0.409865  ],[309.85886 314.90094 335.03067 ... 312.33987 339.69022 373.3348 ],[340.82352 329.28824 358.5647  ... 335.61176 363.85294 388.8353 ],[291.08542 276.63034 304.5139  ... 283.81097 312.66693 339.79   ],[0.         0.         0.         ... 0.         0.07181693 0.        ],5,1,3,104
"[ 0.35800263  0.0150749   0.24199288 ... -0.02993581  0.14214388
  0.38823256]",[380.37616 348.60886 393.20303 ... 374.2215  422.39264 488.44388],[435.07272 391.00607 454.9515  ... 414.98788 473.79395 540.703  ],[371.49188 326.24304 390.1976  ... 358.58868 406.67987 478.10468],[0.         0.02843384 0.         ... 0.         0.04734416 0.        ],5,1,3,105
"[ 0.0946145   0.09882715 -0.00995055 ... -0.05201254  0.3354966
  0.11641507]",[311.46936 319.23727 290.57037 ... 291.7785  384.17255 315.1259 ],[347.71725 348.6207  338.51724 ... 333.6345  421.      352.55173],[295.60443 297.64517 285.17416 ... 279.1112  364.91705 299.7523 ],[0.         0.         0.         ... 0.04305664 0.         0.        ],5,1,3,106
[0.3431117  0.11483528 0.09366956 ... 0.01452663 0.00291626 0.2142323 ],[310.00696 281.74734 291.70203 ... 258.5054  256.8243  284.60083],[402.03305 370.50412 371.76035 ... 334.29752 331.42975 376.5868 ],[347.0682  313.95428 315.77914 ... 277.4832  274.21454 319.12277],[0. 0. 0. ... 0. 0. 0.],5,1,3,107
"[ 0.37336808 -0.04485002  0.14897698 ...  0.0549171   0.2477997
  0.2557233 ]",[324.33914 254.94373 313.0065  ... 302.9199  336.59946 329.71313],[334.77142 269.26285 319.09143 ... 313.94287 342.5943  335.29715],[280.89893 218.4358  263.9676  ... 259.37653 284.88498 281.267  ],[0.         0.         0.         ... 0.05096734 0.         0.        ],5,1,3,108
[0.31592363 0.         0.         ... 0.38274086 0.2866566  0.11054256],[249.66344 207.28386 219.3741  ... 298.60803 261.24667 230.8145 ],[330.2     278.05927 294.2815  ... 366.16296 343.4222  291.42963],[292.39154 239.76591 255.64775 ... 324.2761  302.5911  252.04932],[0. 0. 0. ... 0. 0. 0.],5,1,3,109
"[ 0.32916954  0.11933906  0.15455963 ... -0.18654636  0.20112285
  0.27802718]",[203.4818  212.35283 228.02351 ... 199.45692 244.62956 231.13123],[305.72284 326.92935 336.07065 ... 286.36957 357.30435 372.06522],[249.02162 267.06024 278.59143 ... 219.67859 296.6931  311.28488],[0.         0.         0.         ... 0.         0.04968779 0.        ],5,1,3,110
"[ 0.23509973  0.17200202 -0.00784951 ...  0.21785145  0.05885645
  0.22147931]",[301.05756 293.      263.1223  ... 301.44604 266.2446  288.3885 ],[301.05756 293.      263.1223  ... 301.44604 266.2446  288.3885 ],[273.33963 263.4268  232.32173 ... 271.0529  234.86769 258.6422 ],[0. 0. 0. ... 0. 0. 0.],5,1,3,111
"[ 0.07802022  0.07091543  0.12250465 ...  0.08775011 -0.01069497
 -0.00508143]",[120.83652  131.40154  148.82404  ... 135.80939  127.488884 117.57759 ],[262.1889  262.85    275.8611  ... 267.95    245.13889 241.71666],[251.08987 251.36069 264.6709  ... 255.101   232.51149 228.50499],[0. 0. 0. ... 0. 0. 0.],5,1,3,112
"[ 0.05352232  0.00982157  0.12584685 ...  0.03849854  0.1023507
 -0.10569841]",[225.86922 229.74968 246.25523 ... 238.42696 240.99187 196.87863],[301.43332 302.70557 332.77777 ... 331.47223 341.3111  284.06668],[266.39938 265.232   297.24292 ... 294.32642 303.56256 246.11052],[0.         0.02011722 0.         ... 0.         0.         0.        ],5,1,3,113
[0.2615471  0.1461559  0.10008559 ... 0.02721054 0.09067421 0.18317074],[265.89948 266.92163 268.3507  ... 268.53275 283.2092  292.7226 ],[277.10526 277.04825 277.82455 ... 280.70615 292.14474 300.557  ],[236.36671 233.5707  235.2694  ... 237.28189 246.02658 258.818  ],[0. 0. 0. ... 0. 0. 0.],5,1,3,114
[0.19653524 0.         0.04276077 ... 0.07887432 0.28915772 0.36331305],[218.56653 192.7779  220.29349 ... 231.76764 275.3643  267.1078 ],[279.6686  257.4593  277.39536 ... 288.69186 335.88953 344.5    ],[259.52966 236.39572 256.9577  ... 269.88632 316.3544  325.33652],[0.         0.         0.         ... 0.05764598 0.         0.        ],5,1,3,115
[0.14647609 0.47341996 0.29629993 ... 0.3399728  0.         0.05209059],[263.69443 323.63892 304.16937 ... 330.0919  276.23773 267.17493],[312.67743 377.49677 356.8774  ... 380.80646 306.24515 309.8    ],[262.56564 327.7315  305.4732  ... 329.3793  250.71758 259.5337 ],[0. 0. 0. ... 0. 0. 0.],5,1,3,116
"[ 0.16403379  0.12899958 -0.03127806 ...  0.0790844  -0.08696052
  0.11512045]",[331.8235  327.40088 280.51245 ... 339.89066 287.66336 311.4347 ],[341.18918 337.2865  306.78918 ... 350.35135 303.44324 327.34595],[311.7095  306.00485 276.53238 ... 317.76855 270.3664  297.8738 ],[0.         0.         0.03440128 ... 0.         0.         0.        ],5,1,3,117
[0.27447245 0.10227594 0.13567394 ... 0.23053962 0.09488255 0.3137765 ],[403.59183 359.41498 369.2585  ... 426.38776 387.02722 413.7211 ],[403.59183 359.41498 369.2585  ... 426.38776 387.02722 413.7211 ],[326.65994 291.04462 301.77966 ... 358.97394 314.843   340.53806],[0. 0. 0. ... 0. 0. 0.],5,1,3,118
"[ 0.17553812  0.05264504  0.12510645 ...  0.13971578 -0.04807381
  0.24709933]",[334.4364  316.4263  337.55194 ... 362.93158 326.8268  398.20383],[337.72827 324.53262 343.69022 ... 374.6685  330.42392 401.61957],[298.47305 283.66907 300.33298 ... 337.14005 290.17712 360.51938],[0.         0.         0.         ... 0.         0.03225476 0.        ],5,1,3,119
[0.08407038 0.3899724  0.27698353 ... 0.37881562 0.32748988 0.21177763],[350.1082  438.7042  420.95386 ... 418.5923  401.18085 362.7418 ],[370.33334 458.23898 431.11322 ... 443.69183 416.15723 375.1635 ],[313.31128 397.07614 371.6085  ... 386.27875 353.3539  317.05847],[0.04109499 0.         0.         ... 0.         0.         0.        ],5,1,3,120
"[ 0.          0.33785945  0.22503078 ...  0.16828474  0.2034353
 -0.05047909]",[220.66515 280.61447 283.93417 ... 314.76163 312.42886 267.53372],[260.01236 341.62344 325.08643 ... 361.96295 365.93826 308.4568 ],[220.85403 302.65082 284.33978 ... 321.52472 325.70175 266.069  ],[0. 0. 0. ... 0. 0. 0.],5,1,3,121
[0.48183927 0.00410886 0.09491543 ... 0.22557701 0.09895579 0.11486673],[442.33975 332.90042 362.6586  ... 427.2932  379.9113  374.67603],[454.2483  351.69656 380.7586  ... 446.12415 402.94482 396.17932],[411.8077  307.72586 335.82727 ... 397.18268 358.6197  350.01834],[0. 0. 0. ... 0. 0. 0.],5,1,3,122
"[ 0.21957414 -0.0534092   0.23786962 ... -0.02991102  0.27879936
  0.15293042]",[314.0723  285.36145 352.46988 ... 316.0723  378.39758 343.8253 ],[314.0723  285.36145 352.46988 ... 316.0723  378.39758 343.8253 ],[262.38333 234.37613 298.2036  ... 264.79346 322.54968 291.0127 ],[0.         0.03204377 0.         ... 0.03687694 0.         0.        ],5,1,3,123
"[ 0.          0.00577305  0.06678734 ...  0.01703148 -0.03155859
  0.1760404 ]",[191.48395 194.55702 208.96478 ... 216.53215 197.16956 216.66934],[302.2553  308.4752  330.0993  ... 330.67377 308.13477 349.8227 ],[271.7732  274.91367 295.71725 ... 296.27875 275.47507 316.95087],[0.         0.         0.         ... 0.         0.02699727 0.        ],5,1,3,124
"[ 0.10800765  0.13725367 -0.00786485 ...  0.14918299  0.42691514
 -0.01858723]",[322.5926  329.79013 301.24692 ... 369.62344 414.8889  303.80246],[322.5926  329.79013 301.24692 ... 369.62344 414.8889  303.80246],[284.5562  293.36328 262.7827  ... 328.4654  375.5844  266.05927],[0.         0.         0.02063505 ... 0.         0.         0.        ],5,1,3,125
[0.06629422 0.10424511 0.16126738 ... 0.15669079 0.         0.03746804],[201.9757  207.86366 246.55441 ... 255.8101  231.32018 235.65843],[305.47482 324.3525  353.19424 ... 383.18704 335.3525  340.6187 ],[283.08856 301.32242 330.04654 ... 359.07187 311.68616 318.04248],[0. 0. 0. ... 0. 0. 0.],5,1,3,126
"[ 0.25287834  0.26905024  0.21473396 ... -0.05680672  0.14298244
  0.00217263]",[333.83917 351.44034 368.88736 ... 336.5359  378.26224 342.11874],[336.14835 361.43405 371.96155 ... 338.37363 380.74176 343.96704],[288.94543 311.8528  324.28397 ... 291.68982 334.67725 298.76407],[0. 0. 0. ... 0. 0. 0.],5,1,3,127
[0.48755193 0.4151214  0.13318995 ... 0.06163611 0.09731211 0.16415259],[392.3152  390.9807  331.75153 ... 330.90424 335.43103 315.26987],[392.96445 392.36444 332.5778  ... 331.4711  336.11557 317.56   ],[340.0246  338.74576 281.9197  ... 273.76834 278.30344 262.98688],[0. 0. 0. ... 0. 0. 0.],5,1,3,128
[0.3304309  0.1414079  0.21990156 ... 0.29221752 0.40391117 0.23999517],[373.8187  326.2875  366.37317 ... 398.72092 392.0075  341.9603 ],[393.98508 372.55225 403.2015  ... 429.71643 417.03732 369.04477],[344.65475 328.1181  356.08325 ... 380.2422  366.97733 321.95132],[0. 0. 0. ... 0. 0. 0.],5,1,3,129
[0.29512236 0.00692421 0.2022372  ... 0.27761206 0.4885729  0.20312116],[307.4142  261.4189  298.1131  ... 360.19458 400.23425 314.35892],[329.4361  278.4812  322.9925  ... 377.89474 417.8496  345.609  ],[299.76416 249.25417 293.20807 ... 347.2324  388.78177 317.5948 ],[0.         0.         0.         ... 0.03961814 0.         0.        ],5,1,3,130
"[ 0.1189741   0.04590474 -0.03401984 ...  0.24703395 -0.0568024
  0.11020265]",[257.1788  245.77803 241.88783 ... 307.3644  246.23141 274.4547 ],[259.7237  248.375   244.42763 ... 315.10526 249.27632 278.0066 ],[223.7344  213.94537 210.5604  ... 277.91528 213.04724 244.80579],[0. 0. 0. ... 0. 0. 0.],5,1,3,131
[0.1585723  0.         0.05129895 ... 0.06086501 0.2820747  0.1914652 ],[300.68124 294.0125  307.8625  ... 317.75    358.69376 326.99374],[300.68124 294.0125  307.8625  ... 317.75    358.69376 326.99374],[248.9126  239.06882 250.75323 ... 261.43552 300.11084 273.15317],[0.         0.         0.         ... 0.03346168 0.         0.        ],5,1,3,132
[0.07791625 0.06832469 0.27048695 ... 0.1565408  0.28297788 0.10681584],[310.75    316.41876 357.85    ... 365.69376 390.21875 351.20624],[310.75    316.41876 357.85    ... 365.69376 390.21875 351.20624],[241.50716 248.65178 288.62354 ... 294.7193  320.12085 282.25488],[0.         0.03670358 0.         ... 0.         0.         0.        ],5,1,3,133
"[ 0.25909722  0.28964162  0.         ...  0.01347914  0.
 -0.10117086]",[298.84546 343.5029  280.82608 ... 302.51178 284.37158 282.1192 ],[334.7205  380.14908 314.08694 ... 345.118   338.31055 308.32297],[288.8221  332.85336 267.81165 ... 295.79413 292.40424 266.1084 ],[0. 0. 0. ... 0. 0. 0.],5,1,3,134
"[ 0.14650495  0.08794922  0.1798855  ...  0.06676928 -0.0391584
  0.09057145]",[341.05374 327.75714 365.05823 ... 334.50482 298.4306  322.5497 ],[377.64417 373.84662 400.7362  ... 381.8773  352.43558 361.52762],[316.6588  314.3451  338.75293 ... 316.78464 290.09885 305.39005],[0.         0.         0.01880815 ... 0.         0.         0.        ],5,1,3,135
"[ 0.17855933  0.12226579  0.15360226 ...  0.06663005  0.03904662
 -0.00860141]",[264.3071  282.76294 273.28036 ... 259.86533 259.06104 241.21072],[405.36365 400.06952 414.4973  ... 387.96255 377.01068 350.7754 ],[359.17715 357.40857 370.28003 ... 342.82684 328.3067  309.84595],[0. 0. 0. ... 0. 0. 0.],5,1,3,136
"[ 0.05228236  0.31499347  0.13222252 ... -0.07447693  0.04708416
  0.14003614]",[186.1062  247.30054 216.5393  ... 195.33737 206.50017 202.30971],[264.32468 323.6948  291.32468 ... 264.14285 289.13635 289.31168],[242.36726 301.59732 270.50262 ... 241.62581 265.085   268.18298],[0. 0. 0. ... 0. 0. 0.],5,1,3,137
[0.22339186 0.         0.09122204 ... 0.02076209 0.         0.04115547],[286.3445  253.8386  272.0197  ... 263.56003 255.70575 260.25085],[322.75592 288.97638 310.48032 ... 296.5433  281.74802 287.15747],[309.3303  274.1403  298.14615 ... 282.43326 268.77463 273.01416],[0. 0. 0. ... 0. 0. 0.],5,1,3,138
[0.10420682 0.08030759 0.01455747 ... 0.21221161 0.22950104 0.01089781],[272.00766 278.94794 279.8039  ... 320.07745 330.98123 266.88278],[299.99442 301.76535 302.47485 ... 365.1732  371.07263 312.84357],[269.65964 271.62842 271.96652 ... 331.42325 335.2422  279.84094],[0. 0. 0. ... 0. 0. 0.],5,1,3,139
[0.08303075 0.13653894 0.19442745 ... 0.         0.33135295 0.28461948],[307.5991  319.96313 346.17972 ... 310.15207 369.46542 352.1705 ],[307.5991  319.96313 346.17972 ... 310.15207 369.46542 352.1705 ],[263.6481  276.85312 297.95074 ... 264.3711  323.70554 307.8612 ],[0.         0.         0.         ... 0.06240089 0.         0.        ],5,1,3,140
"[ 0.05551432  0.24621864  0.19454843 ... -0.07471599  0.33497414
  0.07471599]",[206.94662 224.81996 227.69125 ... 165.29317 264.20438 202.6178 ],[302.771   343.35114 339.76337 ... 276.      365.41986 289.03818],[270.0521  312.17554 305.4166  ... 243.05475 331.36346 256.899  ],[0.         0.         0.         ... 0.02826451 0.         0.        ],5,1,3,141
[0.21868964 0.         0.15862066 ... 0.25628835 0.35542473 0.39641675],[273.75583 244.7688  292.60593 ... 311.36365 302.94055 295.35892],[377.28387 329.4645  368.10324 ... 414.1355  421.23227 389.47742],[321.64175 276.83127 319.73944 ... 361.75012 369.94962 336.63757],[0.         0.         0.         ... 0.04288501 0.         0.        ],5,1,3,142
"[ 0.01814016 -0.00810563  0.13458009 ...  0.04458657  0.1542626
  0.03283181]",[304.13614 315.75793 353.084   ... 324.67184 346.97702 313.167  ],[311.28284 322.12625 358.0909  ... 333.93436 361.55554 318.87375],[271.20673 281.2534  321.1819  ... 295.57224 321.88736 280.2039 ],[0.         0.02725868 0.         ... 0.01939879 0.         0.        ],5,1,3,143
[0.23356904 0.30368596 0.14994913 ... 0.23333047 0.07002677 0.02436432],[292.57605 314.72113 314.94864 ... 335.20035 289.49945 276.33926],[316.0946  347.72296 339.7973  ... 357.61487 315.1216  299.30405],[281.23587 313.34433 303.94116 ... 323.31464 280.20837 265.5213 ],[0. 0. 0. ... 0. 0. 0.],5,1,3,144
"[ 0.          0.2491762  -0.00891707 ...  0.06050418 -0.04444039
  0.0552201 ]",[272.68982 331.4174  297.71536 ... 326.07413 299.81738 306.03452],[273.60397 335.9901  299.62375 ... 328.40594 302.19305 306.90594],[229.98026 291.30084 251.39828 ... 281.77188 258.11594 262.79648],[0. 0. 0. ... 0. 0. 0.],5,1,3,145
[0.3723235  0.0592064  0.3066889  ... 0.19733727 0.21717195 0.32769823],[339.37656 310.05554 358.54938 ... 350.01852 343.8642  358.4074 ],[339.37656 310.05554 358.54938 ... 350.01852 343.8642  358.4074 ],[288.5533  260.91748 312.81265 ... 298.21445 291.5662  309.41208],[0.         0.         0.         ... 0.04545045 0.         0.        ],5,1,3,146
"[ 0.19507723  0.43183675  0.11881545 ... -0.04321974  0.
  0.12450809]",[159.57674 177.01373 163.3339  ... 140.0299  151.4822  167.54863],[322.77942 405.83087 344.27206 ... 328.59558 319.57352 335.53677],[287.47937 371.9671  309.46317 ... 291.25565 283.56546 300.1159 ],[0. 0. 0. ... 0. 0. 0.],5,1,3,147
"[ 0.04844074 -0.04844074  0.12052727 ...  0.30421597  0.19447626
  0.35694677]",[245.41501 244.53046 272.39673 ... 322.627   291.8505  306.0682 ],[257.50574 260.4885  294.43103 ... 341.97702 308.7069  333.78735],[217.64404 219.35432 252.23735 ... 296.19315 268.0688  290.85782],[0.         0.         0.02666721 ... 0.         0.         0.        ],5,1,3,148
[0.10715057 0.14342542 0.07770812 ... 0.2050876  0.1618144  0.        ],[230.56319 267.74597 257.61374 ... 294.3311  284.52933 236.45573],[273.56708 301.34146 289.47562 ... 338.14026 322.67075 271.89026],[227.35693 255.12938 244.02599 ... 288.3526  272.6218  224.28688],[0. 0. 0. ... 0. 0. 0.],5,1,3,149
[0.18143918 0.00503642 0.05742419 ... 0.10791432 0.19304045 0.18726107],[235.85815 232.15941 241.13033 ... 244.95004 253.66687 243.45068],[251.84706 250.20589 262.02353 ... 267.32352 283.14706 269.9647 ],[218.05038 216.12396 226.5755  ... 231.09525 247.48361 236.68524],[0. 0. 0. ... 0. 0. 0.],5,1,3,150
[0.29444516 0.22902568 0.34634933 ... 0.13499174 0.13340098 0.02985649],[304.7107  302.69812 334.03775 ... 301.0566  294.2893  269.10062],[304.7107  302.69812 334.03775 ... 301.0566  294.2893  269.10062],[252.58269 248.2455  278.6063  ... 246.29979 235.92874 215.6363 ],[0. 0. 0. ... 0. 0. 0.],5,1,3,151
"[ 0.15474637 -0.01845182  0.07274196 ...  0.14522399  0.2522838
 -0.07701353]",[308.70395 276.7829  299.67105 ... 317.0592  329.17105 258.14474],[308.70395 276.7829  299.67105 ... 317.0592  329.17105 258.14474],[267.5289  237.58253 256.09415 ... 273.87442 287.57916 218.18605],[0. 0. 0. ... 0. 0. 0.],5,1,3,152
[0.3213345  0.10786069 0.0929518  ... 0.23540148 0.03063778 0.28190833],[359.0576  328.28528 341.358   ... 392.04767 320.20834 392.0796 ],[388.73203 365.22876 373.73856 ... 417.5229  359.59476 415.48367],[331.45886 306.17465 317.02026 ... 356.57312 300.89114 355.07785],[0. 0. 0. ... 0. 0. 0.],5,1,3,153
"[ 0.4526786  -0.02256357  0.19525418 ...  0.1148983   0.
  0.10331158]",[349.7508  278.0607  323.82614 ... 312.32797 278.87817 288.29373],[394.29413 312.1111  368.77124 ... 354.07843 318.71896 324.39868],[364.18747 281.2741  339.01477 ... 322.25534 284.66107 293.35858],[0. 0. 0. ... 0. 0. 0.],5,1,3,154
"[ 0.29320952  0.          0.08701026 ... -0.1203848   0.05538113
  0.30528226]",[251.22572 211.33012 238.44238 ... 202.72629 231.64607 285.34842],[320.15924 275.19107 306.6051  ... 284.77707 316.44586 363.3567 ],[283.83194 238.4429  269.96133 ... 245.03668 276.23947 326.2243 ],[0.         0.         0.         ... 0.         0.04627315 0.        ],5,1,3,155
"[ 0.35565892  0.13981022 -0.10406291 ... -0.17383522  0.28450316
 -0.04413208]",[329.52808 305.97192 282.21347 ... 291.73035 382.17978 277.64044],[329.52808 305.97192 282.21347 ... 291.73035 382.17978 277.64044],[270.3372  245.52083 221.17178 ... 231.23799 321.2613  215.57686],[0. 0. 0. ... 0. 0. 0.],5,1,3,156
[0.2799411  0.09535012 0.03181544 ... 0.12408304 0.13811186 0.19633605],[319.97244 288.98965 288.60803 ... 318.4162  325.16138 328.35834],[352.4518  322.70483 327.5     ... 359.81326 362.9518  365.65662],[297.41458 271.03354 270.2305  ... 300.9279  301.13187 307.65833],[0.         0.         0.         ... 0.02413383 0.         0.        ],5,1,3,157
"[ 0.54396504  0.75918216  1.2791877  ... -0.05198761  0.11878974
  0.11121668]",[448.83347 505.3547  624.4276  ... 344.82535 392.298   379.73187],[471.11166 520.8985  638.401   ... 370.22336 410.03046 404.1675 ],[409.58044 459.72568 581.20264 ... 308.91214 352.93466 346.66122],[0.         0.14682133 0.         ... 0.         0.         0.        ],5,1,3,158
"[ 0.14942402  0.31079784 -0.10436609 ...  0.05281233  0.17975143
  0.7522525 ]",[268.79898 349.68527 282.40692 ... 311.82587 338.66183 433.22485],[358.2977  444.76337 360.458   ... 395.63358 424.229   547.80914],[285.62585 362.80142 278.08633 ... 319.2465  346.66312 473.969  ],[0.         0.         0.         ... 0.         0.10014398 0.        ],5,1,3,159
[0.77641994 0.14756313 0.11281873 ... 0.04104178 0.03908201 0.20151268],[415.72412 300.0564  296.57132 ... 312.03714 297.55045 319.6579 ],[449.26828 332.89633 337.9695  ... 333.48172 331.59146 346.4634 ],[398.18387 280.98938 287.40756 ... 280.6798  276.6964  292.45056],[0.         0.         0.         ... 0.         0.03181526 0.        ],5,1,3,160
[0.22520241 0.00863874 0.18639    ... 0.04136688 0.         0.01303927],[261.95068 247.06506 256.29456 ... 209.55263 192.52663 198.61511],[387.09402 345.10257 409.69232 ... 324.21368 304.69232 305.71796],[367.7542  325.53195 387.0988  ... 304.96368 286.47443 287.09106],[0. 0. 0. ... 0. 0. 0.],5,1,3,161
"[ 0.29412606  0.27358142  0.11416365 ...  0.19833957 -0.1137213
  0.24202967]",[353.7648  356.9472  318.28455 ... 372.47995 289.64423 365.2431 ],[363.74808 369.06107 337.4962  ... 392.92368 298.8015  376.63358],[334.22717 336.7396  305.06467 ... 358.32108 265.06497 344.1769 ],[0. 0. 0. ... 0. 0. 0.],5,1,3,162
"[ 0.2165226   0.20684029  0.16910036 ...  0.18710929 -0.04623334
  0.11204132]",[280.53427 293.7713  307.5596  ... 314.08084 266.62    284.05145],[296.25467 319.11182 324.2236  ... 333.3913  285.01865 305.42856],[248.08052 271.2206  274.39987 ... 282.96432 233.37346 254.4981 ],[0. 0. 0. ... 0. 0. 0.],5,1,3,163
[0.3634268  0.19455527 0.01889429 ... 0.08340283 0.22410692 0.        ],[266.61908 260.23334 227.82259 ... 254.785   259.3869  202.30656],[351.9781  362.0657  328.86862 ... 347.48175 356.37955 296.37225],[316.4205  324.22952 290.88162 ... 308.13934 319.40005 261.6106 ],[0. 0. 0. ... 0. 0. 0.],5,1,3,164
[0.2123023  0.10867748 0.3531986  ... 0.19155285 0.06426229 0.04962922],[267.474   260.87833 325.89548 ... 299.87775 265.53598 263.5687 ],[274.35556 269.22778 336.15555 ... 321.39444 288.46667 275.07224],[244.12642 238.75365 300.469   ... 287.7503  254.81111 241.57011],[0. 0. 0. ... 0. 0. 0.],5,1,3,165
"[ 0.          0.11980747  0.09652231 ...  0.09842063 -0.04821939
  0.06615736]",[153.33604 210.2516  183.00824 ... 203.01772 166.98305 158.90233],[271.38327 318.90308 317.45816 ... 321.      281.06168 296.46695],[237.86453 282.84366 280.45532 ... 283.9133  245.48027 259.1176 ],[0. 0. 0. ... 0. 0. 0.],5,1,3,166
"[ 0.2910824   0.07483442  0.24969108 ... -0.04328997  0.06375629
  0.07856246]",[207.91766 183.26408 190.10262 ... 181.30717 206.02934 220.64343],[376.65643 344.82822 387.57056 ... 341.17792 358.25766 351.41104],[338.7253  303.6757  347.63596 ... 302.66104 317.35544 312.35794],[0. 0. 0. ... 0. 0. 0.],5,1,3,167
"[ 0.26870543  0.06344598 -0.01636459 ... -0.03986273  0.06752168
  0.08100875]",[176.25995 151.13092 148.69493 ... 176.44218 176.60396 172.4176 ],[287.34308 256.56204 250.91241 ... 330.59854 349.854   346.79562],[277.41565 246.97705 239.15881 ... 317.72772 337.9004  335.5796 ],[0. 0. 0. ... 0. 0. 0.],5,1,3,168
"[ 0.          0.3771036   0.28799343 ...  0.28757426  0.20696107
 -0.11765382]",[242.1139  355.272   334.282   ... 350.68906 306.88617 233.68402],[317.65564 438.13907 421.17218 ... 442.3245  407.01324 314.4172 ],[254.97833 371.17905 354.3879  ... 377.35583 343.3482  248.25641],[0.04367893 0.         0.         ... 0.         0.         0.        ],5,1,3,169
"[ 0.4184852   0.131705    0.39772043 ... -0.00600088  0.17363822
 -0.01251527]",[350.82956 320.59814 377.06693 ... 316.43045 363.34802 269.78934],[356.32584 325.191   381.51685 ... 324.60675 370.7472  279.38202],[310.72977 281.12897 339.53482 ... 282.63843 322.1601  238.8487 ],[0. 0. 0. ... 0. 0. 0.],5,1,3,170
[0.51131463 0.33114642 0.39082384 ... 0.12822078 0.25742826 0.24083067],[418.41696 408.8804  420.19894 ... 364.28143 386.5263  372.03693],[444.08228 432.52533 447.70255 ... 411.98102 436.7595  421.05063],[374.7414  360.69867 380.23322 ... 340.7864  372.3952  349.9954 ],[0.         0.         0.02940371 ... 0.05411217 0.         0.        ],5,1,3,171
[0.0884681  0.26304543 0.05180194 ... 0.26556122 0.18926385 0.06703157],[344.12268 395.83936 351.75803 ... 384.31235 371.35526 335.22736],[349.06992 397.88113 354.15384 ... 391.6993  373.3217  337.1259 ],[299.84296 350.71918 312.28854 ... 347.86298 325.80222 293.1108 ],[0. 0. 0. ... 0. 0. 0.],5,1,3,172
"[ 0.03024479  0.1597013   0.20864592 ...  0.         -0.0167326
  0.        ]",[259.97568 299.94788 318.10175 ... 271.67975 262.4736  258.91348],[314.33542 355.14285 371.92548 ... 325.2236  310.7329  305.55902],[292.8948  329.43958 348.3912  ... 302.59106 287.6133  284.77322],[0.03057057 0.         0.         ... 0.         0.         0.        ],5,1,3,173
[0.88323164 0.5559963  0.25233942 ... 0.51409745 0.49705917 0.10720824],[454.33112 427.29572 388.8155  ... 458.35696 441.42157 398.57477],[542.5961  510.34616 460.46155 ... 553.5769  553.1987  438.2436 ],[469.33505 437.50864 388.39783 ... 487.94336 481.32825 367.92395],[0. 0. 0. ... 0. 0. 0.],5,1,3,174
[0.11929175 0.17787154 0.04225085 ... 0.22839645 0.05485368 0.        ],[228.16347 240.42886 228.9042  ... 277.4942  234.03052 226.0681 ],[288.94894 306.80426 293.27658 ... 344.7702  304.2936  282.84256],[259.77844 277.13623 266.53928 ... 314.2447  273.19174 254.3369 ],[0. 0. 0. ... 0. 0. 0.],5,1,3,175
"[ 0.14263111  0.20688535  0.06970081 ... -0.01698126  0.25961688
  0.        ]",[246.52945 259.0815  245.79396 ... 223.17937 272.28305 213.37895],[311.4717  332.76102 310.06918 ... 287.42767 348.33334 284.28302],[278.2384  296.70663 276.8434  ... 251.74316 313.59045 248.78197],[0. 0. 0. ... 0. 0. 0.],5,1,3,176
[0.18716343 0.3631813  0.20331207 ... 0.05610272 0.0406985  0.10971327],[261.52124 314.17212 288.79733 ... 301.79456 297.09097 293.78702],[314.23776 352.53845 334.73425 ... 338.46854 336.3986  345.83917],[250.71199 289.23712 266.32166 ... 270.2284  266.43332 279.14764],[0. 0. 0. ... 0. 0. 0.],5,1,3,177
"[ 0.6150239   0.7556445   0.6631282  ...  0.06810693  0.271309
 -0.0144687 ]",[458.7178  494.0848  504.29007 ... 407.25198 424.5481  370.0296 ],[470.02667 520.29333 508.81332 ... 411.72665 442.49335 376.88   ],[382.81696 431.44812 425.14    ... 320.9463  362.80273 290.92053],[0.         0.         0.13840127 ... 0.         0.         0.        ],5,1,3,178
[0.335969   0.02214961 0.18629938 ... 0.11839785 0.24265395 0.3037507 ],[330.8329  276.31482 308.38177 ... 328.52356 349.5442  352.45483],[378.80368 319.9632  368.66257 ... 389.25766 415.9816  421.18405],[344.63687 285.10828 336.44022 ... 356.31473 382.87515 390.32892],[0.         0.         0.         ... 0.         0.02986478 0.        ],5,1,3,179
"[ 0.15762424  0.         -0.10398595 ...  0.07257647  0.12990615
  0.17285396]",[276.09406 251.25545 249.301   ... 308.19586 323.87735 317.83737],[328.7381  305.66666 303.39285 ... 364.49405 370.6726  375.59525],[301.0061  274.01205 272.66293 ... 332.45914 341.92062 348.59177],[0. 0. 0. ... 0. 0. 0.],5,1,3,180
[0.19461977 0.2486897  0.22276418 ... 0.22088471 0.09921993 0.        ],[233.29472 249.91333 249.99213 ... 257.7947  250.10486 220.4643 ],[323.05884 339.7706  347.4294  ... 364.95883 335.54706 308.38824],[289.28534 302.72675 311.3883  ... 328.7178  297.11572 270.8911 ],[0. 0. 0. ... 0. 0. 0.],5,1,3,181
"[ 0.33089483  0.24374078 -0.03800231 ... -0.03447674 -0.00731834
  0.10539288]",[341.41666 326.15277 281.93054 ... 299.52777 297.3889  320.27777],[341.41666 326.15277 281.93054 ... 299.52777 297.3889  320.27777],[289.77954 273.48914 229.45177 ... 248.00111 245.8327  269.24658],[0. 0. 0. ... 0. 0. 0.],5,1,3,182
[0.02026657 0.10711674 0.17906892 ... 0.         0.01954126 0.18633172],[327.87888 360.62122 390.6061  ... 363.56497 363.83774 392.37643],[338.68097 376.51535 405.1411  ... 376.25766 374.6871  416.4417 ],[305.50107 342.84686 369.8336  ... 334.73938 337.92444 382.08047],[0. 0. 0. ... 0. 0. 0.],5,1,3,183
[0.15519637 0.08276341 0.03809159 ... 0.17823929 0.09930795 0.3916385 ],[174.36702 193.2827  187.92354 ... 231.28398 194.77629 218.12563],[329.99335 326.67334 317.9     ... 350.16    325.97333 383.57333],[301.74658 298.16852 289.05673 ... 317.15616 295.5606  352.67535],[0.         0.         0.         ... 0.         0.04126251 0.        ],5,1,3,184
"[ 0.42771214  0.16445608 -0.03402637 ...  0.16486743 -0.01025289
  0.11465177]",[322.42056 285.9742  243.654   ... 289.42532 250.80756 270.20322],[366.22876 329.02615 286.7843  ... 331.2745  285.05228 307.56863],[339.98572 300.49542 259.02225 ... 301.63388 256.28    277.6126 ],[0. 0. 0. ... 0. 0. 0.],5,1,3,185
[0.22050238 0.22704022 0.21384464 ... 0.10495951 0.16255215 0.40394866],[317.1318  323.0457  326.17755 ... 335.00113 328.7778  368.00665],[385.66443 392.349   400.18793 ... 399.51007 407.87918 449.1812 ],[342.51065 347.06552 351.76108 ... 355.13138 359.30435 403.63376],[0.        0.        0.        ... 0.        0.0561082 0.       ],5,1,3,186
[0.45307177 0.13355298 0.17226619 ... 0.05734582 0.09290912 0.2588716 ],[271.74387 239.62524 222.82845 ... 251.97893 254.217   280.18448],[380.24835 331.2745  346.28104 ... 372.09805 369.07843 404.95425],[347.97528 298.09436 313.3225  ... 335.07773 333.72495 370.20474],[0.         0.         0.         ... 0.         0.03605821 0.        ],5,1,3,187
[0.36192793 0.49959365 0.09707046 ... 0.15138213 0.11073703 0.28218135],[353.2053  379.39734 305.17218 ... 324.86093 310.24503 329.9735 ],[353.2053  379.39734 305.17218 ... 324.86093 310.24503 329.9735 ],[306.6767  335.8973  260.3025  ... 280.5575  264.39368 284.88098],[0.         0.         0.         ... 0.         0.03118261 0.        ],5,1,3,188
"[ 0.07239368  0.18045424  0.06906798 ... -0.08521994  0.11731344
  0.        ]",[301.20837 341.4742  327.31616 ... 298.95145 341.63403 299.80905],[350.2459  393.01093 371.0164  ... 342.2623  389.87433 355.79782],[313.3605  356.26352 333.881   ... 303.12576 350.10306 317.7013 ],[0. 0. 0. ... 0. 0. 0.],5,1,3,189
[0.2484226  0.04880087 0.31280044 ... 0.19308129 0.12785284 0.1005256 ],[228.80122 224.87067 276.45483 ... 272.80856 245.19583 238.04845],[277.94766 257.93604 317.50583 ... 311.71512 289.51163 279.33722],[250.74278 229.10039 290.8868  ... 284.54443 259.66928 250.2648 ],[0.         0.02090652 0.         ... 0.         0.         0.        ],5,1,3,190
"[ 0.22318359 -0.04973802 -0.02264334 ...  0.06939158  0.40146354
  0.11461056]",[183.6043  173.70277 181.5163  ... 209.68051 252.02417 208.72935],[290.0382  244.84076 271.61145 ... 310.80893 378.19107 313.91083],[248.19716 207.21918 226.76251 ... 267.3212  334.7103  272.18658],[0.         0.         0.         ... 0.03490275 0.         0.        ],5,1,3,191
"[ 0.18012555 -0.05613393  0.07528856 ... -0.11824641  0.
  0.10049387]",[316.3836  278.8302  325.85693 ... 296.57263 313.9403  309.98145],[382.10345 344.35632 380.8908  ... 348.51724 370.94254 377.454  ],[309.38446 270.34656 308.30838 ... 269.54468 291.13995 302.7434 ],[0. 0. 0. ... 0. 0. 0.],5,1,3,192
[0.25780988 0.17238532 0.10654027 ... 0.4529296  0.46939918 0.39072528],[246.32607 237.95926 241.09592 ... 307.7461  315.9128  292.94705],[270.13174 271.50897 269.0958  ... 344.04193 346.54492 326.41916],[238.59656 239.27454 237.86842 ... 311.34277 313.6707  294.66983],[0. 0. 0. ... 0. 0. 0.],5,1,3,193
[0.0509828  0.         0.25866115 ... 1.0917039  0.49809852 0.5384095 ],[225.1427  220.39243 269.95044 ... 468.20068 356.27866 360.72296],[278.78677 291.99265 357.42648 ... 591.80884 440.90442 446.32352],[263.10825 274.93045 340.9636  ... 574.5304  420.8375  430.92612],[0.         0.02485395 0.         ... 0.         0.         0.        ],5,1,3,194
[0.37442642 0.08106282 0.1416977  ... 0.25058392 0.03798528 0.11427373],[291.05716 263.5936  280.62692 ... 317.10956 274.31006 290.6427 ],[330.89932 303.4161  319.7181  ... 358.7651  313.26846 326.92618],[300.03058 269.4254  287.77008 ... 326.75522 278.17844 292.51382],[0. 0. 0. ... 0. 0. 0.],5,1,3,195
[0.         0.3729868  0.13422702 ... 0.12602955 0.3255529  0.17470993],[291.58014 378.64563 330.746   ... 375.27032 415.4293  365.369  ],[300.18182 390.58374 347.08133 ... 386.933   434.0957  379.39233],[250.20328 342.11566 295.1515  ... 330.11462 379.36127 330.74283],[0.         0.         0.         ... 0.04403569 0.         0.        ],5,1,3,196
"[ 0.14345345  0.03061873  0.09705661 ... -0.02324528  0.10765233
  0.        ]",[290.0186  274.45496 299.8952  ... 313.0694  340.12848 304.97638],[296.8497  280.5549  304.83817 ... 322.72833 347.1445  310.01157],[251.84846 234.73871 258.96518 ... 272.37897 295.36142 264.39374],[0. 0. 0. ... 0. 0. 0.],5,1,3,197
[0.27287307 0.00606681 0.24467532 ... 0.14898393 0.06170421 0.01976362],[372.1363  334.9026  381.36096 ... 384.62918 368.4832  346.30612],[374.59616 336.19873 382.57693 ... 385.85898 369.81412 347.58334],[320.37445 269.69122 323.52997 ... 325.19043 303.50638 287.44656],[0. 0. 0. ... 0. 0. 0.],5,1,3,198
[0.1877383  0.24522729 0.15583387 ... 0.2756741  0.14267609 0.15974364],[239.4346  267.72238 263.82547 ... 293.99686 273.91965 276.70743],[300.56522 332.49277 316.21738 ... 374.14493 342.36957 342.18842],[268.3995  295.49918 283.15533 ... 338.85184 305.0304  307.80554],[0. 0. 0. ... 0. 0. 0.],5,1,3,199
"[ 0.5322023   0.03520351  0.11340269 ...  0.02582616  0.
 -0.03097766]",[430.41306 338.85507 351.5145  ... 342.23187 336.30435 316.78986],[430.41306 338.85507 351.5145  ... 342.23187 336.30435 316.78986],[365.68365 264.64838 281.4987  ... 270.9106  264.29745 244.23038],[0. 0. 0. ... 0. 0. 0.],5,1,3,200
[0.3770083  0.11694617 0.         ... 0.16371144 0.16999158 0.14101271],[313.64948 275.78366 268.9604  ... 320.33707 306.01666 293.3413 ],[316.      278.25146 271.38013 ... 326.8538  308.4269  298.66083],[269.99222 239.08362 228.48607 ... 276.7483  265.38474 257.04697],[0. 0. 0. ... 0. 0. 0.],5,1,3,201
[0.39126855 0.1151117  0.21772517 ... 0.1557903  0.24442357 0.02711313],[280.28275 268.84628 309.69638 ... 292.268   322.74933 270.28946],[310.01492 282.2388  324.61942 ... 316.22388 334.36566 281.2388 ],[258.65775 230.3903  273.76492 ... 263.6558  280.04376 229.07747],[0. 0. 0. ... 0. 0. 0.],5,1,3,202
[0.17759165 0.20691237 0.11465371 ... 0.         0.2974222  0.        ],[336.1492  346.555   311.85886 ... 294.73825 355.52216 290.42987],[386.2213  395.39343 370.36887 ... 356.4754  428.18854 342.7869 ],[332.49164 343.5835  323.01926 ... 305.49237 376.39023 292.19278],[0. 0. 0. ... 0. 0. 0.],5,1,3,203
[0.24037102 0.00893319 0.03845914 ... 0.09820461 0.22651902 0.2904777 ],[301.5725  265.50955 278.60272 ... 319.49283 353.1378  322.20767],[365.4479  329.52603 336.95312 ... 383.20834 411.58334 390.71875],[337.80457 301.03125 309.7951  ... 353.6193  383.98346 364.36377],[0.         0.         0.         ... 0.04991495 0.         0.        ],5,1,3,204
"[ 0.18698795  0.15071318 -0.05824743 ...  0.27687567  0.34333867
 -0.04056035]",[284.74033 294.78412 240.70894 ... 349.96338 349.43362 278.8192 ],[313.1837  321.7551  277.61224 ... 390.10205 397.03403 311.8163 ],[268.71585 274.54395 233.52629 ... 344.42514 353.58633 266.1274 ],[0.         0.         0.         ... 0.02632278 0.         0.        ],5,1,3,205
[0.29837176 0.04581954 0.18246806 ... 0.39061666 0.0318466  0.16407748],[339.81052 281.00262 330.56107 ... 399.7477  311.93604 329.93344],[354.7015  303.35822 344.30597 ... 416.58954 332.8955  350.9403 ],[307.2767  257.70636 297.37802 ... 370.91742 280.23547 302.40573],[0. 0. 0. ... 0. 0. 0.],5,1,3,206
"[ 0.18806174  0.21237758  0.22150196 ...  0.13697354  0.2147188
 -0.01351287]",[207.03607 238.9661  231.2891  ... 244.26866 242.27612 215.26578],[286.95746 321.13477 323.24115 ... 327.14893 345.539   291.30496],[263.9127  297.1419  299.7654  ... 302.81247 320.44794 263.85318],[0. 0. 0. ... 0. 0. 0.],5,1,3,207
"[ 0.2361638   0.14447254  0.10867251 ... -0.02305079 -0.0007081
  0.0237589 ]",[327.33893 303.03235 303.21063 ... 291.5345  276.34015 280.7925 ],[368.86932 346.3466  339.49432 ... 331.98865 330.51135 318.64774],[332.01462 313.591   306.84766 ... 298.5493  294.10037 285.76178],[0. 0. 0. ... 0. 0. 0.],5,1,3,208
"[ 0.1472895   0.06759397  0.13346867 ... -0.18178818  0.17121495
  0.27123582]",[329.50192 353.0778  361.86005 ... 303.9868  397.09402 397.18527],[405.18054 387.52777 404.90277 ... 348.43054 427.64584 440.75   ],[335.0372  317.13522 336.33295 ... 273.1123  358.6859  368.00613],[0.         0.         0.03205512 ... 0.         0.04371513 0.        ],5,1,3,209
"[ 0.48570696  0.         -0.06257565 ... -0.04198297  0.00696439
  0.15707608]",[322.55743 243.35278 233.90317 ... 265.56204 275.04907 286.879  ],[382.14014 295.7707  287.90445 ... 336.87897 343.57324 367.70062],[345.6204  256.1295  251.23572 ... 294.9023  305.25256 329.7137 ],[0. 0. 0. ... 0. 0. 0.],5,1,3,210
[0.2576519  0.136413   0.0016154  ... 0.06467246 0.21978843 0.31474724],[303.06848 293.63013 281.17807 ... 309.03424 324.11642 333.8904 ],[303.06848 293.63013 281.17807 ... 309.03424 324.11642 333.8904 ],[249.74637 238.11064 224.3177  ... 249.60234 264.00507 274.93768],[0.         0.         0.         ... 0.05051303 0.         0.        ],5,1,3,211
"[ 0.25098646  0.22654486  0.1815262  ...  0.1251216  -0.04149016
  0.22387648]",[300.2549  298.61438 289.26144 ... 279.77124 247.71895 293.37256],[300.2549  298.61438 289.26144 ... 279.77124 247.71895 293.37256],[263.6643  260.57364 253.18428 ... 242.3626  209.86581 253.32622],[0.         0.         0.         ... 0.         0.03650792 0.        ],5,1,3,212
"[ 0.21828645 -0.0394894   0.0686988  ...  0.19993266  0.09416955
  0.        ]",[316.395   286.48248 310.1808  ... 343.8652  311.26715 291.8023 ],[329.62643 300.93103 332.4138  ... 357.71265 328.31033 304.13217],[279.1654  248.3934  282.0874  ... 302.91016 276.8701  252.12187],[0. 0. 0. ... 0. 0. 0.],5,1,3,213
"[ 0.2135845   0.01507654  0.09697599 ... -0.06723365  0.10989831
  0.06856328]",[279.48206 238.30936 266.56967 ... 250.56017 286.308   260.2135 ],[323.29053 281.89865 313.30405 ... 295.39865 329.8311  315.89865],[297.35687 255.5258  286.70474 ... 266.33832 300.50357 287.33524],[0. 0. 0. ... 0. 0. 0.],5,1,3,214
"[ 0.13181718  0.11457016  0.20206372 ... -0.09235822  0.15631786
  0.13072722]",[287.23816 292.22192 308.82562 ... 250.50063 283.88806 270.0336 ],[365.30865 367.      386.73456 ... 322.25308 354.53085 343.00616],[313.5796  316.29575 338.9976  ... 268.87778 299.81876 290.96796],[0.         0.         0.         ... 0.         0.02600823 0.        ],5,1,3,215
"[ 0.17637168 -0.04783331  0.06671229 ...  0.31089187  0.13061872
  0.02165849]",[261.9946  245.91895 266.42386 ... 327.63007 268.21725 251.5193 ],[293.60464 263.90698 299.031   ... 348.4031  301.73642 278.62015],[263.2917  233.66403 268.85452 ... 315.68246 269.70288 245.01794],[0. 0. 0. ... 0. 0. 0.],5,1,3,216
"[ 0.13555847 -0.03419734  0.11886375 ...  0.15655239 -0.00723962
  0.10979741]",[142.54633 136.9275  166.3571  ... 208.37798 172.02695 197.78836],[299.29144 287.70285 343.85715 ... 364.07428 321.89142 346.08572],[249.12813 237.37856 294.7609  ... 313.08185 269.9937  293.91296],[0. 0. 0. ... 0. 0. 0.],5,1,3,217
"[ 0.39423802  0.32905525  0.49216115 ...  0.2863823  -0.08852477
  0.29855746]",[311.06564 294.23166 336.0773  ... 291.62466 239.6456  300.46164],[363.37064 354.53845 393.02097 ... 348.5804  273.07693 346.3986 ],[316.82034 308.37073 344.98267 ... 298.01038 221.97409 300.14236],[0.         0.         0.         ... 0.         0.04030661 0.        ],5,1,3,218
[0.19451208 0.11671323 0.03307731 ... 0.0851004  0.01470721 0.12478635],[163.77412 183.98918 170.32184 ... 190.07031 192.37595 157.69702],[284.5238  322.38095 302.40475 ... 341.6746  323.96826 323.74603],[262.99478 297.23898 281.1428  ... 319.3916  300.76736 299.98016],[0. 0. 0. ... 0. 0. 0.],5,1,3,219
[0.62274665 0.15444428 0.12657622 ... 0.5759229  1.0512298  0.7848654 ],[367.98898 342.34482 343.5334  ... 477.98486 579.02014 505.44513],[404.97314 365.37582 369.79193 ... 512.0067  619.7114  548.15436],[363.73874 324.38797 329.46176 ... 468.0307  579.07    508.1552 ],[0.         0.         0.         ... 0.07262211 0.         0.        ],5,1,3,220
[0.43997675 0.24127743 0.15039417 ... 0.03143593 0.18381561 0.07138486],[209.14008 220.5257  197.74402 ... 202.94153 198.79102 188.98787],[394.5     363.29507 341.0492  ... 326.66394 362.7213  328.90164],[360.9057  322.95822 303.88058 ... 287.02713 321.1671  291.57257],[0. 0. 0. ... 0. 0. 0.],5,1,3,221
"[ 0.62085485  0.19091111  0.09244782 ... -0.01346847  0.2029878
  0.11535082]",[199.05899 147.48485 145.36345 ... 184.99785 237.59555 189.27252],[299.5431  260.30173 254.2069  ... 331.56897 372.8793  351.36206],[278.35193 240.43817 236.7452  ... 312.14902 351.99738 327.09604],[0. 0. 0. ... 0. 0. 0.],5,1,3,222
[0.22797674 0.18748185 0.19814724 ... 0.08460883 0.08534128 0.05786492],[367.83414 396.36536 399.90286 ... 380.6393  385.13657 369.69012],[387.57822 409.61224 422.91156 ... 404.5034  406.2381  385.60544],[359.06924 379.60248 391.167   ... 376.94788 376.38312 357.43008],[0. 0. 0. ... 0. 0. 0.],5,1,3,223
"[ 0.2109669  -0.03822989  0.06740189 ...  0.40788117  0.15202321
  0.3535128 ]",[332.50018 277.79492 317.22998 ... 397.51627 355.0465  389.47116],[446.30658 392.21167 429.70074 ... 539.1825  475.67154 507.48175],[372.44324 320.5095  350.86813 ... 461.41165 390.10718 432.60934],[0. 0. 0. ... 0. 0. 0.],5,1,3,224
[0.12736185 0.06691862 0.03410489 ... 0.10837822 0.04737106 0.        ],[256.4     257.6826  251.38213 ... 272.02292 252.55505 234.16264],[332.07108 329.72083 326.75635 ... 354.11676 342.4467  323.65482],[295.50192 292.13303 288.17065 ... 318.20084 302.51273 287.89307],[0. 0. 0. ... 0. 0. 0.],5,1,3,225
[0.05717029 0.2784162  0.23193991 ... 0.         0.42038125 0.18964508],[245.31972 294.59457 284.80142 ... 263.93085 316.17798 272.18173],[275.96454 336.77304 324.92908 ... 292.8085  364.2057  311.72342],[225.20319 281.22208 272.7702  ... 232.90254 308.9759  258.7465 ],[0.         0.         0.         ... 0.05176724 0.         0.        ],5,1,3,226
"[ 0.01766837  0.6652737   0.04260781 ... -0.05166117  0.02984657
  0.21668404]",[320.44196 480.45584 351.03906 ... 340.74475 364.86353 367.64404],[342.07693 512.4142  381.32544 ... 365.15384 390.26627 403.91125],[297.52197 467.9138  337.45105 ... 320.5274  341.023   355.19516],[0.         0.         0.         ... 0.         0.02883481 0.        ],5,1,3,227
[0.05759393 0.15140745 0.24823636 ... 0.09625094 0.17031537 0.10537275],[ 93.95953  108.56309  159.78947  ... 119.686264 126.557686 116.37667 ],[270.61972 304.72534 339.19717 ... 289.72534 303.37323 270.5845 ],[259.40237 294.2392  327.30597 ... 277.04388 291.3464  258.97098],[0. 0. 0. ... 0. 0. 0.],5,1,3,228
"[ 0.5797117   0.4412743   0.08764709 ...  0.22181293 -0.08867095
  0.        ]",[420.93515 386.46887 325.496   ... 365.89648 281.62576 292.4914 ],[478.1203  451.0301  384.54135 ... 433.82706 328.89474 352.89474],[408.8405  385.8473  317.5785  ... 362.14246 261.53357 276.6276 ],[0. 0. 0. ... 0. 0. 0.],5,1,3,229
"[ 0.22610986  0.0074087   0.12340389 ...  0.15234756 -0.06193315
  0.16985004]",[283.61472 265.81586 300.40714 ... 302.56506 254.50136 298.33426],[313.13663 294.06558 321.53006 ... 331.87433 276.19672 325.01093],[281.95462 262.00858 290.62827 ... 298.71423 241.20258 291.92178],[0.        0.        0.        ... 0.        0.0244028 0.       ],5,1,3,230
[0.         0.17111959 0.10002436 ... 0.00119077 0.2931078  0.3257192 ],[230.71082 264.75882 246.66989 ... 238.17906 272.16068 271.3564 ],[269.9936  315.07693 302.23718 ... 278.52563 328.28845 328.83334],[228.1332  271.7547  260.8317  ... 236.00269 287.01324 288.86768],[0.         0.         0.         ... 0.04992167 0.         0.        ],5,1,3,231
"[ 0.226169    0.07830452  0.24345918 ... -0.02296039  0.26616275
  0.        ]",[372.63147 347.5243  371.15756 ... 356.5369  422.55914 348.46204],[385.91953 359.36206 403.10345 ... 368.26437 434.3506  360.56897],[316.80615 290.37015 336.88672 ... 296.30026 362.21265 287.69452],[0.       0.       0.       ... 0.025978 0.       0.      ],5,1,3,232
"[ 0.03939693  0.6751389   0.38771692 ... -0.10126877  0.25232118
  0.41128415]",[268.57193 384.32397 337.44727 ... 275.63046 351.14505 365.85385],[317.04965 452.2553  402.57446 ... 330.85107 405.69504 433.04254],[238.47662 373.6767  318.467   ... 252.4249  323.57394 351.0019 ],[0.05661506 0.         0.         ... 0.         0.0752936  0.        ],5,1,3,233
[0.16092737 0.01611216 0.08885209 ... 0.1464392  0.03985509 0.03583012],[297.0977  277.97125 295.9885  ... 321.98276 289.0747  278.33334],[297.0977  277.97125 295.9885  ... 321.98276 289.0747  278.33334],[235.10764 218.44902 236.58478 ... 263.31342 230.76428 219.80984],[0. 0. 0. ... 0. 0. 0.],5,1,3,234
"[ 0.38714227  0.19292393  0.13253644 ... -0.09418488  0.03933406
  0.06402492]",[329.95383 321.7914  330.51144 ... 299.03122 335.28223 332.96942],[386.546   370.75287 379.0115  ... 341.94254 376.52875 379.7069 ],[316.5663  294.71732 305.1006  ... 273.75076 305.24615 309.06763],[0. 0. 0. ... 0. 0. 0.],5,1,3,235
"[ 0.15976982 -0.04214336  0.11076464 ...  0.12041446  0.12425481
  0.19943689]",[175.66843 146.78217 161.76643 ... 168.9829  163.59412 176.4878 ],[300.0942  273.1232  312.63043 ... 333.83334 325.46378 333.68842],[274.05872 246.2019  286.74738 ... 307.0939  299.1745  309.17307],[0. 0. 0. ... 0. 0. 0.],5,1,3,236
"[ 0.05252798  0.21695946  0.20630725 ... -0.05296319  0.13151565
  0.13924523]",[302.22092 344.19766 358.81396 ... 340.65698 383.84302 366.7907 ],[302.22092 344.19766 358.81396 ... 340.65698 383.84302 366.7907 ],[252.47746 288.85187 305.55032 ... 285.9537  327.78397 315.3633 ],[0. 0. 0. ... 0. 0. 0.],5,1,3,237
"[ 0.29040468 -0.01744924  0.27568334 ...  0.05365673  0.05836629
  0.12658787]",[330.31766 278.52942 346.5647  ... 302.54706 302.5     309.21176],[330.31766 278.52942 346.5647  ... 302.54706 302.5     309.21176],[288.98978 234.34276 300.82755 ... 257.45682 257.64517 264.29398],[0. 0. 0. ... 0. 0. 0.],5,1,3,238
"[ 0.24625264 -0.03563196  0.33342713 ...  0.05069223  0.15894422
  0.04859211]",[299.3859  248.22993 344.2644  ... 299.8969  319.73975 289.8883 ],[300.3487  249.39473 351.9079  ... 301.07236 320.8684  290.92764],[276.14496 224.8614  326.45984 ... 273.03012 294.5904  264.02216],[0. 0. 0. ... 0. 0. 0.],5,1,3,239
"[ 0.40626296  0.28457126  0.3472493  ... -0.05775036 -0.01847674
  0.01847674]",[347.3125  347.95456 363.42615 ... 315.6875  315.33524 316.7216 ],[347.3125  347.95456 363.42615 ... 315.6875  315.33524 316.7216 ],[299.7065  296.10822 311.3042  ... 262.8145  263.9396  267.121  ],[0. 0. 0. ... 0. 0. 0.],5,1,3,240
[0.15637967 0.13186574 0.2024109  ... 0.40909502 0.20717143 0.02077088],[274.87964 269.65442 305.8497  ... 370.05405 312.59958 268.99683],[320.48666 324.62668 340.32    ... 423.40668 375.19333 321.20667],[275.1766  279.11133 296.10596 ... 374.7226  325.9019  275.45615],[0. 0. 0. ... 0. 0. 0.],5,1,3,241
"[ 0.29374596  0.09171934  0.11140969 ...  0.02637435  0.16211699
 -0.12494188]",[283.7981  271.27805 263.40677 ... 292.10617 286.47128 234.4667 ],[434.72464 389.78986 395.25363 ... 408.28986 436.5435  339.35507],[383.79257 340.0218  345.18436 ... 354.09067 381.50165 289.7641 ],[0.         0.         0.12113284 ... 0.         0.         0.        ],5,1,3,242
"[ 0.26191068  0.2627414   0.09963618 ... -0.0011212   0.48246098
 -0.01682075]",[308.2445  328.38666 294.31622 ... 295.20386 388.59085 281.98428],[316.98013 335.10596 306.98676 ... 304.95364 410.37747 288.9073 ],[280.52585 297.66125 269.42743 ... 268.10037 372.8432  250.53835],[0.         0.         0.         ... 0.04628068 0.         0.        ],5,1,3,243
"[ 0.1382238   0.20935316  0.         ... -0.06301165  0.08336118
  0.02389594]",[304.03067 320.2454  293.39877 ... 305.0736  333.68097 318.34357],[304.03067 320.2454  293.39877 ... 305.0736  333.68097 318.34357],[254.87042 269.53378 242.98927 ... 252.62852 281.63293 266.8286 ],[0. 0. 0. ... 0. 0. 0.],5,1,3,244
[0.16964614 0.08377622 0.01997332 ... 0.17177777 0.18887964 0.2155232 ],[293.2548  271.06525 259.43127 ... 296.17273 304.33224 301.8088 ],[332.45947 315.74326 310.71622 ... 350.13513 346.7027  344.46622],[309.0098  292.76437 285.84122 ... 325.55487 322.96933 320.25635],[0.         0.         0.         ... 0.04572879 0.         0.        ],5,1,3,245
"[ 0.01295653  0.05196607  0.00896853 ...  0.25792047  0.09579983
 -0.10844203]",[224.8327  189.8096  219.18555 ... 278.75394 210.20149 202.50482],[371.7414  387.9655  385.69827 ... 460.86206 414.5     341.81897],[315.14337 331.68832 328.4762  ... 401.7055  353.2761  286.1423 ],[0. 0. 0. ... 0. 0. 0.],5,1,3,246
"[ 0.1917483   0.          0.17006694 ... -0.05784891  0.
  0.16679434]",[255.04564 250.07202 285.6851  ... 255.18034 262.99576 286.0282 ],[282.1814  271.6744  308.18604 ... 277.17676 289.85117 314.51627],[237.21646 225.95703 263.3092  ... 228.35516 240.19215 267.08008],[0. 0. 0. ... 0. 0. 0.],5,1,3,247
[0.3245591  0.15910833 0.04580501 ... 0.10150307 0.18896577 0.06599464],[271.53366 289.1884  248.00298 ... 261.7984  275.851   231.98657],[359.82312 337.517   319.517   ... 339.1905  355.90475 316.31293],[325.9558  303.1114  288.1737  ... 303.28024 322.58966 287.6731 ],[0. 0. 0. ... 0. 0. 0.],5,1,3,248
[0.32454863 0.19755109 0.27457792 ... 0.2407932  0.27578613 0.25894314],[304.20096 314.56757 329.98843 ... 343.10953 347.7145  310.67166],[331.5634  335.47183 352.88733 ... 363.88028 361.40845 339.21127],[279.1872  277.1203  293.9014  ... 304.86395 304.973   283.99393],[0.         0.         0.         ... 0.04603152 0.         0.        ],5,1,3,249
[0.00968174 0.23336925 0.23678507 ... 0.1274782  0.00606938 0.10043043],[205.64655 254.68654 262.29282 ... 228.88452 193.17854 220.39954],[304.34723 375.80554 376.90973 ... 345.9375  306.36804 313.79166],[284.50494 353.31027 355.15506 ... 325.09814 286.1255  294.49088],[0. 0. 0. ... 0. 0. 0.],5,1,3,250
"[ 0.16290869  0.2623164   0.35817578 ... -0.03875653  0.07462758
  0.09895569]",[300.61456 331.17313 364.4943  ... 303.75052 335.28882 323.82635],[352.27975 401.7738  428.85715 ... 377.30356 408.8512  399.95834],[317.4352  368.6634  394.4963  ... 340.35812 372.5069  366.41125],[0. 0. 0. ... 0. 0. 0.],5,1,3,251
[0.15576853 0.18102558 0.08252534 ... 0.12332653 0.         0.36539724],[287.96292 313.53235 278.95917 ... 291.7971  241.00911 321.9407 ],[363.82666 374.57333 349.10666 ... 363.47333 333.23334 409.3    ],[318.1805  325.27994 304.69348 ... 316.3926  285.10672 363.46252],[0.         0.         0.         ... 0.         0.04820701 0.        ],5,1,3,252
"[ 0.12349145  0.45568097  0.18432517 ... -0.07798457  0.16502798
  0.14078191]",[300.2845  370.09415 314.13007 ... 252.60654 299.6942  298.12677],[335.60132 418.82352 356.03268 ... 288.33334 339.35294 323.98694],[314.993   396.18    335.03885 ... 267.1548  317.3858  305.33633],[0. 0. 0. ... 0. 0. 0.],5,1,3,253
[0.04057758 0.01825598 0.17691453 ... 0.05725266 0.         0.25348324],[261.27362 274.28143 309.11594 ... 265.53632 264.90887 309.6764 ],[320.92618 316.74496 360.8859  ... 328.48322 314.14764 376.24832],[289.21732 285.7436  326.36996 ... 297.33835 283.08453 343.3992 ],[0.         0.03128563 0.         ... 0.         0.03468073 0.        ],5,1,3,254
[0.16542886 0.3472344  0.14805982 ... 0.23943126 0.20202005 0.11739078],[307.6     363.43704 329.13333 ... 364.17776 354.12592 331.81482],[307.6     363.43704 329.13333 ... 364.17776 354.12592 331.81482],[253.05734 307.23993 269.37573 ... 304.98456 296.25287 278.15042],[0. 0. 0. ... 0. 0. 0.],5,1,3,255
[0.4292346  0.24345143 0.17393978 ... 0.03753118 0.11393043 0.01848795],[331.53458 331.74942 319.55438 ... 279.30188 305.4894  279.10663],[357.2384  343.47018 332.70862 ... 300.43707 315.77484 288.76822],[315.0586  301.34415 291.24448 ... 258.29727 272.5754  245.45456],[0. 0. 0. ... 0. 0. 0.],5,1,3,256
"[ 0.10447989  0.18377802  0.13089299 ...  0.14083354 -0.0194629
  0.0833969 ]",[228.2473  228.67865 243.9802  ... 251.09477 212.96431 235.51512],[302.74713 328.85632 323.27585 ... 332.3908  295.13794 314.28735],[259.41638 285.97983 277.62915 ... 285.22427 246.89168 269.15063],[0. 0. 0. ... 0. 0. 0.],5,1,3,257
"[ 0.06632853  0.03310186  0.16261996 ... -0.06869874  0.11617716
  0.08953209]",[357.16092 356.65936 402.39926 ... 312.7001  350.72263 338.53943],[362.5793  361.84137 410.15173 ... 318.67587 356.6     343.6276 ],[303.69702 304.6563  348.3927  ... 257.64774 296.26285 287.7189 ],[0.         0.01947757 0.         ... 0.01740016 0.         0.        ],5,1,3,258
[0.4307943  0.01563301 0.29488856 ... 0.06672975 0.11767548 0.16186963],[315.57474 275.2799  338.6688  ... 323.46075 335.42313 340.20786],[324.91602 278.46564 341.8168  ... 332.78625 339.03818 344.1985 ],[278.3773  229.51538 293.3014  ... 282.59995 292.86755 299.5692 ],[0. 0. 0. ... 0. 0. 0.],5,1,3,259
[0.         0.01918305 0.14240828 ... 0.07760109 0.12965865 0.1474384 ],[285.61713 313.1216  345.49548 ... 352.75226 362.3018  348.509  ],[285.61713 313.1216  345.49548 ... 352.75226 362.3018  348.509  ],[251.58342 278.13016 306.48434 ... 317.00583 327.56412 315.26495],[0.         0.02691947 0.         ... 0.02732004 0.         0.        ],5,1,3,260
[0.32654482 0.24478126 0.10793545 ... 0.17746678 0.43125683 0.0057966 ],[265.44592 238.03262 238.27606 ... 240.21759 283.8674  201.74434],[448.465 439.325 404.93  ... 449.505 520.11  402.13 ],[371.50037 359.53708 329.13538 ... 377.104   444.4901  325.393  ],[0. 0. 0. ... 0. 0. 0.],5,1,3,261
"[ 0.48117343  0.16798627  0.16846089 ...  0.          0.37202904
 -0.00524274]",[352.3747  305.41144 317.0344  ... 315.22006 383.2533  298.38513],[378.51898 329.59494 357.27847 ... 335.68988 410.41772 321.20886],[323.9941  271.3221  299.4292  ... 274.17035 355.37448 266.787  ],[0.         0.         0.         ... 0.03832502 0.         0.        ],5,1,3,262
[0.4767033  0.17307569 0.12037866 ... 0.14073269 0.10191712 0.25609684],[320.2192  293.25986 293.16858 ... 291.685   289.57025 308.93073],[360.39215 330.2549  326.8693  ... 350.40524 332.30066 351.64053],[321.22314 285.1706  284.53925 ... 308.09723 287.4462  309.08142],[0.         0.         0.         ... 0.         0.02529676 0.        ],5,1,3,263
"[ 0.22283405  0.09880733 -0.07476368 ... -0.03888693 -0.05483572
  0.30361655]",[319.1713  301.90646 290.5194  ... 298.77057 291.9665  370.5515 ],[320.9312  303.73544 292.42328 ... 300.5344  295.55026 375.80423],[284.51273 267.35437 253.68544 ... 263.4111  255.9198  336.9742 ],[0.         0.         0.         ... 0.         0.03871194 0.        ],5,1,3,264
[0.41443342 0.22436404 0.02666234 ... 0.29274654 0.384236   0.21143521],[245.95583 217.63988 223.92798 ... 273.26385 274.0423  262.90875],[366.19864 371.80823 357.76712 ... 425.5     434.80136 382.86987],[276.44144 275.45102 263.39334 ... 330.86917 339.39706 284.1832 ],[0.         0.         0.         ... 0.04830661 0.         0.        ],5,1,3,265
[0.24280116 0.09034064 0.00788784 ... 0.11160888 0.01370509 0.19085899],[225.93182 212.11507 201.44876 ... 220.10928 193.39629 220.6665 ],[334.77316 310.30093 291.81946 ... 317.56018 287.82407 328.0787 ],[299.66022 276.24707 259.6831  ... 285.16492 255.27295 292.92404],[0.         0.         0.         ... 0.         0.02159529 0.        ],5,1,3,266
[0.11967087 0.21691263 0.03029474 ... 0.16325018 0.08109766 0.        ],[178.66425 212.00876 209.9766  ... 198.35396 203.43794 176.228  ],[319.14285 349.69897 316.95407 ... 351.9592  320.51532 293.82654],[264.4162  290.95044 258.4698  ... 292.729   267.48535 240.31786],[0. 0. 0. ... 0. 0. 0.],5,1,3,267
[0.24939178 0.28198197 0.07604037 ... 0.25807208 0.1007426  0.07256169],[357.0307  365.25714 323.48257 ... 374.7145  342.47144 336.07486],[389.53085 392.3889  366.88272 ... 418.31482 376.19754 366.43826],[334.77716 345.57776 314.5072  ... 364.13278 322.5192  315.3419 ],[0. 0. 0. ... 0. 0. 0.],5,1,3,268
[0.39324117 0.13793555 0.09855942 ... 0.         0.00082598 0.22580807],[362.74692 323.4784  323.09018 ... 318.8225  326.50302 338.8673 ],[434.3578  402.76605 403.0734  ... 400.79358 393.66055 409.7523 ],[364.1876  336.60693 329.37704 ... 326.39658 314.42065 336.9378 ],[0.         0.         0.         ... 0.         0.02803699 0.        ],5,1,3,269
[0.35424626 0.21841039 0.05745763 ... 0.00345247 0.14024135 0.08035582],[261.58395 222.45148 231.5747  ... 204.82822 228.62543 219.15259],[345.31357 318.61017 307.8729  ... 313.82202 333.44067 305.69492],[314.73834 287.8291  276.44803 ... 280.33792 300.93253 274.3309 ],[0. 0. 0. ... 0. 0. 0.],5,1,3,270
[0.27646568 0.01908613 0.15224634 ... 0.07266135 0.19145338 0.47803846],[276.19427 243.43825 264.41974 ... 293.7976  295.9012  325.8924 ],[338.12338 295.88962 320.39612 ... 337.56494 348.44806 396.82468],[297.4778  252.60811 279.72766 ... 297.10718 309.19772 354.44098],[0.         0.         0.         ... 0.         0.07962457 0.        ],5,1,3,271
"[ 0.24362624  0.13572851  0.22473931 ... -0.04962243  0.15622066
  0.00695032]",[374.15268 348.51788 373.83078 ... 321.23642 361.2617  312.9367 ],[418.73373 402.60947 429.05325 ... 364.63315 417.77515 370.28995],[365.36066 348.7389  378.4283  ... 313.15005 364.37598 319.22382],[0. 0. 0. ... 0. 0. 0.],5,1,3,272
"[ 0.32102048  0.19630428  0.12038369 ...  0.09342296  0.06885286
 -0.25719088]",[388.85068 369.89957 383.46194 ... 392.64554 375.70166 280.8246 ],[425.16025 427.81412 430.6154  ... 434.66666 436.8654  343.33334],[364.4182  365.41577 364.65494 ... 373.6047  365.47583 274.60266],[0. 0. 0. ... 0. 0. 0.],5,1,3,273
"[ 0.36154732  0.23196216 -0.11843964 ...  0.19698125  0.11631978
  0.        ]",[243.39749 244.54727 198.5092  ... 279.40683 270.46286 193.24165],[330.4107  323.00894 276.0268  ... 387.29465 363.5982  287.6607 ],[291.0539  281.14105 234.42686 ... 343.99554 319.26172 245.84995],[0. 0. 0. ... 0. 0. 0.],5,1,3,274
[0.15062913 0.23312269 0.07771496 ... 0.09124746 0.16703326 0.24113847],[201.00046 243.97704 242.64113 ... 231.77275 232.03743 214.7275 ],[342.854   373.9197  353.69342 ... 371.      374.0073  377.90512],[312.36035 341.63196 321.77408 ... 340.75073 341.33658 345.30255],[0.         0.         0.         ... 0.02566415 0.         0.        ],5,1,3,275
[0.26381305 0.30813763 0.14076023 ... 0.3017766  0.26141527 0.3872776 ],[335.05063 349.8038  321.87976 ... 351.44302 337.6519  355.48102],[335.05063 349.8038  321.87976 ... 351.44302 337.6519  355.48102],[302.88248 314.08102 287.97223 ... 317.72504 301.48697 321.227  ],[0.         0.         0.         ... 0.         0.02815424 0.        ],5,1,3,276
"[ 0.3108303   0.01618617  0.02522195 ... -0.06668309  0.20999922
  0.21970725]",[252.79077 219.85954 225.94937 ... 218.29138 259.70108 245.94307],[311.25    272.4357  277.25714 ... 268.80713 322.25    307.1357 ],[279.40994 237.61908 243.74062 ... 234.49828 284.45456 271.50403],[0.         0.         0.02257236 ... 0.04486737 0.         0.        ],5,1,3,277
[0.37406507 0.06333288 0.07270422 ... 0.         0.15319659 0.        ],[321.17807 304.49316 315.26712 ... 331.8767  360.0137  306.3356 ],[321.17807 304.49316 315.26712 ... 331.8767  360.0137  306.3356 ],[253.32365 238.69409 246.72113 ... 262.08957 288.63135 237.23524],[0. 0. 0. ... 0. 0. 0.],5,1,3,278
"[ 0.21971178  0.0654406  -0.04495605 ...  0.17417292  0.31600603
  0.        ]",[303.86365 281.13635 269.46024 ... 329.57956 360.28976 289.70456],[303.86365 281.13635 269.46024 ... 329.57956 360.28976 289.70456],[266.1755  242.65996 228.30164 ... 288.39096 316.54343 248.5823 ],[0.         0.         0.         ... 0.02129466 0.         0.        ],5,1,3,279
[0.13062735 0.         0.18461101 ... 0.         0.11241709 0.17194557],[268.75943 238.16846 282.04993 ... 248.0813  260.43906 280.179  ],[333.48172 308.25    351.67075 ... 312.17682 332.30487 346.75   ],[295.1198  269.62387 311.28024 ... 271.51575 291.69977 304.97104],[0.         0.02803915 0.         ... 0.         0.         0.        ],5,1,3,280
"[ 0.04323095  0.23800048  0.05749346 ...  0.15155044 -0.01170639
  0.33584473]",[193.8408  234.23979 210.14877 ... 233.5151  199.89378 230.86482],[333.15424 393.22885 352.56717 ... 377.79105 338.77115 406.02487],[259.82477 318.67227 279.7611  ... 300.0842  261.04614 331.70593],[0.        0.        0.        ... 0.        0.0405881 0.       ],5,1,3,281
"[ 0.2985118   0.08048107  0.20156418 ... -0.00204672  0.16194332
 -0.12444197]",[232.75539 224.73943 243.04    ... 225.78406 243.9877  181.8663 ],[358.25    340.1389  379.0139  ... 333.55554 365.1875  291.34723],[314.17056 294.6933  335.4783  ... 286.6275  321.61203 250.45901],[0. 0. 0. ... 0. 0. 0.],5,1,3,282
[0.03600657 0.06632148 0.06252395 ... 0.14974205 0.19728166 0.03721477],[269.34375 281.85156 287.1953  ... 321.96875 320.47656 282.53125],[269.34375 281.85156 287.1953  ... 321.96875 320.47656 282.53125],[213.50928 226.10445 226.65915 ... 264.70676 261.88998 223.44594],[0. 0. 0. ... 0. 0. 0.],5,1,3,283
[0.02153918 0.20693333 0.01883154 ... 0.16402142 0.05233876 0.        ],[197.85196 251.65068 240.84206 ... 229.88641 218.55199 200.57341],[279.36783 350.9655  327.34482 ... 354.99426 320.9655  301.8506 ],[242.2287  312.42166 291.33612 ... 318.44547 280.39853 263.96237],[0. 0. 0. ... 0. 0. 0.],5,1,3,284
[0.42917004 0.24464004 0.22802155 ... 0.18067506 0.06825069 0.45406106],[214.80911 221.02681 233.95926 ... 238.52408 223.85066 234.10634],[322.984 312.784 333.248 ... 351.144 320.584 362.088],[283.85025 272.19647 294.00623 ... 308.45657 279.31818 323.09457],[0.         0.         0.         ... 0.         0.05444146 0.        ],5,1,3,285
"[ 0.18661068  0.0787268  -0.03053221 ...  0.          0.13284189
  0.02107143]",[298.55527 291.18585 277.18085 ... 266.63937 295.45227 269.28116],[323.83707 309.0618  297.58987 ... 296.33145 323.66855 290.14044],[282.99118 268.1885  253.37556 ... 252.21014 278.7884  248.69533],[0. 0. 0. ... 0. 0. 0.],5,1,3,286
"[ 0.22698142  0.27420166  0.03211964 ... -0.0489844   0.12644209
  0.03067651]",[280.17374 296.84363 273.016   ... 270.20227 311.90616 278.2083 ],[307.726   320.95206 297.8767  ... 304.32193 342.28766 304.36987],[282.74652 295.3056  272.39978 ... 275.8212  313.06448 278.69446],[0. 0. 0. ... 0. 0. 0.],5,1,3,287
[0.21299157 0.22222169 0.33143508 ... 0.37012553 0.09795556 0.13443664],[246.44136 250.69598 287.91946 ... 307.46802 262.50027 253.1998 ],[323.84567 345.9753  375.18518 ... 398.96915 335.01852 335.9753 ],[271.73376 296.47656 322.42242 ... 347.1024  281.31375 286.84436],[0. 0. 0. ... 0. 0. 0.],5,1,3,288
"[ 0.23909046  0.09365354  0.252614   ... -0.07500447  0.08635296
  0.        ]",[256.18857 244.53593 280.45255 ... 235.21689 255.7428  226.29152],[338.59393 317.32727 356.4121  ... 303.53333 341.18787 307.31516],[299.66714 277.40735 314.9816  ... 265.082   301.00027 266.89188],[0. 0. 0. ... 0. 0. 0.],5,1,3,289
[0.40905637 0.44494018 0.3056318  ... 0.23919418 0.31108746 0.        ],[406.7561  432.5691  421.65042 ... 448.89432 444.5691  365.39026],[406.7561  432.5691  421.65042 ... 448.89432 444.5691  365.39026],[322.03833 351.0112  339.70557 ... 356.50137 355.18848 276.0096 ],[0. 0. 0. ... 0. 0. 0.],5,1,3,290
[0.         0.03927424 0.30088553 ... 0.26558286 0.1311201  0.14777446],[284.0604  301.4765  366.49664 ... 364.302   334.03357 334.61075],[284.0604  301.4765  366.49664 ... 364.302   334.03357 334.61075],[251.89554 267.45847 334.52686 ... 333.39142 299.84732 302.39673],[0.         0.03399749 0.         ... 0.         0.         0.        ],5,1,3,291
[0.19882591 0.20831406 0.11369401 ... 0.02472304 0.33663493 0.17420697],[212.40715 214.368   219.30148 ... 191.07927 246.03511 224.89206],[312.86014 317.5944  302.75525 ... 301.5035  369.13287 326.16785],[284.28174 287.75198 274.05566 ... 271.32755 338.0443  296.22742],[0.        0.        0.        ... 0.0265732 0.        0.       ],5,1,3,292
"[ 0.1450766  -0.10782015  0.46918795 ...  0.11497548  0.02058455
  0.17872195]",[251.86516 243.10576 331.53278 ... 288.9402  240.41786 300.96295],[337.05554 307.58334 444.04166 ... 381.35416 359.3264  389.04166],[285.24225 256.81937 390.53937 ... 325.8054  301.89352 334.84433],[0.         0.05389842 0.         ... 0.         0.         0.        ],5,1,3,293
"[ 0.20362948  0.43072566 -0.02459745 ... -0.0340162   0.0340162
  0.14485309]",[244.62941 306.87292 212.04868 ... 216.74054 228.34088 231.42746],[341.64536 421.8314  319.55234 ... 312.3256  317.85464 337.40698],[310.41855 390.24615 287.44626 ... 280.8799  288.31952 306.3247 ],[0. 0. 0. ... 0. 0. 0.],5,1,3,294
"[ 0.27341172  0.15551272 -0.05489589 ...  0.14105763  0.1609573
 -0.10101665]",[282.213   261.63367 241.94952 ... 298.34442 291.16675 246.72247],[316.84848 308.64395 286.95456 ... 352.12878 349.93182 286.99243],[255.60887 248.94272 227.01617 ... 287.7423  287.52853 229.0176 ],[0. 0. 0. ... 0. 0. 0.],5,1,3,295
[0.35922194 0.23372078 0.20669459 ... 0.01744793 0.09607952 0.41423357],[276.87393 262.18756 264.45724 ... 244.34142 253.24284 291.58856],[353.5986  336.35916 334.55634 ... 299.80283 313.45773 366.61267],[317.71423 301.7984  300.08    ... 264.1054  276.79767 331.86893],[0.         0.         0.         ... 0.         0.06588048 0.        ],5,1,3,296
[0.24048933 0.00389244 0.04843781 ... 0.07050877 0.         0.10926059],[286.76624 243.26709 247.48546 ... 270.86212 254.31853 268.8534 ],[336.56    291.59332 304.45334 ... 332.11334 312.72    334.48666],[301.1863  254.8212  267.72546 ... 293.0409  274.08414 294.81497],[0. 0. 0. ... 0. 0. 0.],5,1,3,297
"[ 0.23734704  0.24626584  0.11406944 ...  0.20595713  0.14360341
 -0.0450931 ]",[334.1393  337.3368  317.24774 ... 342.8963  320.50674 267.56073],[349.65262 354.26843 339.27896 ... 361.18948 342.66315 285.9579 ],[294.59686 298.33282 280.4775  ... 302.1549  286.4757  231.97194],[0. 0. 0. ... 0. 0. 0.],5,1,3,298
[0.5052234  0.09605043 0.01477226 ... 0.12664767 0.31499    0.08150101],[340.5533  264.05417 253.72627 ... 275.77322 312.64548 253.46967],[393.59616 311.46155 303.73077 ... 329.95193 364.5096  305.28845],[342.9711  265.31375 251.88506 ... 278.61816 316.80975 257.3818 ],[0. 0. 0. ... 0. 0. 0.],5,1,3,299
[0.         0.07062265 0.05484333 ... 0.0888224  0.14053982 0.00833282],[245.75568 284.43784 281.36807 ... 293.5278  282.156   269.66125],[301.8092  327.3684  326.0987  ... 344.2237  345.5066  306.78946],[272.27655 297.99783 295.40686 ... 314.76913 312.74176 275.48682],[0. 0. 0. ... 0. 0. 0.],5,1,3,300
[0.5012202  0.20777237 0.         ... 0.09421974 0.37384036 0.        ],[282.425   266.51242 228.918   ... 271.5091  308.4278  239.35468],[388.68875 370.52982 331.0331  ... 382.74173 432.24503 320.78146],[336.91083 322.6115  277.71292 ... 329.42215 378.09198 268.30576],[0.         0.         0.         ... 0.03998876 0.         0.        ],5,1,3,301
[0.23610504 0.07470506 0.15083158 ... 0.48723927 0.24562374 0.08971336],[265.3343  259.7252  272.2189  ... 367.8586  300.7394  286.26624],[287.84482 293.69827 308.3793  ... 392.67242 338.56033 306.5431 ],[245.5776  250.4364  265.72592 ... 347.98068 292.6839  261.7037 ],[0. 0. 0. ... 0. 0. 0.],5,1,3,302
[0.3747955  0.52073914 0.25229752 ... 0.15546738 0.08647034 0.18670185],[410.75772 463.07217 411.81442 ... 401.27835 390.66495 400.90207],[410.75772 463.07217 411.81442 ... 401.27835 390.66495 400.90207],[334.19412 384.26282 330.82758 ... 319.94962 297.91833 313.3153 ],[0. 0. 0. ... 0. 0. 0.],5,1,3,303
"[ 0.32884276 -0.2489125   0.03535731 ...  0.28040954  0.05523695
  0.07149117]",[211.01277 168.79456 214.96507 ... 272.06085 226.59805 226.8349 ],[291.55    233.05    292.91876 ... 368.31876 314.70624 299.0125 ],[256.72296 193.19287 254.68037 ... 329.21457 276.78793 262.1649 ],[0. 0. 0. ... 0. 0. 0.],5,1,3,304
"[ 0.32742226  0.12761223  0.25590852 ... -0.18495856  0.01846712
  0.02142104]",[349.82587 311.4408  338.1274  ... 264.20474 319.06467 295.7303 ],[410.3546  370.22696 412.21277 ... 337.07092 384.31204 369.33334],[359.01584 315.93994 349.9982  ... 279.56738 320.80768 311.85062],[0. 0. 0. ... 0. 0. 0.],5,1,3,305
[0.16235791 0.32540697 0.10822503 ... 0.07822108 0.02394964 0.04613418],[315.29868 370.78513 313.27737 ... 343.80533 316.36377 329.58945],[362.83624 434.8538  385.20468 ... 404.2456  388.26315 389.3684 ],[299.56967 365.59482 318.47772 ... 338.11728 319.52637 324.02747],[0. 0. 0. ... 0. 0. 0.],5,1,3,306
[0.18012556 0.12777114 0.09054407 ... 0.01129198 0.13056721 0.26670012],[324.63528 334.38824 331.8412  ... 332.04117 351.04117 352.2353 ],[324.63528 334.38824 331.8412  ... 332.04117 351.04117 352.2353 ],[282.95663 295.36313 289.586   ... 289.6183  309.05478 311.12582],[0.         0.         0.         ... 0.         0.03234682 0.        ],5,1,3,307
"[ 0.04343309  0.17220479  0.80488396 ... -0.04101511  0.2064805
  0.3718759 ]",[284.25903 323.8613  463.29675 ... 326.76993 356.47382 383.55194],[319.625   371.95535 510.25    ... 371.07144 421.125   436.83035],[261.61868 311.29117 444.89197 ... 305.61517 353.8431  376.13843],[0.         0.09957451 0.         ... 0.         0.04501648 0.        ],5,1,3,308
[0.16046134 0.29536182 0.18330657 ... 0.15007249 0.01426787 0.        ],[316.2769  367.16293 353.5439  ... 367.69214 325.0254  318.48193],[325.9883  384.25732 360.95908 ... 377.18127 339.4503  336.85965],[268.29495 325.13046 302.21902 ... 315.50696 280.92722 276.77197],[0. 0. 0. ... 0. 0. 0.],5,1,3,309
[0.37663233 0.15524356 0.18986236 ... 0.11808608 0.14688149 0.        ],[322.03705 309.45062 328.34567 ... 330.30246 330.56174 283.74075],[322.03705 309.45062 328.34567 ... 330.30246 330.56174 283.74075],[280.26663 264.48654 283.43506 ... 285.0783  285.96555 238.26733],[0. 0. 0. ... 0. 0. 0.],5,1,3,310
[0.12944646 0.11543061 0.01121448 ... 0.42371818 0.18979517 0.07791953],[207.8905  251.09644 220.19862 ... 315.52298 265.85062 229.8577 ],[296.3964  302.6847  289.3874  ... 400.22522 345.3964  313.75674],[273.94266 276.6454  263.72604 ... 374.60205 318.16245 287.3252 ],[0. 0. 0. ... 0. 0. 0.],5,1,3,311
"[ 0.37951362  0.3477585   0.0980746  ... -0.01982211  0.07811125
  0.14892617]",[312.32877 307.26712 260.60727 ... 224.80241 239.4186  265.25238],[417.8611  420.04443 362.1611  ... 325.90555 340.44446 358.1611 ],[371.51044 370.5087  313.1286  ... 273.70218 290.64392 307.2769 ],[0. 0. 0. ... 0. 0. 0.],5,1,3,312
[0.6243271  0.58075726 0.6986414  ... 0.15415728 0.13976395 0.        ],[404.14783 424.53043 477.66086 ... 395.12173 379.64346 340.30435],[404.14783 424.53043 477.66086 ... 395.12173 379.64346 340.30435],[363.4265  375.9704  428.33673 ... 351.16266 334.69736 295.73544],[0. 0. 0. ... 0. 0. 0.],5,1,3,313
[0.1783138  0.02765652 0.         ... 0.06968747 0.07725108 0.        ],[271.51132 252.3713  259.98602 ... 300.68594 277.42795 251.3252 ],[319.15555 299.0111  295.6389  ... 329.92776 318.55    287.40555],[280.52405 258.68066 256.2877  ... 291.6291  283.17426 249.08226],[0.         0.         0.01795769 ... 0.         0.         0.        ],5,1,3,314
"[ 0.29192227  0.50699264  0.2268626  ... -0.03779138  0.12221864
  0.05063505]",[301.09622 334.0739  260.23206 ... 280.5002  314.5921  280.17883],[400.81668 456.20557 394.13333 ... 384.21112 423.5611  384.90555],[330.0071  382.16037 322.31354 ... 307.41    348.0536  315.73227],[0. 0. 0. ... 0. 0. 0.],5,1,3,315
[0.14697704 0.2625108  0.30903205 ... 0.24708079 0.05484057 0.3933307 ],[304.13376 362.24005 380.39514 ... 382.55557 360.7622  392.7193 ],[356.04486 410.60898 450.47437 ... 470.1346  409.96155 478.45514],[288.54224 341.822   382.53073 ... 399.85815 335.80316 406.585  ],[0.         0.         0.         ... 0.         0.05546052 0.        ],5,1,3,316
"[ 0.25924024  0.17384045 -0.00931148 ... -0.00150531  0.0466656
  0.01879723]",[340.50055 359.26508 316.0055  ... 347.62628 350.1969  333.71625],[375.08966 377.11725 338.7862  ... 361.68277 375.3862  360.53104],[319.91116 322.69907 283.49063 ... 302.5076  312.75293 304.15485],[0. 0. 0. ... 0. 0. 0.],5,1,3,317
[0.         0.0852056  0.17651075 ... 0.2124186  0.         0.28420612],[285.58282 339.56088 368.52307 ... 396.1621  327.18552 385.7602 ],[292.99515 347.57767 374.35437 ... 411.45145 335.02426 398.92233],[247.8597  300.22736 328.16797 ... 366.2675  290.48694 353.68747],[0.         0.03585067 0.         ... 0.         0.02779359 0.        ],5,1,3,318
"[ 0.26447248  0.36817095  0.14371122 ... -0.00686104  0.00686104
  0.09022915]",[339.15756 387.99963 339.01346 ... 332.49026 329.47522 342.61993],[366.84238 423.3913  372.64673 ... 352.86957 358.82608 372.96738],[317.3721  367.62808 321.30923 ... 297.65594 298.3882  318.53598],[0. 0. 0. ... 0. 0. 0.],5,1,3,319
"[ 0.23238383 -0.10025562  0.12766474 ... -0.00338166  0.0409666
  0.20410092]",[265.8692  226.31334 276.50784 ... 250.99637 244.132   278.2755 ],[331.8623  288.84058 354.9058  ... 330.0145  335.10144 368.85507],[294.15494 248.99922 313.63467 ... 291.54068 296.68097 329.63907],[0.         0.         0.03229864 ... 0.         0.02574973 0.        ],5,1,3,320
"[ 0.15777367  0.19433674  0.02062126 ... -0.00988138  0.14831936
 -0.0973586 ]",[241.72743 261.2514  206.53505 ... 243.99992 245.04599 210.87125],[342.63333 356.42    326.84668 ... 336.11334 369.37332 312.94   ],[293.95596 306.68802 269.947   ... 283.76904 318.94913 259.8927 ],[0. 0. 0. ... 0. 0. 0.],5,1,3,321
[0.11601415 0.02451632 0.         ... 0.08753457 0.23383485 0.        ],[278.40723 279.22986 282.6907  ... 309.05072 338.81198 282.14957],[286.77777 294.0111  290.9389  ... 322.05554 355.1389  297.55554],[251.29251 258.6093  258.0116  ... 287.39636 318.7385  257.5018 ],[0. 0. 0. ... 0. 0. 0.],5,1,3,322
"[ 0.5340898   0.21104613 -0.01178371 ...  0.24469723  0.16774267
  0.        ]",[371.09497 331.30823 304.2462  ... 391.4915  378.03372 334.9678 ],[392.6624  343.50955 312.61145 ... 408.7898  389.15924 345.98727],[340.20963 280.9805  250.77007 ... 351.89447 329.88458 286.40588],[0. 0. 0. ... 0. 0. 0.],5,1,3,323
[0.44794458 0.33616674 0.20241424 ... 0.17583434 0.05681229 0.02226735],[282.6755  289.45032 267.80133 ... 285.8212  267.37085 257.69537],[282.6755  289.45032 267.80133 ... 285.8212  267.37085 257.69537],[244.33112 250.06175 229.4031  ... 246.58934 225.33688 217.84125],[0. 0. 0. ... 0. 0. 0.],5,1,3,324
"[ 0.59680295  0.10355031  0.09757343 ... -0.02591991  0.33424816
  0.16458999]",[308.0177  218.35953 226.2751  ... 212.78392 284.35294 235.95485],[416.6111  327.58334 337.09723 ... 305.59723 385.52777 340.71527],[382.25168 286.8468  300.77878 ... 266.85773 345.78305 303.44336],[0.         0.         0.         ... 0.03651777 0.         0.        ],5,1,3,325
"[ 0.13494085  0.30413496  0.1367468  ...  0.          0.37027514
 -0.09943619]",[291.80048 342.0875  305.56247 ... 289.48047 347.73962 248.95999],[322.1279  370.78488 337.96512 ... 317.01163 394.91278 291.0407 ],[261.76767 308.89093 275.80576 ... 254.37651 331.2287  227.22937],[0. 0. 0. ... 0. 0. 0.],5,1,3,326
[0.10629807 0.14500348 0.02282992 ... 0.00786146 0.00539968 0.02375477],[168.33585 171.59503 150.22374 ... 159.78409 157.39883 141.11687],[265.775   283.50626 264.      ... 264.4     260.34375 259.75626],[231.95187 249.6141  230.26756 ... 230.03374 226.08537 227.1553 ],[0. 0. 0. ... 0. 0. 0.],5,1,3,327
[0.07410781 0.45548785 0.57343197 ... 0.23279592 0.3371152  0.16323902],[310.928   403.25455 437.87125 ... 372.77618 406.5559  374.4039 ],[379.97314 465.90604 506.79193 ... 462.66443 480.20807 420.81207],[313.065   405.14615 441.11362 ... 395.40933 417.0524  354.24878],[0.05765457 0.         0.         ... 0.06047023 0.         0.        ],5,1,3,328
[0.30711985 0.         0.3593113  ... 0.28658342 0.28830522 0.3035121 ],[301.16425 273.21634 314.70435 ... 404.3382  375.71542 359.48077],[389.11185 331.4408  426.0592  ... 471.4671  439.45395 438.51974],[355.76175 298.32138 391.5758  ... 433.9068  401.08072 404.57623],[0.         0.04623748 0.         ... 0.         0.         0.        ],5,1,3,329
[0.         0.11892349 0.00661262 ... 0.03810851 0.11557279 0.3015457 ],[194.69514 251.58963 222.7305  ... 251.51988 277.10397 307.7978 ],[253.5607  324.5896  306.36993 ... 327.7977  343.9133  376.5029 ],[217.00981 287.09583 268.28555 ... 290.59528 307.20016 341.83337],[0.         0.         0.03372956 ... 0.         0.04443595 0.        ],5,1,3,330
[0.39587954 0.21494335 0.3052862  ... 0.02918776 0.20082846 0.24121948],[374.53284 354.61313 377.27008 ... 332.63504 370.1533  350.21167],[374.53284 354.61313 377.27008 ... 332.63504 370.1533  350.21167],[341.64517 318.9833  343.53506 ... 298.24936 332.20477 314.096  ],[0.         0.         0.         ... 0.         0.03177009 0.        ],5,1,3,331
"[ 0.4372186  -0.1256081   0.06609536 ... -0.12374873  0.05502346
  0.18903613]",[161.96576 150.06406 168.8928  ... 141.48796 180.47896 152.91434],[341.9124  292.66425 336.45255 ... 312.76642 343.87592 371.19708],[315.02902 263.9501  308.8053  ... 284.84827 316.87952 347.3321 ],[0. 0. 0. ... 0. 0. 0.],5,1,3,332
[0.34602204 0.1911054  0.2917354  ... 0.00179529 0.20116456 0.09229253],[361.1795  326.44672 361.56833 ... 295.07715 319.1025  294.11496],[385.04623 357.02313 386.86707 ... 317.52023 348.47977 319.78033],[352.25403 323.22824 351.24097 ... 281.39166 316.61142 287.70297],[0. 0. 0. ... 0. 0. 0.],5,1,3,333
[0.24830386 0.07525232 0.06481732 ... 0.07620389 0.00191846 0.19834448],[259.32852 243.03415 244.31029 ... 247.27657 228.2945  277.4783 ],[307.73795 286.42758 284.89655 ... 287.0207  270.52414 313.26895],[283.2007  261.82553 261.05267 ... 262.7285  246.25406 287.45908],[0.         0.         0.         ... 0.         0.02641862 0.        ],5,1,3,334
"[ 0.02135484  0.05786059  0.05824398 ... -0.05972759  0.20088731
  0.01835896]",[208.52081 210.03719 217.50891 ... 212.92139 259.45264 210.45578],[251.71085 262.10242 269.30722 ... 261.5783  309.3494  267.05423],[220.45538 229.20801 238.05865 ... 228.22058 277.13797 233.7822 ],[0.         0.         0.         ... 0.01811098 0.         0.        ],5,1,3,335
"[ 0.23331758  0.27741736  0.05163769 ... -0.03790411  0.27038315
  0.1108023 ]",[302.4102  313.83063 273.18298 ... 272.0169  331.17505 290.9643 ],[305.55737 317.45355 275.6448  ... 274.5683  333.66666 297.60657],[254.80063 267.60355 228.05423 ... 227.03452 285.67746 251.6847 ],[0.         0.         0.         ... 0.03570976 0.         0.        ],5,1,3,336
[0.05975209 0.02957639 0.20286642 ... 0.41864    0.07616347 0.01145914],[299.83926 297.2634  325.8343  ... 375.14706 291.10733 272.31415],[308.6443  306.08725 340.5302  ... 390.0604  307.44968 287.43625],[266.90936 262.17462 300.69293 ... 346.99597 264.93134 247.27814],[0. 0. 0. ... 0. 0. 0.],5,1,3,337
"[ 0.15067592  0.16079552  0.00185597 ...  0.         -0.01646794
 -0.00068729]",[272.86426 298.45575 283.12576 ... 281.3429  271.45966 278.02795],[295.18054 324.375   303.08334 ... 302.11804 297.19446 296.0625 ],[260.67847 286.78156 262.8664  ... 264.25894 256.65906 256.19025],[0. 0. 0. ... 0. 0. 0.],5,1,3,338
[0.16183734 0.         0.23299535 ... 0.0637619  0.01205979 0.14826873],[222.33179 199.73982 250.5736  ... 236.15765 232.6724  246.81847],[331.26    297.53333 363.31332 ... 362.19333 331.42    338.88   ],[285.36356 253.04182 318.8062  ... 312.3525  281.51944 295.15616],[0.         0.03050903 0.         ... 0.         0.         0.        ],5,1,3,339
[0.3212962  0.39550376 0.00986168 ... 0.02284038 0.13341072 0.04424879],[372.96045 394.27118 322.88135 ... 324.48587 325.75705 305.7966 ],[372.96045 394.27118 322.88135 ... 324.48587 325.75705 305.7966 ],[299.19324 322.72372 247.63872 ... 250.62941 253.7926  234.37198],[0. 0. 0. ... 0. 0. 0.],5,1,3,340
[0.11195498 0.29889914 0.2499471  ... 0.28032988 0.3265378  0.19187926],[215.14717 250.31317 243.68556 ... 290.08206 289.26364 258.37503],[303.43076 355.04614 349.95386 ... 378.6769  377.35385 349.48462],[251.06776 304.9707  299.59283 ... 327.60272 328.23886 295.74854],[0. 0. 0. ... 0. 0. 0.],5,1,3,341
[0.33666638 0.01899772 0.16031    ... 0.16159767 0.0547207  0.09344949],[282.56073 260.98813 292.6763  ... 308.77856 287.21207 274.90912],[290.45456 277.8409  305.86365 ... 316.44318 295.48294 283.2784 ],[251.90233 236.90715 264.0587  ... 276.11377 252.82227 242.86552],[0. 0. 0. ... 0. 0. 0.],5,1,3,342
[0.0684308  0.10906006 0.12267076 ... 0.2479159  0.         0.11153354],[278.1813  294.82968 298.15384 ... 336.02747 287.23627 280.5055 ],[278.1813  294.82968 298.15384 ... 336.02747 287.23627 280.5055 ],[235.78865 250.5565  255.12979 ... 288.48434 237.91609 237.1285 ],[0. 0. 0. ... 0. 0. 0.],5,1,3,343
"[ 0.17318083  0.16581461  0.24589564 ... -0.25702274  0.10239077
  0.09965332]",[279.66486 289.68137 313.00076 ... 240.30016 312.7436  291.3323 ],[288.18796 294.2707  317.18796 ... 245.26315 316.7293  301.30826],[255.6413  262.24976 282.8192  ... 210.87016 281.18518 268.7367 ],[0. 0. 0. ... 0. 0. 0.],5,1,3,344
[0.12610617 0.0407703  0.18288615 ... 0.14837353 0.19507048 0.24212795],[282.94318 271.61417 304.7972  ... 307.08502 321.2582  327.54315],[299.21912 285.191   323.3764  ... 324.92697 333.95505 342.83707],[273.64105 258.46503 296.18268 ... 298.27512 305.99805 315.5012 ],[0.        0.        0.        ... 0.0240846 0.        0.       ],5,1,3,345
"[ 0.20060782  0.32129866 -0.13150696 ... -0.14818022  0.18394046
  0.        ]",[167.60829 203.49055 150.0989  ... 160.10461 205.05267 157.78102],[290.5108  347.6259  267.7626  ... 276.7626  347.1151  276.55396],[261.6845  318.78876 238.52014 ... 247.20964 316.00015 247.51025],[0. 0. 0. ... 0. 0. 0.],5,1,3,346
[0.29264864 0.         0.         ... 0.11066189 0.14696103 0.30458355],[330.45813 295.28616 330.48734 ... 341.00107 336.6456  358.90314],[406.474   357.4682  374.18497 ... 404.5549  404.54337 439.7977 ],[373.54538 318.61816 336.66647 ... 370.37585 365.94705 405.7289 ],[0.         0.         0.         ... 0.         0.03155521 0.        ],5,1,3,347
"[ 0.05438888  0.00645147 -0.03775131 ...  0.01335159  0.12320768
  0.05730349]",[260.1745  257.81207 250.651   ... 261.9933  282.6577  263.6443 ],[260.1745  257.81207 250.651   ... 261.9933  282.6577  263.6443 ],[232.53406 231.4407  223.90842 ... 234.16753 254.28497 237.35419],[0.        0.        0.        ... 0.0179677 0.        0.       ],5,1,3,348
[0.251475   0.38904232 0.19614321 ... 0.04142558 0.2594105  0.16307558],[287.79712 333.15204 300.3389  ... 282.91806 324.51636 308.3478 ],[301.20422 347.8521  312.0493  ... 304.5986  347.47888 322.5845 ],[271.20673 319.5445  281.9232  ... 275.47476 317.62094 290.45804],[0.         0.         0.         ... 0.03932402 0.         0.        ],5,1,3,349
[0.53900135 0.15394998 0.31914133 ... 0.39477614 0.36321968 0.        ],[401.48087 351.8226  386.2362  ... 428.37598 394.4209  331.58344],[404.70535 352.74106 387.125   ... 429.55356 395.4375  332.64285],[315.25247 257.5335  296.87967 ... 339.13867 306.76312 235.08961],[0. 0. 0. ... 0. 0. 0.],5,1,3,350
[0.22101079 0.43650523 0.06277864 ... 0.1221312  0.02011384 0.05028555],[350.5681  431.77786 351.28955 ... 385.25748 351.0062  343.7216 ],[387.8     466.7     376.75    ... 407.64285 378.02856 366.40714],[349.85687 428.2467  335.608   ... 367.45865 338.45697 329.12665],[0. 0. 0. ... 0. 0. 0.],5,1,3,351
"[ 0.09948971  0.2714213   0.19541182 ... -0.01854534  0.13781033
  0.12626223]",[275.03125 313.5125  304.875   ... 280.325   303.0625  292.5625 ],[275.03125 313.5125  304.875   ... 280.325   303.0625  292.5625 ],[224.47592 261.40668 253.06676 ... 228.12772 248.72917 239.23224],[0. 0. 0. ... 0. 0. 0.],5,1,3,352
[0.1798952  0.18121089 0.300231   ... 0.07699921 0.47964585 0.23302563],[316.34308 326.23837 351.1655  ... 324.9901  410.75705 347.23108],[320.85184 330.      359.97778 ... 331.13333 413.8963  352.4889 ],[265.40082 275.20923 304.58475 ... 275.6901  357.57846 295.75174],[0.         0.         0.         ... 0.05565988 0.         0.        ],5,1,3,353
"[ 0.08491959  0.07611805  0.6827133  ... -0.02980615  0.17475829
  0.25327912]",[323.6521  340.495   480.337   ... 334.48425 379.7364  394.99707],[350.9173  359.33835 504.3985  ... 355.66165 410.3534  423.1128 ],[310.55057 315.5328  460.48248 ... 312.11328 362.90753 378.7751 ],[0.         0.06485533 0.         ... 0.         0.03800712 0.        ],5,1,3,354
"[ 0.3178063   0.55165136  0.50314546 ... -0.0487953   0.10832145
  0.10052997]",[288.03784 310.22424 291.455   ... 251.31424 292.06482 295.22055],[410.4408  463.8684  463.36185 ... 385.6316  431.2237  410.1908 ],[344.0567  399.39313 396.6867  ... 323.6297  361.93863 345.6926 ],[0. 0. 0. ... 0. 0. 0.],5,1,3,355
[0.0784486  0.25540948 0.12629896 ... 0.02415478 0.20616932 0.04176673],[219.12616 285.7754  237.92241 ... 229.3433  276.6887  203.40974],[377.26706 432.66476 402.35794 ... 393.05682 419.51706 353.41476],[314.65787 372.31958 340.9012  ... 328.22888 353.36017 293.39008],[0. 0. 0. ... 0. 0. 0.],5,1,3,356
[0.38643143 0.51190466 0.43558502 ... 0.26657155 0.00809861 0.39453503],[378.99286 423.84607 399.6818  ... 420.966   352.69357 433.18912],[452.35822 498.2985  481.68655 ... 482.4179  412.0597  508.4179 ],[383.47998 430.4325  413.11462 ... 419.79517 339.76282 436.1045 ],[0.         0.         0.07119837 ... 0.         0.05195083 0.        ],5,1,3,357
"[ 0.00813159  0.16250776  0.18321337 ... -0.04174013  0.12213998
  0.11228628]",[164.3907  176.25395 222.4215  ... 168.54251 201.11574 193.88486],[280.27777 325.4222  353.78888 ... 299.5611  340.04443 331.69446],[254.88962 302.1581  328.6651  ... 274.5569  313.29684 306.65942],[0. 0. 0. ... 0. 0. 0.],5,1,3,358
[0.31364366 0.2745504  0.39743295 ... 0.10547864 0.21314399 0.34447092],[375.20438 409.662   433.30893 ... 393.29877 421.49274 398.53748],[436.6051  449.19745 481.0446  ... 442.42038 462.17197 470.80893],[358.9125  368.37726 402.92426 ... 355.7156  381.85938 388.8368 ],[0.         0.         0.         ... 0.         0.03801581 0.        ],5,1,3,359
"[ 0.22357221  0.13322267  0.15753926 ... -0.06672276  0.15021697
  0.0749475 ]",[290.36288 287.452   310.53586 ... 260.426   301.6321  280.4392 ],[300.4142  305.77515 325.      ... 274.35504 317.97043 288.6982 ],[264.6253  270.24225 291.04395 ... 239.68674 283.2475  253.95934],[0. 0. 0. ... 0. 0. 0.],5,1,3,360
"[ 0.1250912   0.14324065  0.10090226 ...  0.11770574  0.12763561
 -0.00641538]",[284.64667 301.4923  304.587   ... 350.50507 336.2945  293.9171 ],[292.52032 310.39838 314.34146 ... 358.87805 352.2439  299.2114 ],[257.9164  271.7502  274.5231  ... 321.04858 313.55    261.2836 ],[0. 0. 0. ... 0. 0. 0.],5,1,3,361
[0.41625565 0.11807905 0.3205095  ... 0.16674615 0.14876254 0.03574299],[274.43796 255.20567 303.0912  ... 285.14606 262.86032 249.278  ],[310.3846  292.33078 333.8231  ... 313.7     303.8846  275.64615],[277.60098 257.32944 299.41788 ... 280.35614 267.3401  237.74823],[0. 0. 0. ... 0. 0. 0.],5,1,3,362
"[ 0.11560009  0.13911454 -0.12379585 ... -0.05397765  0.05325942
  0.21284941]",[230.30518 249.11731 218.30226 ... 224.36197 250.53854 262.47052],[273.65564 308.81458 258.48343 ... 292.75497 301.86093 328.88742],[238.2893  272.48648 220.04466 ... 253.28331 263.58292 291.38168],[0.         0.         0.         ... 0.         0.03429283 0.        ],5,1,3,363
[0.         0.20635177 0.22300288 ... 0.15278819 0.11481226 0.02216458],[279.0496  324.71075 341.02478 ... 345.2314  332.43802 298.47107],[279.0496  324.71075 341.02478 ... 345.2314  332.43802 298.47107],[218.83134 267.5198  281.0724  ... 287.26666 273.58078 240.17728],[0. 0. 0. ... 0. 0. 0.],5,1,3,364
"[ 0.5637976   0.          0.4647553  ...  0.3756746  -0.08468778
  0.31692266]",[386.24805 288.76016 388.38654 ... 406.42044 303.7372  379.83606],[462.96753 372.0065  504.98053 ... 503.33768 374.18832 456.26624],[400.60693 309.82584 438.84653 ... 438.28308 304.9027  389.15036],[0.         0.         0.         ... 0.         0.03336447 0.        ],5,1,3,365
[0.13850833 0.03217107 0.03748502 ... 0.20684475 0.22801638 0.12773532],[300.42105 289.2707  289.8797  ... 332.4737  327.50375 308.3534 ],[300.42105 289.2707  289.8797  ... 332.4737  327.50375 308.3534 ],[240.8993  226.0775  228.30817 ... 269.80753 267.03152 247.78058],[0. 0. 0. ... 0. 0. 0.],5,1,3,366
"[ 0.          0.          0.22848865 ... -0.10143535  0.14494483
  0.42666984]",[165.52414 190.1267  208.53326 ... 164.93774 196.7135  211.39531],[337.478   355.4151  402.20126 ... 337.67926 381.26416 426.48428],[270.8961  277.1605  331.48108 ... 262.96054 310.10776 352.62567],[0.         0.02832212 0.         ... 0.         0.06914005 0.        ],5,1,3,367
"[ 0.31426027  0.21774766 -0.02063265 ...  0.01068728  0.06486095
  0.0558398 ]",[298.3256  289.66278 256.38953 ... 261.77908 266.0814  259.16278],[298.3256  289.66278 256.38953 ... 261.77908 266.0814  259.16278],[261.32422 250.8463  217.80235 ... 224.56174 228.36946 220.86723],[0. 0. 0. ... 0. 0. 0.],5,1,3,368
"[ 0.25931925  0.130372   -0.08819321 ... -0.03000632 -0.03971516
  0.24619935]",[179.97197 182.24017 177.24222 ... 197.4531  174.96794 216.5669 ],[295.47098 307.48386 284.89676 ... 290.8774  279.61935 318.45807],[237.09358 245.83012 224.2107  ... 226.59052 217.01633 257.43097],[0.         0.         0.         ... 0.         0.03507594 0.        ],5,1,3,369
[0.5136302  0.         0.34014836 ... 0.04867991 0.15611383 0.05105806],[333.4555  265.58862 325.52725 ... 315.55414 331.6541  300.53116],[357.63043 287.5145  353.7029  ... 343.50723 362.69565 335.67392],[312.34253 239.85709 309.43384 ... 294.04483 314.9538  290.36282],[0.         0.         0.04147463 ... 0.         0.         0.        ],5,1,3,370
"[ 0.5952943   0.15425897  0.4430805  ...  0.21708606 -0.04909746
  0.51092637]",[367.97272 313.2121  370.2202  ... 355.86896 297.27408 389.5354 ],[423.34744 366.94916 450.84744 ... 421.2034  354.6356  468.8305 ],[357.12326 300.6994  380.0553  ... 351.11206 272.28363 397.34158],[0.         0.         0.         ... 0.         0.07510752 0.        ],5,1,3,371
"[ 0.1010736   0.07745549  0.26965585 ...  0.2420617  -0.07149181
  0.18693493]",[251.02597 268.5379  305.3925  ... 330.42453 250.81026 290.2833 ],[305.39334 324.83334 370.89334 ... 393.38    310.18668 353.     ],[278.01126 292.29208 340.993   ... 363.46155 276.7601  321.8379 ],[0. 0. 0. ... 0. 0. 0.],5,1,3,372
[0.02394834 0.11265381 0.5019096  ... 0.20110519 0.05261943 0.23432148],[269.2276  270.824   358.6668  ... 305.2387  276.41196 289.3727 ],[300.20154 319.36435 404.12402 ... 359.6589  326.88373 349.3566 ],[248.95084 269.33252 350.521   ... 305.00714 271.7276  297.52127],[0.         0.04157542 0.         ... 0.         0.         0.        ],5,1,3,373
[0.         0.02807977 0.1279789  ... 0.0059512  0.2561206  0.24463232],[230.83    236.807   270.13284 ... 253.9515  300.09164 288.67664],[277.97223 297.0625  324.72223 ... 323.20834 357.47223 333.04166],[252.5789  270.1036  297.7822  ... 295.7211  330.62817 304.81912],[0.         0.         0.03266294 ... 0.03951158 0.         0.        ],5,1,3,374
[0.30886436 0.27520415 0.10265964 ... 0.28174824 0.18035531 0.07008774],[283.7691  278.88528 252.38165 ... 306.5628  276.2571  239.28836],[335.65414 328.66916 311.7519  ... 346.4812  316.5263  285.22556],[303.5516  298.7221  282.56415 ... 317.00745 286.3437  254.99487],[0. 0. 0. ... 0. 0. 0.],5,1,3,375
"[ 0.18174434 -0.03191261  0.14709154 ...  0.07740068  0.1443256
  0.        ]",[248.91924 217.19069 253.95262 ... 263.57657 288.72424 262.6311 ],[291.63742 258.9649  302.99414 ... 327.8304  340.4152  303.269  ],[252.89325 220.52715 261.8708  ... 291.35242 301.741   265.0808 ],[0. 0. 0. ... 0. 0. 0.],5,1,3,376
"[ 0.16423167  0.12228674 -0.17109708 ...  0.02489083  0.3050121
  0.3145662 ]",[229.66684 259.60208 212.19514 ... 236.89594 288.73337 281.36295],[270.7688  294.7977  243.89595 ... 285.19077 327.65897 322.75723],[222.69824 247.66914 199.46048 ... 241.41231 279.7375  277.22577],[0.         0.         0.03479604 ... 0.05128339 0.         0.        ],5,1,3,377
"[ 0.0944491   0.03558675  0.653194   ...  0.19026585 -0.02718816
  0.6221845 ]",[350.07208 357.1081  494.63065 ... 420.36935 374.2883  494.03604],[350.07208 357.1081  494.63065 ... 420.36935 374.2883  494.03604],[275.43625 282.58313 415.37442 ... 341.23236 291.86267 413.7299 ],[0.         0.07532416 0.         ... 0.         0.07664705 0.        ],5,1,3,378
[0.23239662 0.2771879  0.05505008 ... 0.1236895  0.         0.13094999],[247.53677 255.86913 207.02347 ... 254.54494 212.79675 222.44656],[353.3865  383.0736  339.4417  ... 360.7546  319.80368 348.90186],[318.17865 345.07068 302.1439  ... 320.91772 280.87888 313.51404],[0. 0. 0. ... 0. 0. 0.],5,1,3,379
"[ 0.26812267  0.39607224  0.2978292  ... -0.06417742  0.3605524
  0.17234045]",[240.38654 295.1379  264.59058 ... 225.05508 297.83963 238.003  ],[345.22562 390.41464 375.43903 ... 299.55487 387.52438 325.84146],[296.11868 343.80814 326.97342 ... 247.2444  337.2597  276.2714 ],[0.         0.         0.         ... 0.02490557 0.         0.        ],5,1,3,380
"[ 0.40812987  0.04017739  0.23789115 ...  0.03962282  0.13086328
 -0.00814358]",[307.44092 261.61996 310.4061  ... 258.24954 260.27853 227.96877],[325.57144 279.37912 326.2088  ... 276.65384 278.32968 243.28572],[288.6639  242.84454 288.70462 ... 241.76172 242.62453 209.31679],[0. 0. 0. ... 0. 0. 0.],5,1,3,381
[0.05770598 0.10216191 0.20577426 ... 0.         0.26533347 0.23866925],[199.2728  224.42436 251.72902 ... 217.25163 246.15991 224.96254],[290.44446 303.14816 325.8074  ... 297.72592 334.82962 309.8889 ],[258.81863 270.7705  294.2508  ... 266.24298 302.30542 276.72424],[0.        0.        0.        ... 0.0506845 0.        0.       ],5,1,3,382
"[ 0.50270665  0.49791056  0.22284794 ... -0.10443786  0.39066985
  0.2680641 ]",[423.7589  438.88013 389.45258 ... 330.05344 418.43832 393.01642],[430.125   448.27344 394.45312 ... 333.9922  427.97656 399.70312],[358.07205 369.06897 314.09033 ... 251.60266 348.22482 319.38034],[0.         0.         0.         ... 0.05158322 0.         0.        ],5,1,3,383
"[ 0.4290298  -0.10336053  0.23460191 ...  0.0760363   0.08255315
  0.00429955]",[286.93884 227.7466  284.63147 ... 271.65567 284.40262 259.90164],[326.7595  254.74684 315.88608 ... 316.51266 312.1329  291.27847],[279.2349  203.66505 267.26044 ... 263.2278  260.63675 243.63388],[0. 0. 0. ... 0. 0. 0.],5,1,3,384
[0.1192752  0.0656674  0.04585684 ... 0.118003   0.0851911  0.5975254 ],[228.07455 224.29564 221.83438 ... 258.40317 242.9858  303.06903],[252.4375  255.8875  260.36874 ... 284.7     269.31876 338.05624],[200.30624 207.35266 209.87366 ... 232.83577 218.99515 287.50574],[0.         0.         0.         ... 0.         0.08477854 0.        ],5,1,3,385
[0.20781076 0.11229928 0.13774145 ... 0.25043517 0.19822948 0.        ],[292.96753 318.73376 339.63635 ... 384.95456 372.82468 304.62338],[292.96753 318.73376 339.63635 ... 384.95456 372.82468 304.62338],[239.44402 262.0226  281.8098  ... 325.81448 314.43854 246.36108],[0. 0. 0. ... 0. 0. 0.],5,1,3,386
[0.         0.08086685 0.00131274 ... 0.0501006  0.07079191 0.16279712],[177.96805 200.51323 192.40567 ... 214.04456 211.34033 229.63345],[245.68077 281.41153 266.6423  ... 287.24615 289.50385 302.84232],[202.48793 237.55113 224.56288 ... 245.1974  247.10974 262.58536],[0.         0.         0.01654755 ... 0.         0.02485923 0.        ],5,1,3,387
[0.5947159  0.9265379  0.36339974 ... 0.08915267 0.36492085 0.2201926 ],[334.37463 375.67468 287.2725  ... 277.3863  337.70428 311.99774],[420.76 486.47 390.29 ... 390.4  450.93 414.92],[362.76608 428.23187 334.6679  ... 333.96942 398.82544 357.77554],[0. 0. 0. ... 0. 0. 0.],5,1,3,388
"[ 0.05959422  0.29139388  0.09960955 ... -0.01536545  0.09501332
  0.08243811]",[202.05052 240.437   220.87727 ... 218.37025 209.8259  217.23293],[294.18054 349.93054 315.52777 ... 312.31946 330.6875  325.04166],[248.90843 302.3015  268.13602 ... 263.35684 282.34027 276.48343],[0. 0. 0. ... 0. 0. 0.],5,1,3,389
[0.00799536 0.         0.02224326 ... 0.09931317 0.3293047  0.        ],[281.37857 284.10178 330.88742 ... 341.2355  396.53287 319.949  ],[332.08218 335.4041  366.14383 ... 399.13013 444.34247 356.5274 ],[273.086   274.7304  304.6181  ... 337.36688 382.6888  294.99243],[0.         0.         0.04077019 ... 0.         0.         0.        ],5,1,3,390
[0.         0.06764954 0.         ... 0.20755573 0.20114161 0.04427617],[252.53157 268.84338 249.44179 ... 303.2476  296.07727 254.87247],[274.3256  299.5407  288.73254 ... 333.5814  330.72092 292.4186 ],[220.67892 245.1686  233.40689 ... 282.16074 278.74548 241.73082],[0. 0. 0. ... 0. 0. 0.],5,1,3,391
[0.27188736 0.10749985 0.23123059 ... 0.14077133 0.3328818  0.3631556 ],[289.8433  279.21902 258.15082 ... 271.86053 287.63647 282.9722 ],[407.144 386.896 423.208 ... 399.064 423.448 427.944],[379.00543 359.35394 397.09875 ... 367.14108 395.13135 400.72345],[0.         0.         0.         ... 0.06588143 0.         0.        ],5,1,3,392
[0.11944462 0.06753065 0.32127497 ... 0.74655926 0.4371874  0.47645742],[318.87976 338.2616  400.97516 ... 517.73254 476.10464 444.89484],[347.6607  363.7768  422.7232  ... 568.5536  495.10715 477.1518 ],[297.81705 309.80734 371.06387 ... 514.5871  435.706   422.62302],[0. 0. 0. ... 0. 0. 0.],5,1,3,393
"[ 0.16023692  0.03365509  0.35432765 ... -0.02373314  0.26733685
  0.08986969]",[245.00989 233.07097 306.17465 ... 196.89731 249.2156  217.59785],[373.25714 347.7     432.95715 ... 311.45    373.6143  326.22144],[319.8942  294.38388 377.6253  ... 260.501   320.97534 276.24167],[0.         0.02410075 0.         ... 0.03553978 0.         0.        ],5,1,3,394
[0.04285667 0.08246274 0.12708797 ... 0.24288858 0.15876609 0.00276861],[168.13705 187.15228 183.05829 ... 244.35661 208.2641  177.36835],[267.37955 290.09488 300.37225 ... 344.073   322.48175 288.8467 ],[220.4201  244.00285 254.2421  ... 294.2575  275.02612 240.58995],[0. 0. 0. ... 0. 0. 0.],5,1,3,395
"[ 0.11023784  0.26786077  0.35404718 ... -0.07004734  0.22725892
  0.14785114]",[289.78384 329.02188 381.75684 ... 276.6344  332.35553 303.75693],[319.06284 369.01047 410.93716 ... 311.5131  372.2094  338.2356 ],[257.92447 301.8244  344.81747 ... 245.33769 303.0537  271.66992],[0. 0. 0. ... 0. 0. 0.],5,1,3,396
[0.3521069  0.3023878  0.48214778 ... 0.24635457 0.19619296 0.33759236],[385.05353 389.35437 441.70578 ... 423.16614 396.20377 401.40332],[411.725 419.46  473.575 ... 442.71  415.99  428.935],[335.5653  344.66245 391.99564 ... 362.15228 335.00262 348.53958],[0.        0.        0.04685   ... 0.        0.0362024 0.       ],5,1,3,397
[0.07650875 0.         0.01955555 ... 0.1196463  0.         0.07979479],[259.14185 251.23404 254.95744 ... 268.8227  242.36879 256.66666],[259.14185 251.23404 254.95744 ... 268.8227  242.36879 256.66666],[224.36859 214.21907 220.32619 ... 234.17526 206.2959  219.03671],[0. 0. 0. ... 0. 0. 0.],5,1,3,398
"[ 0.40745398  0.23392992  0.09479292 ...  0.0864676  -0.05849189
  0.03818125]",[337.21014 320.88824 287.57288 ... 302.6587  268.05145 285.0162 ],[396.12244 368.36325 344.63675 ... 355.63266 320.01633 338.2449 ],[350.78925 318.47015 298.04343 ... 307.8016  270.82587 293.04108],[0. 0. 0. ... 0. 0. 0.],5,1,3,399
"[ 0.24406703  0.32920706  0.15521638 ...  0.08194213 -0.13187678
  0.04394654]",[361.47498 390.24207 362.22534 ... 351.75858 298.52072 323.56424],[382.73914 421.0163  387.96194 ... 385.3315  316.36957 352.17392],[328.32376 367.122   336.38425 ... 330.7509  261.57315 302.0108 ],[0. 0. 0. ... 0. 0. 0.],5,1,3,400
[0.         0.07167815 0.21672405 ... 0.10472923 0.37779316 0.1787022 ],[195.76282 227.96143 261.82248 ... 244.22902 289.00458 233.09244],[321.6791  363.61942 408.58954 ... 390.76865 464.35822 391.04477],[300.39853 342.41156 389.07056 ... 368.646   443.6207  371.745  ],[0.         0.03664269 0.         ... 0.         0.         0.        ],5,1,3,401
[0.06480915 0.42680058 0.14223702 ... 0.25818723 0.18186696 0.05754988],[299.0684  393.28204 338.99146 ... 364.2735  349.      311.05127],[299.0684  393.28204 338.99146 ... 364.2735  349.      311.05127],[252.3127  346.54443 289.98944 ... 316.07764 299.7589  263.11096],[0. 0. 0. ... 0. 0. 0.],5,1,3,402
[0.16025944 0.15346254 0.03728152 ... 0.0152295  0.10597228 0.24009058],[340.0954  338.91672 320.77252 ... 327.53278 330.25485 356.0549 ],[356.75818 364.6209  340.08496 ... 347.7451  350.1438  371.51633],[321.45438 326.3558  301.55713 ... 311.20172 315.53482 335.26114],[0.         0.         0.         ... 0.         0.03739416 0.        ],5,1,3,403
[0.31369963 0.12112795 0.09764947 ... 0.26489282 0.07154596 0.1611164 ],[369.9676  333.74323 332.17715 ... 390.38455 331.8367  341.88483],[396.325   368.6875  365.10626 ... 430.775   381.08124 387.43124],[362.0184  336.6951  333.3866  ... 397.099   345.1108  352.25812],[0. 0. 0. ... 0. 0. 0.],5,1,3,404
"[ 0.1530401   0.09621691  0.14709122 ... -0.02312107  0.28527653
  0.14554791]",[220.93831 214.1337  227.44855 ... 246.09692 286.53253 257.7048 ],[239.77536 239.13043 257.529   ... 268.58694 316.65942 287.24637],[199.78003 196.95059 212.18384 ... 220.29965 271.97675 243.8085 ],[0.         0.         0.         ... 0.02873191 0.         0.        ],5,1,3,405
[0.36577374 0.20850933 0.23435253 ... 0.0482416  0.17606223 0.11119496],[384.50955 398.91763 405.16696 ... 372.20963 412.4116  387.0049 ],[413.25595 417.73215 428.94644 ... 404.66666 437.48215 419.13095],[360.81778 360.0461  368.9734  ... 351.53418 379.33783 361.7007 ],[0. 0. 0. ... 0. 0. 0.],5,1,3,406
"[ 0.2813683   0.2440025  -0.00560668 ... -0.02944242  0.0740708
 -0.01285218]",[357.39835 377.44083 325.26727 ... 328.6887  329.39566 311.29382],[364.58694 385.83694 332.88043 ... 334.65216 346.90762 318.83694],[315.4133  339.72546 284.96954 ... 286.1094  298.7144  270.96497],[0. 0. 0. ... 0. 0. 0.],5,1,3,407
[0.19100016 0.13093404 0.12304457 ... 0.00905861 0.25791052 0.05761734],[270.64902 301.06915 295.973   ... 276.24094 320.4194  272.1072 ],[345.91428 369.49142 375.8743  ... 349.51428 396.79428 339.97714],[304.05084 323.32907 331.1103  ... 302.5643  349.67484 295.55823],[0.         0.         0.         ... 0.02372049 0.         0.        ],5,1,3,408
[0.26727933 0.11400575 0.08204307 ... 0.2822737  0.         0.18730487],[326.40817 303.12924 304.79593 ... 366.97958 301.17007 333.17688],[326.40817 303.12924 304.79593 ... 366.97958 301.17007 333.17688],[287.36166 262.5666  264.61615 ... 325.40118 258.30188 295.26398],[0. 0. 0. ... 0. 0. 0.],5,1,3,409
[0.23186533 0.37957874 0.07306165 ... 0.09047813 0.31574845 0.19209242],[368.74753 416.76666 376.7275  ... 400.79727 423.85043 353.6516 ],[426.57895 467.6579  402.9737  ... 429.23685 472.6228  421.11404],[345.45633 383.8286  316.3455  ... 340.78442 386.347   338.88214],[0.         0.         0.         ... 0.04362332 0.         0.        ],5,1,3,410
[0.19707905 0.02263357 0.07183629 ... 0.15846616 0.34927052 0.15498608],[255.6027  226.66422 232.74944 ... 261.56873 297.10693 244.74396],[296.54413 274.40442 290.2647  ... 315.74265 352.81616 305.34558],[250.5486  227.6498  244.7377  ... 271.80408 305.75916 260.95615],[0. 0. 0. ... 0. 0. 0.],5,1,3,411
[0.26813722 0.01554007 0.09217835 ... 0.05403237 0.03504102 0.        ],[305.1161  274.72623 293.0521  ... 294.97635 285.04388 265.3583 ],[319.2353  294.75165 318.35294 ... 315.51633 306.41177 278.15686],[281.75528 254.1568  275.21857 ... 275.95712 263.82892 238.02844],[0. 0. 0. ... 0. 0. 0.],5,1,3,412
"[ 0.          0.2609088   0.         ... -0.00222303 -0.0569099
  0.07378964]",[312.5372  405.86777 341.49588 ... 365.04132 349.66943 369.6281 ],[312.5372  405.86777 341.49588 ... 365.04132 349.66943 369.6281 ],[273.64407 364.7319  303.2378  ... 325.4254  306.80273 331.40872],[0. 0. 0. ... 0. 0. 0.],5,1,3,413
"[ 0.05942314  0.00098816  0.16383578 ... -0.03615006  0.10916936
  0.11242419]",[247.62393 247.82336 283.0228  ... 250.21652 271.88318 266.07123],[247.62393 247.82336 283.0228  ... 250.21652 271.88318 266.07123],[211.68736 212.30887 247.06268 ... 213.9603  235.55995 230.39395],[0.         0.         0.         ... 0.         0.01611575 0.        ],5,1,3,414
"[ 0.2451914  -0.01221923  0.41315883 ...  0.1857113   0.2235043
  0.06289669]",[210.59946 180.27335 285.4863  ... 236.92174 240.72202 198.08714],[343.37268 299.14908 405.43478 ... 378.5031  379.58386 335.68323],[315.014   265.8567  375.44168 ... 349.22073 346.58344 305.65582],[0. 0. 0. ... 0. 0. 0.],5,1,3,415
[0.30787504 0.3167256  0.10355848 ... 0.         0.2950718  0.18305486],[224.84444 233.48466 201.59883 ... 189.66673 231.87024 196.44023],[407.4737  413.8655  372.04678 ... 332.61987 407.76022 359.1228 ],[366.31546 371.38416 327.02298 ... 290.8251  362.2945  315.32416],[0.         0.         0.         ... 0.04639658 0.         0.        ],5,1,3,416
"[ 0.36344248  0.41414088  0.12382925 ...  0.10562092  0.17144032
 -0.09291002]",[353.44382 389.86517 351.65732 ... 344.15167 349.59552 285.98877],[353.44382 389.86517 351.65732 ... 344.15167 349.59552 285.98877],[297.32712 334.32086 301.15802 ... 296.9205  297.07654 236.17131],[0. 0. 0. ... 0. 0. 0.],5,1,3,417
"[ 0.04972624  0.11634885  0.14637548 ...  0.14489873 -0.01271702
 -0.20039524]",[300.7371  319.49957 331.62512 ... 343.6328  313.0873  266.62042],[305.9669  322.9404  335.3576  ... 355.04636 316.2649  269.81458],[268.55707 284.2803  296.02338 ... 319.24097 281.38272 230.30768],[0. 0. 0. ... 0. 0. 0.],5,1,3,418
[0.32960796 0.26878726 0.08640064 ... 0.0591928  0.01135598 0.11796988],[318.19077 322.67667 286.5468  ... 295.08057 283.12698 302.24872],[318.9945  323.7033  293.66483 ... 297.6758  284.1813  303.2088 ],[268.06894 271.78503 242.67392 ... 246.6804  233.78592 253.38336],[0. 0. 0. ... 0. 0. 0.],5,1,3,419
"[ 0.22108577  0.         -0.020338   ...  0.07357509  0.09764304
  0.18031679]",[183.79152 146.0294  139.84859 ... 165.72665 160.63089 158.0553 ],[302.7261  266.50955 263.23566 ... 299.3567  296.19745 302.76434],[274.6295  237.43053 234.57922 ... 270.9728  266.92545 272.90393],[0.         0.         0.02380566 ... 0.0270876  0.         0.        ],5,1,3,420
"[ 0.61067724  0.23273586 -0.15821496 ... -0.03667062  0.25409636
  0.10464297]",[431.80173 388.14655 317.26724 ... 359.14655 425.05173 373.51724],[431.80173 388.14655 317.26724 ... 359.14655 425.05173 373.51724],[350.2001  300.65607 233.11497 ... 270.03616 329.06076 285.68842],[0. 0. 0. ... 0. 0. 0.],5,1,3,421
[0.06969121 0.44111592 0.45611474 ... 0.01123716 0.07467672 0.11084429],[322.42413 407.57452 413.65323 ... 332.57928 339.9951  334.23703],[323.55768 408.71155 414.76923 ... 334.80127 343.80127 335.35257],[283.98077 371.08542 375.83734 ... 298.71252 306.61682 299.30112],[0.04932983 0.         0.         ... 0.         0.         0.        ],5,1,3,422
[0.37048495 0.41251132 0.04704079 ... 0.29064652 0.29452717 0.30989283],[389.85938 418.32812 354.5625  ... 422.2578  428.4375  404.8047 ],[389.85938 418.32812 354.5625  ... 422.2578  428.4375  404.8047 ],[345.54187 369.18875 309.5086  ... 378.8402  377.0956  362.35037],[0. 0. 0. ... 0. 0. 0.],5,1,3,423
"[ 0.          0.12522534  0.20245898 ...  0.03906514 -0.03837282
  0.02702511]",[292.2647  342.91177 367.98236 ... 333.95294 299.9647  307.7353 ],[292.2647  342.91177 367.98236 ... 333.95294 299.9647  307.7353 ],[244.83847 297.3861  319.19788 ... 286.3968  253.0352  261.59012],[0. 0. 0. ... 0. 0. 0.],5,1,3,424
[0.27860644 0.12675734 0.10526664 ... 0.32683975 0.15226376 0.41195232],[311.8177  302.6264  299.99213 ... 337.9538  291.5471  347.02533],[316.92715 307.70862 305.89404 ... 344.0861  300.74173 351.7881 ],[274.58762 266.20712 264.22177 ... 301.70682 261.19595 313.7021 ],[0.         0.         0.         ... 0.         0.02988175 0.        ],5,1,3,425
"[ 0.25431332  0.01228225  0.19073899 ... -0.01225215  0.01225215
  0.1648636 ]",[270.06528 225.92294 266.80014 ... 247.97484 246.7614  277.7974 ],[329.7513  285.73544 332.37036 ... 313.15344 315.6508  350.8095 ],[292.1874  252.23688 299.0522  ... 279.81763 280.2664  316.6912 ],[0.         0.         0.         ... 0.         0.02665322 0.        ],5,1,3,426
"[ 0.17445947  0.2596948   0.39977983 ...  0.06306724  0.1272173
 -0.17806412]",[322.93176 328.41275 355.4337  ... 298.70013 343.28262 234.94861],[418.42953 441.69128 482.5302  ... 415.38925 423.77853 332.651  ],[362.79422 384.8059  421.65912 ... 359.91177 365.12964 277.02542],[0. 0. 0. ... 0. 0. 0.],5,1,3,427
"[ 0.26841953 -0.02946379 -0.02799793 ...  0.10381163  0.18618502
  0.08624304]",[377.47952 322.61865 342.8002  ... 390.99255 395.84952 362.24307],[383.56717 331.64926 347.5821  ... 394.74628 404.96268 368.63434],[309.51672 253.80122 268.49136 ... 317.25214 325.54553 288.71875],[0.        0.        0.0529883 ... 0.        0.        0.       ],5,1,3,428
"[ 0.49029735  0.39948237  0.3694392  ... -0.00998429  0.4506691
  0.06502181]",[368.2789  366.4626  364.40817 ... 312.10205 404.44897 313.2245 ],[368.2789  366.4626  364.40817 ... 312.10205 404.44897 313.2245 ],[318.19672 309.4365  308.23624 ... 257.778   349.9313  261.54526],[0.         0.         0.         ... 0.04698237 0.         0.        ],5,1,3,429
