dff,demixed,raw,neuropil_corrected,events,plane,col,volume,roi
[1.1326565  0.12610407 1.4266396  ... 0.         0.48391053 0.8313798 ],[461.79367 354.94885 556.5546  ... 335.99374 382.07986 398.91904],[513.29816 394.12424 600.42236 ... 377.92548 418.29193 443.1056 ],[322.0186  194.75403 370.28076 ... 181.42896 237.33028 252.9914 ],[0.         0.14240007 0.16469973 ... 0.         0.07814129 0.        ],0,2,5,0
[0.54362833 0.22379696 0.42190823 ... 0.06101339 0.2962469  0.6444715 ],[468.953   447.00427 503.99146 ... 399.50854 420.92307 477.9701 ],[468.953   447.00427 503.99146 ... 399.50854 420.92307 477.9701 ],[268.48145 238.45338 270.25653 ... 218.41043 249.01901 299.306  ],[0.         0.         0.         ... 0.         0.06792571 0.        ],0,2,5,1
[0.871868   0.7344089  1.4147545  ... 0.36461842 1.7781684  1.9373567 ],[561.67224 532.79596 686.56525 ... 515.57526 721.24414 685.55853],[561.67224 532.79596 686.56525 ... 515.57526 721.24414 685.55853],[338.477   318.0032  430.50507 ... 284.29617 523.9001  496.83774],[0.         0.10163116 0.         ... 0.         0.16266061 0.        ],0,2,5,2
[1.5027747  1.0496231  1.1743734  ... 0.07057899 1.7903192  3.0471048 ],[548.0968 494.6165 567.4194 ... 363.2509 589.215  644.4229],[548.0968 494.6165 567.4194 ... 363.2509 589.215  644.4229],[339.59143 299.2259  348.34576 ... 185.32794 409.2391  467.41812],[0.         0.         0.1827034  ... 0.         0.41766685 0.        ],0,2,5,3
[1.5082428  0.7196614  1.4080576  ... 0.21372023 0.70075077 0.39700177],[539.5662  405.0525  572.12805 ... 357.6306  440.54282 377.75412],[622.1409  502.05453 653.5273  ... 420.51364 512.      439.58182],[516.7621  396.72266 536.0674  ... 321.97125 417.6958  347.43887],[0.         0.         0.23302987 ... 0.07153524 0.         0.        ],0,2,5,4
[0.70899516 0.6789307  0.7448012  ... 0.09430345 0.17515838 0.40560707],[426.47772 412.9213  444.2629  ... 311.90314 328.13263 336.71265],[443.94525 429.57635 463.2219  ... 328.0432  343.6484  353.0951 ],[263.14243 259.4033  270.477   ... 184.71635 193.27469 200.33675],[0.         0.         0.         ... 0.         0.05712197 0.        ],0,2,5,5
"[ 0.43573582  0.68742895  0.5536865  ... -0.00191017  0.13585098
  0.18906458]",[408.18558 439.85748 477.6487  ... 326.54977 336.8789  338.18512],[457.04123 502.21133 535.1134  ... 361.1598  384.46393 375.31958],[279.6925  323.03278 323.15152 ... 208.67891 230.02698 221.10783],[0. 0. 0. ... 0. 0. 0.],0,2,5,6
[0.3062052  0.21672253 0.37838417 ... 0.6365854  0.1190545  0.61991864],[339.0072  328.5833  369.00595 ... 345.7596  301.109   317.58575],[358.93518 349.375   394.80093 ... 369.68982 319.41666 337.97684],[146.90717  143.11726  158.6593   ... 175.84386  113.638176 144.65556 ],[0. 0. 0. ... 0. 0. 0.],0,2,5,7
[2.6675417 2.81958   2.283676  ... 0.7006737 3.2940967 2.8086946],[759.7645  789.647   770.1133  ... 472.52847 855.35046 791.26074],[777.72595 808.8111  786.9593  ... 496.25925 882.92224 800.55554],[558.7877  605.1543  534.2137  ... 315.48383 693.4509  611.76843],[0.06436656 0.         0.08261712 ... 0.15692283 0.1264845  0.        ],0,2,5,8
[0.41268805 0.45219493 0.36943325 ... 0.3878893  0.3110044  0.341075  ],[372.24    402.9091  411.6509  ... 374.50546 340.99274 337.20728],[372.24    402.9091  411.6509  ... 374.50546 340.99274 337.20728],[232.17995 251.15477 243.27698 ... 245.91245 220.81352 214.06558],[0. 0. 0. ... 0. 0. 0.],0,2,5,9
[0.92042553 0.67915595 0.7849751  ... 0.3086833  0.06408405 0.3201736 ],[545.0564  500.79324 572.3496  ... 456.7857  423.0113  455.79324],[545.0564  500.79324 572.3496  ... 456.7857  423.0113  455.79324],[307.59763 276.46222 302.3736  ... 268.3357  226.84198 250.86626],[0. 0. 0. ... 0. 0. 0.],0,2,5,10
"[ 0.8841207   1.3372883   1.0338743  ... -0.22080266  0.8700027
  1.1156518 ]",[553.4424  657.57996 643.9777  ... 379.39032 552.39777 510.72864],[553.4424  657.57996 643.9777  ... 379.39032 552.39777 510.72864],[333.00882 421.23062 372.64114 ... 183.88335 366.262   320.8849 ],[0.         0.         0.10600083 ... 0.         0.12293833 0.        ],0,2,5,11
"[ 0.72231704  0.36977935  0.7664102  ... -0.10523433  0.7244157
  0.8092943 ]",[490.68854 440.94028 531.4808  ... 353.5326  445.98407 426.68823],[499.31476 456.3377  547.3803  ... 358.91147 462.859   437.36722],[291.61255 245.7629  309.94626 ... 178.09343 280.6452  267.8221 ],[0.         0.         0.         ... 0.12978442 0.         0.        ],0,2,5,12
"[ 0.24625562  0.82463247  1.2894036  ... -0.06011165  0.61572903
  0.44734082]",[314.5026  380.26245 461.7285  ... 266.08585 357.4149  324.77008],[391.748 467.676 559.908 ... 345.188 428.244 398.74 ],[217.32193 298.7762  366.63687 ... 184.11522 273.69244 241.22414],[0.         0.18391441 0.         ... 0.         0.04725913 0.        ],0,2,5,13
[0.6599941  0.10631374 0.7257832  ... 0.08405732 0.15385804 0.4787822 ],[410.99448 352.325   464.37454 ... 337.30945 331.4915  366.4146 ],[422.39914 372.9399  485.50214 ... 344.39056 354.23605 380.5794 ],[248.6498  185.95396 291.89438 ... 186.78366 189.2904  224.58572],[0.         0.06260397 0.         ... 0.         0.04641899 0.        ],0,2,5,14
[0.52745026 0.34901732 0.7136568  ... 0.11280319 0.3730243  0.31321234],[365.30832 356.68152 429.2159  ... 310.96085 346.1071  323.1334 ],[402.81967 385.93854 462.0082  ... 339.14755 368.4754  348.36475],[239.97267 221.15335 283.85828 ... 183.88896 219.85754 207.98439],[0.         0.06017222 0.         ... 0.05251171 0.         0.        ],0,2,5,15
[1.4261479  1.3342811  1.1536119  ... 0.4480725  0.43043044 0.82896864],[574.1524  559.86346 575.49207 ... 460.8381  455.02222 485.94922],[574.1524  559.86346 575.49207 ... 460.8381  455.02222 485.94922],[339.49954 331.99323 318.22244 ... 245.82358 238.12833 270.4282 ],[0.         0.         0.09463026 ... 0.         0.06495123 0.        ],0,2,5,16
[0.7257131  0.18730731 0.61017084 ... 1.3035942  2.9357858  3.4294882 ],[438.4007  397.0734  493.67975 ... 572.31805 743.0917  726.4021 ],[440.64774 397.75378 494.48865 ... 574.1894  743.8295  728.82196],[176.59338 150.754   217.40349 ... 301.50348 482.4069  493.76825],[0.         0.         0.         ... 0.         0.28854817 0.        ],0,2,5,17
[0.49743846 1.0815598  1.7595053  ... 0.1162034  0.8345954  0.43069145],[439.70255 513.47644 632.6735  ... 336.77347 429.07785 374.36295],[456.88663 546.0283  675.43726 ... 360.68018 457.82996 391.17813],[283.2024  376.63727 487.56122 ... 208.33858 320.71143 242.50623],[0.0990752  0.10933515 0.09860365 ... 0.09040758 0.         0.        ],0,2,5,18
[0.58911216 0.35986722 0.5171527  ... 0.42571443 0.7331583  0.8080935 ],[398.6433  378.9315  405.73926 ... 360.24893 400.9747  367.47302],[454.93414 424.63474 466.31137 ... 408.97006 454.38324 409.82037],[268.30133 243.67786 268.33206 ... 254.54288 296.91116 263.55267],[0.         0.         0.0953445  ... 0.         0.05770265 0.        ],0,2,5,19
"[ 0.6111589  -0.04833415  0.26548612 ...  0.29752654  0.5972739
  0.9857282 ]",[415.89203 333.94376 412.9248  ... 359.86896 396.87082 393.78268],[430.92267 352.2165  437.30927 ... 378.21133 412.5464  422.68042],[255.01123 180.85509 226.45288 ... 212.32838 247.41933 257.97363],[0.         0.         0.05009792 ... 0.0778714  0.08174244 0.        ],0,2,5,20
[1.9714118  1.2943219  2.3264017  ... 0.03389881 0.09140406 0.07291073],[493.10144 455.66788 628.58215 ... 289.69684 287.37048 289.22998],[599.7012  551.16095 739.4655  ... 333.00574 332.62643 329.8161 ],[462.30945 409.4547  583.14825 ... 209.74098 212.1249  204.75366],[0.         0.1571547  0.16537982 ... 0.         0.         0.        ],0,2,5,21
[0.8863008 0.8290914 1.246527  ... 0.1245308 0.6301038 1.2643094],[411.11578 422.8052  488.24448 ... 337.97202 394.3508  427.32416],[431.83093 436.46762 504.71942 ... 349.80576 402.27698 439.70145],[225.10307 226.91309 286.5053  ... 168.15662 226.56152 264.27097],[0.         0.         0.15106553 ... 0.         0.15387647 0.        ],0,2,5,22
[1.3062018  0.45093912 0.6835162  ... 0.4571556  1.5637579  1.9708158 ],[371.063   349.75388 404.89908 ... 315.9317  517.6622  546.4058 ],[472.79913 450.9083  512.30133 ... 436.46725 609.9476  650.37115],[289.12616 263.3531  299.57294 ... 274.45294 444.1357  483.3478 ],[0.         0.         0.10072804 ... 0.         0.15979518 0.        ],0,2,5,23
"[ 0.9151595   0.5233667   1.6844183  ... -0.05816496  0.97201055
  1.5485159 ]",[500.4     447.48666 653.78    ... 378.08667 517.32666 570.18665],[500.4     447.48666 653.78    ... 378.08667 517.32666 570.18665],[311.24258 267.44083 435.98523 ... 197.22491 355.29395 410.51816],[0.         0.17605704 0.15648818 ... 0.         0.1566126  0.        ],0,2,5,24
[0.73113066 0.631616   0.80771595 ... 0.06050777 0.29313892 0.49484476],[410.19983 397.5277  439.79807 ... 309.70792 321.28134 325.06177],[426.01352 410.27478 450.18018 ... 326.982   331.31082 334.2117 ],[247.37186 238.24841 260.31412 ... 168.27348 185.94327 179.55037],[0.         0.         0.         ... 0.         0.05870521 0.        ],0,2,5,25
[0.32362238 0.09569579 0.5524525  ... 0.25570288 0.65132433 0.66897047],[344.82837 317.88434 386.5485  ... 299.23508 346.10822 329.40298],[344.82837 317.88434 386.5485  ... 299.23508 346.10822 329.40298],[153.0776  131.42886 178.83734 ... 141.11263 178.33727 162.6081 ],[0.         0.         0.         ... 0.09420069 0.         0.        ],0,2,5,26
[0.29796535 0.47932488 0.31818366 ... 0.5077993  1.5762457  1.2100286 ],[382.32632 405.2363  425.78943 ... 409.76898 547.44977 474.459  ],[404.84305 420.15247 438.38565 ... 433.41257 565.3498  501.4529 ],[217.0449  243.48663 226.51534 ... 258.63693 405.002   338.00754],[0.         0.         0.10905419 ... 0.05167961 0.         0.        ],0,2,5,27
[2.0047183 1.441129  1.3289062 ... 1.0604471 1.6562207 1.7001889],[604.9831  556.94916 559.838   ... 549.193   600.82025 576.1211 ],[618.0304 572.7973 576.3446 ... 559.2736 613.625  593.2432],[394.30728 336.8947  325.3642  ... 331.712   409.2411  408.2006 ],[0.         0.         0.23225315 ... 0.         0.12286123 0.        ],0,2,5,28
[0.5210335  0.57604223 1.2400713  ... 0.2561455  0.21396822 0.16089377],[441.94  450.756 568.644 ... 387.468 374.32  334.028],[441.94  450.756 568.644 ... 387.468 374.32  334.028],[297.07507 309.94885 422.20877 ... 267.90958 253.9021  220.77458],[0.         0.09273037 0.         ... 0.03573274 0.         0.        ],0,2,5,29
[1.3373874  0.5627978  1.0821352  ... 0.14043513 0.16086808 0.890236  ],[547.21063 469.6877  589.0615  ... 377.35135 357.5366  417.77756],[558.87067 499.4181  608.5819  ... 389.9957  366.21982 428.1207 ],[301.52975 247.3521  315.1505  ... 185.33754 169.38614 231.21545],[0.         0.         0.06007844 ... 0.         0.12392021 0.        ],0,2,5,30
"[ 0.53170794  0.40963387  0.6143893  ... -0.08896029  0.24270073
  0.3009588 ]",[398.24655 394.14404 438.09875 ... 322.9053  366.77295 349.70236],[406.      400.9194  442.30768 ... 325.652   369.71796 357.79486],[217.20251 206.80171 233.01982 ... 160.49747 194.52489 194.51146],[0.         0.         0.08217175 ... 0.         0.         0.        ],0,2,5,31
[3.4674659  2.0050712  1.8762984  ... 0.41443694 1.9268619  2.1283712 ],[819.59717 638.8744  666.2802  ... 419.54752 594.3783  616.9741 ],[869.56067 695.9163  728.1297  ... 459.87448 653.25104 668.13806],[629.8446  458.42944 441.69965 ... 248.51881 444.70197 459.2223 ],[0.        0.        0.        ... 0.        0.1976123 0.       ],0,2,5,32
[0.48903435 0.3180194  0.61081296 ... 0.04296471 0.538084   0.43883377],[426.86768 419.38385 488.0334  ... 339.53787 381.62497 347.59412],[442.19022 435.27716 525.13043 ... 353.03262 408.58694 381.57608],[249.46774 238.87204 282.1699  ... 183.21146 246.11523 216.71552],[0.         0.         0.05218441 ... 0.         0.04488526 0.        ],0,2,5,33
[0.80803037 1.1885867  1.0166798  ... 0.30361813 0.66276246 0.35336092],[513.4069  571.11035 600.2     ... 407.74484 426.6414  372.5931 ],[513.4069  571.11035 600.2     ... 407.74484 426.6414  372.5931 ],[295.43048 362.0959  354.91547 ... 239.16997 266.3246  204.61847],[0.         0.         0.13649067 ... 0.037856   0.         0.        ],0,2,5,34
"[ 0.6696405   0.5250532   0.8855045  ...  0.18607864 -0.06214078
  0.50803226]",[373.75342 347.6588  396.2482  ... 323.73746 300.94366 361.34256],[414.88126 387.21875 459.8125  ... 370.0375  333.7375  385.10626],[266.21762 254.74963 310.17462 ... 242.15193 199.98595 260.34488],[0.         0.         0.08896034 ... 0.         0.07981948 0.        ],0,2,5,35
"[ 1.6031779   1.7677857   1.7141001  ... -0.1830279   0.78409135
  0.7574241 ]",[562.2903  584.9167  618.6983  ... 345.97537 459.6296  461.21622],[563.4234  586.44147 619.6667  ... 351.62613 465.43695 462.11713],[343.6276  386.08743 389.91803 ... 174.45331 286.47324 275.21832],[0.06684909 0.         0.09109684 ... 0.         0.11369093 0.        ],0,2,5,36
[0.60227287 0.23742998 0.680592   ... 0.07035618 0.15414709 0.28408343],[479.8794  424.35022 533.66956 ... 397.76892 410.34787 409.44235],[484.8468  431.84256 540.73615 ... 403.73618 415.9532  417.31915],[296.4961  248.9552  330.24802 ... 236.4984  242.87886 255.21295],[0.         0.         0.10095683 ... 0.         0.         0.        ],0,2,5,37
[2.111351   1.3827511  1.0850203  ... 0.32003456 0.49906507 0.38549027],[538.4049  508.24878 498.49756 ... 367.24878 380.10245 366.14145],[538.4049  508.24878 498.49756 ... 367.24878 380.10245 366.14145],[306.96606 275.78693 251.11067 ... 178.83795 174.93805 155.69661],[0.         0.         0.         ... 0.05973418 0.         0.        ],0,2,5,38
[0.282155   0.54896116 0.27396122 ... 0.19089846 0.11365946 0.5890284 ],[377.09326 422.3368  421.8342  ... 354.93784 330.74612 354.84973],[377.09326 422.3368  421.8342  ... 354.93784 330.74612 354.84973],[206.09337 246.63745 216.50734 ... 203.45665 187.51428 212.81808],[0.         0.         0.         ... 0.         0.04380282 0.        ],0,2,5,39
[1.3541867 1.4708866 1.3634183 ... 0.        0.2686272 1.1273226],[295.06577 318.1856  328.50372 ... 299.07965 294.357   345.7573 ],[375.61365 392.91818 415.1409  ... 361.45    367.42273 412.62726],[169.80516 186.37631 182.94641 ... 149.82141 160.1911  223.63889],[0.         0.         0.         ... 0.         0.15352122 0.        ],0,2,5,40
[0.41291353 0.4608614  0.3363168  ... 0.07973301 0.320885   0.58354086],[335.12943 345.96024 339.27856 ... 298.93082 330.42603 358.22244],[346.65067 357.50656 355.00873 ... 316.54147 342.05676 369.40173],[169.66632 187.65868 175.29659 ... 157.03917 184.35046 212.68384],[0.         0.         0.03201822 ... 0.         0.06811927 0.        ],0,2,5,41
[0.595655   0.81621546 1.254979   ... 0.65849364 0.18016611 0.5318247 ],[473.76416 480.98428 592.01575 ... 467.8522  403.15094 435.03143],[473.76416 480.98428 592.01575 ... 467.8522  403.15094 435.03143],[191.91348 218.06413 267.964   ... 223.0408  157.26675 189.78381],[0.         0.09849831 0.         ... 0.         0.         0.        ],0,2,5,42
[3.042908   2.2641006  1.7480266  ... 0.56155735 0.6776998  0.8713169 ],[594.1834  575.97626 574.64453 ... 405.39984 379.37982 374.83032],[703.12164 671.2387  690.2252  ... 490.65317 451.11713 451.54956],[408.41623 393.84033 362.9567  ... 249.72746 214.55177 213.16129],[0.         0.         0.         ... 0.         0.07406814 0.        ],0,2,5,43
[0.2576652  0.37804314 0.79185575 ... 0.26554504 0.4137487  0.6155907 ],[383.48572 397.97284 473.7399  ... 421.84656 423.37286 393.03867],[390.29803 412.29413 482.12158 ... 426.41962 431.8196  408.5059 ],[170.24646 196.49834 252.58313 ... 213.15874 231.59395 202.33484],[0.         0.         0.36069742 ... 0.         0.         0.        ],0,2,5,44
[0.58109874 0.9404164  0.8080775  ... 0.34856942 0.43686026 0.57383496],[428.82828 481.73233 501.33334 ... 388.54544 379.16162 390.03534],[428.82828 481.73233 501.33334 ... 388.54544 379.16162 390.03534],[217.55838 274.5793  262.9763  ... 207.92636 203.0591  208.2037 ],[0.         0.         0.04955061 ... 0.07556973 0.         0.        ],0,2,5,45
[0.12277409 0.0510491  0.9202996  ... 0.6457067  1.064775   1.8408184 ],[398.64157 398.875   559.92914 ... 483.35318 538.21094 628.25397],[404.1171  410.35126 566.6551  ... 487.03165 544.97784 640.4968 ],[185.43687 196.3924  329.0063  ... 283.10117 339.54037 432.95053],[0.         0.13316374 0.         ... 0.         0.0896653  0.        ],0,2,5,46
[1.381767  1.9504064 1.5706856 ... 0.2500329 0.5617828 0.3795956],[595.24176 667.6123  646.3517  ... 398.65335 427.01724 370.70688],[601.6723  682.99664 660.0236  ... 407.16217 431.6216  377.4257 ],[341.96265 421.46573 376.08774 ... 206.43614 229.64601 173.82225],[0.1131716  0.         0.07524266 ... 0.05372028 0.         0.        ],0,2,5,47
[0.85075194 1.285673   1.5613267  ... 0.6156855  1.5041131  0.1913634 ],[405.17545 450.6082  541.0117  ... 421.72516 496.65497 366.8421 ],[405.17545 450.6082  541.0117  ... 421.72516 496.65497 366.8421 ],[154.57907 209.05191 242.55746 ... 198.93153 273.5365  140.29575],[0.         0.13172345 0.         ... 0.11718098 0.         0.        ],0,2,5,48
[0.8220165  0.49705383 0.86483425 ... 0.0499754  0.11048476 0.10816121],[404.15842 381.09525 440.94553 ... 306.3871  317.12155 303.33914],[417.09427 392.15826 450.16162 ... 323.4175  326.01685 311.36026],[221.2955  200.9844  248.23322 ... 159.49329 164.52986 147.26613],[0.         0.         0.07317498 ... 0.         0.         0.        ],0,2,5,49
[0.6976385  0.65804726 1.2578393  ... 0.11657871 0.6047663  0.4537543 ],[490.41483 470.18454 596.1933  ... 393.0398  469.77945 418.3298 ],[586.52606 580.93475 742.7174  ... 477.27393 568.6087  523.61304],[378.6411  372.42703 509.32773 ... 294.59912 389.65704 343.12033],[0.         0.13000733 0.         ... 0.         0.         0.        ],0,2,5,50
[0.61839396 0.32619983 0.21627325 ... 0.01371371 0.47525865 0.8229596 ],[410.52026 390.74326 398.0777  ... 330.5304  365.375   389.0811 ],[410.52026 390.74326 398.0777  ... 330.5304  365.375   389.0811 ],[218.18744 210.84879 198.60834 ... 161.20248 219.11905 233.57314],[0.         0.         0.         ... 0.         0.11327683 0.        ],0,2,5,51
[1.0342591  0.549911   0.88290936 ... 0.21527474 0.5208632  0.17515084],[484.3323  421.08365 498.9666  ... 353.27585 405.46194 337.4192 ],[497.47485 431.0629  509.4151  ... 365.08804 410.20126 345.13522],[340.8781  281.4354  344.66248 ... 240.68997 282.47095 217.1252 ],[0.         0.         0.         ... 0.04774794 0.         0.        ],0,2,5,52
[4.458538  1.9554216 3.4908853 ... 0.7065993 3.4570959 3.4635983],[792.6907  641.27594 891.61694 ... 478.95316 775.5771  752.4266 ],[800.4669  644.9191  903.76105 ... 486.4375  786.8052  760.0184 ],[516.7519  376.18018 584.7977  ... 235.65233 536.63226 519.90936],[0.         0.         0.84169614 ... 0.20230678 0.22008301 0.        ],0,2,5,53
"[ 0.3951947   0.66517586  0.93528503 ... -0.22687641  0.3361316
  0.8119626 ]",[423.35663 443.2669  533.44885 ... 334.46985 374.76236 405.9188 ],[466.27725 496.0997  587.4673  ... 371.21497 414.11838 447.76947],[221.60982 266.86053 325.36505 ... 169.15012 213.88148 254.38272],[0.         0.07242891 0.         ... 0.         0.1376892  0.        ],0,2,5,54
"[ 5.896772    5.8520684   4.528353   ... -0.05975894  0.14745165
  0.05975894]",[1320.8612  1334.8816  1165.3728  ...  376.56393  392.61356  366.99255],[1329.973   1343.1554  1171.5879  ...  377.97635  393.9966   368.60474],[1107.049   1129.4779   926.8366  ...  200.71275  227.04988  203.40025],[0.08115404 0.         0.08704647 ... 0.         0.         0.        ],0,2,5,55
[1.391797   1.5487852  1.536689   ... 0.3879712  0.37954092 0.88905907],[476.1868  505.55408 534.8103  ... 371.04602 367.61865 389.56067],[514.6195  544.798   586.6532  ... 411.05725 398.9394  425.13806],[265.93594 298.07074 302.31125 ... 188.31541 177.4999  202.75208],[0.05984177 0.         0.         ... 0.         0.08781093 0.        ],0,2,5,56
"[ 0.9273568  -0.00194961  0.6500054  ...  0.8807716   0.1278251
  0.39164683]",[421.87244 350.55103 442.34183 ... 392.63266 334.7551  342.35715],[421.87244 350.55103 442.34183 ... 392.63266 334.7551  342.35715],[188.80101  114.993256 182.19412  ... 187.89362  122.59431  131.10823 ],[0. 0. 0. ... 0. 0. 0.],0,2,5,57
"[ 0.06816087  0.04345447  0.30792496 ...  0.23791687 -0.00718973
  0.6629346 ]",[344.1943  348.8075  391.03513 ... 333.71658 289.67224 339.69382],[378.62744 379.80066 428.2157  ... 372.64706 328.951   373.38562],[188.9305  186.1228  226.38963 ... 208.10213 156.51491 210.10522],[0.         0.         0.05331779 ... 0.         0.09539386 0.        ],0,2,5,58
[0.21921445 0.15123254 0.40547365 ... 0.13524625 0.32423195 0.08650526],[303.36194 303.42538 352.25748 ... 293.08954 317.20895 281.11194],[303.36194 303.42538 352.25748 ... 293.08954 317.20895 281.11194],[153.86307 153.59619 189.08296 ... 156.5113  178.03139 142.63547],[0.         0.         0.         ... 0.04400897 0.         0.        ],0,2,5,59
[0.9431512  1.0213568  0.9368465  ... 0.0254242  0.4090495  0.18842666],[431.67038 418.2504  461.44037 ... 317.0056  354.63782 315.31174],[466.9449  487.67715 509.1929  ... 355.11023 400.59842 354.3504 ],[272.273   298.8103  288.37042 ... 181.03036 231.83755 186.15239],[0.         0.         0.         ... 0.03716186 0.         0.        ],0,2,5,60
"[ 0.84172684  0.680304    1.1017812  ... -0.06821489  0.9992734
  0.432955  ]",[440.41318 418.46774 520.8765  ... 365.67133 476.36307 381.96805],[444.54895 429.23425 526.6818  ... 369.9056  480.66083 387.13635],[237.90773 226.39429 286.833   ... 162.19417 297.899   209.6282 ],[0.         0.         0.07948284 ... 0.09710979 0.         0.        ],0,2,5,61
[0.59549975 0.42582178 0.62280023 ... 0.20268656 0.52512777 0.9726067 ],[415.97626 387.49945 461.44638 ... 354.17224 408.02542 439.43408],[436.78787 409.5202  478.07574 ... 389.29797 439.6111  460.81818],[245.03954 248.18471 284.10056 ... 224.85754 271.04016 301.728  ],[0.         0.0513926  0.         ... 0.         0.11218923 0.        ],0,2,5,62
[0.02768788 0.37302983 0.8969544  ... 2.3283386  0.33188054 0.7596203 ],[376.70767 415.40524 519.22833 ... 707.8476  393.31503 392.46112],[379.65408 418.75473 521.86163 ... 725.18866 398.27045 401.66666],[179.67186 233.08614 308.7222  ... 503.14008 227.59181 238.886  ],[0.         0.08578745 0.         ... 0.         0.         0.        ],0,2,5,63
[0.64181626 0.46245927 0.46431103 ... 0.         0.4752967  0.7641108 ],[395.61453 381.1676  413.73184 ... 306.60336 373.46368 370.16202],[395.61453 381.1676  413.73184 ... 306.60336 373.46368 370.16202],[182.80699 181.74435 190.42784 ... 134.03116 177.95924 189.46422],[0.         0.         0.         ... 0.         0.09390904 0.        ],0,2,5,64
[0.7909865  0.40173507 0.95687014 ... 0.02315661 0.         0.7584484 ],[434.0372  400.65115 497.53952 ... 326.5442  312.493   399.91162],[434.0372  400.65115 497.53952 ... 326.5442  312.493   399.91162],[235.70695 211.4778  281.66318 ... 176.39565 157.08298 244.52153],[0.         0.         0.         ... 0.         0.11855476 0.        ],0,2,5,65
[1.5161341  1.5961789  1.6976154  ... 0.09989551 0.41671866 0.73330337],[452.35715 474.24603 511.7381  ... 354.7381  378.2381  402.8492 ],[452.35715 474.24603 511.7381  ... 354.7381  378.2381  402.8492 ],[223.22314 248.83708 260.5848  ... 142.62492 167.14378 189.71011],[0.         0.         0.         ... 0.         0.07725839 0.        ],0,2,5,66
"[ 0.33016354  0.28347963  0.3557736  ... -0.1643044   0.6514419
  0.41783312]",[366.58594 364.375   400.10156 ... 307.2578  427.86978 352.5547 ],[366.58594 364.375   400.10156 ... 307.2578  427.86978 352.5547 ],[187.40271 191.11574 210.0627  ... 151.59639 264.36063 200.5083 ],[0.         0.         0.         ... 0.07944015 0.         0.        ],0,2,5,67
[0.35231078 0.25315842 0.8571111  ... 0.         0.         0.5108212 ],[432.75955 414.78    517.5196  ... 338.7011  325.84354 385.55203],[458.67267 444.97296 561.4144  ... 366.98798 357.41443 413.7988 ],[267.03165 255.75342 362.81845 ... 211.13754 207.2786  261.70645],[0.         0.11765388 0.         ... 0.         0.07434271 0.        ],0,2,5,68
[1.977772   0.4506454  0.24388486 ... 0.7684904  0.25266382 0.8251227 ],[434.43152 353.19177 388.726   ... 392.4041  340.6644  356.58218],[434.43152 353.19177 388.726   ... 392.4041  340.6644  356.58218],[186.59137 117.97171 107.03212 ... 176.33745 132.44861 138.57   ],[0.         0.         0.09238444 ... 0.         0.09025572 0.        ],0,2,5,69
[3.9391181  3.761192   4.277768   ... 0.49090123 0.42585427 0.41180873],[756.2484  775.98346 856.95245 ... 370.2352  354.93423 343.2461 ],[816.42914 820.8583  909.6732  ... 392.2638  371.18896 377.81104],[624.9842  632.18146 699.08734 ... 228.45587 216.9972  211.03659],[0.07514264 0.10716227 0.13867135 ... 0.         0.         0.        ],0,2,5,70
[4.1674843  2.356401   1.9111476  ... 0.12826346 0.6499925  0.5542832 ],[776.6125  736.2438  696.59375 ... 347.8875  422.475   403.01874],[776.6125  736.2438  696.59375 ... 347.8875  422.475   403.01874],[609.309   571.2375  516.83466 ... 221.05695 296.02194 273.92358],[0. 0. 0. ... 0. 0. 0.],0,2,5,71
[0.65985876 0.5948591  0.59039533 ... 0.64250916 1.500308   1.1248119 ],[440.77505 445.05533 477.212   ... 410.89703 492.56683 450.35458],[478.05777 482.23465 509.74728 ... 438.25272 522.5993  476.4657 ],[238.58319 233.44781 234.54773 ... 234.48184 322.4318  266.5505 ],[0.         0.         0.         ... 0.05650326 0.         0.        ],0,2,5,72
[1.1800816  1.2009801  1.5063378  ... 0.12054542 0.13449216 0.21153788],[545.1406  561.13257 632.19867 ... 377.33923 372.37448 369.93134],[576.153   584.43445 658.38525 ... 389.93716 392.94263 387.3798 ],[336.0373  342.99805 402.77393 ... 193.66351 191.4295  191.65355],[0.         0.08957077 0.         ... 0.         0.         0.        ],0,2,5,73
"[ 0.628967   -0.06894343  1.0869371  ...  0.12416054  0.3331925
  0.51069957]",[489.15985 410.5353  608.14496 ... 395.20074 418.04462 410.30484],[489.15985 410.5353  608.14496 ... 395.20074 418.04462 410.30484],[261.1588  177.64743 342.7119  ... 200.50443 223.5049  228.98726],[0.         0.15593494 0.         ... 0.         0.07269361 0.        ],0,2,5,74
[0.4045727  0.35049397 0.30586395 ... 0.13024674 0.4117376  0.42891723],[362.1172  370.8672  380.97656 ... 323.57812 339.16406 344.95312],[362.1172  370.8672  380.97656 ... 323.57812 339.16406 344.95312],[253.94737 259.84042 255.68604 ... 217.31123 247.29086 238.0585 ],[0.         0.         0.03963102 ... 0.         0.06970242 0.        ],0,2,5,75
[0.6933297  0.71344364 0.50410295 ... 0.15125754 0.4585441  1.1962439 ],[407.5107  427.55197 465.46524 ... 360.47067 375.53275 420.14465],[437.51514 457.19696 481.82324 ... 380.96466 403.67676 437.70203],[226.50578 238.76323 218.06612 ... 185.73355 210.56337 246.48567],[0.         0.         0.         ... 0.         0.14813593 0.        ],0,2,5,76
[0.6229183  0.45253375 0.74958104 ... 0.88247454 1.7158227  1.4310762 ],[357.43726 336.87723 372.8186  ... 420.28107 488.1783  425.71713],[424.971   399.5145  473.221   ... 480.10507 579.3261  505.34784],[266.37186 246.38246 294.1815  ... 320.47223 437.5567  357.65222],[0.         0.04461218 0.         ... 0.10694723 0.         0.        ],0,2,5,77
[1.3697047  0.65598255 1.0524042  ... 0.1539637  0.36518547 0.13796881],[330.29242 295.34    367.89078 ... 264.48157 295.27966 274.91522],[446.5175  421.82516 513.46155 ... 365.01398 379.33566 357.76923],[227.71118 201.63678 273.86856 ... 161.64395 180.60184 156.50826],[0. 0. 0. ... 0. 0. 0.],0,2,5,78
[0.22220214 0.8465273  0.54657686 ... 0.19329514 0.4837648  0.5687422 ],[420.39905 510.8921  507.1643  ... 401.1587  411.30988 414.66058],[423.48965 520.2966  514.1793  ... 406.26895 424.91034 419.06207],[228.6233  340.5147  298.70123 ... 240.56786 260.9015  251.90999],[0.07375224 0.         0.         ... 0.         0.08707017 0.        ],0,2,5,79
[0.9342393  0.63946575 1.4106097  ... 0.08899932 1.1498357  0.9082457 ],[477.72223 441.14645 589.7273  ... 352.31314 481.3889  430.4192 ],[477.72223 441.14645 589.7273  ... 352.31314 481.3889  430.4192 ],[310.53604 272.6176  392.0119  ... 198.70316 328.0467  272.118  ],[0.         0.16033776 0.         ... 0.19822018 0.         0.        ],0,2,5,80
[0.4081941  0.47797155 1.1699235  ... 0.8471123  0.6966733  1.0590384 ],[411.14386 419.6456  542.7649  ... 452.13684 395.49826 414.23508],[411.14386 419.6456  542.7649  ... 452.13684 395.49826 414.23508],[193.64023 209.2643  295.09348 ... 249.53241 207.90355 233.17328],[0.         0.10728852 0.         ... 0.         0.05884757 0.        ],0,2,5,81
[0.98178333 0.8620806  0.5887415  ... 0.33453932 0.25854993 0.1542347 ],[385.59277 409.11765 420.19003 ... 329.95474 330.08145 324.30316],[385.59277 409.11765 420.19003 ... 329.95474 330.08145 324.30316],[187.95332 211.20177 189.04599 ... 157.18892 146.57317 132.44557],[0. 0. 0. ... 0. 0. 0.],0,2,5,82
[0.5089825  0.06740492 0.95186913 ... 0.67577934 0.34034634 0.14823529],[374.6138  319.82068 456.4138  ... 394.88965 353.6207  304.0138 ],[374.6138  319.82068 456.4138  ... 394.88965 353.6207  304.0138 ],[221.19644 170.78073 284.4985  ... 254.30405 208.38843 165.11299],[0.         0.05932133 0.         ... 0.         0.         0.        ],0,2,5,83
"[ 0.4848474   0.3958482   0.6085873  ... -0.00937225  0.19512424
  0.46526068]",[454.0043  450.9157  514.62256 ... 337.05103 378.8027  423.05045],[455.09937 451.9441  521.1677  ... 337.97516 379.79504 424.08694],[255.20006 242.49554 289.14853 ... 170.67654 204.50766 247.40916],[0.         0.         0.07316913 ... 0.         0.05286026 0.        ],0,2,5,84
[2.3660738  2.38194    3.0563161  ... 0.46667123 0.27148637 0.3778629 ],[659.6471  678.51135 813.014   ... 383.66693 311.79648 305.34268],[730.9234  740.73615 874.7447  ... 422.0851  344.2468  336.37872],[591.65674 599.78986 715.12683 ... 280.1166  228.03308 220.9192 ],[0.08337718 0.16340335 0.07651419 ... 0.         0.         0.        ],0,2,5,85
[5.0465226  2.4038215  3.0017934  ... 0.95833826 0.6305951  2.0401592 ],[496.52063 417.13916 502.81958 ... 386.75256 338.3866  400.65463],[496.52063 417.13916 502.81958 ... 386.75256 338.3866  400.65463],[225.58289 150.57301 191.55612 ... 137.31326  97.37766 149.73434],[0.        0.        0.        ... 0.        0.2675422 0.       ],0,2,5,86
"[ 1.754406    1.8670683   2.6184304  ... -0.15001574  0.5312824
  0.8010165 ]",[588.0695  602.7621  737.312   ... 379.74414 460.47473 449.5438 ],[614.5133  626.10266 763.1673  ... 398.8669  473.27377 468.67682],[326.04642 344.3922  425.08093 ... 142.14943 215.22498 214.30492],[0.         0.20891352 0.         ... 0.         0.10542674 0.        ],0,2,5,87
[0.40194073 0.00764453 1.797644   ... 0.56053215 0.31163567 0.85268104],[413.66138 382.      605.9524  ... 422.7143  418.55026 410.4656 ],[413.66138 382.      605.9524  ... 422.7143  418.55026 410.4656 ],[197.52881 157.50623 360.6631  ... 238.23807 206.5934  213.9776 ],[0.         0.17120193 0.         ... 0.         0.07975872 0.        ],0,2,5,88
[1.2579651  1.5495908  1.5710045  ... 0.27039132 0.14722162 0.4796063 ],[473.26965 512.0848  542.9338  ... 368.7036  366.79037 353.15408],[474.48553 513.26587 544.09827 ... 369.86127 367.8786  354.30637],[257.99515 297.6264  301.1013  ... 195.50363 177.98984 171.63756],[0.         0.08106428 0.         ... 0.         0.04661134 0.        ],0,2,5,89
"[ 1.5300412  -0.10249473  0.66432863 ...  0.1275095   0.11581389
  0.18609339]",[471.79523 324.22607 435.82956 ... 367.21005 341.27625 329.9706 ],[487.08276 336.9655  450.33102 ... 381.66208 354.55173 343.6    ],[294.74536 147.22536 250.3712  ... 187.25652 178.94283 168.25706],[0.        0.        0.0344437 ... 0.        0.        0.       ],0,2,5,90
[2.708918  1.2660103 1.3588321 ... 0.8830995 5.287203  4.1941404],[729.95013 589.2056  629.10583 ... 518.6937  929.96936 762.44226],[743.2244 600.7489 641.5845 ... 532.5711 948.96   775.6311],[430.3938  296.88956 309.4636  ... 227.96391 675.76886 513.9091 ],[0.         0.         0.         ... 0.5686205  0.12418941 0.        ],0,2,5,91
[0.56212795 0.33647108 0.34648925 ... 0.32332316 0.45788336 0.7560611 ],[374.79965 379.689   403.38226 ... 351.8291  358.26834 336.24484],[459.42807 457.46918 506.3356  ... 418.25342 427.226   415.06165],[241.61914 229.19907 245.97475 ... 234.84708 252.88986 224.47983],[0.         0.         0.07358198 ... 0.         0.09349667 0.        ],0,2,5,92
"[ 0.49820408  0.32786053  0.57808584 ... -0.00759581  0.32567254
  0.09454278]",[319.57364 297.7508  341.69757 ... 245.86243 287.404   252.5876 ],[437.6905  415.75397 480.16666 ... 351.84525 391.0754  347.7976 ],[256.40204 233.53209 273.05057 ... 191.79793 242.30792 201.20511],[0.         0.         0.09427164 ... 0.         0.         0.        ],0,2,5,93
[0.5033835  0.8557042  1.0501441  ... 0.2408955  0.00446046 0.19940983],[371.14127 456.1333  486.09695 ... 341.6285  300.4198  309.8862 ],[404.13266 491.9898  535.801   ... 376.4949  315.13266 337.39285],[249.14131 328.23798 357.75748 ... 222.70798 177.88252 200.50316],[0.         0.08047901 0.         ... 0.         0.         0.        ],0,2,5,94
[1.5685564  0.3978077  0.64643556 ... 0.68758976 0.43283606 1.4139194 ],[405.71317 325.51938 364.0155  ... 363.3876  321.14728 317.87598],[405.71317 325.51938 364.0155  ... 363.3876  321.14728 317.87598],[209.95395 129.41992 147.25876 ... 189.38951 144.93716 150.61844],[0.         0.         0.         ... 0.         0.14607556 0.        ],0,2,5,95
[0.38262683 0.1639739  0.8151153  ... 0.5783849  0.6557313  0.7855412 ],[394.38382 412.27103 515.52814 ... 306.34448 292.2768  281.50378],[480.84302 463.56396 611.593   ... 341.73837 327.0756  327.94186],[328.04495 296.7893  432.16397 ... 199.3207  196.75096 188.55986],[0.         0.08661854 0.         ... 0.08165338 0.         0.        ],0,2,5,96
[1.4150857  0.9887445  1.285977   ... 0.06481362 0.12496173 0.        ],[549.8889  502.1525  551.7694  ... 377.70825 382.92905 349.77377],[568.2313  517.4982  574.28467 ... 386.16727 396.99643 365.55872],[385.64053 333.60223 377.20532 ... 214.6611  221.15575 196.01625],[0.         0.         0.18764284 ... 0.         0.         0.        ],0,2,5,97
[0.56594914 0.4469175  0.48299086 ... 0.18306775 0.46983013 0.        ],[352.142   364.91    378.4794  ... 300.9265  328.00125 254.5385 ],[388.76144 392.02942 417.88235 ... 330.7647  366.27777 283.50653],[252.38037 245.67319 259.35193 ... 209.31021 249.67308 165.28638],[0.         0.         0.         ... 0.02509449 0.         0.        ],0,2,5,98
[1.4192612  1.1044326  0.82130677 ... 0.37391132 1.1975411  1.2999122 ],[399.00757 369.33826 371.0651  ... 315.20987 352.6873  366.1653 ],[471.53235 437.23383 453.87064 ... 371.18906 423.46268 428.40796],[265.4425  238.09831 224.79405 ... 193.95612 245.40495 250.45291],[0.         0.         0.10104411 ... 0.10932352 0.10767406 0.        ],0,2,5,99
[0.5881619  0.82059735 0.68376946 ... 0.         0.37066963 0.6220431 ],[378.45526 413.4914  397.244   ... 300.15964 329.23975 339.60062],[453.0573  493.6051  513.1274  ... 357.61783 413.8981  411.0382 ],[300.63287 347.3081  339.9643  ... 220.37885 275.20325 275.207  ],[0.         0.         0.         ... 0.         0.10037111 0.        ],0,2,5,100
[0.8289523  0.60622746 0.58764803 ... 0.38405    0.04480017 0.17541249],[457.10498 434.90146 445.84402 ... 379.4342  332.08292 332.0208 ],[502.6181  463.94974 488.1206  ... 404.25125 358.02512 358.02512],[347.56622 311.51562 315.23492 ... 287.63104 228.12636 228.03122],[0.         0.         0.10185029 ... 0.         0.         0.        ],0,2,5,101
[0.46909624 0.21683939 1.3820854  ... 0.6981811  0.         0.        ],[305.62903 281.9305  397.1897  ... 340.2359  269.03314 275.0763 ],[384.94055 346.58377 496.45947 ... 419.53513 327.17297 338.35675],[150.27763 139.62917 259.1956  ... 217.0733  136.50002 130.06099],[0.0620974 0.        0.        ... 0.        0.        0.       ],0,2,5,102
[0.97784275 0.24674197 0.60624725 ... 0.0415653  0.03581449 0.21091066],[464.42432 403.72952 478.0918  ... 368.67245 362.00745 367.3747 ],[464.42432 403.72952 478.0918  ... 368.67245 362.00745 367.3747 ],[208.05875 154.21785 191.39449 ... 143.26793 135.97952 150.23953],[0.         0.         0.05361394 ... 0.         0.         0.        ],0,2,5,103
[0.2872641  0.3601863  0.3852542  ... 0.35566518 0.49454302 0.1978702 ],[301.3108  320.52054 341.61063 ... 319.0811  334.24136 278.361  ],[363.7268  385.2835  426.63403 ... 385.52063 388.54123 343.76288],[231.27504 248.85617 287.29547 ... 256.29465 274.5245  216.11726],[0. 0. 0. ... 0. 0. 0.],0,2,5,104
"[ 1.1001089   0.7448331   1.274428   ... -0.13768943  0.11841775
  1.3084066 ]",[484.69937 459.30676 559.3006  ... 348.84662 386.      504.0736 ],[484.69937 459.30676 559.3006  ... 348.84662 386.      504.0736 ],[257.18826 226.52585 301.2739  ... 156.44513 185.53123 309.05472],[0.         0.10454553 0.         ... 0.         0.2003874  0.        ],0,2,5,105
"[ 0.8949266   1.0500103   1.2809895  ... -0.06068046  1.3155661
  0.49311915]",[424.48947 429.90527 530.1158  ... 339.30527 435.06317 365.2158 ],[424.48947 429.90527 530.1158  ... 339.30527 435.06317 365.2158 ],[194.6359  217.3245  261.71567 ... 128.50998 245.16235 163.34077],[0.         0.         0.         ... 0.15530673 0.         0.        ],0,2,5,106
[1.7137203  1.1482058  1.4070536  ... 0.11961978 0.20966133 0.16080117],[520.93353 432.39038 518.0744  ... 317.93268 335.3499  319.12396],[586.4585  514.0742  583.214   ... 363.11353 382.0393  370.82968],[392.05344 339.41843 375.8786  ... 205.90474 216.25334 204.22356],[0. 0. 0. ... 0. 0. 0.],0,2,5,107
[0.9499893  0.4562768  0.65972185 ... 0.35336974 0.599484   0.29010686],[517.42236 442.2564  511.23004 ... 436.92917 458.50278 384.01   ],[558.1573  477.22473 559.4045  ... 488.46628 504.03372 440.10114],[326.33945 263.02322 307.7292  ... 275.3066  294.456   243.55045],[0.         0.         0.         ... 0.07245919 0.         0.        ],0,2,5,108
[1.1739272  0.6619813  1.4136422  ... 0.33603007 0.49444434 0.44076735],[405.94992 372.20023 434.58203 ... 327.75778 349.44992 326.49597],[459.87112 428.6     509.81332 ... 376.5111  396.2978  368.26666],[225.5499  188.07127 257.6434  ... 169.82747 179.34851 155.43799],[0.         0.         0.11667576 ... 0.05506223 0.         0.        ],0,2,5,109
"[ 0.5591984   1.2097349   0.6821408  ... -0.21850938  0.3559708
  0.5566411 ]",[331.42996 404.5749  382.0145  ... 279.9082  340.18356 332.07245],[331.42996 404.5749  382.0145  ... 279.9082  340.18356 332.07245],[144.08987 214.93402 175.0201  ... 113.26145 167.56998 158.63028],[0.         0.         0.         ... 0.         0.06883731 0.        ],0,2,5,110
[0.30804482 0.20553638 0.96272653 ... 0.20887893 0.0281718  0.39631444],[458.35812 453.2369  598.66943 ... 421.15152 395.69147 425.573  ],[458.35812 453.2369  598.66943 ... 421.15152 395.69147 425.573  ],[218.59912 209.92691 316.97635 ... 205.78116 180.72266 218.43811],[0.         0.12238504 0.         ... 0.         0.         0.        ],0,2,5,111
"[ 0.5548063   0.6488387   0.93533117 ... -0.25525317  0.07311638
  0.63315415]",[363.2443  376.7725  441.86978 ... 276.11703 336.95227 356.99094],[388.17392 405.69565 466.95032 ... 300.47205 351.21118 374.43478],[238.78604 256.23877 294.96    ... 164.60423 211.44942 231.19312],[0.         0.         0.         ... 0.         0.08547843 0.        ],0,2,5,112
[0.5243901  0.48595026 0.665095   ... 0.28015342 1.8376576  1.4925073 ],[400.16486 384.0012  473.77048 ... 417.29376 607.6461  552.7552 ],[409.64145 395.38486 488.9342  ... 428.73685 617.4243  570.4868 ],[220.67705 216.86876 262.9814  ... 221.6236  440.0259  388.61014],[0.         0.         0.09676334 ... 0.12237985 0.         0.        ],0,2,5,113
"[ 0.6508214  -0.04543253  0.41483316 ...  0.          0.
  0.63392687]",[359.63647 306.07104 370.14874 ... 283.94504 279.92844 317.46414],[379.4009  326.85715 395.81107 ... 308.1198  298.2304  337.75577],[196.87874 136.16077 192.5013  ... 136.58955 117.55064 166.36327],[0.         0.         0.06121035 ... 0.         0.0834913  0.        ],0,2,5,114
[1.0226095  0.41283965 0.71445197 ... 0.02948416 0.80827117 0.43897966],[527.1763  481.8693  552.1216  ... 417.54712 523.4134  466.5988 ],[527.1763  481.8693  552.1216  ... 417.54712 523.4134  466.5988 ],[249.29846 196.76169 251.97119 ... 176.31546 268.36594 221.76717],[0.         0.         0.03971432 ... 0.05232902 0.         0.        ],0,2,5,115
[1.4999166  1.4786574  1.9250075  ... 0.014257   0.48720405 0.63405114],[528.1919  541.8114  618.23444 ... 347.10907 401.94876 408.6511 ],[573.56573 575.4312  661.9541  ... 371.3211  433.01834 427.66055],[352.09973 359.3395  417.46176 ... 184.70688 250.3297  252.3996 ],[0.         0.06910801 0.         ... 0.         0.09696433 0.        ],0,2,5,116
[0.44077507 0.19148952 0.4878886  ... 0.10662933 0.27751887 0.35132784],[418.7896  410.3825  485.10657 ... 387.03824 401.91257 410.67758],[418.7896  410.3825  485.10657 ... 387.03824 401.91257 410.67758],[173.06897 166.88945 201.0201  ... 165.05083 184.14838 188.69719],[0. 0. 0. ... 0. 0. 0.],0,2,5,117
[0.5360504  0.22610278 0.71157736 ... 0.34780043 0.16783579 0.28374538],[422.21472 375.6635  456.5885  ... 385.6416  346.85205 331.25604],[426.56735 380.3031  463.4948  ... 389.3394  351.65543 335.9741 ],[286.82336 239.32918 320.4619  ... 264.2616  228.0387  218.23285],[0.         0.         0.10188656 ... 0.         0.         0.        ],0,2,5,118
"[ 0.59121084 -0.149602    0.9210497  ...  0.5688603   0.41388094
  0.58142036]",[366.04422 317.62958 453.93054 ... 386.1954  352.64236 363.17316],[410.35373 349.54422 495.85034 ... 431.36053 396.7143  399.79593],[233.34908 157.15927 296.8981  ... 266.10336 237.54184 243.42592],[0.         0.10196685 0.         ... 0.         0.04392456 0.        ],0,2,5,119
[1.1766835  0.5426126  0.9159723  ... 0.01843222 0.36733347 0.22723067],[421.5788  348.19913 398.44925 ... 287.22186 331.0638  275.96002],[535.74097 459.16867 546.58435 ... 359.61447 419.87952 376.68073],[365.53616 298.4201  369.4197  ... 218.8141  272.17017 228.2497 ],[0.         0.         0.16380714 ... 0.0353062  0.         0.        ],0,2,5,120
"[ 0.8108341   0.3474472   0.847756   ... -0.14305192  0.48690808
  0.54393196]",[448.12717 440.04657 521.1978  ... 364.73532 391.7867  402.52966],[461.49374 453.96564 539.5687  ... 376.40625 403.7375  409.45938],[168.31425 181.54967 237.4824  ... 139.17723 182.19963 178.04115],[0.         0.         0.18683247 ... 0.         0.06597929 0.        ],0,2,5,121
"[ 1.2318454   1.2249718   1.2179321  ... -0.05546515  0.5176077
  0.5368572 ]",[464.60226 469.6534  507.68182 ... 310.51135 346.1875  344.44318],[464.60226 469.6534  507.68182 ... 310.51135 346.1875  344.44318],[270.9865  282.2644  287.58    ... 141.06389 182.84306 180.39523],[0.         0.         0.         ... 0.09936646 0.         0.        ],0,2,5,122
"[ 0.8442442   1.2966686   1.9332157  ...  0.16846117 -0.07818003
  0.42206454]",[429.0921  475.17105 580.6184  ... 357.5921  307.85526 356.94736],[429.0921  475.17105 580.6184  ... 357.5921  307.85526 356.94736],[215.08237  268.30014  341.84705  ... 178.91577  122.141014 165.38373 ],[0.         0.11247244 0.         ... 0.         0.05638176 0.        ],0,2,5,123
"[ 0.5139652   0.57218134  0.61766416 ... -0.4322023   0.5953054
  0.6540334 ]",[278.35803 280.37946 332.45245 ... 206.32497 295.465   232.8682 ],[465.35223 492.5506  512.59106 ... 357.      468.06073 380.01215],[268.93216 282.93277 293.9067  ... 124.93489 272.60583 206.64648],[0.         0.         0.         ... 0.         0.10584803 0.        ],0,2,5,124
[0.715369   0.44811535 1.0566797  ... 0.22408079 0.32563528 0.55327946],[486.0362  439.1216  552.49396 ... 363.5369  375.51788 375.59726],[486.69266 440.72476 554.5505  ... 364.96332 376.16513 378.92203],[302.4938  265.89203 363.0229  ... 209.61919 222.79805 238.22707],[0.         0.10944682 0.         ... 0.         0.06085473 0.        ],0,2,5,125
[1.6784289  1.7696488  2.1113288  ... 0.15411839 0.47603133 0.03897222],[470.71484 466.80157 542.73846 ... 339.16614 383.0554  321.94104],[547.5848  553.0585  636.47955 ... 399.9883  448.39767 364.16376],[325.85266 342.3147  388.8855  ... 219.45464 254.14238 169.31487],[0.         0.09308799 0.         ... 0.         0.         0.        ],0,2,5,126
[0.37873396 0.02553949 0.1919687  ... 0.3116222  0.4139359  0.5178872 ],[384.5108  346.57553 401.8777  ... 371.1511  368.4928  355.58273],[384.5108  346.57553 401.8777  ... 371.1511  368.4928  355.58273],[243.20003 197.89174 225.9306  ... 243.27312 237.97229 227.46503],[0.         0.         0.02519602 ... 0.05795094 0.         0.        ],0,2,5,127
[1.1444042  0.79874593 0.94735914 ... 0.1677436  0.23431231 0.4218514 ],[418.85812 386.77863 420.52423 ... 293.6469  287.30093 315.30756],[480.5493  441.82745 485.1866  ... 342.85916 342.69717 362.7676 ],[299.09097 260.5936  284.5245  ... 180.42871 186.89676 209.30675],[0.         0.         0.04911571 ... 0.         0.         0.        ],0,2,5,128
[1.6185526  0.72639644 1.1530123  ... 0.29672673 0.7340195  0.5125769 ],[540.1429  456.59128 546.6667  ... 405.7143  429.0476  392.38095],[540.1429  456.59128 546.6667  ... 405.7143  429.0476  392.38095],[332.53064 248.18222 318.46564 ... 199.39688 240.18312 202.67265],[0.         0.         0.         ... 0.06443227 0.         0.        ],0,2,5,129
[0.74603206 1.4816338  1.479961   ... 0.1155132  1.0789554  0.27834368],[412.72833 509.93063 524.4624  ... 339.51447 465.4162  346.00577],[412.72833 509.93063 524.4624  ... 339.51447 465.4162  346.00577],[258.63968 355.35983 356.5959  ... 198.80362 323.53647 209.05023],[0.11186479 0.         0.23106155 ... 0.         0.         0.        ],0,2,5,130
[2.2303584  0.28571752 0.7402741  ... 0.22016248 0.97815126 0.85117   ],[429.623   313.65683 393.6007  ... 266.6774  351.51926 328.30237],[491.66428 356.5     447.4643  ... 305.69287 391.37857 367.12143],[309.87375 182.71565 246.87042 ... 159.23433 232.49794 212.07782],[0.         0.         0.         ... 0.07615095 0.         0.        ],0,2,5,131
[1.008094   1.709145   0.8263049  ... 0.21289164 0.6576332  1.3937747 ],[480.3733  585.47955 501.18958 ... 338.60104 402.11594 414.56946],[550.44116 693.03674 589.94855 ... 411.65442 472.8603  487.55884],[384.6912  523.25415 391.29697 ... 256.68362 330.8057  355.39487],[0.08473342 0.         0.15929833 ... 0.         0.18733752 0.        ],0,2,5,132
[0.80381036 1.5191485  1.9379694  ... 0.6237861  0.4258684  0.        ],[443.76135 501.45456 605.6193  ... 406.13635 380.8409  327.63068],[443.76135 501.45456 605.6193  ... 406.13635 380.8409  327.63068],[207.27118 274.9919  344.55    ... 210.4323  182.24295 122.75995],[0.08827113 0.         0.         ... 0.         0.         0.        ],0,2,5,133
[1.7242903  1.4109238  1.6757715  ... 0.43084633 0.9687217  1.1558263 ],[623.14636 582.6293  644.8439  ... 419.27805 465.74146 484.61462],[623.14636 582.6293  644.8439  ... 419.27805 465.74146 484.61462],[433.0062  395.8915  441.76767 ... 260.97626 320.00995 342.9856 ],[0.         0.         0.09048844 ... 0.         0.08451556 0.        ],0,2,5,134
[0.9016407  0.9738515  1.2319317  ... 0.34691685 0.5738274  0.4482269 ],[537.0537  526.47424 623.23413 ... 434.97092 444.3981  423.7853 ],[538.588 527.116 625.952 ... 438.088 445.672 426.068],[324.20444 336.80344 401.38953 ... 266.6919  281.47522 253.63055],[0.         0.04986818 0.         ... 0.05534312 0.         0.        ],0,2,5,135
[0.01907747 0.48246995 0.8933702  ... 0.3494941  0.5881396  0.9370869 ],[276.29938 353.6874  427.22092 ... 348.47812 378.74002 380.61252],[285.16217 357.68243 431.93243 ... 352.28378 382.46622 384.6081 ],[178.89142 247.1062  312.2853  ... 251.12415 286.2316  277.40643],[0.         0.10808551 0.         ... 0.         0.10799844 0.        ],0,2,5,136
[0.59529763 0.62022966 0.9512544  ... 0.11490539 0.7437225  1.3503429 ],[420.60394 443.58734 530.7411  ... 348.44403 422.05432 416.05496],[426.06976 445.5814  533.8279  ... 350.70697 423.6744  422.9721 ],[190.10341 206.79976 257.29288 ... 146.1138  209.01506 207.88159],[0.         0.03993661 0.         ... 0.10090385 0.12430582 0.        ],0,2,5,137
[0.70829296 0.49472037 0.6229986  ... 0.14815065 0.5093987  0.7992535 ],[458.81482 435.89505 501.85803 ... 388.03085 443.34567 427.92593],[458.81482 435.89505 501.85803 ... 388.03085 443.34567 427.92593],[240.05916 217.27887 237.42038 ... 207.8351  251.2382  234.30127],[0.         0.         0.05050165 ... 0.         0.1089457  0.        ],0,2,5,138
[0.14867373 0.5410206  0.6131569  ... 0.33887088 0.17092764 0.        ],[369.79877 425.15244 463.9634  ... 395.37805 360.31097 322.9939 ],[369.79877 425.15244 463.9634  ... 395.37805 360.31097 322.9939 ],[187.59064 253.09166 269.91003 ... 236.26447 208.0734  175.03366],[0.05366265 0.         0.         ... 0.         0.         0.        ],0,2,5,139
[0.73612446 0.61429125 0.7262422  ... 0.83621967 2.3631625  2.8825347 ],[422.1425  435.4544  481.32492 ... 498.8895  650.4973  697.48944],[466.45364 484.42715 528.1424  ... 536.3146  700.7881  759.4536 ],[264.4305  283.3782  303.69614 ... 322.05652 507.54767 562.3641 ],[0.         0.         0.11565363 ... 0.         0.25922564 0.        ],0,2,5,140
[0.8994364  0.81967294 1.0363872  ... 0.11583077 0.2540335  0.48031333],[478.1891  480.86136 529.32776 ... 366.66806 388.2731  398.05463],[478.1891  480.86136 529.32776 ... 366.66806 388.2731  398.05463],[278.12332 283.16513 315.4966  ... 196.3128  215.76526 235.3033 ],[0.         0.05733762 0.04523117 ... 0.         0.03786306 0.        ],0,2,5,141
[0.05836381 0.4918182  0.5056266  ... 0.41494262 0.22245833 0.35072154],[319.18182 369.18182 384.95804 ... 353.65036 315.4126  302.03497],[319.18182 369.18182 384.95804 ... 353.65036 315.4126  302.03497],[163.18509 216.80077 222.41661 ... 210.04372 178.2588  165.73508],[0.05575497 0.         0.         ... 0.         0.         0.        ],0,2,5,142
[0.40992016 0.44119906 0.6773009  ... 0.16559352 0.68062186 0.36114955],[346.645   352.73746 426.2776  ... 303.88113 368.24167 311.7522 ],[374.48328 388.97397 458.47955 ... 332.07806 394.5985  351.10782],[184.84721 206.48325 240.64565 ... 166.10594 224.74022 173.69196],[0.         0.         0.         ... 0.07844402 0.         0.        ],0,2,5,143
[0.66031104 0.1901094  1.3584453  ... 0.04671922 0.16084519 0.29018366],[458.99448 432.60773 595.25964 ... 389.1768  398.5801  396.442  ],[458.99448 432.60773 595.25964 ... 389.1768  398.5801  396.442  ],[233.71088 184.4593  326.5413  ... 183.32137 186.28864 182.5216 ],[0.         0.11453324 0.         ... 0.         0.         0.        ],0,2,5,144
[0.33908612 0.3603617  0.5886042  ... 0.1688111  0.23957947 0.26501155],[353.53787 368.67633 401.6857  ... 302.35513 330.76648 316.03778],[378.16812 385.91306 438.51303 ... 325.67825 344.48987 333.64926],[271.7765  282.67477 329.0845  ... 228.4968  240.95198 238.10687],[0.         0.         0.06958708 ... 0.         0.         0.        ],0,2,5,145
"[ 0.63341933  0.29492348  0.75103056 ... -0.17325267  0.41900218
  0.32960758]",[480.74472 445.36826 546.6352  ... 325.98462 384.6636  356.725  ],[488.0401  453.3634  551.792   ... 327.4887  386.17795 359.5614 ],[234.39453  200.99673  262.58072  ... 117.825356 185.85466  155.39261 ],[0.         0.         0.05569064 ... 0.06388281 0.         0.        ],0,2,5,146
[1.2669214  1.0692844  1.067156   ... 0.43603277 0.69463044 0.41788048],[570.32764 540.6419  554.22766 ... 415.52502 445.81082 399.748  ],[583.1929  554.1     571.5357  ... 421.39285 452.15    409.5    ],[405.01382 385.0018  385.1993  ... 276.37454 309.14517 256.71793],[0.         0.         0.10563111 ... 0.03576249 0.         0.        ],0,2,5,147
[0.896507   0.54364765 0.7463757  ... 0.07460845 0.590817   0.16972624],[473.01797 429.67963 493.9856  ... 349.6727  409.43552 341.40323],[490.5922  455.73404 514.7447  ... 362.10284 420.21985 353.5851 ],[251.20168 221.64453 252.06094 ... 171.47847 222.9571  150.68208],[0.         0.         0.10406579 ... 0.05322718 0.         0.        ],0,2,5,148
"[ 0.6083293   0.4959529   0.32158342 ... -0.19213063  1.0585954
  0.5903205 ]",[452.1371  460.6129  459.51614 ... 333.7984  454.37097 349.0645 ],[452.1371  460.6129  459.51614 ... 333.7984  454.37097 349.0645 ],[256.7712  262.1567  240.39142 ... 141.89572 295.38602 184.85263],[0.         0.         0.         ... 0.13077772 0.         0.        ],0,2,5,149
[0.59808755 0.57328135 1.0161979  ... 0.11903643 0.08699418 0.6956606 ],[375.4829  391.74103 509.394   ... 339.9051  349.05685 382.2022 ],[402.88666 411.86667 525.76666 ... 354.02667 356.47333 391.19333],[231.54082 247.25574 325.7974  ... 212.50233 207.05148 249.79106],[0.         0.04512008 0.         ... 0.         0.08381409 0.        ],0,2,5,150
[0.1931248  0.17216961 0.19157761 ... 0.50139135 0.3377945  0.19486849],[315.30624 322.11874 342.3     ... 349.15625 323.74374 292.8125 ],[315.30624 322.11874 342.3     ... 349.15625 323.74374 292.8125 ],[151.92303 156.89188 162.38713 ... 196.07283 176.84868 142.94243],[0. 0. 0. ... 0. 0. 0.],0,2,5,151
[0.26878315 0.24897903 0.7356776  ... 0.4622293  0.19685699 0.3165359 ],[353.25107 334.23053 398.82858 ... 360.65326 315.41757 309.17706],[435.29074 430.38766 508.27753 ... 440.68723 400.44052 392.11896],[182.15366 186.77559 243.94038 ... 209.42041 175.2925  173.05618],[0.         0.09438972 0.         ... 0.         0.         0.        ],0,2,5,152
"[ 1.6674954   1.4333761   1.8903971  ... -0.19537649  0.72660905
  0.6063388 ]",[551.266   568.2132  644.27814 ... 324.18658 391.04044 375.41437],[587.7755  584.4367  670.2082  ... 344.76328 408.40817 386.42856],[362.94217 355.00626 414.23636 ... 149.7916  224.6807  205.00728],[0.         0.09507369 0.09455898 ... 0.0895469  0.         0.        ],0,2,5,153
[0.9481456  0.84819615 0.98366886 ... 0.26221156 0.4855831  1.3997003 ],[418.07144 399.02597 434.74677 ... 346.97403 374.74677 468.01947],[418.07144 399.02597 434.74677 ... 346.97403 374.74677 468.01947],[263.60336 253.35022 276.62753 ... 216.60394 240.38046 348.13882],[0.         0.         0.09320033 ... 0.         0.12627633 0.        ],0,2,5,154
[0.8464345  0.47188312 1.4843088  ... 0.7686442  0.57385296 1.1452863 ],[448.02765 425.06354 625.52844 ... 439.24368 374.39584 398.54538],[482.59476 443.2026  646.5033  ... 451.92157 388.0719  421.817  ],[297.41943 267.69183 441.52545 ... 299.3221  233.10648 275.35733],[0.         0.10081881 0.         ... 0.         0.0896398  0.        ],0,2,5,155
[1.533842   1.8405415  1.6444861  ... 0.2122467  0.34602806 0.36111945],[397.10712 408.58722 435.18427 ... 240.39273 280.75897 231.44327],[650.1853  696.9768  710.12354 ... 401.19305 426.1274  408.7143 ],[466.5083  525.40607 497.5521  ... 261.1061  283.13165 265.2405 ],[0.07366555 0.         0.         ... 0.         0.02637593 0.        ],0,2,5,156
[1.5653979 1.3436787 1.403365  ... 0.9804041 2.0863833 1.4794645],[760.4989  738.5999  772.43134 ... 661.49316 898.5897  737.1309 ],[761.89246 740.2079  779.1254  ... 668.9713  899.91754 745.25806],[538.9743  500.8498  522.39874 ... 471.64404 691.17346 550.8957 ],[0.         0.         0.21999535 ... 0.13042006 0.         0.        ],1,2,5,0
"[ 0.89613426  0.6937774   0.86436844 ...  0.6661042  -0.04945743
  0.04945743]",[437.61273 430.697   473.24677 ... 430.93008 309.60757 318.87653],[465.59756 447.73984 494.6301  ... 460.0935  328.8821  331.81708],[299.73578 278.44205 309.24728 ... 312.28824 182.75801 189.8871 ],[0.         0.         0.08841663 ... 0.         0.         0.        ],1,2,5,1
[1.04103    1.0698634  1.0226038  ... 0.08439187 0.41347674 1.3635373 ],[488.16644 494.81586 518.1792  ... 355.65482 398.1122  467.24655],[537.367   542.5926  563.7778  ... 393.03705 436.42087 519.6195 ],[358.95895 368.74097 370.81155 ... 240.69334 289.5772  375.14737],[0.         0.         0.11214588 ... 0.         0.18011698 0.        ],1,2,5,2
[5.111764  5.097337  5.7096424 ... 0.9496223 2.2185414 2.4211695],[1314.9362 1328.5508 1416.498  ...  631.5911  769.1534  796.1269],[1363.4647  1375.9543  1508.7137  ...  676.       819.24066  823.9419 ],[1148.0217  1165.3514  1281.6674  ...  492.695    637.87866  645.43176],[0.14070201 0.15172376 0.37885895 ... 0.1313878  0.1404766  0.        ],1,2,5,3
[4.2711816 3.3604648 3.5773988 ... 1.7974617 2.5849438 2.254876 ],[1038.6378   912.24506 1075.179   ...  805.8945   902.3489   826.33124],[1097.6847  981.4066 1117.5021 ...  836.5436  936.5145  870.5353],[858.58105 741.52734 860.28864 ... 608.6223  720.70325 648.4016 ],[0.         0.         0.24458581 ... 0.10391738 0.         0.        ],1,2,5,4
"[ 0.88292074  1.0811689   1.5629601  ... -0.06542369  0.57454735
  0.740518  ]",[468.59174 509.99512 617.4953  ... 380.3901  458.9619  415.42148],[472.6     515.1091  622.5418  ... 383.90182 462.9491  424.2982 ],[251.25473 299.91727 375.76492 ... 188.58609 265.49884 235.9277 ],[0.         0.08761952 0.         ... 0.         0.1142129  0.        ],1,2,5,5
[0.46145016 0.4880566  0.41300952 ... 0.78354335 1.020201   0.5588623 ],[394.12857 399.42856 428.46786 ... 486.3393  513.9464  441.94644],[394.12857 399.42856 428.46786 ... 486.3393  513.9464  441.94644],[225.34668 238.05144 240.69028 ... 325.93115 360.4482  287.5635 ],[0.         0.         0.         ... 0.03744558 0.         0.        ],1,2,5,6
[0.91431725 0.8900225  1.1362137  ... 0.1557273  0.61548513 0.88597405],[551.08    577.95807 629.1487  ... 425.83292 520.70215 579.6589 ],[689.12756 716.19385 778.5459  ... 556.34186 657.3214  705.87244],[519.57086 528.648   595.71924 ... 391.33682 515.13513 560.3722 ],[0.         0.         0.17166172 ... 0.         0.08669633 0.        ],1,2,5,7
[0.35846055 0.24920201 0.7418282  ... 0.04802718 0.1657305  0.26442564],[370.9147  361.81573 448.82675 ... 322.98706 329.4887  314.88382],[392.95282 372.86478 466.98114 ... 337.28302 338.98743 326.6069 ],[219.19893 213.3156  287.78973 ... 187.01753 196.57234 178.878  ],[0.         0.0420381  0.         ... 0.         0.02795702 0.        ],1,2,5,8
"[ 0.5473742   0.57562876  0.43353593 ... -0.02105688  0.27371514
  0.49176106]",[348.01666 365.31668 388.9889  ... 315.6     342.3278  343.28333],[348.01666 365.31668 388.9889  ... 315.6     342.3278  343.28333],[164.77332 189.53792 199.94566 ... 150.87482 178.57222 174.00583],[0.         0.         0.         ... 0.         0.04140342 0.        ],1,2,5,9
"[ 2.6771352   2.0816774   2.6032174  ... -0.04376052  0.42305875
  0.19441797]",[734.0027  681.8294  774.0404  ... 395.69543 455.83475 415.1445 ],[739.82166 684.36945 778.07324 ... 396.86307 458.2898  416.36624],[501.63    443.0569  512.6096  ... 175.61572 230.91687 193.34683],[0.         0.         0.19842048 ... 0.0504077  0.         0.        ],1,2,5,10
[0.23672341 0.31725225 0.43899968 ... 0.26297945 0.31551573 0.37805903],[376.77512 396.4679  435.9321  ... 364.21185 353.82257 368.60263],[382.54752 400.362   437.6742  ... 367.4389  362.82352 370.26697],[202.38542 226.71553 254.3345  ... 210.62836 210.99652 207.07501],[0.         0.         0.         ... 0.04284476 0.         0.        ],1,2,5,11
[0.50075746 0.1883526  0.86037743 ... 0.7336085  1.4219657  1.7800078 ],[396.27792 358.97842 460.31082 ... 428.54062 498.9368  468.67575],[435.97745 398.7782  508.6391  ... 462.6391  543.0752  537.5376 ],[202.79858 170.12576 249.09882 ... 247.00215 326.6803  327.78268],[0.         0.         0.24883604 ... 0.         0.17714041 0.        ],1,2,5,12
[1.010495  0.5178714 0.72854   ... 0.5511334 0.764952  1.1657735],[517.02625 489.63956 572.83636 ... 488.06335 516.5166  528.0673 ],[520.6     497.31595 580.11304 ... 492.32465 521.28406 534.1681 ],[270.737   239.12755 267.99155 ... 271.2517  286.22726 306.46002],[0.         0.         0.27862227 ... 0.         0.15068397 0.        ],1,2,5,13
[0.80786    0.4499789  0.6432083  ... 0.12328797 0.2725697  0.35144287],[432.21155 386.      431.0444  ... 345.5801  354.9428  367.74164],[473.97693 419.4654  474.26538 ... 372.48462 385.6077  393.54614],[320.17258 276.29407 312.24512 ... 237.80391 259.67575 261.49615],[0.         0.         0.         ... 0.05374072 0.         0.        ],1,2,5,14
[0.5396851  0.7017427  0.8376664  ... 0.05659233 0.01711375 0.36804488],[329.59894 350.2851  388.0682  ... 275.1467  263.60187 303.84018],[402.25    420.48508 465.19775 ... 334.4291  319.20895 363.88434],[252.9706  281.31525 315.69635 ... 206.6034  186.54144 232.05354],[0.         0.07200953 0.         ... 0.         0.05589945 0.        ],1,2,5,15
[1.5595717  1.2121236  0.96703714 ... 0.466535   0.73271596 0.37181297],[486.82025 454.92484 483.90524 ... 412.45425 429.      385.61438],[486.82025 454.92484 483.90524 ... 412.45425 429.      385.61438],[244.5186  222.46854 209.84987 ... 186.65181 209.77301 170.90707],[0.       0.       0.       ... 0.044034 0.       0.      ],1,2,5,16
[0.13488165 0.30585647 0.4827977  ... 0.07369405 0.26933384 0.711129  ],[357.67828 372.43942 431.09335 ... 313.9338  321.53766 359.71677],[373.68518 396.73703 446.64075 ... 338.41852 344.3889  376.84445],[194.6852  225.57497 257.51657 ... 176.40393 192.16972 221.84024],[0.         0.0577126  0.10324062 ... 0.         0.08863433 0.        ],1,2,5,17
[1.0220553  0.22637795 1.1273278  ... 0.5301322  0.2548921  0.5966325 ],[613.1626  485.71472 635.0828  ... 497.25766 443.93558 468.00613],[613.1626  485.71472 635.0828  ... 497.25766 443.93558 468.00613],[315.65842 207.72919 333.83765 ... 265.70212 213.51923 242.06602],[0.         0.09445811 0.         ... 0.         0.03551363 0.        ],1,2,5,18
[0.5645963  0.47132045 0.9853868  ... 0.8731891  0.2704549  0.7441783 ],[407.2337  425.61685 521.4828  ... 488.08047 385.34866 436.12643],[407.2337  425.61685 521.4828  ... 488.08047 385.34866 436.12643],[223.34103 237.45291 308.227   ... 312.4879  221.75624 271.99286],[0.         0.         0.22569358 ... 0.         0.         0.        ],1,2,5,19
[0.56578195 0.2845438  0.7701784  ... 0.40251523 0.19762866 0.46540198],[522.5     473.66037 578.456   ... 466.6478  434.23584 454.44025],[522.5     473.66037 578.456   ... 466.6478  434.23584 454.44025],[289.35547 249.47908 328.94934 ... 276.67126 234.81108 253.30682],[0. 0. 0. ... 0. 0. 0.],1,2,5,20
"[ 1.5044487   0.9934834   1.3820289  ... -0.04995266  0.20712125
  0.8034443 ]",[580.89185 551.2036  627.47345 ... 369.47296 407.65387 486.90115],[637.54785 604.0165  686.8713  ... 406.58746 448.2376  524.17163],[435.04254 405.19357 474.92688 ... 224.95515 271.49707 338.04898],[0.         0.         0.11092388 ... 0.         0.07896098 0.        ],1,2,5,21
[4.5100465 3.4029067 3.991104  ... 2.5316925 2.4761322 2.6074905],[785.5017 743.4107 896.1894 ... 710.8903 732.4369 720.9952],[849.5692 805.1731 929.4731 ... 778.8077 767.4039 769.1885],[660.0067  616.69214 709.3185  ... 604.74414 594.4344  600.5314 ],[0.         0.         0.32007477 ... 0.         0.09350912 0.        ],1,2,5,22
[0.8478795  0.34836677 1.1759503  ... 1.2288623  0.81996155 2.0382001 ],[538.88763 446.53918 595.4898  ... 565.41754 505.20175 605.53314],[546.7293 464.1466 605.6015 ... 576.4286 515.4398 619.4361],[301.547   233.03784 350.57404 ... 362.23083 297.65775 411.06195],[0.         0.11538631 0.         ... 0.         0.15925048 0.        ],1,2,5,23
[0.42213374 0.46152967 0.8652267  ... 0.7320423  0.7095178  0.6348043 ],[285.70966 292.66644 361.21683 ... 360.64453 378.66803 337.65332],[340.93213 351.7602  424.13574 ... 430.17194 434.6199  391.65158],[185.24878 196.27263 243.41359 ... 283.8619  278.3233  251.00322],[0.        0.0793366 0.        ... 0.        0.        0.       ],1,2,5,24
[0.76753825 0.6732462  0.46476692 ... 0.04856959 0.15541522 0.71437097],[378.9416  386.79727 379.2609  ... 279.3096  297.9657  370.44553],[458.50705 468.86267 459.14438 ... 355.0035  360.081   432.78522],[296.3708  318.25983 284.76337 ... 209.78508 217.83298 292.5877 ],[0.         0.         0.         ... 0.         0.08391473 0.        ],1,2,5,25
[0.9750921  0.57688755 0.81555897 ... 0.15754482 0.8079966  0.80457395],[453.57587 420.4423  466.74557 ... 351.25052 452.37692 424.6034 ],[501.9881  459.2619  516.123   ... 398.19446 485.0992  458.90475],[332.83575 286.679   333.00778 ... 234.06949 330.1639  307.8307 ],[0.         0.         0.10481096 ... 0.         0.08999317 0.        ],1,2,5,26
[0.46845582 0.41807085 0.5822008  ... 0.2581708  0.4475179  0.5206474 ],[363.27472 387.76373 436.05493 ... 352.35715 371.05493 366.3956 ],[363.27472 387.76373 436.05493 ... 352.35715 371.05493 366.3956 ],[228.75517 251.97989 281.25302 ... 226.27501 253.25507 247.55617],[0.         0.         0.         ... 0.         0.06381696 0.        ],1,2,5,27
[0.         0.12209257 0.65796506 ... 0.19732437 0.1047601  0.6020056 ],[419.80185 441.0186  522.065   ... 434.02786 425.2167  449.39938],[419.80185 441.0186  522.065   ... 434.02786 425.2167  449.39938],[136.85718 170.12573 243.4007  ... 209.35641 190.89926 237.36375],[0.         0.06659736 0.0883227  ... 0.         0.07796325 0.        ],1,2,5,28
[0.847221   0.56432015 0.5426422  ... 0.24052405 0.33246648 0.7728559 ],[382.45914 359.42282 372.71725 ... 323.9818  329.8358  331.77267],[428.60318 398.273   413.5778  ... 359.93015 362.69843 360.6254 ],[235.50214 220.99118 222.56035 ... 197.69276 204.87923 197.61462],[0.         0.         0.05934925 ... 0.         0.08933422 0.        ],1,2,5,29
[0.44717455 0.08118635 0.33386418 ... 0.03479566 0.4673906  0.9132471 ],[348.62482 307.16763 348.09177 ... 296.47186 341.67337 363.41913],[364.5075  324.391   367.69925 ... 311.80826 356.26315 377.9173 ],[197.93707 158.58875 189.67079 ... 155.76393 196.31143 223.12714],[0.         0.         0.04819368 ... 0.         0.115534   0.        ],1,2,5,30
[1.3668034  0.7517598  0.95824593 ... 0.12101389 0.15021479 0.15606444],[516.04974 440.88934 496.66132 ... 371.67035 364.92328 366.5659 ],[517.48206 442.1824  502.22476 ... 374.886   366.0456  367.75897],[364.3594  290.82785 328.5963  ... 225.41278 224.8231  222.03357],[0.         0.         0.10531463 ... 0.         0.         0.        ],1,2,5,31
[0.7371383  0.49345186 1.1089745  ... 0.5487553  0.3236312  0.06742523],[466.24124 451.92612 557.0604  ... 447.20172 413.40128 368.8694 ],[497.773   473.72086 585.06134 ... 471.72086 443.93558 388.9417 ],[298.6237  270.07486 371.59607 ... 286.506   250.34294 207.93657],[0.         0.12567244 0.         ... 0.         0.         0.        ],1,2,5,32
[1.0834032  0.6900823  1.4227158  ... 0.3672838  0.06917597 0.3464286 ],[524.8368  477.39703 596.63135 ... 431.45898 386.40115 403.27567],[530.2078  479.76862 607.898   ... 433.7451  390.2353  406.58432],[315.99838 265.10388 374.21225 ... 258.96152 212.28072 238.53467],[0.         0.09683601 0.         ... 0.         0.03354701 0.        ],1,2,5,33
[0.09339162 0.40525553 0.49687925 ... 0.2675591  0.02424978 0.4821813 ],[322.5648  375.44174 427.19534 ... 363.7587  327.54697 378.787  ],[392.1809  457.6583  504.5025  ... 443.58795 391.35175 443.53265],[215.91156 279.0873  296.56543 ... 263.89124 216.50471 268.67386],[0.         0.05294524 0.08726652 ... 0.         0.05681449 0.        ],1,2,5,34
[0.8911735  0.57011086 0.6787785  ... 0.1137379  0.16830535 0.5919491 ],[389.21207 333.4959  336.63885 ... 251.01373 250.4524  282.29773],[464.76437 409.5115  437.58047 ... 302.9885  312.44254 346.16092],[387.99948 330.8474  352.24545 ... 227.97768 234.30573 273.71725],[0.         0.         0.07998385 ... 0.         0.0824471  0.        ],1,2,5,35
[0.5420586  0.49023184 0.40606198 ... 0.         0.4214122  0.97572845],[312.23547 330.9359  311.19797 ... 277.1632  301.02792 341.55765],[391.63013 401.39725 404.68494 ... 353.4863  401.363   436.82877],[222.81122 229.31651 221.18466 ... 183.71712 242.08856 272.6662 ],[0.         0.         0.         ... 0.         0.11286245 0.        ],1,2,5,36
[0.79431707 0.8637413  0.82070005 ... 0.7290145  1.1320542  1.5903445 ],[477.22543 512.84106 548.98553 ... 493.75723 536.5838  510.77167],[477.22543 512.84106 548.98553 ... 493.75723 536.5838  510.77167],[257.2786  296.29517 292.02658 ... 283.71655 338.35266 320.0499 ],[0.         0.         0.         ... 0.         0.11326011 0.        ],1,2,5,37
[1.34214    0.92795277 1.0699619  ... 0.3631298  0.4847579  0.8732179 ],[578.3785  543.42267 610.9392  ... 469.40884 472.8895  478.86465],[578.3785  543.42267 610.9392  ... 469.40884 472.8895  478.86465],[338.40704 303.41275 336.788   ... 258.03772 263.5775  262.23523],[0.         0.         0.10912467 ... 0.         0.11389323 0.        ],1,2,5,38
[4.0471525  2.3856757  4.391119   ... 0.4681541  0.42845365 1.023629  ],[ 828.66736  738.7064  1037.9391  ...  530.1749   471.32416  518.3497 ],[ 878.84155  783.31335 1090.2324  ...  563.588    516.75354  555.3028 ],[567.8451  456.62692 743.2287  ... 266.75626 241.25928 287.5553 ],[0.         0.21703441 0.32292002 ... 0.         0.10323703 0.        ],1,2,5,39
"[ 0.6353182   0.5090319   0.6967561  ... -0.05997614  0.61370283
  0.64335436]",[424.454   416.0747  463.9253  ... 319.18967 391.38507 367.7299 ],[424.454   416.0747  463.9253  ... 319.18967 391.38507 367.7299 ],[260.04694 247.27483 274.75198 ... 163.24933 247.32304 226.01979],[0.        0.        0.        ... 0.0963672 0.        0.       ],1,2,5,40
[0.18191919 0.14603919 0.5805216  ... 0.422806   0.32993007 0.8714267 ],[385.50452 392.05707 473.78378 ... 400.997   371.93393 391.64566],[385.50452 392.05707 473.78378 ... 400.997   371.93393 391.64566],[178.0717  184.47832 246.20981 ... 214.56902 188.1121  212.94272],[0.         0.07259959 0.         ... 0.         0.09628587 0.        ],1,2,5,41
[1.2912602  1.3113878  1.0070548  ... 0.24486354 0.05059084 0.3865549 ],[536.21387 575.2445  540.44543 ... 360.86853 319.56213 371.53348],[544.48376 580.20215 546.1661  ... 368.20578 325.6065  376.77618],[391.15427 420.06445 374.1929  ... 223.3074  191.49129 229.96   ],[0.         0.         0.         ... 0.         0.03742569 0.        ],1,2,5,42
[0.3297956  0.35600144 0.5872639  ... 0.45095727 0.         0.51218694],[373.46234 383.26505 427.95404 ... 418.99542 312.77563 348.71017],[417.507   418.23254 468.06046 ... 454.27908 355.62326 384.52094],[276.7601  282.86465 323.32526 ... 307.0643  221.94112 261.7671 ],[0.         0.06586445 0.07356377 ... 0.         0.04944922 0.        ],1,2,5,43
[3.4380524  2.0170832  1.5675894  ... 0.75720906 0.29200688 0.32168245],[588.54895 537.50226 524.36725 ... 375.39124 326.9245  357.37122],[731.79364 669.8135  675.9008  ... 503.75397 464.50397 461.3095 ],[408.89212 343.79263 304.3987  ... 244.15204 184.06816 169.11763],[0. 0. 0. ... 0. 0. 0.],1,2,5,44
"[ 0.89664066  0.25103667  0.97186476 ... -0.00119834  0.00739712
  0.47466502]",[515.46484 461.72043 603.5375  ... 414.513   416.60373 440.10986],[524.4144  470.68167 608.6667  ... 419.56155 421.3063  451.72974],[247.4667  183.14453 282.19095 ... 164.02046 158.72844 203.5239 ],[0.         0.08191772 0.         ... 0.         0.05759327 0.        ],1,2,5,45
"[ 0.45990306 -0.08605733  0.5060091  ...  0.07251143  0.39832404
  0.        ]",[398.88214 372.24335 465.89734 ... 373.28516 371.95056 325.74146],[398.88214 372.24335 465.89734 ... 373.28516 371.95056 325.74146],[178.60197 150.5508  224.3192  ... 172.15396 177.82283 124.65471],[0.        0.        0.1148358 ... 0.        0.        0.       ],1,2,5,46
"[ 0.70210266  0.31495267  0.31666428 ...  0.26193395 -0.0068016
  0.1602736 ]",[368.99243 337.65634 357.59625 ... 323.82053 293.433   312.1417 ],[396.2069  351.2452  380.19922 ... 341.40613 305.13028 326.54788],[206.44597 181.44885 185.7772  ... 187.19931 150.35631 170.0018 ],[0. 0. 0. ... 0. 0. 0.],1,2,5,47
[0.55822384 0.5842454  0.38450956 ... 0.36222112 0.17986915 0.0771816 ],[469.1868  477.26648 492.62363 ... 442.27472 389.1978  369.82968],[469.1868  477.26648 492.62363 ... 442.27472 389.1978  369.82968],[248.48535 260.07855 236.76137 ... 222.85098 190.60149 176.4461 ],[0. 0. 0. ... 0. 0. 0.],1,2,5,48
[0.35148144 0.18730123 0.4672857  ... 0.01320075 0.18397775 0.00765698],[419.06506 396.38828 471.69888 ... 346.1879  349.55542 317.16458],[474.87277 443.57397 523.4971  ... 384.5     393.88757 349.81952],[294.232   271.94684 328.05298 ... 214.41185 240.17088 200.82614],[0.         0.05658648 0.         ... 0.         0.         0.        ],1,2,5,49
[0.7124621  0.68695307 1.082933   ... 0.38460317 0.7797288  0.2746291 ],[452.12494 490.6083  555.3508  ... 445.21005 475.46063 438.9137 ],[541.86206 586.5468  689.8473  ... 542.5862  596.3005  507.14285],[317.7055  332.20325 435.74374 ... 327.05508 387.2861  291.69608],[0.         0.         0.15812173 ... 0.04924009 0.         0.        ],1,2,5,50
[0.90028906 1.1132191  0.8537299  ... 0.05005217 0.47012    0.63667417],[477.31537 500.83383 517.19476 ... 373.2819  421.27484 426.2311 ],[493.08276 515.6823  526.24164 ... 383.02686 432.0425  439.9754 ],[218.44089 248.13376 222.48425 ... 147.24725 186.5799  192.66786],[0.         0.         0.         ... 0.         0.08238857 0.        ],1,2,5,51
[1.4300894  1.0147668  1.1217829  ... 0.90342695 1.3482112  2.4080172 ],[649.89343 601.7217  654.51215 ... 563.6795  593.9339  663.73395],[663.8033  620.4918  678.43933 ... 586.69183 610.6262  680.5574 ],[372.61276 318.3151  345.70685 ... 297.77774 354.25525 415.60245],[0.        0.        0.        ... 0.        0.1803214 0.       ],1,2,5,52
[0.21674722 0.709444   0.7290689  ... 0.45692733 0.38933536 0.6030537 ],[349.34836 409.9631  442.18854 ... 384.44672 365.7377  345.68854],[349.34836 409.9631  442.18854 ... 384.44672 365.7377  345.68854],[177.47882 234.64055 247.20029 ... 219.13414 209.44662 191.21588],[0.08678704 0.         0.         ... 0.         0.04859181 0.        ],1,2,5,53
[0.43494326 0.4309002  0.87223154 ... 0.3374007  1.3332019  0.8488662 ],[403.08908 400.6165  502.1734  ... 394.6959  527.6337  428.05472],[404.5929  403.22134 502.98022 ... 395.4585  529.06323 428.75888],[220.80757 234.59209 301.22705 ... 236.63208 374.7833  274.8323 ],[0.         0.07414527 0.         ... 0.09239821 0.         0.        ],1,2,5,54
[0.6873469  0.36609527 0.36277765 ... 0.20019062 0.1600558  0.7044017 ],[386.3615  358.41315 390.8357  ... 359.37088 341.57745 400.98123],[386.3615  358.41315 390.8357  ... 359.37088 341.57745 400.98123],[214.98103 185.05023 185.3142  ... 193.4167  186.84512 241.61469],[0.         0.         0.05510199 ... 0.         0.05551166 0.        ],1,2,5,55
[2.3982272  2.518167   3.1307807  ... 0.05346831 0.16865565 0.04859418],[717.83624 711.7596  841.6725  ... 382.78745 410.44598 368.67596],[717.83624 711.7596  841.6725  ... 382.78745 410.44598 368.67596],[477.735   495.42206 575.61066 ... 182.3508  194.61475 159.28592],[0.08313742 0.12114903 0.22178091 ... 0.         0.         0.        ],1,2,5,56
[0.62295663 0.6135515  0.6049     ... 0.08188886 0.3983727  0.3965778 ],[439.49625 456.5113  479.04886 ... 348.0113  393.95114 364.5564 ],[439.49625 456.5113  479.04886 ... 348.0113  393.95114 364.5564 ],[278.64334 301.275   306.08603 ... 218.49498 256.78305 230.83745],[0.         0.         0.         ... 0.06676999 0.         0.        ],1,2,5,57
[2.1435301  2.755012   1.9128934  ... 0.1990119  0.24185804 0.585152  ],[578.51556 635.98395 594.53973 ... 385.91412 368.4564  408.1436 ],[618.6747  681.92773 639.9759  ... 427.0723  419.0723  440.7711 ],[377.0008  442.49466 370.1262  ... 207.48415 208.04628 236.221  ],[0.09045235 0.         0.         ... 0.         0.04439439 0.        ],1,2,5,58
[0.79723424 0.9085397  1.2184398  ... 0.683694   1.2297565  0.24265148],[554.3206  574.3985  619.62805 ... 513.3204  583.9331  380.21967],[598.0971  617.0216  705.02875 ... 552.      627.759   405.03958],[368.80838 390.5861  452.2627  ... 359.31937 428.42105 217.1815 ],[0.         0.         0.18046017 ... 0.07509517 0.         0.        ],1,2,5,59
[0.26464632 0.5371744  0.48036906 ... 0.09180278 0.7577333  0.62442535],[407.45486 465.16263 504.31995 ... 389.33762 461.56808 424.07193],[414.77777 468.3373  509.36905 ... 390.79364 464.63095 425.59525],[182.73024 232.0653  232.86531 ... 178.6553  251.42775 205.62006],[0.         0.         0.         ... 0.13776287 0.         0.        ],1,2,5,60
[1.6728448  1.3071535  1.5811967  ... 0.66765606 0.8240395  0.47126126],[446.57947 478.81445 518.1768  ... 415.3251  408.5558  380.57675],[551.7414  600.5345  659.13794 ... 496.7299  501.4138  455.5345 ],[369.98438 399.58163 477.37518 ... 332.46387 349.4169  288.28598],[0.         0.         0.20005088 ... 0.         0.         0.        ],1,2,5,61
[1.0106714  0.52029055 1.3218037  ... 0.         0.53815496 0.6618302 ],[534.483   474.3065  629.96906 ... 388.7616  459.19504 444.5418 ],[534.483   474.3065  629.96906 ... 388.7616  459.19504 444.5418 ],[276.3415  231.79956 350.89514 ... 173.52911 241.17155 244.08205],[0.         0.16087566 0.         ... 0.         0.09065793 0.        ],1,2,5,62
[0.08418132 1.2152853  0.34576765 ... 0.3331007  0.4224205  0.75783896],[377.16037 480.388   438.0766  ... 396.93658 406.75137 379.47543],[387.663   509.93924 450.8232  ... 418.67957 430.65195 413.09946],[163.67061 302.12128 201.555   ... 216.85968 222.99443 227.35907],[0.10528556 0.         0.         ... 0.         0.1029558  0.        ],1,2,5,63
"[ 2.4596744   2.4356236   2.1368775  ... -0.07836051  0.32520825
  0.39491698]",[601.0389  597.6083  595.85394 ... 298.50003 350.99442 353.31427],[624.277   620.94366 620.61505 ... 319.03757 374.05164 372.95306],[456.5157  460.22632 436.05432 ... 173.55191 228.27286 226.74158],[0.         0.         0.         ... 0.         0.06684534 0.        ],1,2,5,64
[0.22467071 0.4147282  0.34236366 ... 0.24401803 0.46475163 0.8135414 ],[385.39435 408.41174 433.11084 ... 402.7226  428.4474  461.3263 ],[421.88    457.23557 473.24    ... 447.28888 471.15112 501.97778],[241.40575 274.43027 266.32855 ... 266.6946  294.75186 328.2501 ],[0.         0.         0.23874196 ... 0.05889427 0.08924057 0.        ],1,2,5,65
[0.10520908 0.05763146 0.5276387  ... 0.33048335 0.63980293 0.31681392],[424.90637 414.68408 511.63995 ... 463.7642  500.58978 430.00143],[448.4373  430.8712  539.78644 ... 483.8678  529.8339  449.35254],[220.39777 215.17313 294.28995 ... 276.66153 328.82492 266.92276],[0.         0.         0.17038554 ... 0.         0.         0.        ],1,2,5,66
[1.1732318  0.40561888 1.0343018  ... 0.25312015 0.5550123  0.71194607],[488.20602 437.50754 532.3015  ... 402.3015  434.72363 402.0402 ],[488.20602 437.50754 532.3015  ... 402.3015  434.72363 402.0402 ],[225.48454 166.75214 236.3051  ... 164.19728 182.59288 174.29378],[0.        0.        0.        ... 0.1027399 0.        0.       ],1,2,5,67
[3.143024   3.3277967  2.4411979  ... 0.4062647  0.95055306 0.95768124],[631.14795 765.7927  687.8962  ... 429.82565 491.92944 446.32724],[667.0347  812.2741  748.89575 ... 460.32047 522.6371  493.61005],[408.78247 555.5367  451.69025 ... 236.34212 301.39664 274.33826],[0.         0.         0.25722337 ... 0.         0.07924482 0.        ],1,2,5,68
[2.4075363  1.0683903  0.5694924  ... 0.4163423  0.57951176 0.49372974],[431.0439  427.25854 407.10733 ... 374.22928 390.2927  372.97562],[431.0439  427.25854 407.10733 ... 374.22928 390.2927  372.97562],[221.06686 222.31395 177.74147 ... 195.4114  202.75882 179.68921],[0.         0.         0.         ... 0.07414849 0.         0.        ],1,2,5,69
[0.5335585  0.6993964  0.8346433  ... 0.5445791  0.58953536 0.24270989],[436.84778 452.96136 507.19168 ... 412.2784  408.07922 362.0593 ],[489.25305 499.99084 575.75305 ... 459.09756 459.00916 410.09756],[241.98853 263.8037  293.79034 ... 253.15971 244.55188 181.8646 ],[0.         0.06854192 0.         ... 0.         0.         0.        ],1,2,5,70
[0.5856467  0.99916893 0.49118033 ... 0.         0.5155819  0.89717954],[468.025   519.39166 475.94974 ... 378.4215  441.10992 441.62033],[478.755 543.485 500.585 ... 383.72  454.71  445.365],[290.39484 357.02948 290.27716 ... 209.1592  280.55624 280.36948],[0.         0.         0.10705342 ... 0.         0.13925569 0.        ],1,2,5,71
[0.5291351  0.09557872 0.5199274  ... 0.08184125 0.2929859  0.3952767 ],[391.33832 360.25922 427.21536 ... 329.9925  355.94455 349.1104 ],[400.1579  370.78946 439.22806 ... 338.24268 365.0117  361.6959 ],[228.37283 177.07045 232.94032 ... 178.11742 204.0275  209.6427 ],[0.         0.         0.06870524 ... 0.         0.03060339 0.        ],1,2,5,72
"[ 0.4419057  -0.0458763   0.3447231  ...  0.18831676  0.3705004
  0.81874496]",[372.8591  329.82727 413.77728 ... 346.6091  342.37274 367.56818],[372.8591  329.82727 413.77728 ... 346.6091  342.37274 367.56818],[177.34901 141.78923 189.4839  ... 162.40164 164.72588 195.69237],[0.         0.         0.         ... 0.         0.12916507 0.        ],1,2,5,73
"[ 1.4351443   1.1538385   1.5450877  ... -0.02706314  0.13116379
  0.24559416]",[585.62695 519.25586 627.84674 ... 321.00385 354.7472  365.44162],[590.60333 531.4628  631.97107 ... 336.64462 363.2438  374.74792],[453.1429  410.16635 492.09192 ... 226.60458 250.14516 261.7744 ],[0.         0.08961226 0.         ... 0.         0.02758446 0.        ],1,2,5,74
"[ 2.744322    3.0074728   2.5573869  ... -0.11219178  0.31612214
  0.6361128 ]",[718.9264  758.0736  753.25085 ... 361.6388  392.4147  413.0301 ],[718.9264  758.0736  753.25085 ... 361.6388  392.4147  413.0301 ],[470.13293 515.1499  461.90097 ... 151.13469 187.93918 206.74573],[0.11087639 0.         0.         ... 0.         0.09721143 0.        ],1,2,5,75
[0.7622002  0.81747866 1.0698858  ... 3.1478193  6.011692   5.533963  ],[436.87943 462.2844  530.1012  ... 744.3414  978.5416  905.81146],[441.3758  468.73566 539.05096 ... 746.6019  987.6752  917.1146 ],[201.74876 231.36137 268.2628  ... 487.58923 759.4495  688.8066 ],[0.         0.         0.32600695 ... 0.45031798 0.14087833 0.        ],1,2,5,76
[0.43841168 0.74200314 0.6430841  ... 0.7694788  0.45951617 0.2304978 ],[363.92685 412.36905 421.69955 ... 440.17606 369.2192  314.77374],[458.1     527.30475 525.9762  ... 534.1286  453.08572 393.9381 ],[304.2626  368.45956 354.5293  ... 376.57645 315.42627 254.06259],[0.         0.         0.08197811 ... 0.         0.         0.        ],1,2,5,77
"[ 3.4223292   2.518572    2.7551465  ... -0.09158588  0.5193528
  1.091249  ]",[637.96246 664.1825  717.1562  ... 424.78656 457.42914 465.47223],[711.71576 719.30176 797.38947 ... 464.49475 520.3193  513.6842 ],[428.73236 427.55698 472.48294 ... 169.16235 249.65276 251.41934],[0.         0.         0.04118805 ... 0.         0.14827484 0.        ],1,2,5,78
[1.1405356  0.535854   0.87903535 ... 2.2564623  4.2849636  4.670701  ],[480.0029  423.7137  475.60294 ... 773.45715 993.2556  999.4464 ],[ 552.6275   479.99664  547.77515 ...  831.10065 1086.7953  1094.5302 ],[324.03546 253.30852 301.93832 ... 546.6269  857.04584 881.4653 ],[0.         0.         0.2964885  ... 0.10665933 0.24352989 0.        ],1,2,5,79
[0.35905552 0.18521209 0.61028314 ... 0.11994184 0.00682796 0.7436938 ],[408.95178 392.7486  471.6918  ... 375.4335  369.31287 441.3684 ],[452.70532 438.91788 533.9082  ... 425.1546  407.71014 481.7343 ],[190.8782  186.74716 244.11974 ... 200.34561 177.71696 263.37985],[0.         0.06682619 0.11134854 ... 0.         0.10365193 0.        ],1,2,5,80
[0.18547443 0.5930336  0.32826346 ... 0.3306012  1.0603126  0.56285876],[331.615 386.73  370.35  ... 364.035 458.905 382.135],[331.615 386.73  370.35  ... 364.035 458.905 382.135],[192.87584 247.9546  216.03198 ... 224.22981 321.10147 238.96802],[0.        0.        0.        ... 0.0541491 0.        0.       ],1,2,5,81
[1.110533   0.585356   0.734592   ... 0.20946035 0.         0.7518194 ],[510.16885 476.11185 529.3136  ... 414.60306 388.32675 400.39035],[510.16885 476.11185 529.3136  ... 414.60306 388.32675 400.39035],[212.77676 188.20203 208.9625  ... 176.9302  138.19023 180.51355],[0.         0.         0.07135778 ... 0.         0.10802282 0.        ],1,2,5,82
[0.21680085 0.6406122  0.36560556 ... 0.38920885 0.38987508 0.09600607],[358.94    446.4935  464.5495  ... 415.4167  408.53647 361.0936 ],[387.6635  485.87106 500.92767 ... 457.09747 448.4214  397.7264 ],[180.05219 269.74246 234.1562  ... 248.68694 235.41817 186.89105],[0. 0. 0. ... 0. 0. 0.],1,2,5,83
[1.2260286  0.19502434 0.9302303  ... 0.30162412 1.6263845  0.56507653],[452.89844 364.21094 470.32074 ... 423.1786  519.17194 392.32553],[523.13855 403.25903 546.19275 ... 486.60242 639.6566  454.8253 ],[309.47855 215.97185 321.23776 ... 244.48048 438.2539  276.30054],[0.         0.         0.23587207 ... 0.17108834 0.         0.        ],1,2,5,84
[0.31641263 0.05911221 0.39356172 ... 0.1694516  0.         0.32355085],[329.81778 310.5822  350.32443 ... 325.9511  298.14667 303.8889 ],[329.81778 310.5822  350.32443 ... 325.9511  298.14667 303.8889 ],[152.49512 136.75258 171.30482 ... 163.64194 138.97266 149.84769],[0.         0.         0.14906386 ... 0.         0.0431676  0.        ],1,2,5,85
"[ 0.24697812  0.36748952  0.32356784 ... -0.21230584  0.3425102
  0.22363633]",[233.89078 246.56587 270.5395  ... 216.78004 274.1806  246.42874],[345.13666 374.70807 389.67703 ... 320.7267  388.46585 348.2236 ],[218.63165 260.95532 255.13167 ... 198.43855 269.87268 226.847  ],[0.         0.         0.03054119 ... 0.0438092  0.         0.        ],1,2,5,86
"[ 0.5333303   0.47760057  0.9365373  ... -0.11927717  0.31982484
  0.44329613]",[343.3452  335.07367 403.06213 ... 267.94208 294.45377 312.4814 ],[384.02255 381.06015 451.8233  ... 306.391   341.3684  354.6203 ],[188.97488 187.32883 238.83311 ... 126.60887 161.93515 171.58397],[0.         0.04590579 0.         ... 0.         0.07231258 0.        ],1,2,5,87
[1.0351411  0.37869307 1.0813996  ... 0.10698441 0.3704753  0.727941  ],[441.60345 399.0977  485.8506  ... 361.5977  384.454   403.9138 ],[441.60345 399.0977  485.8506  ... 361.5977  384.454   403.9138 ],[199.27847 162.25606 237.25702 ... 157.89099 167.52922 190.92192],[0.         0.         0.         ... 0.         0.10196141 0.        ],1,2,5,88
[1.1698264  0.9639231  0.91579175 ... 0.09708796 0.15209195 0.06217783],[542.04663 504.13565 521.4192  ... 347.2921  350.57092 325.5109 ],[551.1687  515.80963 532.0048  ... 357.7036  358.4964  339.9783 ],[400.85974 375.34772 368.0992  ... 226.007   230.12627 211.16841],[0.         0.         0.09783222 ... 0.         0.         0.        ],1,2,5,89
"[ 0.34440666  0.01398848  0.30356914 ... -0.07999071  0.23718692
  0.5338804 ]",[361.19748 326.279   377.1348  ... 310.63635 322.1191  357.18808],[361.19748 326.279   377.1348  ... 310.63635 322.1191  357.18808],[175.29555 145.45909 178.71962 ... 139.46207 165.40619 186.6022 ],[0.         0.         0.0865425  ... 0.         0.08392359 0.        ],1,2,5,90
[0.6542075  0.5485884  0.5996583  ... 0.29541087 0.3445526  0.48173693],[428.98544 415.80084 434.09103 ... 386.71246 387.6339  384.86157],[437.29788 420.39148 437.2681  ... 392.25107 391.50638 387.77872],[262.78925 254.98814 263.29257 ... 240.4545  242.38496 239.13927],[0.         0.         0.16954687 ... 0.         0.04490999 0.        ],1,2,5,91
[1.0782231  0.8846085  0.6777593  ... 0.2457274  0.50987774 0.2613731 ],[500.18896 455.66064 464.9966  ... 373.11432 375.011   349.74677],[558.5533  525.2302  536.36084 ... 441.62888 462.79037 404.1409 ],[323.3894  304.7694  296.12018 ... 244.65544 272.8533  225.9077 ],[0.         0.         0.         ... 0.05814334 0.         0.        ],1,2,5,92
[2.324277   1.842226   1.7473503  ... 0.39367917 0.8231574  0.40853792],[625.119   580.1569  600.6496  ... 399.02972 459.3536  394.53598],[642.307   596.1667  610.5702  ... 413.0117  474.54385 406.7807 ],[441.0449  389.5631  379.8176  ... 222.76714 277.90262 212.62213],[0.         0.         0.06822816 ... 0.04001762 0.         0.        ],1,2,5,93
[3.661982   3.2318935  3.5476637  ... 0.00543101 0.3139526  0.4961082 ],[930.9893  910.72174 976.13666 ... 413.92987 425.1849  452.12027],[ 956.4349   941.4238  1002.16895 ...  424.5928   439.00278  465.31302],[711.3414  691.2476  751.81036 ... 209.0072  238.45251 263.71808],[0.         0.05354482 0.18895486 ... 0.         0.07801361 0.        ],1,2,5,94
[0.         0.2787735  0.43923637 ... 0.22147913 0.23669866 0.46494338],[267.81564 303.63412 348.88007 ... 307.01486 292.82062 313.67572],[291.56537 337.7491  379.1166  ... 326.82333 316.03534 340.70673],[155.5368  196.54654 230.72546 ... 195.18437 190.14583 211.10735],[0.03747685 0.         0.         ... 0.         0.04470726 0.        ],1,2,5,95
[0.4918256  0.511284   0.40698823 ... 0.23572144 0.3903492  0.27473405],[401.67313 409.80032 410.33707 ... 361.4582  376.29242 354.4359 ],[402.90244 410.92075 411.62195 ... 362.7073  377.35974 355.4634 ],[318.79886 329.7999  315.7161  ... 290.06543 306.8892  278.96228],[0.         0.         0.         ... 0.05620614 0.         0.        ],1,2,5,96
[0.2861023  0.888901   0.5263931  ... 0.12257931 0.29960153 0.32768553],[316.40628 396.6386  353.6198  ... 289.51166 291.18793 265.83096],[394.4695  482.3689  450.81708 ... 355.42987 363.10672 331.22562],[229.70016 319.24396 268.60095 ... 204.85005 224.4112  198.18352],[0.07613835 0.         0.09781156 ... 0.03719794 0.         0.        ],1,2,5,97
[0.6582572  0.4917451  0.47181544 ... 0.21412288 0.36969978 0.50742793],[516.706   489.77512 529.3487  ... 440.17227 454.92633 460.58975],[517.3295  490.4556  530.8997  ... 440.7106  455.48425 465.48138],[281.99515 258.007   263.02127 ... 234.01845 246.87564 255.98488],[0.       0.       0.       ... 0.       0.060071 0.      ],1,2,5,98
"[ 0.55133456 -0.02559298  0.2799787  ...  0.          0.41187298
  0.49227986]",[381.01514 327.54926 385.95456 ... 317.80682 347.27652 342.0947 ],[381.01514 327.54926 385.95456 ... 317.80682 347.27652 342.0947 ],[233.48354 166.8699  209.2517  ... 164.37018 202.37859 199.19907],[0.         0.         0.         ... 0.         0.05603837 0.        ],1,2,5,99
[0.47194746 0.87511957 0.9866969  ... 0.308111   0.23648883 0.2503488 ],[400.48038 463.84253 513.5167  ... 392.21063 384.5486  369.9686 ],[416.39673 478.80164 527.9212  ... 411.97556 393.38858 389.43207],[264.59045 331.91516 358.72327 ... 273.92465 257.29202 252.80696],[0.0647978  0.04704542 0.         ... 0.         0.         0.        ],1,2,5,100
[1.612215  1.4281868 2.6237216 ... 3.5160055 3.6804614 3.3065681],[454.26144 448.62418 515.8072  ... 642.08826 632.96405 607.86273],[454.26144 448.62418 515.8072  ... 642.08826 632.96405 607.86273],[140.39482 134.36526 193.00345 ... 366.0423  363.47455 335.56125],[0.         0.15202205 0.15785557 ... 0.10409743 0.         0.        ],1,2,5,101
[0.11649093 0.32790366 0.85494524 ... 0.7256765  1.7027444  1.0829332 ],[330.61508 355.2664  457.08725 ... 357.8681  479.40067 384.59747],[374.02142 400.05713 504.95    ... 438.5357  549.1     437.54285],[170.01482 195.58893 282.35196 ... 252.0642  348.7253  251.36006],[0.         0.08839145 0.         ... 0.11415298 0.         0.        ],1,2,5,102
[0.7661697  0.41299662 0.33870062 ... 0.02343218 0.5192092  0.15985522],[368.75937 375.87164 386.8449  ... 320.62033 382.26202 314.6524 ],[368.75937 375.87164 386.8449  ... 320.62033 382.26202 314.6524 ],[226.5822  238.56305 234.3494  ... 187.14447 254.16034 182.00221],[0.         0.         0.         ... 0.06024701 0.         0.        ],1,2,5,103
[0.6855497  0.6843714  0.67763454 ... 0.05835539 0.30695972 0.43762764],[351.26172 382.29507 403.9039  ... 273.5178  297.31378 312.87396],[473.02542 491.50424 511.02542 ... 374.9195  393.1229  404.5339 ],[314.49042 320.78802 331.24036 ... 215.63954 251.98332 254.78513],[0.         0.         0.         ... 0.         0.06129923 0.        ],1,2,5,104
[0.31558222 0.2599773  0.39989224 ... 0.22487603 0.17824993 0.15852983],[379.34268 365.40448 395.27527 ... 363.46628 345.71912 338.09552],[379.34268 365.40448 395.27527 ... 363.46628 345.71912 338.09552],[241.17827 235.90842 260.75092 ... 247.87822 230.61263 216.54582],[0. 0. 0. ... 0. 0. 0.],1,2,5,105
[1.967504   0.5570408  0.6059317  ... 0.57766145 1.2181683  1.0389014 ],[436.39572 368.96255 425.20322 ... 386.17648 410.4599  395.88235],[436.39572 368.96255 425.20322 ... 386.17648 410.4599  395.88235],[206.27322 131.61185 160.44736 ... 173.33421 198.25423 171.51413],[0.         0.         0.         ... 0.18207216 0.         0.        ],1,2,5,106
"[ 0.57972294  0.44409174  0.5256421  ... -0.26211143  0.3135694
  0.9820619 ]",[451.1431  446.67282 502.33914 ... 342.95554 418.03104 428.53244],[476.6743  482.16287 534.98285 ... 381.21143 453.87714 461.04285],[222.05255 211.7388  223.633   ... 129.6609  195.50095 218.22784],[0.         0.         0.03263664 ... 0.         0.13808082 0.        ],1,2,5,107
[0.8099369  0.48002383 0.13005595 ... 0.40797007 0.32780182 0.3258245 ],[503.0947  453.13388 436.93246 ... 433.98633 405.9525  380.069  ],[523.81036 481.0819  462.35345 ... 446.98276 432.2845  402.11206],[336.52133 285.04208 233.2449  ... 277.47836 248.75266 229.89734],[0.         0.         0.06407288 ... 0.         0.         0.        ],1,2,5,108
[0.5130072  0.21997964 0.42064866 ... 0.34532908 0.32594877 0.8442897 ],[405.48267 364.99286 406.1793  ... 355.25717 363.61804 420.3128 ],[431.57895 386.76315 437.67105 ... 384.76315 384.1842  459.41446],[290.4134  248.74258 281.6126  ... 268.42926 258.0461  335.09747],[0.         0.         0.08424727 ... 0.         0.07971918 0.        ],1,2,5,109
[0.86143506 0.45511973 0.42502043 ... 0.36631978 0.28482583 0.78595585],[418.3664  424.32758 461.6336  ... 412.2155  388.68967 410.8793 ],[418.3664  424.32758 461.6336  ... 412.2155  388.68967 410.8793 ],[190.22354 197.42316 196.44003 ... 190.38008 164.93942 187.7826 ],[0.         0.         0.         ... 0.         0.08893419 0.        ],1,2,5,110
[0.20223701 0.4846201  0.28373355 ... 0.06104527 0.6169748  0.46728396],[384.5885  420.3353  414.56015 ... 330.76746 399.86084 354.8281 ],[402.7545  450.13773 436.8533  ... 353.96408 429.6048  379.8024 ],[248.28264 296.93732 264.94373 ... 221.34639 293.6838  250.81812],[0.         0.         0.02696993 ... 0.10140002 0.         0.        ],1,2,5,111
[0.         0.41190776 0.44308898 ... 0.21270806 0.13896534 0.6170117 ],[275.52777 378.24207 395.7738  ... 354.1508  330.51587 346.91666],[275.52777 378.24207 395.7738  ... 354.1508  330.51587 346.91666],[118.1391  214.52121 222.42409 ... 205.8263  189.34889 199.1257 ],[0.         0.         0.09288452 ... 0.         0.08825344 0.        ],1,2,5,112
[1.2635634  0.98350245 1.303185   ... 0.18806574 0.3832162  0.8443468 ],[506.78033 480.4971  546.9364  ... 364.99423 381.38727 394.7052 ],[506.78033 480.4971  546.9364  ... 364.99423 381.38727 394.7052 ],[297.98572 274.01572 322.88635 ... 176.89687 199.20064 208.39104],[0.         0.04690469 0.         ... 0.         0.10630871 0.        ],1,2,5,113
[0.9173705  0.5903613  0.6076545  ... 0.31469095 0.5108211  0.2842622 ],[503.48077 466.4072  520.0789  ... 419.72534 459.66168 415.8777 ],[545.70776 514.25    576.1761  ... 454.9331  503.92255 449.28168],[319.06235 282.433   292.3241  ... 262.26892 291.23047 241.66154],[0.         0.         0.09695165 ... 0.06317361 0.         0.        ],1,2,5,114
[0.26431456 0.35102835 0.5978658  ... 0.47695935 0.47157845 0.47486106],[334.4158  344.14737 389.45264 ... 337.4579  331.57367 321.92105],[334.4158  344.14737 389.45264 ... 337.4579  331.57367 321.92105],[150.34308 170.54355 198.88101 ... 165.47797 163.85754 155.89929],[0.        0.        0.2540552 ... 0.        0.        0.       ],1,2,5,115
[0.7341973  0.553052   0.27870846 ... 0.21061227 0.23342156 0.6807455 ],[404.50247 401.7332  370.53262 ... 375.2684  334.53568 390.85358],[451.1164  431.39682 398.81482 ... 388.28043 364.9312  417.44446],[328.12476 307.01477 261.78723 ... 268.41696 255.25816 303.67902],[0.         0.         0.         ... 0.         0.06167082 0.        ],1,2,5,116
[0.53787416 0.5373342  0.57761204 ... 0.3162797  0.32636723 0.24726461],[416.81625 428.16666 451.31195 ... 384.5812  377.03845 372.6581 ],[416.81625 428.16666 451.31195 ... 384.5812  377.03845 372.6581 ],[215.84496 224.15256 238.49342 ... 208.57826 206.95612 194.86356],[0.         0.         0.04979398 ... 0.         0.         0.        ],1,2,5,117
"[ 0.6360555   0.45071018  0.9849604  ... -0.18179381  0.22915736
  0.18179381]",[359.36795 368.14316 419.00174 ... 281.1606  302.8698  277.4873 ],[404.0037  401.72592 478.47406 ... 309.8111  336.97406 316.54816],[198.31151  189.32988  247.11443  ... 116.002144 152.41028  122.75957 ],[0.         0.         0.10486115 ... 0.         0.         0.        ],1,2,5,118
[0.34709692 0.05782342 0.6417579  ... 0.28277516 0.22098559 0.45819065],[392.19186 357.4971  469.36337 ... 368.18604 349.61917 384.0814 ],[392.19186 357.4971  469.36337 ... 368.18604 349.61917 384.0814 ],[209.13046 178.51062 267.81995 ... 215.18285 202.24417 231.10005],[0.         0.07571253 0.         ... 0.         0.06135289 0.        ],1,2,5,119
[0.6573006  0.6640094  0.6646666  ... 0.5297022  0.4677776  0.47891855],[371.38358 380.62314 404.4312  ... 380.57706 349.89453 332.7076 ],[479.8893  470.83395 505.49448 ... 464.5166  427.1956  407.2583 ],[332.67636 336.76114 351.60593 ... 328.61523 298.29596 283.85272],[0. 0. 0. ... 0. 0. 0.],1,2,5,120
[0.48195928 0.5354202  0.7317724  ... 0.14354931 0.32714754 0.01263273],[409.25    417.15833 476.8375  ... 357.62918 385.23334 319.1125 ],[409.25    417.15833 476.8375  ... 357.62918 385.23334 319.1125 ],[294.64243 305.44196 349.21548 ... 246.10976 273.483   205.16118],[0.         0.         0.06321251 ... 0.02651341 0.         0.        ],1,2,5,121
"[ 0.36661687  0.6719909   0.7273564  ... -0.12813073  0.6025998
  0.8242932 ]",[422.5985  467.91327 519.75323 ... 324.973   417.2697  405.63364],[435.1748  492.15854 539.05286 ... 345.86584 433.45123 427.3252 ],[234.35222 295.72144 314.8099  ... 177.40508 258.55286 249.19984],[0.         0.06668589 0.         ... 0.         0.14611194 0.        ],1,2,5,122
[1.2661805  1.0992405  2.0885391  ... 0.18335597 0.30336055 0.4128882 ],[587.6392  581.72144 751.97845 ... 398.5896  410.86673 403.43542],[592.5214  583.8786  762.1857  ... 400.67142 414.35358 406.44644],[375.78275 371.62918 528.7007  ... 232.58339 239.00485 231.88245],[0.         0.14982711 0.12328694 ... 0.06110623 0.         0.        ],1,2,5,123
"[ 1.0243094   1.1794523   0.69159263 ... -0.12740421  0.36415908
  1.402561  ]",[446.02908 478.9244  470.1279  ... 326.3721  362.5756  453.23254],[446.02908 478.9244  470.1279  ... 326.3721  362.5756  453.23254],[224.60413 258.17914 212.73137 ... 119.52605 153.85052 241.74146],[0.         0.         0.         ... 0.         0.23637758 0.        ],1,2,5,124
[0.5105259  0.07419158 0.40361032 ... 0.1406116  0.7436822  0.47556084],[398.5732  368.95816 433.17572 ... 382.41003 429.87448 378.70712],[398.5732  368.95816 433.17572 ... 382.41003 429.87448 378.70712],[191.9679  157.42233 204.83229 ... 178.55649 231.26788 190.0774 ],[0.         0.         0.04876043 ... 0.09201504 0.         0.        ],1,2,5,125
[0.61533237 0.9582713  1.6560565  ... 0.02439035 0.5590884  1.0381086 ],[476.52298 521.1338  609.7637  ... 383.47125 426.41818 422.4982 ],[487.16895 531.9155  627.33514 ... 395.2316  439.46323 431.29428],[199.67314 236.81819 312.14917 ... 148.22823 192.95901 185.73038],[0.         0.20611586 0.         ... 0.0740537  0.10791819 0.        ],1,2,5,126
[0.40521133 0.20064    0.08702325 ... 0.11739966 0.13633342 0.43672544],[366.74875 354.9135  365.6377  ... 324.92526 320.96838 327.96094],[396.45047 378.0767  398.08627 ... 350.1981  347.71884 358.1374 ],[181.0935  162.59343 163.32996 ... 159.27509 148.46562 157.10658],[0.         0.         0.         ... 0.         0.05404937 0.        ],1,2,5,127
[0.7116014  0.31868738 0.6948355  ... 0.1846774  0.62058383 0.44443393],[425.14966 385.67218 454.2642  ... 352.58472 379.36807 329.41672],[427.54938 387.55246 454.78085 ... 352.9074  379.69754 329.80246],[255.07018 218.58923 280.25186 ... 198.99716 237.22005 188.6912 ],[0.         0.         0.07929579 ... 0.06104762 0.         0.        ],1,2,5,128
[0.44765225 0.41566613 0.7405397  ... 0.3228091  0.13867365 0.06497534],[403.2366  409.78174 471.23077 ... 388.68442 362.49335 339.22134],[406.79404 417.8388  477.20297 ... 394.2418  369.48956 344.69254],[225.74892 223.08357 270.9291  ... 230.12096 201.06932 177.95908],[0.         0.06213398 0.0735254  ... 0.         0.         0.        ],1,2,5,129
[0.45946056 0.97202235 0.691876   ... 0.07532082 0.26331398 0.16112238],[382.7397  464.48505 442.62524 ... 329.41913 354.46075 335.07135],[383.3517  465.16898 443.32068 ... 331.51035 358.2931  336.78964],[261.22516 348.38803 306.7985  ... 224.72473 250.90779 225.4881 ],[0.07125775 0.         0.         ... 0.02961996 0.         0.        ],1,2,5,130
[0.0978313  0.78519213 0.4698444  ... 0.         0.4686832  0.5621298 ],[363.07144 451.69232 450.1099  ... 343.45056 398.47803 386.62637],[363.07144 451.69232 450.1099  ... 343.45056 398.47803 386.62637],[162.21179 246.16212 214.69698 ... 158.34795 207.60938 195.63979],[0.06470229 0.         0.12576793 ... 0.09565219 0.         0.        ],1,2,5,131
[1.7705101  1.2049618  1.1899022  ... 0.14939016 0.44582343 0.29598063],[516.25073 435.81082 464.4321  ... 266.5052  300.381   267.0073 ],[664.5246  579.11475 613.3484  ... 403.84836 424.16803 384.291  ],[462.01215 383.8416  398.4996  ... 222.138   249.57845 212.26591],[0.         0.         0.         ... 0.05349243 0.         0.        ],1,2,5,132
[0.4332475  0.3427612  0.25188464 ... 0.34911007 0.18671215 0.22181611],[357.80978 393.8913  418.11957 ... 356.5435  338.56522 310.9565 ],[357.80978 393.8913  418.11957 ... 356.5435  338.56522 310.9565 ],[154.74745 194.13635 184.5866  ... 185.29114 164.88148 135.20718],[0. 0. 0. ... 0. 0. 0.],1,2,5,133
[0.9344496  0.642821   0.9504192  ... 0.24971963 0.48139727 0.96680015],[442.51352 415.81467 477.82626 ... 359.50192 359.1197  400.98068],[442.51352 415.81467 477.82626 ... 359.50192 359.1197  400.98068],[270.00974 245.08633 290.47375 ... 203.59515 209.1591  241.96094],[0.         0.         0.07897376 ... 0.         0.12236997 0.        ],1,2,5,134
[0.59264296 0.5205982  0.6454235  ... 0.11602703 0.28001934 0.26979554],[497.4     495.30768 551.0487  ... 456.49487 455.9436  430.3846 ],[497.4     495.30768 551.0487  ... 456.49487 455.9436  430.3846 ],[228.24167 223.20477 240.47061 ... 190.1393  206.21031 198.82248],[0.         0.         0.         ... 0.03742605 0.         0.        ],1,2,5,135
[0.47755995 0.43011978 0.545104   ... 0.3314172  0.29003894 0.21810293],[364.1531  352.22    381.93457 ... 318.37457 308.61447 281.26303],[381.96362 373.1182  406.9909  ... 337.45456 326.22272 301.4091 ],[234.75612 231.34525 249.72163 ... 209.21011 198.0345  173.84476],[0. 0. 0. ... 0. 0. 0.],1,2,5,136
[0.81054634 0.46579152 0.4954766  ... 0.01478067 0.05258197 0.6093323 ],[393.3053  357.79202 379.19913 ... 317.2699  319.92035 332.02655],[393.3053  357.79202 379.19913 ... 317.2699  319.92035 332.02655],[215.74976 182.6305  186.45642 ... 142.25272 144.6428  161.41527],[0.         0.         0.         ... 0.         0.09518003 0.        ],1,2,5,137
[1.3709192 1.5453182 0.4076691 ... 1.0417613 1.2516963 0.7171146],[493.79132 516.6445  409.13785 ... 452.20175 460.67242 378.25287],[598.05304 611.1667  500.0303  ... 520.88635 540.1591  435.78787],[356.62994 394.86758 250.97672 ... 320.9793  341.99115 245.29564],[0. 0. 0. ... 0. 0. 0.],1,2,5,138
"[ 0.7564333   0.17578168  0.6007387  ... -0.00237164  0.08558474
  0.20816472]",[478.15643 430.67877 506.59778 ... 368.64246 376.22906 364.73743],[478.15643 430.67877 506.59778 ... 368.64246 376.22906 364.73743],[275.16946 211.8525  276.3916  ... 177.7012  188.78584 196.3066 ],[0.         0.         0.06175905 ... 0.         0.         0.        ],1,2,5,139
[0.38084474 0.29307997 0.8459975  ... 0.25969908 0.6252148  0.06956955],[414.79852 405.1447  507.37433 ... 386.8864  428.18283 322.31433],[432.68167 418.5946  534.3874  ... 400.83182 442.14413 339.0961 ],[243.6274  242.98329 334.32697 ... 238.64287 287.4626  179.00793],[0.         0.07973532 0.         ... 0.04491566 0.         0.        ],1,2,5,140
[0.18668973 0.4811137  0.44274858 ... 0.22839813 0.3813625  0.29131117],[312.20456 346.95456 369.38257 ... 307.26514 305.16666 290.26895],[312.20456 346.95456 369.38257 ... 307.26514 305.16666 290.26895],[162.65363 201.52518 198.4321  ... 162.68787 166.87338 150.5845 ],[0.         0.         0.04677989 ... 0.         0.         0.        ],1,2,5,141
[0.941017   0.5382566  0.7351047  ... 0.20707488 0.3749345  0.76652825],[535.3773  475.3461  560.35565 ... 396.45096 412.58337 466.63092],[554.5088  488.7544  584.49414 ... 410.05847 427.03217 478.09064],[377.5433  309.79257 371.47058 ... 257.75186 272.2414  315.17035],[0.         0.         0.04979367 ... 0.         0.09749693 0.        ],1,2,5,142
[0.7249537 0.321418  0.7942548 ... 0.4038077 1.0199182 1.5092413],[545.2248 477.732  566.9712 ... 455.0317 533.     574.0576],[545.2248 477.732  566.9712 ... 455.0317 533.     574.0576],[334.5292  269.93317 357.34088 ... 269.9652  354.25137 407.1724 ],[0.         0.05793517 0.05804249 ... 0.09900323 0.13425067 0.        ],1,2,5,143
[1.4713643  1.7750429  1.2931828  ... 0.49357727 0.48141092 0.68395025],[504.04388 549.62067 512.2853  ... 386.2163  382.47336 391.7555 ],[504.04388 549.62067 512.2853  ... 386.2163  382.47336 391.7555 ],[314.68387 358.45648 305.46683 ... 214.11476 210.90555 225.2377 ],[0.        0.        0.        ... 0.        0.0571752 0.       ],1,2,5,144
[0.2681764  0.17971586 0.11182721 ... 0.01717185 0.33061677 0.22538444],[357.32803 354.68774 355.864   ... 315.32425 357.99448 330.57443],[391.51562 391.14584 395.84897 ... 357.83853 398.97916 369.78647],[222.88261 211.04872 201.37123 ... 193.93387 243.559   217.6439 ],[0.         0.         0.04608449 ... 0.05033869 0.         0.        ],1,2,5,145
"[ 0.33791062  0.29882357  0.60594386 ...  0.21230212 -0.02590152
  0.21726666]",[400.38824 403.59155 455.94077 ... 351.36462 333.21854 342.42148],[404.72852 407.45016 460.3402  ... 354.4983  336.09622 348.8969 ],[199.70589 200.61124 239.5401  ... 187.95985 156.55782 168.27827],[0.         0.         0.09375487 ... 0.         0.         0.        ],1,2,5,146
[0.76847506 0.27219233 0.51769185 ... 0.24611677 0.13559784 0.27172044],[397.57944 348.52805 388.8318  ... 332.40186 304.36447 322.8458 ],[397.57944 348.52805 388.8318  ... 332.40186 304.36447 322.8458 ],[240.98174 185.13628 221.88152 ... 186.04153 167.76823 180.96579],[0. 0. 0. ... 0. 0. 0.],1,2,5,147
[4.5254703  3.2736669  2.9469416  ... 0.2057703  0.15958123 0.12622349],[913.6805  771.1153  785.12244 ... 344.97388 337.20428 322.19406],[1041.7745   918.31036  921.8064  ...  416.33688  402.21484  397.8037 ],[819.6144  691.24097 659.2496  ... 227.75746 216.7437  208.5238 ],[0.         0.         0.11209032 ... 0.         0.         0.        ],1,2,5,148
[0.93167555 0.25744265 0.5498124  ... 0.3438303  0.44249877 0.3791191 ],[390.25806 326.97418 367.74194 ... 325.86774 332.52582 315.2742 ],[390.25806 326.97418 367.74194 ... 325.86774 332.52582 315.2742 ],[215.86969 154.12564 187.57983 ... 161.15825 165.55174 153.98853],[0.         0.         0.         ... 0.06299854 0.         0.        ],1,2,5,149
[0.5188918  0.7504005  0.7318202  ... 0.16428043 0.41081658 0.7996866 ],[433.4257  460.38852 496.31082 ... 391.66553 396.14526 409.35135],[433.4257  460.38852 496.31082 ... 391.66553 396.14526 409.35135],[200.56789 234.19064 235.89093 ... 171.91666 189.46744 209.8566 ],[0.         0.         0.0838771  ... 0.         0.11149568 0.        ],1,2,5,150
"[ 6.1633688e-01 -4.9092947e-04  1.0256939e+00 ...  2.0766990e-01
  6.2270468e-01  2.7411219e-01]",[404.20233 346.64722 473.59427 ... 351.62726 405.50827 356.15045],[478.3538  411.75146 552.7281  ... 413.46198 468.0497  422.8041 ],[230.85399 165.64789 307.46872 ... 214.44083 271.27405 215.72377],[0.         0.08280768 0.         ... 0.04119465 0.         0.        ],1,2,5,151
[0.28421152 0.3968994  0.21021801 ... 0.18339254 0.16177511 0.40501207],[291.62253 299.2073  298.24878 ... 268.36603 265.23553 255.28693],[351.13077 356.7077  347.71924 ... 316.2154  313.55768 297.01154],[176.3922  191.73198 173.71161 ... 164.56871 159.78912 144.3901 ],[0.         0.         0.         ... 0.         0.04374461 0.        ],1,2,5,152
[0.34922898 0.63967466 0.44405276 ... 0.15573137 0.98810494 0.6521957 ],[422.18936 467.9349  463.49704 ... 364.28995 451.8935  373.97632],[422.18936 467.9349  463.49704 ... 364.28995 451.8935  373.97632],[227.11887 272.65533 250.92487 ... 202.75961 287.5078  223.95934],[0.         0.         0.         ... 0.15234062 0.         0.        ],1,2,5,153
[1.088991   0.6575046  1.2846326  ... 0.3198909  0.21326919 0.35144952],[503.99362 446.80893 555.1847  ... 405.40128 401.85352 403.26752],[503.99362 446.80893 555.1847  ... 405.40128 401.85352 403.26752],[281.17868 236.55177 315.82272 ... 227.54819 201.05858 203.8347 ],[0.         0.10884614 0.         ... 0.         0.         0.        ],1,2,5,154
[0.5954329  0.3186873  0.5610274  ... 0.56200147 0.6689539  0.24748628],[433.36612 415.22403 489.36066 ... 403.91257 415.34973 363.38797],[433.36612 415.22403 489.36066 ... 403.91257 415.34973 363.38797],[212.4008  211.33224 246.89806 ... 218.76459 226.69568 176.857  ],[0. 0. 0. ... 0. 0. 0.],1,2,5,155
"[ 0.73771465 -0.02108436  0.49314526 ...  0.39259836  0.12646587
  0.75327605]",[486.0042  409.2159  506.46762 ... 416.9947  375.18106 407.72745],[486.78424 410.07468 507.19916 ... 422.94604 383.94604 408.56845],[299.48438 209.47023 295.94888 ... 253.95113 214.09901 242.27979],[0.         0.         0.06736199 ... 0.         0.07162427 0.        ],1,2,5,156
[1.1663873 0.6656018 1.3041805 ... 0.2617708 0.5516816 0.4237129],[512.2108  452.16217 562.1892  ... 389.43243 404.42703 387.94055],[512.2108  452.16217 562.1892  ... 389.43243 404.42703 387.94055],[319.5143  261.9379  348.88574 ... 205.25494 227.92351 205.44012],[0.         0.         0.03707183 ... 0.05828316 0.         0.        ],1,2,5,157
"[ 0.03984587  0.6913665   0.5212136  ... -0.27279347  1.0323374
  1.0671512 ]",[381.29178 456.19724 454.35086 ... 311.67    417.55072 380.07208],[383.53644 464.33774 460.81458 ... 317.33774 420.2119  383.0265 ],[181.07588 270.83243 250.61957 ... 132.15254 244.69383 205.50357],[0.08380207 0.         0.         ... 0.         0.17493646 0.        ],1,2,5,158
[0.84812427 0.34200644 0.5257457  ... 0.7007168  0.2138199  1.1754253 ],[472.56946 425.24304 482.77777 ... 450.93054 392.45834 494.4236 ],[472.56946 425.24304 482.77777 ... 450.93054 392.45834 494.4236 ],[275.99075 229.28743 267.954   ... 287.485   217.89667 317.7858 ],[0.        0.        0.        ... 0.        0.1479467 0.       ],1,2,5,159
"[ 0.44040418  0.35563862 -0.02985511 ...  0.04279889 -0.06346878
  0.4663302 ]",[465.55762 460.5438  446.87097 ... 394.84332 372.75116 437.46542],[465.55762 460.5438  446.87097 ... 394.84332 372.75116 437.46542],[250.4577  248.6231  197.47989 ... 208.70612 186.64505 252.87811],[0.         0.         0.         ... 0.         0.06543338 0.        ],1,2,5,160
[1.2681324  0.5262364  0.6085478  ... 0.06777444 0.10897908 0.48216707],[429.08218 417.26028 468.78082 ... 360.93835 373.9452  426.46576],[429.08218 417.26028 468.78082 ... 360.93835 373.9452  426.46576],[224.81792 220.33992 234.87386 ... 179.04608 182.50139 226.50125],[0.         0.         0.         ... 0.         0.04948393 0.        ],1,2,5,161
[3.1273088 2.846507  2.2661953 ... 1.5817659 2.0405083 3.4108083],[1064.7528 1044.91   1001.5801 ...  866.9401  949.0825 1129.5217],[1093.9066  1074.5967  1024.7267  ...  901.73     984.95667 1173.7267 ],[845.2067  839.1775  777.85864 ... 664.76276 746.80914 970.5182 ],[0.         0.         0.10912579 ... 0.         0.3214953  0.        ],2,2,5,0
[1.1379108 0.986934  1.0676199 ... 1.064107  1.0283641 1.594112 ],[ 881.28534  869.8121   928.5749  ...  953.40607  900.86835 1020.9312 ],[ 994.7973   956.21173 1040.1532  ... 1045.5991   994.2072  1147.4099 ],[ 860.9265   842.69196  898.30786 ...  924.6968   880.9155  1035.9867 ],[0.         0.         0.24974951 ... 0.         0.10291155 0.        ],2,2,5,1
[5.0548444 5.0291805 4.060655  ... 2.0344687 2.0735552 4.2741923],[1393.6038  1403.3043  1298.0074  ...  916.97076  914.91626 1201.8003 ],[1454.6709 1459.5427 1383.1752 ...  950.0598  940.3034 1261.4786],[1207.4492 1216.777  1124.0461 ...  723.7702  715.1584 1069.078 ],[0.08622328 0.         0.20188266 ... 0.         0.3420386  0.        ],2,2,5,2
[1.4623986  0.77786034 1.4452972  ... 0.38943294 1.2508131  1.7882248 ],[635.54865 575.29254 658.30963 ... 447.35565 506.28738 516.29846],[689.0482  616.9189  721.1645  ... 495.66885 555.4101  564.1118 ],[298.1545  231.8457  306.9813  ... 174.52419 223.58203 248.91182],[0.         0.         0.0685545  ... 0.17582084 0.12390184 0.        ],2,2,5,3
[3.5724378 2.8538392 3.7710366 ... 1.0564691 0.9022322 1.804221 ],[1039.9906  937.0847 1170.188  ...  576.2205  567.3331  720.4055],[1090.8301   984.67975 1188.2745  ...  634.1699   608.27454  752.7843 ],[897.6707  783.7679  981.19147 ... 481.75555 450.6802  605.6408 ],[0.         0.18011987 0.266213   ... 0.         0.03545206 0.        ],2,2,5,4
"[ 1.0444528  -0.03971232  0.7225956  ... -0.00839315  0.32519242
  0.33962995]",[490.61243 370.25836 484.28708 ... 326.18182 363.08133 371.38757],[490.61243 370.25836 484.28708 ... 326.18182 363.08133 371.38757],[301.51898 172.69922 290.59842 ... 173.83267 214.1086  210.75569],[0.         0.         0.         ... 0.         0.03821954 0.        ],2,2,5,5
[4.9869914  3.4121132  3.345717   ... 0.2953953  0.2740243  0.43856385],[815.6553  759.5003  790.92694 ... 458.8401  433.51187 415.26447],[818.72754 760.56885 795.22156 ... 461.71857 435.82935 418.58383],[508.1849  459.67722 462.67484 ... 174.71709 148.96852 142.8763 ],[0.         0.         0.09797101 ... 0.         0.04498671 0.        ],2,2,5,6
[1.0894967  1.1961329  0.7922962  ... 0.39214203 0.77781135 0.63695675],[590.48755 586.7829  598.76154 ... 495.8363  562.09607 520.2562 ],[590.48755 586.7829  598.76154 ... 495.8363  562.09607 520.2562 ],[287.69614 307.65057 266.75623 ... 240.84628 289.73315 257.44293],[0.         0.         0.28488773 ... 0.         0.         0.        ],2,2,5,7
[0.19565503 0.62720096 0.55700696 ... 0.27055916 0.36106443 0.22474743],[371.42188 435.76172 440.5703  ... 366.83984 345.3164  324.27734],[371.42188 435.76172 440.5703  ... 366.83984 345.3164  324.27734],[216.1318  282.65723 273.50104 ... 218.22159 215.22455 193.49408],[0.07333393 0.         0.         ... 0.03626482 0.         0.        ],2,2,5,8
[1.1159136  1.250095   0.92149097 ... 0.39449805 0.21934995 1.0703962 ],[531.17804 558.7197  513.9394  ... 406.03787 380.22726 465.40152],[531.17804 558.7197  513.9394  ... 406.03787 380.22726 465.40152],[360.25366 384.68036 334.8798  ... 266.3278  231.40097 319.71802],[0.         0.         0.         ... 0.         0.10006627 0.        ],2,2,5,9
[0.41811386 0.26703703 0.5484447  ... 0.35188013 0.308451   0.49160248],[461.26517 433.03003 506.1402  ... 449.24042 437.38788 464.95502],[482.34445 454.7815  528.55927 ... 464.33334 456.13333 483.02963],[300.672   278.27133 335.73602 ... 300.02786 288.885   321.35388],[0.         0.         0.366994   ... 0.         0.03598967 0.        ],2,2,5,10
[0.94017214 0.42058477 0.670877   ... 0.         0.43978453 0.8697163 ],[484.87466 413.60104 468.88617 ... 327.08572 389.96826 382.7483 ],[510.94116 441.91763 501.07452 ... 349.25882 414.2353  408.54117],[310.55975 242.68445 283.69986 ... 185.39484 236.97946 239.00539],[0.         0.         0.         ... 0.         0.12854318 0.        ],2,2,5,11
[2.683542  3.4279597 2.8713555 ... 0.7181143 1.0047286 1.7111655],[693.11926 829.4212  917.067   ... 540.44434 587.18146 581.8702 ],[751.30273 896.1055  988.9037  ... 570.48627 614.7569  609.7477 ],[523.9428  667.1595  740.6297  ... 352.76733 396.28046 411.79785],[0.20395382 0.         0.13119814 ... 0.         0.10253429 0.        ],2,2,5,12
[0.45731768 0.25262815 0.3215501  ... 0.06749693 0.09131012 0.71481353],[402.16666 377.1036  397.27478 ... 324.27026 296.07657 384.34683],[402.16666 377.1036  397.27478 ... 324.27026 296.07657 384.34683],[241.64185 215.8995  230.7693  ... 180.59334 159.9686  238.44156],[0.         0.         0.         ... 0.         0.08576784 0.        ],2,2,5,13
[0.40626258 0.24271297 0.34229368 ... 0.4663999  0.01526183 0.02378683],[461.36618 425.24554 482.1189  ... 454.52084 374.9702  367.51   ],[469.0909  432.54544 490.3262  ... 471.19788 382.40106 375.80212],[285.88034 266.66272 297.3402  ... 324.56314 236.5789  228.85095],[0.         0.         0.03513069 ... 0.         0.         0.        ],2,2,5,14
[1.7663813 1.9094657 1.5340688 ... 0.4544513 0.7601007 1.0769093],[505.99408 503.6617  525.092   ... 409.8457  443.3976  426.7893 ],[505.99408 503.6617  525.092   ... 409.8457  443.3976  426.7893 ],[200.12283 223.1484  218.63425 ... 158.20212 174.59279 186.83806],[0.         0.         0.11739063 ... 0.         0.05910788 0.        ],2,2,5,15
[0.69424355 0.10874864 0.7984004  ... 0.16140129 0.13650769 0.        ],[450.57748 399.84396 537.9201  ... 380.78546 390.66052 344.60297],[472.62558 423.94788 558.31757 ... 404.71564 409.89572 360.545  ],[250.16959 223.11685 334.06058 ... 225.64796 221.77444 189.17465],[0. 0. 0. ... 0. 0. 0.],2,2,5,16
[0.84179515 0.43149433 0.5307545  ... 0.43529588 0.00883376 0.23790753],[528.89844 519.20215 547.0869  ... 466.49536 386.67477 387.65356],[587.8311  568.8338  601.3941  ... 514.4879  426.77747 429.79623],[313.7312  284.34946 325.5365  ... 278.9385  189.17468 219.15775],[0. 0. 0. ... 0. 0. 0.],2,2,5,17
[1.028504   1.0561082  1.0398548  ... 0.32012048 0.86361724 0.52535194],[524.85156 530.0228  536.218   ... 407.53946 494.84167 389.58112],[549.43695 557.3018  559.84686 ... 422.55856 520.77026 406.53152],[338.45526 351.96353 351.90326 ... 262.76666 342.3993  232.599  ],[0.        0.        0.        ... 0.1268553 0.        0.       ],2,2,5,18
[0.71498406 0.34225714 0.48816547 ... 0.32891998 0.3440116  0.42259756],[352.2642  359.9643  405.19653 ... 316.6988  306.29077 306.6644 ],[540.5414  506.1879  578.64014 ... 450.09872 435.20383 443.99683],[367.4733  332.3503  368.81744 ... 300.88565 298.3975  294.72076],[0.         0.         0.02695893 ... 0.03677943 0.         0.        ],2,2,5,19
[0.6824567  0.         0.5261972  ... 0.16501683 0.08094799 0.40118095],[399.35974 311.82925 412.85367 ... 334.2561  317.38416 321.7134 ],[399.35974 311.82925 412.85367 ... 334.2561  317.38416 321.7134 ],[237.95912 154.28809 238.95033 ... 191.55612 179.74881 187.72961],[0.         0.         0.         ... 0.         0.05528914 0.        ],2,2,5,20
[1.2612443  0.9354764  1.0660144  ... 0.45015207 0.534514   1.0224053 ],[489.3186  481.35278 508.3017  ... 411.23596 410.23212 467.83374],[553.2263  538.9383  576.4239  ... 458.14404 455.11523 520.47327],[389.35834 371.52652 394.9486  ... 309.0788  317.29266 377.65155],[0.         0.         0.12700258 ... 0.         0.07808535 0.        ],2,2,5,21
[0.98647773 0.47936875 0.61408335 ... 0.1027916  0.6627862  0.44585267],[420.18472 381.92993 406.42038 ... 326.3503  353.32483 308.0637 ],[420.18472 381.92993 406.42038 ... 326.3503  353.32483 308.0637 ],[224.63986 199.826   215.42229 ... 152.23468 183.77623 152.4686 ],[0.         0.         0.         ... 0.07709488 0.         0.        ],2,2,5,22
[0.41949788 0.39821094 0.44993585 ... 0.         0.16861774 0.33731574],[369.69254 379.50565 400.4811  ... 299.58035 329.7156  328.74805],[388.74918 401.54514 417.98328 ... 320.92307 342.7057  360.31104],[243.4547  266.56424 277.27435 ... 203.24533 225.98088 241.87488],[0.         0.         0.117653   ... 0.         0.04442558 0.        ],2,2,5,23
"[ 1.176199    0.88260204  0.76129305 ...  0.04376948 -0.18259846
  0.2037294 ]",[566.3274  506.1882  506.41852 ... 366.49515 321.74994 332.43192],[585.71735 523.1277  529.4894  ... 375.03647 327.7143  346.1155 ],[342.25327 309.98883 296.3727  ... 187.79448 150.31932 173.23505],[0.         0.         0.04538724 ... 0.         0.         0.        ],2,2,5,24
[0.6282778  0.46857    0.56711423 ... 0.00351523 0.39005873 0.4004084 ],[470.75812 452.7623  490.7394  ... 395.7797  439.71036 438.9165 ],[562.7462  541.86365 595.0303  ... 480.21213 537.82574 521.6629 ],[314.0045  296.2591  321.23938 ... 266.0505  322.84204 299.66498],[0.         0.         0.19816881 ... 0.0596039  0.         0.        ],2,2,5,25
[0.48774496 0.5606004  0.56977946 ... 0.04356093 0.09775203 0.35448155],[292.09558 286.3915  325.31912 ... 244.9761  252.15834 305.05475],[407.66055 429.0734  444.3945  ... 332.68808 341.50458 389.45413],[332.79077 356.18683 364.235   ... 266.25177 273.27176 322.82047],[0.         0.         0.10673196 ... 0.         0.04604166 0.        ],2,2,5,26
[0.05194355 0.0578986  0.8398395  ... 0.34054747 0.41269606 0.63674384],[269.97162 288.01913 427.19482 ... 299.5532  309.63364 316.52612],[361.6316  365.689   525.8947  ... 385.33493 385.4354  394.99042],[231.0571  244.1154  386.91785 ... 268.01895 273.47043 287.3083 ],[0.         0.10022718 0.18615563 ... 0.         0.08251639 0.        ],2,2,5,27
[2.1059415  1.9834062  1.9346006  ... 0.         0.01353714 0.        ],[641.91156 625.3333  632.63947 ... 332.0476  326.0136  281.7551 ],[641.91156 625.3333  632.63947 ... 332.0476  326.0136  281.7551 ],[486.28412 473.34268 467.44138 ... 192.8261  193.54028 154.41077],[0.         0.         0.18260454 ... 0.         0.         0.        ],2,2,5,28
[0.39250982 0.44094357 0.33284086 ... 0.33262375 0.3194355  0.76577383],[374.052 383.792 378.244 ... 361.012 352.548 411.9  ],[374.052 383.792 378.244 ... 361.012 352.548 411.9  ],[221.06221 229.35883 215.42612 ... 224.00249 217.39052 264.37906],[0.         0.         0.         ... 0.         0.05770113 0.        ],2,2,5,29
[3.3271093  3.045858   3.3692515  ... 0.76422864 0.8886818  0.87964934],[805.38934 788.79486 888.81586 ... 481.62253 492.66507 465.32535],[874.36505 862.69574 962.2778  ... 548.6799  549.7778  516.4312 ],[551.9042  545.0895  613.5304  ... 268.0057  264.39993 243.55469],[0.         0.09174321 0.1063574  ... 0.0307633  0.         0.        ],2,2,5,30
[0.61512434 0.80197823 1.6119931  ... 0.42205232 0.2146457  0.4279694 ],[419.80148 452.2099  615.10486 ... 393.98502 351.30518 367.21393],[455.23944 497.46008 658.21594 ... 419.0141  384.95306 402.1737 ],[290.2425  337.18143 473.6091  ... 271.48584 237.83438 254.3008 ],[0.         0.21298835 0.12197834 ... 0.         0.03524109 0.        ],2,2,5,31
[0.2448192  0.45914733 0.46636173 ... 0.12611188 0.         0.45378584],[288.31845 323.40558 360.15588 ... 289.51364 263.93234 326.50702],[302.3886  338.8394  371.7772  ... 308.07773 285.51294 342.23315],[175.92201 219.40453 238.36859 ... 189.13747 169.1597  222.23203],[0.         0.         0.         ... 0.         0.05269999 0.        ],2,2,5,32
[0.7131707  0.5086899  0.4121946  ... 0.08546783 0.40323633 0.06765156],[362.7656  353.9357  339.49988 ... 295.9654  317.3513  277.17215],[398.27643 387.65042 381.7927  ... 328.22763 359.7439  310.39432],[246.24344 235.81323 224.74472 ... 187.76886 227.42204 174.78473],[0.         0.         0.04673192 ... 0.03650232 0.         0.        ],2,2,5,33
[1.3077433 1.3399086 1.2725598 ... 1.2045788 1.0394248 2.3189428],[407.18405 437.43558 444.04907 ... 434.9448  400.92026 525.93866],[407.18405 437.43558 444.04907 ... 434.9448  400.92026 525.93866],[253.53668 291.90448 289.02496 ... 287.78464 261.98737 390.7781 ],[0.         0.         0.06485447 ... 0.         0.15486038 0.        ],2,2,5,34
[1.2200938 1.2587644 1.3087449 ... 1.6163322 2.0649524 2.2467802],[552.2859  582.879   608.6369  ... 618.4884  649.1231  665.32983],[644.0914  660.7432  700.7185  ... 686.479   727.9185  738.07904],[431.03162 446.40094 466.51724 ... 498.82602 544.4489  564.54474],[0.         0.         0.06278147 ... 0.07351267 0.10801839 0.        ],2,2,5,35
[2.2627952  1.6627088  2.37971    ... 0.8761483  0.42478278 1.2609723 ],[705.9185 641.7986 786.6674 ... 501.3418 405.3757 523.4124],[707.2133  643.18    790.      ... 502.55334 406.74    527.4133 ],[540.29895 467.97595 600.80133 ... 360.61017 274.4522  387.49292],[0.         0.         0.16567874 ... 0.         0.         0.        ],2,2,5,36
[0.32661134 0.29752758 0.88336086 ... 0.31642726 0.45073646 0.34778267],[367.57974 367.92136 470.5641  ... 342.4547  365.91052 339.5908 ],[409.34445 403.5037  522.24817 ... 382.13333 400.41852 371.87036],[236.25096 247.09798 340.885   ... 243.04417 259.62082 228.1065 ],[0.         0.10512372 0.         ... 0.03366062 0.         0.        ],2,2,5,37
[0.8651683  0.49575827 0.39731255 ... 0.23926717 0.0344631  0.56179684],[488.55524 431.47363 435.37875 ... 371.57196 324.39365 365.93735],[511.15524 450.3177  454.06137 ... 382.27435 339.1805  389.66425],[319.0769  267.83093 255.33844 ... 214.91115 183.68936 227.49786],[0.         0.         0.05486293 ... 0.         0.06300233 0.        ],2,2,5,38
[0.09277312 0.29885358 0.3204904  ... 0.32723615 0.15359104 0.73567474],[329.98804 363.26694 372.61356 ... 346.81274 315.72113 344.72113],[329.98804 363.26694 372.61356 ... 346.81274 315.72113 344.72113],[155.60411 190.26158 193.1412  ... 191.04982 167.3032  195.49217],[0.         0.         0.         ... 0.         0.07963315 0.        ],2,2,5,39
[0.50925016 0.20375346 0.8538709  ... 0.30467594 0.60846925 0.32700986],[415.56906 366.7239  467.42267 ... 413.5035  440.33795 375.83835],[442.2738  385.5893  500.6012  ... 428.00595 463.19644 396.23215],[284.73187 242.23442 351.56277 ... 280.52698 328.91037 263.70508],[0.        0.        0.1251976 ... 0.        0.        0.       ],2,2,5,40
[0.44305113 0.26166573 0.24601163 ... 0.37790945 0.55546373 1.2422829 ],[324.5176  321.74472 334.2033  ... 341.6758  352.64056 393.71283],[385.58566 381.01196 400.74103 ... 407.1992  404.5777  470.22708],[205.39644 206.16026 205.1625  ... 241.79158 242.82166 311.62018],[0.         0.         0.         ... 0.         0.11907029 0.        ],2,2,5,41
[0.7981855  0.64930934 0.21633573 ... 0.37593043 0.954235   0.7741757 ],[438.8085  434.99576 399.95746 ... 393.30212 440.91064 409.55743],[438.8085  434.99576 399.95746 ... 393.30212 440.91064 409.55743],[278.33597 267.8676  219.85767 ... 236.4805  299.78342 266.97397],[0.         0.         0.06886211 ... 0.151804   0.         0.        ],2,2,5,42
[0.3703384  0.25022745 0.30233872 ... 0.13529469 0.14139348 0.39140168],[442.38467 433.86    465.9634  ... 395.3961  377.56195 415.5454 ],[472.14716 465.92493 494.74173 ... 416.97897 395.49548 434.18018],[273.28345 266.7142  284.32635 ... 248.35522 224.50217 260.2857 ],[0.         0.         0.02790049 ... 0.         0.04990282 0.        ],2,2,5,43
[1.2074531  0.6240014  0.963432   ... 0.4501739  0.35593656 0.35497677],[741.84485 623.4855  736.7365  ... 565.193   540.2943  509.50342],[753.93146 631.00287 750.1429  ... 572.80286 548.5257  519.52856],[528.7229  405.41336 506.45178 ... 396.77728 370.38086 340.30505],[0.         0.         0.07659204 ... 0.         0.         0.        ],2,2,5,44
[0.91240406 0.7977183  1.0454966  ... 0.26136106 0.58807176 0.6185812 ],[437.39523 428.64987 477.061   ... 345.4191  379.39258 375.56763],[437.39523 428.64987 477.061   ... 345.4191  379.39258 375.56763],[276.88895 269.84604 311.63364 ... 201.89983 244.1078  235.77632],[0.         0.04811963 0.05338361 ... 0.         0.03970267 0.        ],2,2,5,45
[1.0105755  0.74855274 0.61353683 ... 0.18795428 0.5666153  0.49296805],[469.25348 434.36832 439.00433 ... 358.4294  371.25018 364.073  ],[476.29593 441.56122 443.47278 ... 367.      380.61905 371.5238 ],[255.02608 228.9014  221.40648 ... 170.22633 192.30614 182.12529],[0.         0.         0.         ... 0.06483354 0.         0.        ],2,2,5,46
[0.21713068 0.5482584  0.38201326 ... 0.29579625 0.37538314 0.26427   ],[328.87866 354.78244 372.4435  ... 339.48953 337.95816 313.69873],[328.87866 354.78244 372.4435  ... 339.48953 337.95816 313.69873],[140.70692 171.32846 173.80873 ... 166.40259 161.20601 144.22462],[0. 0. 0. ... 0. 0. 0.],2,2,5,47
[0.3253536  0.5938797  0.68353444 ... 0.1884397  0.0641777  0.22796327],[337.60208 409.84818 456.37695 ... 341.29318 324.53928 338.03665],[337.60208 409.84818 456.37695 ... 341.29318 324.53928 338.03665],[156.57484 231.8044  249.14128 ... 178.41557 161.16692 176.26741],[0. 0. 0. ... 0. 0. 0.],2,2,5,48
[1.1162975  0.5895807  0.5701239  ... 0.38035738 0.17612578 0.882054  ],[419.55255 400.2757  426.49323 ... 382.3053  357.30203 368.4977 ],[507.94675 465.49704 501.1716  ... 456.85208 413.73373 459.213  ],[322.64062 285.43063 301.694   ... 298.3133  258.01437 307.9593 ],[0.         0.         0.         ... 0.         0.12219299 0.        ],2,2,5,49
"[ 1.108653    0.5833299   0.6482302  ... -0.04172775  0.09618538
  0.71034604]",[346.03085 274.09567 292.00653 ... 230.11307 217.40086 276.0247 ],[466.55493 392.8242  429.37363 ... 325.2143  325.989   370.77472],[299.44595 237.73123 250.31738 ... 177.1409  187.83905 235.29057],[0.        0.        0.        ... 0.        0.1150296 0.       ],2,2,5,50
[0.7583266  0.3715512  0.61655384 ... 0.31413275 0.4654655  1.1541212 ],[482.07538 443.64188 505.5806  ... 415.2157  422.9875  523.449  ],[522.80566 469.48816 546.327   ... 434.9218  446.39572 555.25354],[307.56915 281.86935 328.55884 ... 264.373   282.30673 391.01788],[0.         0.         0.14427872 ... 0.         0.14830278 0.        ],2,2,5,51
[0.5505106  0.515693   0.77010494 ... 0.21115367 0.58948934 0.7271593 ],[520.7691  515.536   588.44867 ... 472.38074 530.0512  478.70242],[523.1579  518.1082  590.538   ... 473.79532 531.2924  479.87134],[269.6872  272.1733  312.93323 ... 242.17146 298.9362  270.052  ],[0.         0.0545088  0.         ... 0.05877557 0.06149866 0.        ],2,2,5,52
[1.367738   1.1313157  0.95870066 ... 0.7972336  1.3192899  1.8636898 ],[461.87097 467.2765  471.81567 ... 426.92627 479.80185 530.2949 ],[461.87097 467.2765  471.81567 ... 426.92627 479.80185 530.2949 ],[293.63715 298.85498 282.97284 ... 267.72537 321.4253  377.289  ],[0.         0.         0.         ... 0.09984016 0.1191106  0.        ],2,2,5,53
[0.57142997 0.5966335  0.17349418 ... 0.32984328 0.3363641  0.39826086],[427.02435 427.11862 409.5843  ... 390.70456 366.68182 374.309  ],[510.6985  517.73364 489.62814 ... 473.2563  469.83417 465.42212],[310.36697 320.733   283.35513 ... 304.4456  301.0874  305.9955 ],[0.         0.         0.         ... 0.04115428 0.         0.        ],2,2,5,54
[3.770518   3.459545   3.0266747  ... 0.5147863  0.5573373  0.29283214],[879.147   859.4895  849.33966 ... 442.52164 428.61163 360.76648],[972.89795 947.03204 945.7376  ... 489.9825  481.9067  411.5102 ],[744.87354 722.24945 699.04395 ... 289.26608 269.36032 222.50488],[0.         0.         0.11751463 ... 0.         0.         0.        ],2,2,5,55
[0.5817108  0.50910497 0.9438895  ... 0.8782615  1.0047995  1.0016656 ],[471.0909  444.85986 550.9703  ... 561.7883  558.7571  539.7111 ],[474.206   455.07974 557.6146  ... 569.0731  565.52826 546.50165],[308.83078 299.9079  387.02615 ... 417.44977 423.07666 405.01483],[0.         0.         0.126066   ... 0.07899432 0.         0.        ],2,2,5,56
[0.7549971  0.51609826 0.7029802  ... 0.4457297  0.66646355 0.38579592],[465.56046 429.4465  492.30453 ... 416.3097  456.46796 373.36914],[487.9044  461.01593 524.6893  ... 434.68127 472.54184 394.5976 ],[286.30328 257.8541  297.68884 ... 254.81526 284.65103 220.19276],[0.         0.         0.         ... 0.07390721 0.         0.        ],2,2,5,57
[0.60313314 0.4522955  0.9428694  ... 0.64590245 0.26323792 0.7857034 ],[403.20526 395.6     480.29474 ... 385.78946 345.9     365.4421 ],[403.20526 395.6     480.29474 ... 385.78946 345.9     365.4421 ],[211.07455 223.09885 284.69238 ... 227.60744 177.60208 207.08582],[0.         0.04860295 0.         ... 0.         0.06181427 0.        ],2,2,5,58
[0.38123873 0.44389117 0.20834528 ... 0.15964836 0.13641474 0.38088426],[387.72946 404.38303 390.77362 ... 361.19446 360.81732 352.05014],[399.72223 409.5324  398.24075 ... 368.39352 365.2963  362.3287 ],[230.179   243.73253 214.91841 ... 194.55803 181.95992 194.32346],[0. 0. 0. ... 0. 0. 0.],2,2,5,59
[1.3872406  0.5227716  1.4204202  ... 0.38385966 1.2740285  1.0279675 ],[561.34106 498.94574 602.8333  ... 453.82947 512.1977  480.32172],[561.34106 498.94574 602.8333  ... 453.82947 512.1977  480.32172],[238.85886 177.55727 261.01022 ... 169.77148 241.48747 213.55792],[0.         0.08810158 0.         ... 0.12697525 0.         0.        ],2,2,5,60
[0.954592   0.7729071  0.7443318  ... 0.13704814 0.8396577  0.8536119 ],[533.5042  519.64764 550.7907  ... 433.1752  495.05103 479.8505 ],[564.38525 547.2987  588.5498  ... 453.8528  517.24243 501.49783],[282.5363  264.06873 284.55536 ... 198.50641 259.93384 256.6422 ],[0.         0.         0.         ... 0.12320045 0.         0.        ],2,2,5,61
[0.7060495  0.11223754 0.52503407 ... 0.2808864  0.70508444 0.45400834],[420.84558 340.2018  415.4748  ... 354.12793 421.08942 375.7155 ],[441.71967 357.4364  424.42197 ... 367.3844  434.77457 390.36417],[305.0376  214.61377 282.11346 ... 249.53067 309.86368 266.7031 ],[0.         0.         0.04492014 ... 0.         0.         0.        ],2,2,5,62
[1.5181696  0.8537584  0.26254404 ... 0.3201072  0.6773083  1.1449172 ],[434.5762  410.33472 389.52066 ... 332.86118 375.32684 397.66342],[453.26602 419.56158 403.2808  ... 357.27094 388.74878 405.79803],[213.05577 199.13173 156.7824  ... 163.88461 186.54434 207.77725],[0.         0.         0.         ... 0.         0.13118519 0.        ],2,2,5,63
[0.43727624 0.33669746 0.70810306 ... 0.78746384 1.0247811  0.8023762 ],[473.77927 461.99744 566.7287  ... 552.2539  584.70184 494.52313],[496.4186 487.3779 588.5    ... 582.1715 614.343  515.8401],[246.22398 243.42647 317.3548  ... 361.8074  391.46695 310.3502 ],[0.         0.         0.35453025 ... 0.03891539 0.         0.        ],2,2,5,64
[1.2153683  0.94879925 0.3306099  ... 0.29702732 0.56241035 0.53304654],[513.83636 473.91364 407.1591  ... 376.0182  406.65454 397.62726],[513.83636 473.91364 407.1591  ... 376.0182  406.65454 397.62726],[355.55905 321.02997 236.00333 ... 245.22527 276.54446 264.581  ],[0.         0.         0.16644855 ... 0.         0.         0.        ],2,2,5,65
[0.61706483 0.35258347 0.31638986 ... 0.2973014  0.22405009 0.27838212],[395.6066  344.47623 363.38916 ... 327.3076  292.79285 299.95883],[451.42035 402.83627 415.1416  ... 373.83627 338.23895 341.91592],[284.76053 246.85446 245.53056 ... 229.08302 203.82104 206.63893],[0.         0.         0.07019101 ... 0.         0.         0.        ],2,2,5,66
[0.47081423 0.620151   0.21087392 ... 0.6420459  0.49464613 0.09771174],[339.97052 364.639   322.2084  ... 363.69745 352.3975  262.95325],[423.93515 451.50272 406.17297 ... 452.2865  425.76758 320.50812],[265.8479  299.04153 240.18187 ... 293.26648 265.58548 191.68492],[0.         0.         0.09628888 ... 0.         0.         0.        ],2,2,5,67
[0.32630396 0.29805896 0.1728053  ... 0.         0.19197129 0.35749984],[323.64758 312.3872  326.85965 ... 292.38397 294.99414 304.94672],[352.39038 342.44116 354.4064  ... 317.59894 324.03745 330.746  ],[190.6911  194.08812 184.37679 ... 157.2727  173.08437 179.878  ],[0.         0.         0.         ... 0.         0.06072868 0.        ],2,2,5,68
[1.1938646  0.01758201 0.78952557 ... 0.36693308 0.574359   0.7154278 ],[545.6441  471.21152 620.1951  ... 463.8306  492.69928 444.30292],[567.057   488.1111  630.6182  ... 479.1339  504.05414 463.60397],[221.4215  162.20222 255.65709 ... 193.02504 212.88173 193.39622],[0.         0.         0.12346505 ... 0.08844911 0.         0.        ],2,2,5,69
"[ 0.23033017  0.47363186  0.6464237  ... -0.14253046  0.2762373
  0.33010483]",[399.78384 428.55096 491.2946  ... 324.64246 370.38855 365.1874 ],[410.05585 439.12183 501.11676 ... 328.95938 381.2462  369.65735],[182.41394 230.62029 262.84763 ... 142.48724 184.44502 184.90694],[0.         0.06348091 0.         ... 0.         0.04911683 0.        ],2,2,5,70
"[ 0.77679336  0.6105705   0.90719944 ... -0.07309859  0.3114219
  0.42671865]",[478.71887 431.57028 492.09637 ... 321.29718 375.0442  380.71487],[478.71887 431.57028 492.09637 ... 321.29718 375.0442  380.71487],[278.13516 257.4147  300.06357 ... 175.67618 218.84947 221.83589],[0.         0.05470663 0.         ... 0.         0.0640173  0.        ],2,2,5,71
"[ 0.39137962  0.8064317   0.7227177  ...  0.21665388 -0.1137246
  0.7407486 ]",[410.33005 470.68967 472.36453 ... 380.59113 335.92117 409.25616],[410.33005 470.68967 472.36453 ... 380.59113 335.92117 409.25616],[209.03555 271.9102  264.52414 ... 217.27516 167.36205 252.5512 ],[0.         0.         0.         ... 0.         0.11199154 0.        ],2,2,5,72
[0.9931283  0.9607437  0.9389659  ... 0.98502207 0.88348156 1.3717402 ],[436.556 461.7   460.712 ... 450.644 433.8   469.612],[436.556 461.7   460.712 ... 450.644 433.8   469.612],[286.46982 306.99133 305.44028 ... 309.56894 295.6688  331.5492 ],[0.         0.         0.06910403 ... 0.         0.09506837 0.        ],2,2,5,73
[0.62156534 0.33300638 0.54377294 ... 0.3617642  0.12411316 0.52388984],[459.8626  419.141   466.92398 ... 431.43484 398.12665 446.29565],[472.6438  428.72876 482.48694 ... 441.95425 411.29086 460.03595],[292.57462 254.27068 295.62485 ... 283.05832 241.2661  310.30594],[0.         0.         0.09849407 ... 0.         0.03305158 0.        ],2,2,5,74
[2.71119    2.5083907  2.8869853  ... 0.93298    0.78951114 0.46434328],[736.425   699.6667  808.35    ... 474.2611  470.2611  429.37778],[736.425   699.6667  808.35    ... 474.2611  470.2611  429.37778],[451.2569  432.22717 497.54434 ... 257.6     240.43777 197.8301 ],[0.         0.08006317 0.08524867 ... 0.         0.         0.        ],2,2,5,75
[0.71766794 0.24419343 0.4699545  ... 0.22796386 0.02653166 0.54121816],[407.84366 352.0904  394.0454  ... 332.02728 304.34518 343.85452],[415.69  356.735 398.015 ... 336.955 309.205 347.4  ],[286.35617 222.25221 257.38058 ... 217.50407 184.533   226.31963],[0.        0.        0.        ... 0.        0.0488936 0.       ],2,2,5,76
[1.2506063  1.5385729  0.92079556 ... 0.47547758 0.02992338 1.1939294 ],[480.65347 515.9287  479.61264 ... 361.95584 298.01956 405.36496],[506.92883 548.5089  496.71887 ... 376.98578 310.6014  422.54092],[314.409   388.5271  306.0983  ... 223.0839  163.27084 275.73828],[0.        0.        0.        ... 0.        0.1603299 0.       ],2,2,5,77
[0.81379974 0.13183983 1.072322   ... 0.55926245 0.4512817  0.1915182 ],[386.05344 313.45932 444.88126 ... 373.64154 346.67188 315.25537],[420.62222 359.52777 491.87778 ... 411.68332 393.76666 347.86667],[247.4182  182.50645 304.62213 ... 251.49655 236.66524 193.81885],[0.         0.         0.30735132 ... 0.         0.         0.        ],2,2,5,78
[2.0321922 2.407438  2.5822077 ... 1.1724753 0.9538749 0.8297768],[747.2555  779.8531  835.8496  ... 601.6018  527.07104 479.99496],[779.0449  815.8612  876.24084 ... 643.649   568.2653  526.81226],[437.90436 489.50522 512.8617  ... 319.571   276.95404 254.97469],[0.10190133 0.12078854 0.         ... 0.         0.         0.        ],2,2,5,79
[1.5786059  1.7830297  2.0521116  ... 0.45878732 0.52236843 0.6366844 ],[638.63617 679.5307  757.9667  ... 448.06793 468.50262 472.9493 ],[640.8441  681.67474 762.20966 ... 449.9059  469.4785  473.9758 ],[514.5442  558.7407  632.5244  ... 345.41916 357.04828 360.65936],[0.06680989 0.06265125 0.         ... 0.         0.02367666 0.        ],2,2,5,80
[1.8793541  2.0563006  2.2326598  ... 0.97510636 1.0763065  1.4479295 ],[448.08612 513.33813 523.1401  ... 356.03598 373.66986 420.54913],[650.55963 737.078   794.05505 ... 539.8945  559.1789  629.5046 ],[535.8179  621.2537  658.41364 ... 432.5551  449.75272 518.4918 ],[0.05455245 0.08581227 0.07208011 ... 0.         0.05277054 0.        ],2,2,5,81
[0.36825058 0.68598926 0.18030089 ... 0.2775559  0.22275962 0.38842013],[359.50287 414.4343  365.49142 ... 332.10284 324.8857  319.30286],[359.50287 414.4343  365.49142 ... 332.10284 324.8857  319.30286],[188.1211  231.4699  186.72311 ... 190.62404 180.64507 182.46443],[0. 0. 0. ... 0. 0. 0.],2,2,5,82
[ 6.0200214  8.044862   8.23591   ... -1.0416372  0.8810203  3.2665582],[633.68195 665.4869  696.70544 ... 413.05225 449.99625 477.63837],[634.8819  667.63135 698.057   ... 414.21182 450.73523 478.4623 ],[150.76808  197.23218  201.61617  ... -11.276091  32.84321   74.95784 ],[0.5499297  0.16087045 0.48226088 ... 0.         0.39031905 0.        ],2,2,5,83
[0.55447185 0.38069865 0.38225448 ... 0.13687213 0.30601275 0.7105327 ],[417.      391.97787 418.85397 ... 337.33185 342.76547 363.64603],[417.      391.97787 418.85397 ... 337.33185 342.76547 363.64603],[255.24054 240.66656 252.56966 ... 201.72646 210.12222 236.43608],[0.         0.         0.         ... 0.         0.10281879 0.        ],2,2,5,84
[0.57439613 0.14162762 0.33738142 ... 0.40838274 0.578499   0.5429466 ],[414.9698  361.93756 411.65582 ... 386.8249  401.73608 401.15103],[418.40372 365.93478 415.57452 ... 391.80124 403.63974 403.06522],[238.40987 190.90305 218.8245  ... 229.56404 251.76549 241.20732],[0. 0. 0. ... 0. 0. 0.],2,2,5,85
[0.29729378 0.71109104 0.55954385 ... 0.29605633 0.25704774 0.05697863],[357.94498 421.51456 402.57605 ... 345.6343  341.6602  309.72168],[357.94498 421.51456 402.57605 ... 345.6343  341.6602  309.72168],[215.01178 273.1997  254.70741 ... 221.93112 212.62457 183.89522],[0.0630763 0.        0.        ... 0.        0.        0.       ],2,2,5,86
[ 2.5636988  1.6892207  2.3406305 ...  7.7421045  9.525249  12.853121 ],[ 509.41562  494.45624  611.15    ...  932.5094  1038.8969   901.7438 ],[ 509.41562  494.45624  611.15    ...  932.5094  1038.8969   901.7438 ],[210.13612 203.46382 298.45975 ... 637.8988  735.4044  628.0212 ],[0.         0.         0.47168216 ... 0.25535214 0.8434029  0.        ],2,2,5,87
[0.66656166 0.64629465 0.43940637 ... 0.18960299 0.42890817 0.42326203],[372.899   377.94778 368.60934 ... 306.2861  326.34827 300.83588],[407.08533 420.288   406.184   ... 332.52533 356.95734 324.52533],[239.11624 248.07188 221.7573  ... 182.76353 203.98576 176.19531],[0.         0.         0.         ... 0.         0.03273151 0.        ],2,2,5,88
[0.7772585  0.40323582 0.5184715  ... 0.27642    0.33326924 0.8112725 ],[492.9753  460.12344 509.98148 ... 433.25308 442.43826 438.6605 ],[492.9753  460.12344 509.98148 ... 433.25308 442.43826 438.6605 ],[257.09213 225.08133 254.0833  ... 218.26923 221.49223 218.95068],[0.         0.         0.0749878  ... 0.         0.09344763 0.        ],2,2,5,89
[0.766857   0.46745363 0.59333855 ... 0.06586675 0.42528072 0.3104996 ],[552.63434 490.31024 548.54016 ... 410.9723  485.482   433.85873],[552.63434 490.31024 548.54016 ... 410.9723  485.482   433.85873],[372.2259  326.02292 354.93237 ... 266.41348 326.27444 283.71262],[0.         0.         0.08151691 ... 0.05152713 0.         0.        ],2,2,5,90
[0.13029388 0.14964691 0.43698594 ... 0.3315233  0.20603919 0.3535559 ],[333.1102  324.35037 394.80737 ... 340.6789  325.8084  329.05762],[352.19904 350.9466  416.05826 ... 365.267   339.05826 358.4272 ],[229.25024 238.25569 294.8096  ... 266.70712 241.98932 254.39302],[0.         0.         0.07163298 ... 0.         0.         0.        ],2,2,5,91
[0.3059708  0.2241184  0.4035845  ... 0.6459962  0.44904658 0.44392553],[404.4703  402.17258 463.3161  ... 438.26443 401.3201  392.33505],[430.44775 426.27612 483.0709  ... 464.00748 418.86194 409.79105],[260.47348 253.9293  295.1019  ... 323.31052 273.81024 260.02872],[0.         0.         0.09453322 ... 0.         0.         0.        ],2,2,5,92
[1.8678969 2.0421834 1.7305125 ... 1.2134281 1.3791924 1.2437423],[635.2907  673.55817 650.32556 ... 543.27905 560.0775  527.4806 ],[635.2907  673.55817 650.32556 ... 543.27905 560.0775  527.4806 ],[468.882   524.491   478.39108 ... 405.87115 422.96237 388.62973],[0.07013876 0.         0.09976796 ... 0.05156599 0.         0.        ],2,2,5,93
[1.4030911  1.1424651  0.9889205  ... 0.29406613 0.16976319 0.10071354],[531.5105  489.9126  472.03146 ... 347.84964 308.02097 295.88812],[531.5105  489.9126  472.03146 ... 347.84964 308.02097 295.88812],[410.16898 369.4222  348.30127 ... 244.38672 206.37503 193.5487 ],[0.        0.        0.0384956 ... 0.        0.        0.       ],2,2,5,94
"[ 6.0745564   5.296846    4.965      ... -0.06827535  0.11005028
  0.7300622 ]",[1126.8344  1148.2767  1137.0808  ...  414.22165  420.41086  477.90808],[1165.1234  1192.4968  1184.9747  ...  434.83228  439.4019   496.99368],[903.4944  934.8628  900.608   ... 204.95099 206.47038 283.63406],[0.         0.         0.14966765 ... 0.         0.09938851 0.        ],2,2,5,95
[0.28851193 0.28281307 0.24401344 ... 0.35536328 0.41473714 0.08565503],[333.9472  327.92725 351.052   ... 324.83575 315.49045 263.97354],[352.23706 352.8793  368.94397 ... 354.5905  338.8319  284.0345 ],[196.30801 197.72935 196.44    ... 203.3121  198.16245 142.62695],[0.         0.         0.06659703 ... 0.         0.         0.        ],2,2,5,96
[1.7910964 1.4179142 1.7803804 ... 6.9869156 7.37411   8.809923 ],[ 589.13055  566.9143   652.1953  ... 1486.9396  1581.1576  1737.4608 ],[ 638.72485  628.3373   721.04736 ... 1641.3965  1684.6775  1798.6569 ],[ 381.23697  383.5964   444.47723 ... 1315.4426  1364.9014  1562.686  ],[0.         0.         0.4369042  ... 0.         0.46154916 0.        ],2,2,5,97
[0.9853084  1.1021036  0.92510617 ... 0.43023366 0.42426395 0.5204119 ],[566.6064  575.7922  586.85425 ... 456.08807 407.38843 412.2427 ],[568.86237 577.9743  588.15594 ... 459.27155 408.0954  414.89725],[253.94562 269.59665 250.85013 ... 198.6673  170.37679 165.60388],[0. 0. 0. ... 0. 0. 0.],2,2,5,98
[0.38988468 0.31694803 0.57917887 ... 0.2280304  0.55594724 0.3538608 ],[401.44565 378.      440.47464 ... 359.02536 385.26086 360.9565 ],[401.44565 378.      440.47464 ... 359.02536 385.26086 360.9565 ],[233.49048 223.95348 276.33655 ... 209.1229  253.12642 221.1688 ],[0.         0.         0.15361886 ... 0.0491134  0.         0.        ],2,2,5,99
"[3.1682343e+00 2.6115196e+00 2.5905199e+00 ... 3.4526584e-01 1.4491521e-03
 3.4924842e-02]",[927.44086 837.05597 840.59534 ... 456.21777 399.97858 390.83536],[938.11334 849.29553 851.86237 ... 461.97165 405.9919  399.19434],[729.7422  639.9644  637.65485 ... 295.77722 233.32867 237.89719],[0.         0.         0.09449758 ... 0.         0.         0.        ],2,2,5,100
[0.26777098 0.3766006  0.30830565 ... 0.21278132 0.2049098  0.6243866 ],[387.58337 392.84656 406.85168 ... 362.2931  332.54947 365.74188],[390.4205  393.35898 407.37692 ... 362.7923  333.0359  366.25385],[171.15671 188.53247 188.16077 ... 175.87671 157.32445 186.42706],[0.         0.         0.         ... 0.         0.06809283 0.        ],2,2,5,101
[1.063965   0.8359487  0.8091968  ... 0.43832538 0.3349929  0.56642264],[503.98895 482.24274 491.13788 ... 429.10217 406.32477 369.40723],[510.3167  493.90747 504.0427  ... 438.6726  414.79004 378.19217],[252.14978 248.63617 254.25053 ... 216.65283 199.27687 180.8109 ],[0.         0.         0.11787254 ... 0.         0.         0.        ],2,2,5,102
[3.7841978  3.1485438  4.432768   ... 0.09512464 0.79704875 0.5156054 ],[829.0707  782.28564 920.25183 ... 433.87103 484.0878  415.94238],[854.55054 798.7416  951.8689  ... 448.8914  497.52435 427.32208],[503.68326 451.01236 579.54456 ... 154.32158 203.12004 163.81908],[0.         0.15879908 0.29234198 ... 0.09863806 0.         0.        ],2,2,5,103
[1.4195987  0.08779656 0.4041275  ... 0.20348346 0.35887724 0.3786653 ],[593.7755  439.9347  510.9592  ... 431.43674 433.38367 422.1551 ],[593.7755  439.9347  510.9592  ... 431.43674 433.38367 422.1551 ],[320.14655 179.44661 223.1896  ... 183.72043 190.6058  191.81985],[0. 0. 0. ... 0. 0. 0.],2,2,5,104
[0.4722219  0.5464076  1.2707701  ... 0.15763524 0.19842704 0.05491522],[413.45074 421.85986 552.74243 ... 346.39395 341.58713 314.20456],[413.45074 421.85986 552.74243 ... 346.39395 341.58713 314.20456],[265.8275  278.0673  395.84552 ... 225.12909 221.33078 190.50911],[0.         0.14385256 0.         ... 0.         0.         0.        ],2,2,5,105
[0.45540532 0.9135886  0.7705233  ... 0.45321158 0.7398231  0.90956753],[361.76633 455.0509  437.37274 ... 372.69263 412.27402 413.52213],[422.43494 516.06506 505.38358 ... 425.9144  475.20547 481.4863 ],[319.1952  413.31613 391.45767 ... 333.609   376.54504 394.8934 ],[0.08337113 0.         0.06585072 ... 0.         0.06945435 0.        ],2,2,5,106
[0.9558697  0.9225398  1.1731613  ... 0.30026788 0.5641468  0.15079913],[496.44656 495.37625 543.1234  ... 370.77396 388.5836  339.33337],[513.6078  505.88794 557.6638  ... 388.01294 403.29742 347.93533],[307.1284  304.57874 342.68884 ... 211.34462 238.96939 164.43663],[0.         0.05433029 0.         ... 0.04874173 0.         0.        ],2,2,5,107
[0.60196507 0.8306299  0.79494077 ... 0.21672955 0.04906597 0.23842743],[464.34177 492.39896 510.338   ... 351.2365  323.58594 333.00522],[474.3883  502.67554 514.8936  ... 356.54788 326.37766 336.01596],[335.18396 383.41873 380.0824  ... 247.59651 219.37755 235.56143],[0.04971031 0.         0.         ... 0.         0.         0.        ],2,2,5,108
[1.5260175  1.3130907  2.4166887  ... 0.56979257 0.4268349  0.57331175],[500.69366 475.3146  610.3906  ... 383.2987  365.3503  366.07892],[513.1475  484.4754  619.0984  ... 397.67868 372.91803 377.79016],[331.70944 309.36896 445.99506 ... 232.03813 213.97928 227.11671],[0.         0.26027995 0.         ... 0.         0.         0.        ],2,2,5,109
[0.8775965  0.69882524 0.4710826  ... 0.18941322 0.33367005 0.44300947],[404.13168 425.0247  404.      ... 319.1605  332.13992 344.6996 ],[404.13168 425.0247  404.      ... 319.1605  332.13992 344.6996 ],[257.363   276.95047 249.2388  ... 192.30418 203.33371 210.80464],[0.         0.         0.         ... 0.07003253 0.         0.        ],2,2,5,110
[3.6806948  2.4523318  2.8755345  ... 0.59595937 1.3224275  1.5302964 ],[811.16473 733.4807  804.35626 ... 444.31317 530.03973 532.69305],[866.35034 765.2857  837.881   ... 464.43198 552.20746 549.33673],[599.58575 491.06116 545.96875 ... 239.44368 304.30124 318.79968],[0.         0.         0.39175245 ... 0.         0.1086757  0.        ],2,2,5,111
[4.04603    3.7101326  3.9727116  ... 0.26516733 0.66464925 1.4943709 ],[1025.9764   996.32526 1077.0002  ...  478.7233   493.16083  532.0687 ],[1185.2368 1158.1754 1253.886  ...  603.7193  638.1491  640.4649],[848.5156  842.6055  889.19977 ... 312.57776 356.13632 375.41156],[0.05311189 0.11378175 0.09311984 ... 0.         0.13223334 0.        ],2,2,5,112
[2.1506116  1.3340145  1.9698602  ... 0.14858356 0.04891948 0.5264019 ],[634.9727  550.54425 686.9336  ... 371.24753 356.90445 389.04727],[652.7798  565.2619  700.8095  ... 377.4345  367.20834 398.45834],[448.46786 364.84018 477.1925  ... 198.28201 181.13109 220.94048],[0.         0.         0.12265004 ... 0.         0.06470007 0.        ],2,2,5,113
[0.1173832  0.5434178  0.3866429  ... 0.41428563 0.3111233  0.4555347 ],[350.09772 406.8203  391.01566 ... 334.67776 309.3354  302.06247],[403.4074  465.53333 468.45184 ... 411.45926 383.86298 364.04074],[233.54883 311.87332 285.22568 ... 270.22333 247.22151 226.4311 ],[0. 0. 0. ... 0. 0. 0.],2,2,5,114
[0.7139452  0.5826776  0.74242496 ... 0.30011773 0.14164777 0.3621899 ],[396.3828  372.71472 396.00702 ... 322.12805 294.84753 307.64435],[408.85312 387.92938 413.87006 ... 337.49435 309.31357 319.64688],[228.76585 214.26897 233.36673 ... 181.29993 159.76314 170.49298],[0. 0. 0. ... 0. 0. 0.],2,2,5,115
[1.2051623  0.6388924  0.65454465 ... 0.27783123 0.64383495 0.45182145],[485.3861  425.0116  424.47104 ... 363.54825 403.8919  371.27798],[485.3861  425.0116  424.47104 ... 363.54825 403.8919  371.27798],[314.06158 249.83032 256.82193 ... 214.22832 258.00394 226.45663],[0.        0.        0.        ... 0.0430572 0.        0.       ],2,2,5,116
[0.08889104 0.32959586 0.63133186 ... 0.47327632 0.04027129 0.31453788],[339.64664 394.01672 456.648   ... 369.0122  310.2263  355.46915],[382.48935 447.47342 536.2394  ... 432.73935 348.14893 391.89893],[259.73218 322.26147 405.56006 ... 320.97937 236.27596 285.86386],[0.         0.09276453 0.         ... 0.         0.         0.        ],2,2,5,117
"[ 0.25473002  0.51672715  0.14227836 ...  0.06550489 -0.0416578
  0.26237857]",[304.57397 332.26785 314.20154 ... 280.1658  261.00256 276.28317],[304.57397 332.26785 314.20154 ... 280.1658  261.00256 276.28317],[165.01302 196.8367  159.45708 ... 158.60004 135.67061 159.10211],[0.         0.         0.         ... 0.         0.03640682 0.        ],2,2,5,118
[1.1428096  0.8646897  0.42415276 ... 0.5185906  0.58757246 0.42914054],[426.69046 468.70013 501.76227 ... 472.18744 461.37784 423.40146],[449.90213 483.64526 521.0153  ... 488.31192 480.84097 440.1957 ],[199.75095 240.3416  226.12401 ... 251.02364 239.26393 211.88962],[0. 0. 0. ... 0. 0. 0.],2,2,5,119
[0.75727236 0.3173484  0.5280695  ... 0.4494808  0.57332385 0.18731697],[477.45615 421.75876 461.0658  ... 404.6228  415.45615 348.78946],[477.45615 421.75876 461.0658  ... 404.6228  415.45615 348.78946],[311.66653 252.59557 288.23828 ... 263.63153 274.49176 208.8804 ],[0.         0.         0.07579689 ... 0.         0.         0.        ],2,2,5,120
[0.98755634 0.7737723  0.60672957 ... 0.23690867 0.47358006 0.6906103 ],[448.39044 430.33987 423.92978 ... 352.21066 380.7528  385.72754],[448.39044 430.33987 423.92978 ... 352.21066 380.7528  385.72754],[299.9277  287.90952 270.29987 ... 220.29124 245.67703 255.10483],[0.         0.         0.06260381 ... 0.         0.06133383 0.        ],2,2,5,121
[1.0070645  0.71438026 1.1095263  ... 0.03264075 0.17010714 0.21325484],[475.29565 430.9261  499.9826  ... 312.38696 325.23477 297.5087 ],[475.29565 430.9261  499.9826  ... 312.38696 325.23477 297.5087 ],[319.66098 279.3705  346.4442  ... 187.04791 200.30005 171.54428],[0.         0.         0.08304419 ... 0.         0.         0.        ],2,2,5,122
[1.2726781  0.87320864 0.95412725 ... 0.17902802 0.2719696  0.27819902],[478.669   434.6425  455.17316 ... 323.7454  320.1116  331.09625],[518.55084 476.85028 497.16666 ... 354.34464 356.10733 359.4548 ],[380.3619  339.09607 356.4592  ... 235.07216 240.47409 240.152  ],[0.        0.        0.0616366 ... 0.        0.        0.       ],2,2,5,123
[2.399524   1.4657533  1.9591061  ... 0.25175244 0.64764154 0.49386123],[696.8282  655.32275 764.0639  ... 441.0973  500.668   420.87146],[717.41315 683.52997 792.3982  ... 458.003   513.7545  438.45807],[482.76236 446.23938 539.9045  ... 255.89569 318.19528 245.93262],[0.         0.         0.06740509 ... 0.07478198 0.         0.        ],2,2,5,124
"[ 0.40946743  0.3814546   0.8521109  ...  0.29019576 -0.05538689
  0.41160202]",[383.61642 381.96918 442.21918 ... 342.60617 297.54453 330.00342],[383.61642 381.96918 442.21918 ... 342.60617 297.54453 330.00342],[204.64697 208.66531 273.31876 ... 193.59424 135.83145 179.91171],[0.         0.         0.         ... 0.         0.03782607 0.        ],2,2,5,125
"[ 0.30913273  0.23406553  0.7290701  ... -0.10170263  0.1299346
  0.5844054 ]",[357.4672  354.1875  406.11966 ... 293.45303 311.22574 345.81543],[377.63474 373.67365 435.68564 ... 313.52695 330.33533 373.37726],[181.0519  176.2677  233.73117 ... 135.93007 159.28969 201.00618],[0.         0.09803898 0.         ... 0.         0.085855   0.        ],2,2,5,126
[0.6343819  0.4058581  0.4120764  ... 0.31331483 0.2161008  0.35536465],[374.0684  358.37607 367.39743 ... 329.21368 315.11966 328.3889 ],[374.0684  358.37607 367.39743 ... 329.21368 315.11966 328.3889 ],[203.60234 195.86824 201.10406 ... 177.97565 165.82495 180.01009],[0.         0.         0.         ... 0.         0.03476688 0.        ],2,2,5,127
[0.4201431  0.25601852 0.345531   ... 0.30050588 0.28159598 0.6518582 ],[383.68152 370.54718 394.5815  ... 358.83417 333.5104  355.40042],[391.9448  383.77606 401.23007 ... 364.5552  340.31903 365.75766],[146.26355 134.78232 142.49097 ... 136.83855 118.84342 141.24426],[0.         0.         0.         ... 0.         0.07795279 0.        ],2,2,5,128
"[ 1.4575907   0.93459475  0.85102487 ... -0.0150021   0.10377391
  0.18286093]",[487.7688  479.19513 504.5042  ... 380.84634 393.80566 388.36383],[500.3447  488.75427 516.4812  ... 392.87372 403.66553 394.29352],[282.42776 261.4037  274.59613 ... 180.54482 191.66016 201.1837 ],[0.         0.         0.12679423 ... 0.         0.         0.        ],2,2,5,129
[0.43647805 0.54186773 0.66524833 ... 0.21767904 0.3463794  0.49187088],[352.82812 371.25    398.17188 ... 317.0547  321.96094 339.0625 ],[352.82812 371.25    398.17188 ... 317.0547  321.96094 339.0625 ],[219.54376 235.31871 260.99808 ... 197.24812 200.34167 217.984  ],[0.         0.         0.         ... 0.07044878 0.         0.        ],2,2,5,130
[0.84768796 1.3760277  0.74386364 ... 0.06582943 0.5201045  0.8457019 ],[588.31696 614.39874 590.18665 ... 453.4757  511.63397 548.4391 ],[603.29785 629.2826  608.11957 ... 469.85654 529.66956 563.2326 ],[273.07953 341.0178  261.95172 ... 204.30847 271.54074 285.5071 ],[0.         0.         0.         ... 0.         0.09423746 0.        ],2,2,5,131
[0.70327437 0.2637217  0.6921569  ... 0.20047908 0.5448237  0.44273913],[493.35095 462.8533  534.6067  ... 436.62952 437.62015 422.05173],[520.5203  478.88663 563.7762  ... 459.69476 471.21512 448.05524],[229.42319 183.72249 234.46326 ... 190.11533 214.73839 194.24721],[0.         0.         0.08303137 ... 0.08560627 0.         0.        ],2,2,5,132
"[ 0.8008891   1.1527185   1.2859216  ...  0.08927741 -0.31176874
  0.7090989 ]",[490.3813  539.6629  594.46857 ... 400.30588 354.78955 395.6146 ],[510.32962 560.1222  624.32965 ... 416.6037  366.53705 409.4889 ],[286.26062 339.92764 384.18753 ... 199.70065 141.94977 215.19734],[0.         0.04605327 0.         ... 0.         0.10754179 0.        ],2,2,5,133
[0.46936184 0.32872128 0.8232619  ... 0.15145962 0.373197   0.3175927 ],[423.72403 407.5215  492.64276 ... 353.01993 357.84927 359.0783 ],[428.1162  412.51892 498.4946  ... 355.91623 363.28107 363.07297],[224.16324 208.88612 281.36618 ... 174.4848  199.33957 185.71268],[0.         0.10107892 0.         ... 0.         0.03170705 0.        ],2,2,5,134
[0.8786346  0.8916618  0.52035683 ... 0.2558426  0.24234545 0.7993227 ],[594.5212  597.69965 572.6105  ... 449.9392  428.09555 475.76987],[604.6111  607.79736 589.67645 ... 461.5098  440.52615 493.32678],[261.58804 272.98383 231.43141 ... 196.55629 171.63116 230.27814],[0.         0.         0.         ... 0.         0.08597162 0.        ],2,2,5,135
[1.1869475  1.2283001  1.1638037  ... 0.4740466  0.38407367 0.997619  ],[523.73456 540.3555  560.7501  ... 450.05768 445.43723 519.83264],[534.9229  554.50934 568.1098  ... 456.91122 449.50235 526.7687 ],[306.1406  331.70602 327.51218 ... 252.47638 237.21095 318.75702],[0.         0.         0.         ... 0.         0.06117912 0.        ],2,2,5,136
[0.29008383 0.5468074  0.56665516 ... 0.06466067 0.4821023  0.47562423],[358.67545 376.64346 415.25674 ... 338.171   370.83966 337.59583],[375.19067 395.9144  433.4008  ... 352.16342 386.6576  353.79767],[153.70612 178.50667 186.44395 ... 146.77434 189.26123 153.74403],[0.         0.         0.         ... 0.05835577 0.         0.        ],2,2,5,137
[0.32004344 0.40182647 0.10013034 ... 0.         0.2852345  0.33830523],[349.88477 365.3197  330.67285 ... 297.0818  328.57248 314.8513 ],[349.88477 365.3197  330.67285 ... 297.0818  328.57248 314.8513 ],[215.56003 234.29573 194.47635 ... 182.07373 216.04836 201.82358],[0.         0.         0.         ... 0.         0.04849495 0.        ],2,2,5,138
[0.7348193  0.46511272 0.4668572  ... 0.29369903 0.35800007 0.5187363 ],[375.3782  354.96796 365.6346  ... 314.05127 302.78204 323.69873],[375.3782  354.96796 365.6346  ... 314.05127 302.78204 323.69873],[247.05356 215.00381 224.2743  ... 197.22424 191.15828 204.17699],[0.         0.         0.         ... 0.         0.05562957 0.        ],2,2,5,139
[0.9847221  0.59508175 0.633437   ... 0.42013058 0.481548   0.3770673 ],[517.1067  462.62332 490.64334 ... 415.6     395.65668 381.85   ],[517.1067  462.62332 490.64334 ... 415.6     395.65668 381.85   ],[304.58066 257.96664 264.38715 ... 232.61436 223.44725 197.47975],[0.         0.         0.04197241 ... 0.         0.         0.        ],2,2,5,140
[0.31418893 0.15077408 0.49280196 ... 0.19993281 0.4382401  0.19642185],[418.7108  394.52292 475.70157 ... 397.31995 439.9967  373.00156],[448.0606  414.79797 509.10437 ... 422.45456 460.34006 390.85858],[270.4619  251.95222 313.9389  ... 281.46216 304.0969  246.11945],[0.         0.0520773  0.         ... 0.04209542 0.         0.        ],2,2,5,141
[0.6049057  0.43782353 0.89447117 ... 0.1970983  0.15573873 0.63159335],[483.2869  488.05453 539.6358  ... 394.80627 397.56335 417.39175],[529.1195  521.82074 604.90564 ... 437.66037 431.25473 449.07233],[316.98    305.02502 388.63245 ... 265.84427 251.83046 273.44696],[0.         0.         0.12133192 ... 0.         0.06870037 0.        ],2,2,5,142
[0.74788207 0.41730535 0.95236737 ... 0.202547   0.39538333 0.50639087],[513.4952  469.6045  593.746   ... 427.32797 453.86172 461.1061 ],[513.4952  469.6045  593.746   ... 427.32797 453.86172 461.1061 ],[286.00525 244.75526 334.1125  ... 217.6481  239.29367 250.79007],[0.         0.05130986 0.12237082 ... 0.         0.04822009 0.        ],2,2,5,143
[0.5729805  0.33293855 0.23671731 ... 0.         0.5849978  0.65476465],[524.1158  470.35477 490.93542 ... 375.54193 427.99026 416.57773],[526.5012  474.7926  493.0469  ... 380.32593 430.442   421.35062],[299.23102 280.96054 275.8022  ... 198.37863 262.699   253.86954],[0.         0.         0.         ... 0.11223639 0.         0.        ],2,2,5,144
[1.2171359  0.9236316  1.2576412  ... 0.40935412 0.8021691  0.32123417],[490.95328 478.6253  528.8382  ... 379.30145 409.21613 340.60745],[510.56067 481.9205  540.8243  ... 386.1883  412.12134 344.06696],[318.09058 296.28012 342.05396 ... 231.63754 254.24889 180.5951 ],[0.        0.        0.        ... 0.0683972 0.        0.       ],2,2,5,145
[0.8805441  0.58311576 0.43004262 ... 0.23085961 0.         0.30445534],[454.85962 452.2587  463.16336 ... 375.71143 336.57315 335.8345 ],[462.04944 455.79086 473.3194  ... 381.95056 341.88214 339.8479 ],[287.9864  273.34854 258.30994 ... 202.7251  169.17336 180.90349],[0. 0. 0. ... 0. 0. 0.],2,2,5,146
[0.7870821  0.68454367 0.70974004 ... 0.26164183 0.23212995 0.17271218],[495.49045 485.4828  502.82452 ... 392.50494 381.09473 343.16077],[516.13544 500.89584 528.03125 ... 409.58334 402.54688 365.80728],[350.00012 333.94397 346.21408 ... 253.42911 247.27672 223.94385],[0.         0.         0.04413826 ... 0.         0.         0.        ],2,2,5,147
"[ 0.8702193   0.411476    0.4710114  ... -0.08669545  0.08669545
  0.8301501 ]",[491.7499  454.18698 506.6631  ... 368.03195 374.64862 399.6577 ],[492.63855 454.9759  510.11246 ... 369.00803 381.6787  400.502  ],[258.9091  239.82588 254.97852 ... 165.46933 175.29918 207.62863],[0.        0.        0.        ... 0.        0.1203346 0.       ],2,2,5,148
[1.0329405  1.0851822  0.91762465 ... 0.28599417 0.5791387  0.73309493],[370.20197 375.7677  384.5986  ... 310.82187 341.1591  341.95532],[547.95496 542.36035 548.9775  ... 439.7973  473.3874  507.45947],[367.33893 380.51135 366.04755 ... 285.69702 338.2329  363.1178 ],[0.         0.         0.08208672 ... 0.         0.04978912 0.        ],2,2,5,149
[0.9908403  0.18937764 0.50844187 ... 0.5217174  0.50946194 0.41904348],[469.23575 373.02283 441.91254 ... 408.06464 397.64258 375.64258],[469.23575 373.02283 441.91254 ... 408.06464 397.64258 375.64258],[281.7467  193.58113 243.01254 ... 244.65613 241.99191 218.18193],[0.         0.         0.05055803 ... 0.         0.         0.        ],2,2,5,150
[2.1992426 1.6448913 2.556661  ... 2.2590442 3.9055774 4.261203 ],[548.14667 532.8587  575.46436 ... 478.55356 513.36304 470.04666],[606.9687  594.8727  651.12524 ... 537.6367  585.5804  532.8998 ],[174.09927 147.7536  194.78052 ... 147.86108 189.14073 158.44969],[0.         0.         0.32410812 ... 0.29226828 0.20075835 0.        ],2,2,5,151
[0.7735749  0.37571678 0.23660612 ... 0.         0.28300554 0.        ],[446.15576 394.0161  396.20258 ... 332.24176 365.26453 309.01556],[466.7647  410.11765 410.58823 ... 339.457   375.57013 319.28055],[299.99976 247.99571 233.072   ... 201.03366 231.59415 177.82149],[0. 0. 0. ... 0. 0. 0.],2,2,5,152
[3.9066057  3.1717474  3.344786   ... 0.34705403 0.45370507 0.5822199 ],[814.21405 756.5821  775.85925 ... 375.55804 377.34723 365.6424 ],[817.53613 757.1837  776.4759  ... 376.1446  377.91867 366.244  ],[624.0589  566.43463 590.9586  ... 213.47243 219.6926  212.64198],[0.         0.         0.09063576 ... 0.05908227 0.         0.        ],2,2,5,153
"[ 0.7376154   0.4668049   0.31843635 ...  0.10333855 -0.06017072
  0.23858397]",[460.15262 444.1998  445.39444 ... 405.38147 385.59692 400.6469 ],[462.36826 445.47296 451.69257 ... 406.68243 386.84122 405.5439 ],[286.64856 268.64822 253.9445  ... 241.87706 212.16707 249.0063 ],[0. 0. 0. ... 0. 0. 0.],2,2,5,154
[1.4663363  0.7243613  2.7520099  ... 0.7181232  1.3036782  0.96932375],[636.3095  551.8562  835.0336  ... 537.6117  567.8004  500.21173],[664.5326  579.2578  868.8952  ... 563.1926  594.33997 523.3286 ],[334.7881  248.65535 522.46326 ... 288.0583  317.11575 247.04971],[0.         0.3388663  0.15014213 ... 0.20753965 0.         0.        ],2,2,5,155
"[ 0.34202066  0.387443    0.7239861  ...  1.6267911   1.9161825
 14.200595  ]",[ 420.84     426.248    541.71375 ...  380.5718   367.9852  1002.464  ],[ 535.9766  530.7544  680.3041 ...  475.4152  473.9766 1117.1052],[286.63196 294.62305 399.37552 ... 216.4372  227.24072 878.00354],[0.         0.         0.11070048 ... 0.         1.4176446  0.        ],2,2,5,156
[0.24852073 0.25667387 0.15274055 ... 0.0383152  0.2782877  0.1849338 ],[284.03754 300.46118 300.77545 ... 277.56668 304.02222 273.05847],[328.1077  336.29614 337.8231  ... 322.3923  338.96155 313.16922],[209.81252 213.64333 211.2812  ... 197.50305 223.03537 203.47267],[0.       0.       0.       ... 0.041976 0.       0.      ],2,2,5,157
[0.99566996 0.98576665 0.8961903  ... 0.45920452 0.01448796 0.        ],[472.22858 470.4198  507.04593 ... 412.2612  360.292   346.13635],[485.05472 489.33917 527.61487 ... 426.5558  373.15756 358.19476],[195.13857 207.51299 203.48805 ... 165.24654 120.56812 118.15935],[0. 0. 0. ... 0. 0. 0.],2,2,5,158
[0.5917993  0.9058081  1.0953656  ... 0.77128565 1.7324531  1.5396754 ],[527.6765  561.2108  622.3242  ... 509.82755 557.8951  481.65897],[537.23566 574.8663  641.7516  ... 519.5966  571.7601  494.8238 ],[160.47221 213.05759 259.471   ... 191.68521 258.61722 210.08432],[0.         0.         0.07640153 ... 0.24635513 0.         0.        ],2,2,5,159
[0.3714874  0.79305273 0.62330997 ... 0.09089064 0.17507334 0.12841673],[331.2637  398.909   372.45377 ... 286.04544 287.93842 278.27277],[399.00867 467.4329  453.94373 ... 328.1602  330.86148 323.14285],[288.60602 363.77832 337.48648 ... 232.72142 239.64398 231.18939],[0.05567902 0.         0.         ... 0.         0.         0.        ],2,2,5,160
[0.69296104 0.33869448 0.8686048  ... 0.7622772  0.65182215 0.770926  ],[401.12634 366.6371  442.3414  ... 410.5457  384.66397 395.03494],[401.12634 366.6371  442.3414  ... 410.5457  384.66397 395.03494],[216.7227  185.20584 247.28398 ... 231.20139 218.05234 228.27408],[0.         0.         0.24897625 ... 0.         0.         0.        ],2,2,5,161
[0.79606503 0.4810122  0.40334335 ... 0.16291313 0.41254154 0.21538931],[501.59164 482.70184 504.97012 ... 450.06805 478.28122 394.1616 ],[505.98456 489.50192 513.99615 ... 457.86487 481.9498  402.9112 ],[286.8632  271.00632 265.82416 ... 250.24535 279.464   209.92992],[0.         0.         0.06451751 ... 0.         0.         0.        ],2,2,5,162
"[ 1.8654903   0.79079324  0.51257825 ... -0.12570015  0.11010598
  0.21421096]",[491.89786 489.3097  498.50067 ... 371.97018 390.24548 380.7615 ],[503.99478 508.45312 505.58853 ... 378.9375  399.22397 390.14584],[206.59634 213.4478  198.19618 ... 128.87645 145.04356 136.07637],[0. 0. 0. ... 0. 0. 0.],2,2,5,163
[0.49477884 0.2196437  0.3062774  ... 0.20130077 0.2773093  0.41274795],[365.87082 336.73685 361.41626 ... 326.65073 338.94736 343.88037],[365.87082 336.73685 361.41626 ... 326.65073 338.94736 343.88037],[229.9133  212.09482 227.15099 ... 213.3915  215.3083  227.36632],[0.         0.         0.         ... 0.         0.05674274 0.        ],2,2,5,164
[0.9515974  0.41479787 0.6228831  ... 0.67231447 0.83272547 0.6807576 ],[489.65732 419.58987 493.38763 ... 422.      456.15732 385.5    ],[489.65732 419.58987 493.38763 ... 422.      456.15732 385.5    ],[318.48944 257.0092  299.60733 ... 281.86234 302.35153 248.21971],[0.         0.         0.04423529 ... 0.07432044 0.         0.        ],2,2,5,165
[0.8730179  0.3992865  0.5078893  ... 0.1644957  0.04180073 0.3500624 ],[429.86395 388.87115 435.26572 ... 365.65454 353.91617 377.36087],[455.95032 402.44098 448.46585 ... 385.0559  373.47205 398.44098],[259.17007 212.04424 231.6359  ... 207.44151 189.66466 222.081  ],[0.         0.         0.08662792 ... 0.         0.         0.        ],2,2,5,166
"[ 0.18144505  0.36545026  0.3384602  ... -0.1125233   0.21071829
  0.40283555]",[401.02066 423.39886 447.95697 ... 373.80698 400.0997  392.1423 ],[403.85938 425.18973 449.96207 ... 377.5625  404.93527 395.91965],[156.34328 183.94734 181.90738 ... 135.46315 171.72502 179.16492],[0.         0.         0.         ... 0.         0.06515984 0.        ],2,2,5,167
"[ 1.0304599   1.0048728   0.8007073  ... -0.07584197  0.11568504
  0.4712287 ]",[397.70407 402.63705 411.4411  ... 262.8588  293.66272 327.2093 ],[471.3975  476.05438 463.84937 ... 311.48535 337.66946 375.20084],[343.84915 357.1834  339.04852 ... 205.85786 233.9933  276.6463 ],[0.         0.         0.03605542 ... 0.         0.06005509 0.        ],2,2,5,168
[0.9106294  0.42513892 0.9782965  ... 0.04344507 0.40764615 0.        ],[432.87082 401.73837 482.28726 ... 323.93692 355.03558 303.8396 ],[448.91876 412.64706 503.38657 ... 331.89075 363.4538  314.39777],[223.11057  177.65152  243.45967  ... 127.963425 152.77994  105.69807 ],[0.         0.         0.14061384 ... 0.03125663 0.         0.        ],2,2,5,169
[0.45186564 0.47162864 0.6780919  ... 0.23199183 0.3283782  0.3066435 ],[359.75772 372.9752  401.79172 ... 316.42148 326.40973 311.53696],[382.1671  393.7682  426.9488  ... 336.469   345.1752  333.41238],[197.87405 205.04373 229.69417 ... 169.7023  178.89204 168.82182],[0.         0.         0.07777099 ... 0.03544244 0.         0.        ],2,2,5,170
[1.4733658  1.2674541  1.6802019  ... 0.38065276 0.47931632 0.34286788],[569.7992  550.6575  629.80316 ... 455.50394 463.02362 416.86615],[569.7992  550.6575  629.80316 ... 455.50394 463.02362 416.86615],[351.5089  334.07446 391.886   ... 229.19528 241.27148 214.91559],[0.         0.         0.13359112 ... 0.         0.         0.        ],2,2,5,171
[8.684732   8.984482   8.00915    ... 0.71927077 0.7570593  0.8730608 ],[1385.5231  1417.637   1364.7986  ...  438.8527   409.11713  414.5237 ],[1410.3066  1456.3524  1399.3954  ...  454.95703  422.39542  423.1089 ],[1125.9072  1171.8596  1106.4741  ...  236.38878  207.46039  191.35464],[0.38675502 0.         0.34638682 ... 0.         0.04452734 0.        ],2,2,5,172
[0.7447231  0.7273753  0.24256606 ... 0.11007736 0.09702563 0.2155071 ],[375.1318  378.59555 336.98724 ... 302.44894 297.15515 307.82788],[424.764   428.09735 373.29202 ... 334.4395  326.83185 340.46313],[259.616   274.29727 214.5958  ... 200.30325 193.99567 209.512  ],[0.         0.         0.02410937 ... 0.         0.         0.        ],2,2,5,173
"[ 0.6216892   0.50156057  0.39020404 ...  0.03828857 -0.01762178
  0.0673414 ]",[394.59286 395.7     391.12857 ... 317.15714 312.27142 309.80713],[394.59286 395.7     391.12857 ... 317.15714 312.27142 309.80713],[256.61768 260.1715  245.94641 ... 202.84273 193.76111 196.85399],[0. 0. 0. ... 0. 0. 0.],2,2,5,174
[1.1278436  0.70732206 1.2524889  ... 0.51077455 0.43240383 0.60115725],[570.2732  530.18555 675.09796 ... 443.20877 440.95877 438.77063],[570.2732  530.18555 675.09796 ... 443.20877 440.95877 438.77063],[350.7918  314.944   409.43594 ... 247.10178 236.17642 242.7778 ],[0.         0.08089344 0.05585638 ... 0.         0.         0.        ],2,2,5,175
"[ 0.6845385   0.3278819   0.596654   ... -0.01322836  0.40083525
  0.55746585]",[449.67026 391.09436 468.87836 ... 331.47903 390.47293 369.7563 ],[473.44766 409.34885 489.36627 ... 359.5465  423.26746 399.36627],[294.17654 242.92433 304.4745  ... 196.14072 260.4103  241.8225 ],[0.         0.         0.         ... 0.         0.07494872 0.        ],2,2,5,176
[1.8794286  2.0136523  3.1762369  ... 0.54328024 0.20286879 0.86456037],[520.71185 532.3872  687.87146 ... 413.02094 364.78812 429.4107 ],[635.0522  656.6466  812.9036  ... 516.7108  453.18475 515.7028 ],[294.60944 311.8252  431.18735 ... 225.31075 160.40001 224.41357],[0.         0.26081014 0.14271888 ... 0.         0.05840191 0.        ],2,2,5,177
[0.06515017 0.2878687  0.3206282  ... 0.4378203  0.16933961 0.43410453],[265.02826 300.495   304.2582  ... 302.2106  277.66025 289.79697],[311.04877 350.1498  356.08014 ... 362.1498  324.40765 345.32404],[154.89723 182.44026 192.04184 ... 211.96773 172.27933 198.96114],[0. 0. 0. ... 0. 0. 0.],2,2,5,178
[3.791009   2.6258826  1.7232236  ... 0.42229125 0.18314812 0.45416415],[650.8126  573.3946  522.065   ... 364.85007 326.51468 316.3608 ],[688.2385  610.49084 548.0321  ... 381.59634 345.04587 343.5734 ],[492.30658 424.4397  332.3295  ... 201.26137 172.72992 184.36418],[0. 0. 0. ... 0. 0. 0.],2,2,5,179
[0.81293803 0.643596   0.3572019  ... 0.44756487 0.4211411  0.7373969 ],[363.32605 373.9218  342.67984 ... 369.67688 343.6818  384.36267],[410.77988 418.69183 378.11322 ... 404.1824  393.94968 438.62265],[301.0703  310.10416 266.20798 ... 306.58636 293.09265 346.208  ],[0.         0.         0.         ... 0.         0.05090197 0.        ],2,2,5,180
[0.7882929  1.0050544  1.127845   ... 0.15515545 0.2840537  0.30141145],[340.58505 367.2412  406.1618  ... 275.58414 278.7103  292.84668],[419.13538 466.8277  503.96924 ... 333.0677  346.86462 349.56   ],[261.86133 317.2859  342.11972 ... 204.2389  216.8763  217.37184],[0.         0.06085665 0.07927351 ... 0.         0.02529356 0.        ],2,2,5,181
[0.607098   0.44546062 0.8798396  ... 0.326529   0.63670826 1.0048912 ],[444.72937 417.42203 499.76605 ... 401.52295 448.22937 464.18808],[444.72937 417.42203 499.76605 ... 401.52295 448.22937 464.18808],[228.6288  218.81895 282.45926 ... 219.83412 260.22302 290.84076],[0.         0.         0.21281463 ... 0.         0.11228893 0.        ],2,2,5,182
[1.8397464  1.6019638  1.3721946  ... 0.23464094 0.16947442 0.4027923 ],[546.9573  529.2137  505.6752  ... 334.94873 303.3889  311.7436 ],[546.9573  529.2137  505.6752  ... 334.94873 303.3889  311.7436 ],[367.82632 355.91208 328.66403 ... 183.03497 146.13965 171.42079],[0.         0.         0.         ... 0.         0.03362463 0.        ],2,2,5,183
[0.2241406  0.38260496 0.27713388 ... 0.17252491 0.26767838 0.22832344],[326.9612  352.75565 334.9798  ... 293.44684 296.35193 273.76584],[379.78815 408.6978  392.31775 ... 343.53894 354.29285 324.80997],[255.0818  284.24292 267.01443 ... 241.89867 248.16096 222.76968],[0.         0.         0.06415025 ... 0.02366049 0.         0.        ],2,2,5,184
[0.71867514 0.02788627 0.37319613 ... 0.4273001  0.4434684  0.5533605 ],[451.91177 368.48038 416.67157 ... 404.87744 391.2892  398.38727],[451.91177 368.48038 416.67157 ... 404.87744 391.2892  398.38727],[259.77676 172.70522 222.08621 ... 232.25262 228.28957 232.55904],[0. 0. 0. ... 0. 0. 0.],2,2,5,185
[0.93399113 0.73781466 0.9366925  ... 0.11826938 0.21042834 0.5019259 ],[456.06967 416.33212 460.25385 ... 328.618   333.6611  362.42865],[466.67368 427.3649  471.97894 ... 339.34738 342.807   379.1193 ],[272.95264 251.31718 280.64938 ... 179.25786 190.71779 228.35141],[0.         0.04358038 0.         ... 0.         0.05139952 0.        ],2,2,5,186
[1.6684155  1.2570738  1.3895859  ... 1.0986911  0.96211547 1.5031596 ],[658.1181  618.17346 648.6568  ... 601.1402  589.5424  680.1181 ],[658.1181  618.17346 648.6568  ... 601.1402  589.5424  680.1181 ],[444.6552  401.21545 432.4198  ... 421.58728 393.92313 487.3676 ],[0.         0.         0.06596955 ... 0.         0.06590012 0.        ],3,2,5,0
"[ 0.9909258   0.51042724  0.63214725 ...  0.36493802 -0.04611552
  0.45079052]",[416.58517 378.9149  424.67514 ... 357.21875 309.7494  348.9597 ],[461.03845 411.20087 464.7906  ... 394.74786 346.80768 395.01282],[238.86607 203.47125 239.1136  ... 203.88588 147.93427 196.64243],[0.         0.         0.         ... 0.         0.04686365 0.        ],3,2,5,1
[0.2787471  0.30741012 0.0843666  ... 0.21858451 0.5897237  0.14925699],[357.307   386.75626 335.50177 ... 370.8237  426.51495 334.1671 ],[368.30286 395.17715 359.66287 ... 384.65714 446.8343  344.46857],[269.42773 303.2882  264.2607  ... 296.28104 359.86392 251.12666],[0.         0.         0.         ... 0.08226161 0.         0.        ],3,2,5,2
[0.7733092  0.86246854 0.67007947 ... 0.5513721  0.6068252  0.48351958],[462.73022 495.6114  465.7976  ... 439.84604 425.54767 408.70657],[481.55634 514.2042  485.2676  ... 457.14438 442.20773 418.9824 ],[316.0403  338.04932 310.74518 ... 304.33765 286.5533  266.10062],[0.         0.         0.09966251 ... 0.         0.         0.        ],3,2,5,3
"[ 0.8605769   0.95281833  1.4566886  ... -0.09549981  0.42541164
  0.2902142 ]",[449.551   487.98325 556.8537  ... 359.2574  395.95776 386.73077],[450.4937  491.5063  559.19244 ... 359.99582 398.90378 389.40167],[239.82185 271.6484  334.78616 ... 152.51688 213.31384 194.07289],[0.         0.07599305 0.10040145 ... 0.04051479 0.         0.        ],3,2,5,4
[3.4092631 2.7233381 3.375079  ... 1.8279331 1.714767  2.0993974],[766.96515 782.0628  893.35614 ... 680.28827 666.8309  685.38196],[831.43567 864.69305 979.48517 ... 736.16833 728.6485  745.45544],[604.4409  645.418   748.9952  ... 544.67194 514.36395 565.1166 ],[0.         0.         0.28800237 ... 0.         0.06906453 0.        ],3,2,5,5
[0.71963805 0.5736339  0.51896197 ... 0.58644086 0.7096433  0.43581906],[527.14935 508.98065 509.827   ... 471.18558 475.71664 417.97232],[534.8562  515.2575  515.6187  ... 474.9699  479.9331  423.80936],[280.1937  265.959   265.14774 ... 275.2825  279.8936  223.94542],[0.         0.         0.07114635 ... 0.         0.         0.        ],3,2,5,6
[0.45116723 0.04019397 0.5402567  ... 0.21939783 0.08841518 0.3793151 ],[308.34802 263.9621  334.9504  ... 272.09955 262.92776 295.8347 ],[365.00854 316.08975 401.12393 ... 326.4701  310.1282  339.69232],[235.62312 191.9872  266.15988 ... 213.4815  191.27032 222.362  ],[0.         0.03622733 0.         ... 0.         0.03902072 0.        ],3,2,5,7
[0.83256906 0.617197   0.4133899  ... 1.33632    1.1102995  1.8964813 ],[429.49664 412.24615 378.53824 ... 582.45575 513.11395 647.3271 ],[520.9202  490.02148 459.39264 ... 661.32825 593.9356  730.83435],[394.45642 365.823   330.03784 ... 542.39014 475.68362 616.74994],[0.         0.         0.         ... 0.         0.11590395 0.        ],3,2,5,8
[1.1190941  0.7068044  0.4164176  ... 0.24557291 0.10907125 0.15358268],[553.9622  516.3497  466.18106 ... 395.41592 357.00034 367.3757 ],[564.88495 522.0219  476.3452  ... 403.57535 363.35892 373.00275],[430.86118 384.95288 327.7999  ... 289.15833 257.30185 264.62955],[0.         0.         0.05972711 ... 0.         0.         0.        ],3,2,5,9
[0.54362863 0.6616925  0.65933996 ... 0.4749762  0.00308557 0.3168497 ],[419.98764 443.3004  451.76956 ... 460.95886 392.36215 418.86832],[419.98764 443.3004  451.76956 ... 460.95886 392.36215 418.86832],[222.77689 243.42542 253.9447  ... 274.439   199.04744 240.81847],[0.        0.        0.1513926 ... 0.        0.        0.       ],3,2,5,10
[1.1146752  0.60581243 1.1682204  ... 0.7762537  0.23442401 0.64618504],[392.31393 359.06644 403.98697 ... 393.15396 327.88434 335.85034],[433.28088 391.28653 464.88763 ... 424.15167 367.65732 385.63483],[232.67969 191.6229  249.2937  ... 226.63327 164.84906 195.9357 ],[0. 0. 0. ... 0. 0. 0.],3,2,5,11
"[ 1.1604701   1.1435286   2.4839861  ...  0.21027367 -0.00642879
  0.10442042]",[468.29462 469.5728  674.06854 ... 333.13052 295.37827 322.97348],[553.91925 557.6192  793.9385  ... 408.36923 363.02307 377.3654 ],[414.71704 428.38333 673.48346 ... 290.26978 242.83301 260.1268 ],[0.         0.32887316 0.         ... 0.         0.         0.        ],3,2,5,12
[0.7854214  0.46363005 0.6713691  ... 0.15131395 0.1074672  0.15054901],[381.45    383.22693 418.1769  ... 357.4346  343.34616 343.3    ],[381.45    383.22693 418.1769  ... 357.4346  343.34616 343.3    ],[193.34834 199.25577 233.50752 ... 196.20529 183.44603 177.29404],[0. 0. 0. ... 0. 0. 0.],3,2,5,13
[1.1327118  1.2055821  0.8230403  ... 0.8571298  1.0926988  0.90667963],[556.3727  582.2671  544.80743 ... 512.0062  547.8447  499.19876],[556.3727  582.2671  544.80743 ... 512.0062  547.8447  499.19876],[383.88354 405.60892 376.5496  ... 357.0951  393.94577 353.68872],[0.        0.        0.0825103 ... 0.        0.        0.       ],3,2,5,14
[0.47503364 0.6363251  0.7120532  ... 0.03585192 0.4556331  0.3718025 ],[316.9317  333.2789  355.68268 ... 282.05103 330.5108  296.71222],[479.0909  489.6027  514.46466 ... 396.266   461.10437 428.0909 ],[233.21635 266.25528 286.8608  ... 195.08406 249.10204 236.32646],[0.         0.03755353 0.         ... 0.05987578 0.         0.        ],3,2,5,15
[0.26395118 0.43956718 0.39868948 ... 1.5894723  1.0930538  1.5611203 ],[374.59137 388.59085 405.87753 ... 537.8905  476.74304 545.4306 ],[407.48706 423.43103 437.4095  ... 618.4483  535.84485 591.9914 ],[225.47644 252.6852  253.57686 ... 446.08148 366.01508 424.66522],[0.         0.         0.03514623 ... 0.         0.06476092 0.        ],3,2,5,16
[0.7029847  0.49455902 0.70058125 ... 0.55929357 0.01789565 0.5018624 ],[485.67688 460.0136  488.82312 ... 440.7415  358.40475 421.96597],[485.67688 460.0136  488.82312 ... 440.7415  358.40475 421.96597],[265.03906 251.71698 280.71155 ... 248.98395 173.75668 230.29076],[0. 0. 0. ... 0. 0. 0.],3,2,5,17
"[ 2.1080163   0.5935793   0.9484206  ...  0.5096826  -0.04705179
  0.69413877]",[466.6656  381.49518 424.48874 ... 376.65274 327.0193  383.44373],[466.6656  381.49518 424.48874 ... 376.65274 327.0193  383.44373],[235.65361  152.54007  183.78178  ... 175.23686  121.281456 182.65903 ],[0.         0.         0.06389149 ... 0.         0.07240511 0.        ],3,2,5,18
[0.17250879 0.0088691  0.05420595 ... 0.08325996 0.19947378 0.23568529],[322.51453 307.06638 308.92947 ... 309.39835 322.6473  326.78424],[322.51453 307.06638 308.92947 ... 309.39835 322.6473  326.78424],[175.24405 163.62823 172.23703 ... 176.07211 189.4083  193.42035],[0.         0.         0.05776651 ... 0.         0.02719003 0.        ],3,2,5,19
"[ 0.5354257   0.4582566   0.63384926 ... -0.06363173  0.10506981
  0.02935105]",[300.76114 293.94803 320.70483 ... 241.3625  269.60098 260.14688],[370.33212 359.30292 398.96716 ... 287.35767 314.77008 299.88687],[278.60413 269.62366 302.4171  ... 204.41406 231.4997  217.84456],[0.         0.         0.06665582 ... 0.         0.         0.        ],3,2,5,20
[0.45008734 0.5887286  0.20801905 ... 0.25154632 0.23324178 0.13472323],[468.57648 476.8525  436.43063 ... 442.14713 427.35477 414.5691 ],[469.3992  477.9597  437.2137  ... 443.11694 428.33066 416.5645 ],[255.26247 284.59207 228.96722 ... 260.46463 245.51636 226.29158],[0.         0.         0.11633126 ... 0.         0.         0.        ],3,2,5,21
[0.5689309  0.23774508 0.32301125 ... 0.10490704 0.10548423 0.25454053],[378.3854  328.08185 353.12466 ... 326.15952 330.67142 351.24152],[418.36417 370.8448  402.29254 ... 368.0179  368.04178 390.67462],[318.2365  276.4558  300.10712 ... 277.34927 276.51984 302.28772],[0.         0.         0.08107037 ... 0.         0.04274736 0.        ],3,2,5,22
[0.4349003  0.8771311  1.0461687  ... 0.21973267 0.61329    1.1041299 ],[408.34827 478.91034 512.0517  ... 363.18622 423.73105 441.4655 ],[408.34827 478.91034 512.0517  ... 363.18622 423.73105 441.4655 ],[234.0744  301.77573 336.24155 ... 209.3605  262.61743 293.73096],[0.08079941 0.         0.21238463 ... 0.         0.1526585  0.        ],3,2,5,23
"[ 0.50513965  0.44786882  0.122158   ...  0.37859464 -0.05339621
  0.0097172 ]",[376.70206 372.861   345.17715 ... 363.1833  284.88718 296.3139 ],[398.26746 400.55426 365.53488 ... 378.20154 298.36047 307.31784],[292.48148 294.99466 258.09354 ... 284.41187 204.8239  214.93806],[0. 0. 0. ... 0. 0. 0.],3,2,5,24
[0.22989863 0.12322132 0.291988   ... 0.0532955  0.25154462 0.18488371],[310.12256 300.56598 328.50296 ... 279.0504  300.41336 281.53384],[391.78522 395.45422 439.1655  ... 358.57745 380.16196 366.27817],[248.16158 242.0582  276.45367 ... 229.79854 258.8682  236.18553],[0. 0. 0. ... 0. 0. 0.],3,2,5,25
[0.6663865  0.71695644 0.09843648 ... 0.09543522 0.14731383 0.21974161],[356.72943 363.00656 289.20917 ... 277.7034  282.62454 282.90952],[406.0672  423.20947 338.65613 ... 329.21738 328.06323 326.67194],[251.14133 269.8751  187.30595 ... 187.4625  191.96562 198.45593],[0. 0. 0. ... 0. 0. 0.],3,2,5,26
[0.53045225 0.16293442 0.576628   ... 0.3138054  0.31242737 0.1315925 ],[355.1661  307.8678  360.95932 ... 324.71866 322.3254  294.339  ],[355.1661  307.8678  360.95932 ... 324.71866 322.3254  294.339  ],[209.35614 169.73938 219.78278 ... 198.92561 197.44565 166.86171],[0.         0.02830221 0.         ... 0.         0.         0.        ],3,2,5,27
[0.36259845 0.39986855 0.4689444  ... 0.04268812 0.2980862  0.14641796],[362.51382 362.3757  386.54144 ... 327.17126 347.49722 332.61877],[362.51382 362.3757  386.54144 ... 327.17126 347.49722 332.61877],[206.68118 214.8758  227.60481 ... 182.99834 215.75037 189.51346],[0.        0.        0.        ... 0.0305877 0.        0.       ],3,2,5,28
[0.31062594 0.06981365 0.3968328  ... 0.3313958  0.23767129 0.41847673],[333.72827 310.22827 366.05978 ... 332.93478 319.88586 337.7337 ],[333.72827 310.22827 366.05978 ... 332.93478 319.88586 337.7337 ],[203.88235 185.40945 234.62978 ... 220.07137 206.40253 222.45871],[0.        0.        0.        ... 0.        0.0310041 0.       ],3,2,5,29
[0.5328344  0.22462003 0.5790984  ... 0.10656377 0.23458782 0.12018231],[391.3256  357.56146 422.39536 ... 339.28238 351.3322  324.92358],[391.3256  357.56146 422.39536 ... 339.28238 351.3322  324.92358],[223.00906 193.0482  243.45766 ... 190.07588 199.96407 179.41666],[0.         0.         0.05095311 ... 0.02701129 0.         0.        ],3,2,5,30
[0.43624675 0.26242408 0.28521279 ... 0.08343659 0.15831089 0.        ],[342.41214 317.2905  336.1077  ... 285.64792 287.27768 263.7361 ],[348.1865  324.6865  343.85318 ... 290.32938 293.8095  268.96033],[220.927   205.78801 213.65918 ... 184.59036 193.06052 158.20181],[0.         0.         0.03844018 ... 0.         0.         0.        ],3,2,5,31
[1.0188318  1.0435437  1.3963838  ... 0.87527996 0.527653   0.5590853 ],[430.95578 441.69852 504.93857 ... 430.5699  366.4402  364.22626],[483.6022  478.09393 542.5359  ... 464.35913 391.9503  397.33148],[312.0858  316.23547 364.1788  ... 316.94763 242.47903 246.27574],[0.         0.         0.22837207 ... 0.         0.         0.        ],3,2,5,32
[0.82528013 0.619768   0.7681004  ... 0.228538   0.54967684 0.3922357 ],[438.9488  395.81912 433.16724 ... 342.90784 392.7679  369.5324 ],[438.9488  395.81912 433.16724 ... 342.90784 392.7679  369.5324 ],[290.8997  262.74826 294.26163 ... 223.84769 270.8114  246.85478],[0.         0.         0.17212646 ... 0.0401732  0.         0.        ],3,2,5,33
[0.32064122 0.31450433 0.28585628 ... 0.14599691 0.08632357 0.15413508],[322.9697  330.14014 339.27652 ... 307.58334 292.39014 298.35605],[322.9697  330.14014 339.27652 ... 307.58334 292.39014 298.35605],[207.21193 224.38629 221.92786 ... 204.6282  191.79205 201.26361],[0. 0. 0. ... 0. 0. 0.],3,2,5,34
[1.4713553  1.1804705  1.3396419  ... 0.44105315 0.23772934 0.4332798 ],[514.2711  497.5073  548.5481  ... 448.4315  421.27698 439.16327],[514.2711  497.5073  548.5481  ... 448.4315  421.27698 439.16327],[248.93555 234.1874  263.07587 ... 207.7046  182.157   200.7327 ],[0.         0.         0.17044055 ... 0.         0.         0.        ],3,2,5,35
"[ 0.18355575  0.19138776 -0.02109873 ...  0.41324204  0.37138847
  0.21325158]",[363.26834 361.15085 341.56686 ... 369.32523 354.09238 330.12012],[364.2166  361.82672 346.02167 ... 369.87003 354.75092 330.7184 ],[180.12086 191.07326 166.80408 ... 205.15515 193.6486  166.54024],[0. 0. 0. ... 0. 0. 0.],3,2,5,36
[0.6222113  0.50901634 0.54247695 ... 0.14281236 0.0050164  0.01769061],[385.54022 380.73685 390.23178 ... 321.29984 311.22446 297.3132 ],[405.3588  401.1362  410.63455 ... 337.04984 324.4618  310.6578 ],[213.62569 214.99036 223.33914 ... 164.48486 146.2607  140.9671 ],[0. 0. 0. ... 0. 0. 0.],3,2,5,37
[1.0067188  1.0199674  0.6485074  ... 0.7288019  0.55634063 0.13780957],[452.09436 473.01218 428.7499  ... 431.82794 402.72485 346.7577 ],[460.06464 474.6806  433.12167 ... 434.29657 403.8365  347.45627],[271.83115 274.01862 237.87383 ... 263.27783 241.0452  185.75452],[0.        0.        0.1309846 ... 0.        0.        0.       ],3,2,5,38
[1.6812778  1.3354795  1.3278972  ... 0.07771552 0.20554517 0.2206865 ],[530.5449  483.79843 524.17615 ... 314.86365 334.6254  324.61716],[689.68243 624.14526 664.7432  ... 386.43243 409.67905 397.6284 ],[546.5881  488.62625 513.67346 ... 254.65114 278.44653 277.9518 ],[0.         0.         0.07970791 ... 0.02662615 0.         0.        ],3,2,5,39
[0.5256242  0.27195615 0.60401773 ... 0.29675007 0.32809603 0.15273127],[324.51224 288.45786 343.3612  ... 278.19162 282.63953 246.11116],[385.95325 347.12207 401.88052 ... 339.98962 338.54285 308.84415],[242.83545 210.736   260.92844 ... 221.93404 226.10713 191.93001],[0.        0.        0.0912905 ... 0.        0.        0.       ],3,2,5,40
"[ 0.90526587  0.4994197   0.52486384 ... -0.04533247  0.1287188
  0.22714022]",[462.5468  411.01874 423.88388 ... 304.9326  330.9588  334.83145],[462.5468  411.01874 423.88388 ... 304.9326  330.9588  334.83145],[334.91077 289.7257  295.0501  ... 198.38109 223.12991 231.44888],[0.         0.         0.04107738 ... 0.0375703  0.         0.        ],3,2,5,41
[0.39455104 0.23607118 0.40210044 ... 0.3040732  0.54963267 0.42054176],[378.86786 357.87088 397.38138 ... 359.24625 393.32733 373.42642],[378.86786 357.87088 397.38138 ... 359.24625 393.32733 373.42642],[213.17216 198.87177 226.85005 ... 201.19737 231.93425 211.49692],[0.         0.         0.0463361  ... 0.03451915 0.         0.        ],3,2,5,42
[0.15846567 0.53682303 0.30136123 ... 0.19319955 0.29868704 0.30736953],[306.7083  355.7188  329.62613 ... 286.47452 295.63672 285.80515],[338.6623 397.6623 374.6842 ... 324.0351 327.5702 320.4079],[214.74905 276.4701  246.04604 ... 213.29614 214.98355 206.71188],[0.05024579 0.         0.         ... 0.04515273 0.         0.        ],3,2,5,43
[1.0118818  0.53823143 0.9618149  ... 0.24619704 0.14295624 0.39964923],[368.92746 328.5607  374.93216 ... 262.40277 244.74959 277.48822],[440.52097 383.5389  442.1497  ... 329.82037 291.17963 330.1018 ],[350.60596 284.4044  353.06122 ... 242.73763 213.21295 249.33307],[0.         0.         0.10601158 ... 0.         0.         0.        ],3,2,5,44
[1.9786899  1.6340746  1.4415365  ... 0.2509891  0.33222362 0.68414897],[760.4612  702.61896 687.65607 ... 412.44644 430.33173 483.12836],[770.8247  715.5605  691.30865 ... 416.60495 435.7284  489.32346],[596.37604 547.6958  514.2832  ... 281.79092 295.76932 358.3661 ],[0.         0.         0.16121146 ... 0.         0.06397689 0.        ],3,2,5,45
[0.9574501 0.8781975 0.5522261 ... 0.85542   0.2614412 0.5208574],[440.10788 427.06638 398.4357  ... 436.9419  350.7635  391.10373],[440.10788 427.06638 398.4357  ... 436.9419  350.7635  391.10373],[298.36237 289.14212 246.1063  ... 306.07147 219.37254 253.10579],[0.         0.         0.05646217 ... 0.         0.         0.        ],3,2,5,46
"[ 1.0294089   0.7697301   0.9412297  ... -0.11169355  0.08290175
  0.17464936]",[450.71976 422.4428  450.4608  ... 283.45764 307.22943 303.35083],[452.28613 426.1777  452.34338 ... 285.0512  309.03314 306.98193],[321.1412  297.56778 324.86603 ... 167.95155 196.88834 196.91187],[0.         0.         0.10030058 ... 0.         0.         0.        ],3,2,5,47
[0.427781   0.42475715 0.45004728 ... 0.20970562 0.30008858 0.22762205],[393.3461  402.00974 411.27573 ... 370.12686 382.16693 364.91907],[414.50876 424.3684  440.17105 ... 386.19736 404.00876 379.42545],[280.7205  288.34348 293.27264 ... 256.55826 272.168   255.23738],[0.         0.         0.13247786 ... 0.         0.         0.        ],3,2,5,48
"[ 0.47315013 -0.1040175   0.8826515  ...  0.22440712  0.29727915
  0.22364174]",[412.80197 333.9199  500.262   ... 381.8665  394.63788 353.73645],[426.687   350.55725 521.12213 ... 396.2977  410.15268 366.46564],[242.92805 175.52802 339.80057 ... 244.61789 244.6464  228.52689],[0.         0.06673307 0.         ... 0.         0.         0.        ],3,2,5,49
"[ 0.3241187  -0.10897426  0.01333201 ... -0.00737255  0.7958418
  0.2143882 ]",[342.79587 316.04166 329.9662  ... 275.52304 358.79422 303.85666],[357.33493 323.52155 337.11963 ... 282.34448 370.87082 309.64594],[173.04422 139.10846 154.40442 ... 129.6502  217.17453 148.81116],[0.         0.         0.0681559  ... 0.06768849 0.         0.        ],3,2,5,50
[0.26359978 0.32892984 0.11119182 ... 0.2367382  0.         0.26068437],[318.776   325.31393 307.57306 ... 311.97513 285.5102  288.54877],[338.70856 345.31406 328.01004 ... 332.1206  302.0226  308.14825],[178.67221 193.05777 172.72911 ... 189.35223 155.99072 167.49599],[0. 0. 0. ... 0. 0. 0.],3,2,5,51
[0.15321665 0.21488413 0.04049992 ... 0.03893485 0.         0.42129698],[348.1021  363.8284  351.28125 ... 321.0522  303.48862 365.7044 ],[363.575   383.83612 362.55    ... 334.84167 316.96667 377.825  ],[217.89525 229.10086 207.8131  ... 206.64214 178.97275 245.4455 ],[0.         0.         0.04074545 ... 0.         0.05482856 0.        ],3,2,5,52
[0.57553554 0.52506185 0.8131295  ... 0.23270206 0.23560102 0.32419878],[427.82053 441.92734 508.1282  ... 384.72223 383.10684 404.047  ],[427.82053 441.92734 508.1282  ... 384.72223 383.10684 404.047  ],[293.27655 301.1747  357.49536 ... 264.623   264.8387  280.28223],[0.         0.04743544 0.         ... 0.         0.         0.        ],3,2,5,53
[2.2398324  2.1436799  2.1750104  ... 0.5854157  0.5549031  0.19283248],[582.56213 588.8362  609.0829  ... 394.7507  386.89124 321.54416],[593.59784 603.      617.118   ... 400.71582 391.24396 327.7185 ],[442.89865 452.9451  458.23288 ... 260.23508 252.35323 192.66087],[0.07102425 0.         0.08687073 ... 0.         0.         0.        ],3,2,5,54
[0.4308942  0.33432218 0.24439575 ... 0.22425488 0.15000452 0.17282975],[326.72903 330.9969  322.7141  ... 296.8721  290.03903 267.30225],[407.22476 410.08142 393.8404  ... 368.16614 357.6352  350.87296],[260.71585 260.5498  246.7391  ... 251.47433 236.86784 238.08307],[0.         0.         0.06491684 ... 0.         0.         0.        ],3,2,5,55
[0.96924114 0.9001203  1.0490844  ... 0.70213115 0.5111051  0.74855113],[463.4572  440.1254  470.31024 ... 446.05157 408.36594 427.66858],[504.75    496.7533  531.0395  ... 479.3092  442.11185 460.52304],[343.27792 334.73575 371.6508  ... 319.77313 285.7441  319.35114],[0.        0.        0.1829178 ... 0.        0.        0.       ],3,2,5,56
[1.084611  1.1912227 0.8551209 ... 1.1561892 0.6891589 0.8942702],[445.13962 432.70715 417.80368 ... 419.76288 364.30432 370.4955 ],[561.80115 565.986   533.958   ... 540.10925 462.54062 487.83194],[389.1436  411.18637 355.01752 ... 392.99283 312.8416  344.0637 ],[0.         0.         0.06829297 ... 0.         0.         0.        ],3,2,5,57
[2.7464166  2.6142461  2.3377361  ... 0.4266534  0.19216815 0.34073645],[747.2487  749.5141  723.61224 ... 451.0072  440.76462 427.23407],[747.8046  754.8072  725.3933  ... 454.12338 441.20566 427.82776],[499.50336 489.74237 465.52487 ... 245.75574 211.63138 228.50493],[0.         0.         0.18911353 ... 0.         0.         0.        ],3,2,5,58
[1.1169648  0.49637905 0.65714014 ... 0.8429136  0.8049813  0.5726629 ],[382.53802 327.44647 342.3658  ... 371.30588 359.24832 323.20947],[451.54953 372.74442 393.28433 ... 430.13098 416.79553 378.52396],[330.32898 250.70605 277.8167  ... 317.62524 302.03778 265.216  ],[0.         0.         0.04831292 ... 0.         0.         0.        ],3,2,5,59
[0.7059168  0.95351374 0.6244984  ... 0.33565927 0.329388   0.4937382 ],[364.62778 416.7458  393.84747 ... 345.63086 345.26605 359.92624],[414.13596 472.19638 437.80966 ... 388.9003  387.89426 405.2417 ],[284.45807 350.7908  302.1158  ... 269.43286 266.43802 284.06082],[0.        0.        0.        ... 0.        0.0262745 0.       ],3,2,5,60
[1.5143512  1.4750767  1.1968956  ... 0.17724916 0.32962644 0.67250603],[501.2259  491.68527 494.61676 ... 398.22336 400.4873  407.88324],[501.2259  491.68527 494.61676 ... 398.22336 400.4873  407.88324],[226.76834 225.65776 209.56288 ... 142.73517 156.73837 153.66216],[0.         0.         0.23209251 ... 0.         0.08323809 0.        ],3,2,5,61
[0.29670516 0.02333132 0.29665804 ... 0.11829597 0.20554525 0.27919832],[298.4872  265.13705 297.72107 ... 273.3336  281.3155  290.0387 ],[327.3537  291.78372 328.8906  ... 300.20102 306.15012 317.56744],[181.84369 150.71455 184.50652 ... 160.32205 170.78415 177.58366],[0.         0.         0.         ... 0.03303084 0.         0.        ],3,2,5,62
[0.51075274 0.61824256 0.6223896  ... 0.35496756 0.58344156 0.6176897 ],[345.3047  354.50375 377.7353  ... 355.4967  359.97183 364.68808],[357.77908 364.67053 386.43024 ... 364.6124  373.39536 376.46124],[178.91191 194.9611  210.11078 ... 204.36848 220.24402 221.74544],[0.         0.         0.         ... 0.07496605 0.         0.        ],3,2,5,63
[0.5152128  0.50134873 0.15921265 ... 0.30249584 0.16231382 0.2925223 ],[388.47696 379.03336 361.17493 ... 385.59085 361.53802 372.2303 ],[404.33865 391.42493 367.33228 ... 394.10544 375.28754 378.29712],[237.36232 239.822   198.24123 ... 239.34659 215.68091 230.39323],[0. 0. 0. ... 0. 0. 0.],3,2,5,64
[0.8353206  0.86184895 0.84112835 ... 0.38086003 0.1582776  0.34445775],[405.9891  410.33453 411.39636 ... 346.1891  309.96    332.66547],[405.9891  410.33453 411.39636 ... 346.1891  309.96    332.66547],[270.13892 280.01846 279.7696  ... 225.80183 193.50137 213.77232],[0.         0.         0.11100761 ... 0.         0.         0.        ],3,2,5,65
[0.23730184 0.33537087 0.5041694  ... 0.08376873 0.34802568 0.33852676],[243.60466 239.3963  338.62634 ... 267.73193 258.57083 238.12389],[395.61053 397.11053 456.40527 ... 364.3737  390.0263  360.72632],[218.65758 233.14479 279.0937  ... 202.39786 227.00085 201.31488],[0.         0.         0.06066882 ... 0.0565363  0.         0.        ],3,2,5,66
[0.7423314  0.39187828 0.41967714 ... 0.         0.5656675  0.24749084],[440.15475 397.1369  419.11905 ... 341.09525 413.36905 348.     ],[440.15475 397.1369  419.11905 ... 341.09525 413.36905 348.     ],[246.33719 216.88243 239.44832 ... 175.73311 245.12115 189.12155],[0. 0. 0. ... 0. 0. 0.],3,2,5,67
[0.8774412 1.144009  1.1391369 ... 5.1554055 3.5883846 4.954249 ],[ 483.76044  518.5477   532.3444  ... 1184.3402   978.4971  1096.6041 ],[ 504.43973  546.67755  564.56024 ... 1215.       991.4788  1132.7166 ],[ 291.33884  344.70575  362.84918 ... 1003.1364   751.5297   939.3667 ],[0.        0.        0.2543297 ... 0.        0.1153447 0.       ],3,2,5,68
"[ 0.5580888   0.42800012  0.6407782  ...  0.49572262 -0.146633
  0.32381997]",[353.74918 357.07022 398.67892 ... 356.0435  286.50168 320.37457],[353.74918 357.07022 398.67892 ... 356.0435  286.50168 320.37457],[166.2852   158.96295  187.88654  ... 168.81944  104.828735 139.12294 ],[0. 0. 0. ... 0. 0. 0.],3,2,5,69
[0.65440965 0.6632361  0.6847903  ... 0.6036426  0.30067647 0.21796632],[399.2142  393.6484  423.73367 ... 411.81924 368.14355 330.05408],[482.02536 490.88406 508.36594 ... 483.17392 426.33334 393.6558 ],[280.87646 289.22757 309.6397  ... 302.31754 250.79326 220.10733],[0.         0.         0.04586164 ... 0.         0.         0.        ],3,2,5,70
[1.0671109  0.5817364  0.6724351  ... 0.03625183 0.20919937 0.28240687],[512.04663 452.89603 468.366   ... 374.594   366.41464 395.38818],[555.3411  489.0435  507.34113 ... 397.699   397.9097  425.66888],[357.10138 287.78323 303.8021  ... 209.83447 233.66495 240.92346],[0.         0.         0.04377985 ... 0.         0.         0.        ],3,2,5,71
[0.22416608 0.0608434  0.6291895  ... 0.11865518 0.2108029  0.21319282],[342.87183 326.1202  419.5191  ... 337.65656 345.03284 339.004  ],[344.7508  328.0031  428.5701  ... 339.3863  351.4486  344.20248],[229.56337 214.4217  309.58014 ... 235.34618 242.59204 242.4806 ],[0.         0.07566237 0.         ... 0.03921384 0.         0.        ],3,2,5,72
[0.5290233  0.5032996  0.24518298 ... 0.42892736 0.18233801 0.3131668 ],[396.00858 409.0558  374.54935 ... 381.485   343.01718 353.80685],[396.00858 409.0558  374.54935 ... 381.485   343.01718 353.80685],[237.73503 248.92593 215.70778 ... 250.50975 208.98222 222.90892],[0.         0.         0.07120734 ... 0.         0.         0.        ],3,2,5,73
[1.6354629  0.7046644  0.79122055 ... 0.8357831  0.65116245 0.9225135 ],[621.7329 553.6047 611.0413 ... 594.1544 550.225  588.7451],[649.34924 572.0779  633.1935  ... 639.7035  585.4874  610.2362 ],[390.97714 322.12503 368.11032 ... 406.0046  364.78293 395.81296],[0.         0.         0.07015676 ... 0.         0.         0.        ],3,2,5,74
[2.2258215  1.3516085  1.7978625  ... 0.26609862 0.22462884 0.27281347],[584.1226  517.9736  570.9895  ... 383.23434 380.1148  384.02484],[586.2323  519.5303  572.0101  ... 384.14142 381.41415 384.93436],[380.1758  298.52512 359.02072 ... 197.26176 184.2277  187.56654],[0.         0.         0.10780914 ... 0.         0.         0.        ],3,2,5,75
[0.6046381  0.54243857 0.4726328  ... 0.20145325 0.18479188 0.45638826],[383.98685 385.01645 385.3717  ... 334.86514 329.49014 361.04605],[383.98685 385.01645 385.3717  ... 334.86514 329.49014 361.04605],[255.82823 257.26703 255.6467  ... 216.91438 212.80327 248.17172],[0.         0.         0.         ... 0.         0.05083069 0.        ],3,2,5,76
[0.6099366  0.39857045 0.52961695 ... 0.27662352 0.35099113 0.3144197 ],[327.3683  320.97842 346.87738 ... 295.21356 304.27414 302.49344],[354.1755  352.04898 380.80408 ... 326.31836 337.      326.49387],[212.01982 215.53761 233.54855 ... 203.00905 210.6624  198.97482],[0.         0.         0.04345563 ... 0.03838477 0.         0.        ],3,2,5,77
[1.5669849  1.9629563  1.6655519  ... 0.24682929 0.9150452  1.0366877 ],[569.44305 615.6685  599.6525  ... 386.54422 448.1078  456.72723],[571.9699  617.4511  601.0602  ... 388.05264 454.8346  460.78946],[342.65643 389.32474 362.72766 ... 186.29291 255.55214 265.87933],[0.         0.         0.29589346 ... 0.         0.04760562 0.        ],3,2,5,78
[0.43948287 0.39423653 0.33343136 ... 0.15236905 0.13353674 0.36593357],[408.72656 411.6978  407.6882  ... 359.75446 355.83054 372.30566],[409.49655 412.26895 408.3655  ... 360.4793  356.65173 373.0069 ],[261.77515 266.93848 266.22427 ... 233.13855 224.51938 243.8183 ],[0.         0.         0.         ... 0.         0.04075297 0.        ],3,2,5,79
"[ 0.7251669   0.39921084  0.4649844  ...  0.         -0.1967001
  0.18579772]",[431.51657 419.50552 445.9757  ... 343.8786  305.9139  342.39734],[431.51657 419.50552 445.9757  ... 343.8786  305.9139  342.39734],[246.34778 232.56651 247.34706 ... 186.06819 152.5998  189.76332],[0.         0.         0.0380897  ... 0.         0.03025149 0.        ],3,2,5,80
[0.44712853 0.26483008 0.3186427  ... 0.5632252  0.35861182 0.47560507],[319.16568 303.57922 318.15747 ... 351.9181  333.7787  333.3211 ],[366.59476 350.60132 362.1634  ... 398.1111  369.549   377.26144],[203.20956 191.18982 202.5093  ... 253.21259 225.00673 235.87065],[0.         0.         0.07382816 ... 0.         0.         0.        ],3,2,5,81
[0.5041295  0.4487413  0.31270862 ... 0.02415363 0.09296533 0.18420796],[355.65533 347.34467 341.30582 ... 294.02426 293.65048 297.7573 ],[355.65533 347.34467 341.30582 ... 294.02426 293.65048 297.7573 ],[201.17186 200.31963 186.11264 ... 153.66405 160.53072 160.12189],[0. 0. 0. ... 0. 0. 0.],3,2,5,82
[1.1594976  1.286443   0.69819343 ... 0.48607975 0.3621336  1.1050724 ],[534.0033  537.7086  478.45364 ... 435.6523  410.7285  501.26822],[534.0033  537.7086  478.45364 ... 435.6523  410.7285  501.26822],[305.36783 326.75034 257.214   ... 244.91129 226.38608 309.45856],[0.         0.         0.         ... 0.         0.10032693 0.        ],3,2,5,83
[0.44518134 0.3948976  0.308835   ... 0.44215372 0.14534773 0.30704144],[431.6212  395.8796  415.5265  ... 432.1564  399.31604 410.6163 ],[485.98196 448.9964  472.32492 ... 480.43683 438.87726 449.8881 ],[253.75266 251.68929 250.61467 ... 278.87225 228.5726  253.13123],[0.         0.         0.07520177 ... 0.         0.         0.        ],3,2,5,84
[0.5321967  0.7531234  0.6267384  ... 0.15828453 0.05679148 0.00480016],[445.89767 477.7641  473.66357 ... 380.40216 347.7688  335.3622 ],[491.63193 529.0977  514.85016 ... 416.03256 380.91858 371.5798 ],[334.933   379.73734 363.02396 ... 278.38086 254.58765 240.04117],[0. 0. 0. ... 0. 0. 0.],3,2,5,85
[0.6004904  0.6201125  0.24462736 ... 0.04705853 0.08182972 0.        ],[424.95685 419.4892  372.5072  ... 330.41006 329.08994 306.70145],[424.95685 419.4892  372.5072  ... 330.41006 329.08994 306.70145],[264.29926 268.7515  220.70003 ... 192.783   196.80278 164.7793 ],[0. 0. 0. ... 0. 0. 0.],3,2,5,86
[0.5513125  0.71285576 0.5071977  ... 0.48884812 0.21217221 0.16436306],[348.22635 376.06873 354.71213 ... 351.41525 313.12787 300.15942],[395.78992 411.09665 391.68066 ... 390.33194 345.4496  332.3109 ],[252.16635 278.62164 250.83363 ... 261.44705 218.37875 207.67598],[0. 0. 0. ... 0. 0. 0.],3,2,5,87
[0.8196508  0.43309557 0.28110108 ... 0.10626994 0.22926137 0.1367848 ],[377.44662 355.59882 336.5842  ... 322.98242 340.3328  311.69156],[388.0511  358.2473  339.42474 ... 326.5484  343.75537 316.15323],[210.38148 186.653   170.78084 ... 170.21767 185.39815 159.03435],[0.         0.         0.         ... 0.03498373 0.         0.        ],3,2,5,88
[0.94847566 0.64539725 1.0703642  ... 0.33099732 0.8072828  0.6597896 ],[442.31937 411.38483 450.8534  ... 385.90314 411.41098 391.07068],[442.31937 411.38483 450.8534  ... 385.90314 411.41098 391.07068],[178.18428 156.13521 197.24684 ... 151.22499 188.51135 162.66649],[0.         0.07515397 0.08133544 ... 0.1104443  0.         0.        ],3,2,5,89
"[ 0.4969437   0.54751545  0.3671152  ...  0.12238576 -0.15750475
  0.27872613]",[448.5424  438.76605 431.27017 ... 358.043   319.6338  378.196  ],[456.20242 454.8006  440.61026 ... 372.54077 324.07855 385.2719 ],[291.0685  304.2312  276.09583 ... 227.90158 175.1964  243.20099],[0.         0.         0.         ... 0.         0.03320895 0.        ],3,2,5,90
[1.1923281  0.88977957 1.0564113  ... 0.19631596 0.32071763 0.40498844],[580.72284 552.2235  591.39185 ... 428.62732 445.2021  457.77847],[585.74817 557.33704 592.7889  ... 429.78888 447.32224 462.41483],[393.96353 369.56497 400.12592 ... 272.31024 291.89938 306.4484 ],[0.         0.         0.         ... 0.         0.03655505 0.        ],3,2,5,91
[1.009365   0.6220947  0.7157219  ... 0.50549424 0.43460038 0.6832625 ],[473.27826 418.64346 455.10687 ... 390.35672 388.36682 419.57956],[493.13852 429.67313 469.74237 ... 406.02216 398.68698 432.22714],[387.68835 324.3749  349.90692 ... 306.1623  293.4226  330.3775 ],[0.         0.         0.05819818 ... 0.         0.         0.        ],3,2,5,92
[1.6030985  1.8687594  1.0742861  ... 0.14514998 0.5164348  0.7639542 ],[566.27924 620.7387  523.76495 ... 362.01797 436.00488 460.2707 ],[578.51984 640.5859  538.3304  ... 376.18942 444.09692 471.7445 ],[426.85004 498.76752 383.23663 ... 242.98763 305.35687 335.52014],[0.         0.         0.         ... 0.         0.08134514 0.        ],3,2,5,93
[0.77224886 0.8380002  0.6790467  ... 0.03959501 0.19452716 0.47702125],[420.18326 428.59134 419.51282 ... 312.734   342.4029  364.8069 ],[452.87747 464.1581  454.73517 ... 338.70355 357.49802 384.3913 ],[281.09338 301.64676 282.4582  ... 193.68156 205.70529 234.53474],[0.         0.         0.         ... 0.         0.06906301 0.        ],3,2,5,94
[0.9699081  0.48602414 0.59539145 ... 0.12950227 0.34833908 0.18741298],[447.13925 394.66455 415.6329  ... 344.25317 362.1266  343.52847],[447.13925 394.66455 415.6329  ... 344.25317 362.1266  343.52847],[269.5465  217.11205 241.092   ... 187.93633 201.85004 178.16489],[0. 0. 0. ... 0. 0. 0.],3,2,5,95
"[ 0.44435802  0.6579019   0.9820851  ...  0.24150732  0.42338657
 -0.07624511]",[397.88937 416.76547 473.42477 ... 385.82742 390.00443 336.38937],[397.88937 416.76547 473.42477 ... 385.82742 390.00443 336.38937],[170.05046 200.77303 247.13895 ... 185.15614 202.02211 139.89409],[0.         0.         0.07837607 ... 0.         0.         0.        ],3,2,5,96
[0.5259823  0.91166127 0.37426308 ... 0.0940033  0.13252918 0.349721  ],[368.43    397.4261  356.16034 ... 297.40634 285.8148  312.67264],[405.74146 452.6806  391.56653 ... 322.97717 325.8593  350.0152 ],[258.69156 322.59973 246.03339 ... 205.36107 200.03687 231.7899 ],[0.         0.         0.09526051 ... 0.         0.04474274 0.        ],3,2,5,97
[0.5534005 0.5075647 0.4810826 ... 0.631048  0.4545222 0.3360958],[365.375   363.3466  381.52274 ... 381.63068 355.29544 321.89206],[365.375   363.3466  381.52274 ... 381.63068 355.29544 321.89206],[220.13414 222.24261 225.12029 ... 252.33243 216.30101 188.08943],[0. 0. 0. ... 0. 0. 0.],3,2,5,98
"[ 0.19925016  0.08906572  0.26756257 ...  0.20031051 -0.08884582
 -0.00211957]",[269.24606 270.92148 296.24084 ... 279.91623 235.53926 243.02094],[269.24606 270.92148 296.24084 ... 279.91623 235.53926 243.02094],[156.84619 157.82343 180.95572 ... 165.46599 129.07745 128.70572],[0. 0. 0. ... 0. 0. 0.],3,2,5,99
[0.4474905  0.60060734 0.47339317 ... 0.14185637 0.3748361  0.14171672],[408.0997  436.06427 431.1687  ... 353.8286  384.68442 347.1447 ],[457.68686 482.4276  473.10776 ... 396.48486 426.51852 396.4377 ],[266.77643 300.341   283.83887 ... 228.79735 259.81458 221.43655],[0.         0.         0.         ... 0.04705898 0.         0.        ],3,2,5,100
[0.7221325  0.20116127 0.11086112 ... 0.06728859 0.3431547  0.22395942],[415.00397 337.10428 332.3298  ... 307.77466 350.12024 308.79517],[425.2511  345.163   338.72247 ... 319.70926 358.4846  325.29074],[320.44376 240.04488 228.64397 ... 223.25467 267.68805 233.56122],[0.         0.         0.         ... 0.05115847 0.         0.        ],3,2,5,101
[2.3030279  2.0035803  1.723718   ... 0.2670687  0.1725498  0.14195856],[623.90704 609.7308  590.34296 ... 371.95834 361.1154  359.57693],[623.90704 609.7308  590.34296 ... 371.95834 361.1154  359.57693],[423.43155 409.04874 377.27484 ... 200.5607  185.07256 180.84375],[0. 0. 0. ... 0. 0. 0.],3,2,5,102
"[ 0.4061726   0.39553186  0.6392181  ...  0.         -0.00400802
  0.17035861]",[296.506   293.63885 326.97028 ... 240.69553 233.93823 256.96536],[369.1173  359.20233 399.0792  ... 285.44867 280.0176  295.95013],[224.11244 224.58139 259.8332  ... 164.09685 160.97156 179.11339],[0.         0.         0.07696506 ... 0.         0.02662027 0.        ],3,2,5,103
"[ 0.57726383  0.32846788  0.4932815  ...  0.03856703  0.2774385
 -0.05614284]",[361.30157 337.94052 356.17322 ... 280.33762 308.53455 266.9203 ],[376.69778 345.33777 367.42667 ... 292.53333 315.27554 277.33777],[234.5404  204.1839  228.64383 ... 164.60129 195.18878 151.7329 ],[0. 0. 0. ... 0. 0. 0.],3,2,5,104
[0.38449755 0.38181716 0.5239663  ... 0.22022828 0.17142656 0.23234013],[312.87247 315.2605  370.8882  ... 293.56412 306.60706 307.6736 ],[448.78778 448.2554  486.18344 ... 413.40286 396.93164 408.759  ],[284.82562 288.50348 317.28778 ... 261.60748 248.15707 254.89346],[0.         0.         0.11668481 ... 0.         0.         0.        ],3,2,5,105
[1.1824934  0.59617704 1.129499   ... 0.60975045 0.135195   0.27268013],[503.98367 457.2857  542.0571  ... 460.45306 396.05307 399.01633],[503.98367 457.2857  542.0571  ... 460.45306 396.05307 399.01633],[301.04916 246.119   332.88135 ... 271.11166 204.87935 210.4368 ],[0.         0.04086072 0.         ... 0.         0.         0.        ],3,2,5,106
[0.35405773 0.4385019  0.30264267 ... 0.13598008 0.11846126 0.26998097],[426.39706 424.963   440.5098  ... 408.97565 408.97232 412.61465],[440.43216 446.25125 452.34924 ... 422.4774  424.96735 429.0578 ],[234.3908  250.58719 234.29875 ... 229.5005  225.42795 240.96811],[0.         0.         0.02448523 ... 0.         0.         0.        ],3,2,5,107
[0.14421853 0.10518023 0.33346215 ... 0.04622757 0.         0.22214542],[285.78784 265.98297 299.1183  ... 256.8206  242.98972 281.8522 ],[309.25604 300.12076 335.70532 ... 287.99033 274.5459  306.4058 ],[187.12454 183.26944 215.23744 ... 171.52171 162.59433 192.57132],[0.         0.         0.06747472 ... 0.         0.         0.        ],3,2,5,108
[0.340247   0.23745205 0.21315645 ... 0.10511969 0.06113824 0.05123656],[381.0381  360.60675 379.6826  ... 338.5978  323.43924 326.23752],[382.54498 362.39948 382.48413 ... 340.06613 327.5873  327.7275 ],[217.65277 211.77895 215.0977  ... 206.07622 193.7046  190.5645 ],[0.         0.         0.05827872 ... 0.         0.         0.        ],3,2,5,109
[0.80810094 0.5679268  0.41082284 ... 0.25416216 0.20529625 0.5005825 ],[448.79837 423.07257 412.57227 ... 373.11298 361.36462 402.63043],[449.8556  424.32852 413.26715 ... 373.70758 362.0361  403.27798],[319.81137 298.46207 273.77798 ... 255.99025 243.84842 283.9449 ],[0.         0.         0.         ... 0.         0.05221045 0.        ],3,2,5,110
[0.7032216  1.1816602  1.0796453  ... 0.07956827 0.19914795 0.01181544],[411.2553  483.66382 474.38724 ... 319.38724 329.2553  298.3617 ],[411.2553  483.66382 474.38724 ... 319.38724 329.2553  298.3617 ],[284.33096 357.3026  347.21835 ... 202.8342  221.00305 190.49274],[0.13333811 0.         0.         ... 0.         0.         0.        ],3,2,5,111
"[ 0.5222659   0.4912926   0.0804413  ... -0.05353585 -0.09100049
  0.26514482]",[354.55057 366.05057 321.17978 ... 290.21347 279.01685 321.05618],[354.55057 366.05057 321.17978 ... 290.21347 279.01685 321.05618],[209.56828 229.60324 178.07498 ... 164.65775 156.63815 193.57541],[0.         0.         0.04175192 ... 0.         0.03743047 0.        ],3,2,5,112
[0.27526903 0.81091636 0.47618714 ... 0.05932156 0.140833   0.29248068],[446.35373 490.77658 481.79254 ... 396.91223 421.20212 397.14627],[446.35373 490.77658 481.79254 ... 396.91223 421.20212 397.14627],[191.97649 259.66843 227.90117 ... 183.59987 189.63565 200.00223],[0. 0. 0. ... 0. 0. 0.],3,2,5,113
[0.7951499  0.66259146 0.62097937 ... 0.32122    0.29779014 0.14618175],[463.19775 450.1971  473.48682 ... 371.15665 370.43692 344.04013],[483.08832 479.84543 495.55206 ... 401.2019  394.94638 361.0126 ],[311.52945 310.0959  307.20575 ... 263.30457 249.27365 215.07477],[0.         0.         0.08081332 ... 0.03102581 0.         0.        ],3,2,5,114
"[ 1.1823115   1.1637357   1.1465124  ...  0.15331607  0.30653462
 -0.16695398]",[503.16437 517.6904  522.68567 ... 342.5162  347.3143  301.26266],[543.132   546.39044 563.06744 ... 361.78088 378.46912 320.80618],[348.32727 359.52716 370.46167 ... 202.5099  222.20503 152.0862 ],[0.         0.         0.09088357 ... 0.         0.         0.        ],3,2,5,115
[2.7853935  1.9242018  2.021651   ... 0.15870324 0.19939904 0.23756905],[767.7415  673.2519  689.536   ... 424.05133 435.12817 448.68954],[803.16925 705.511   733.63324 ... 453.33228 466.80563 475.8997 ],[568.72736 477.4372  497.1166  ... 247.38547 251.0488  256.12527],[0.         0.         0.10972359 ... 0.         0.         0.        ],3,2,5,116
"[ 0.5697891   0.15922393 -0.04390281 ...  0.23948202  0.41019598
  0.        ]",[434.5037  372.23334 370.67038 ... 365.3185  394.24075 314.7    ],[434.5037  372.23334 370.67038 ... 365.3185  394.24075 314.7    ],[262.39838 209.12518 191.46452 ... 226.10278 247.51836 175.57498],[0.         0.         0.03767947 ... 0.03292553 0.         0.        ],3,2,5,117
[0.599942   0.28088382 0.49236593 ... 0.08049913 0.34283385 0.08587155],[405.7581  358.15912 410.11014 ... 329.12988 351.26816 312.8079 ],[424.4371  381.6761  429.68555 ... 342.40567 364.89938 322.83334],[282.0329  236.18248 276.70123 ... 212.68085 244.8442  201.57224],[0. 0. 0. ... 0. 0. 0.],3,2,5,118
[0.3084375  0.12322529 0.3768658  ... 0.44237122 0.09863067 0.37077925],[347.06393 324.97955 370.9335  ... 367.0895  306.46292 345.74423],[347.06393 324.97955 370.9335  ... 367.0895  306.46292 345.74423],[221.99821 200.82123 242.14682 ... 250.94765 196.80719 235.98999],[0.         0.         0.10077927 ... 0.         0.         0.        ],3,2,5,119
[0.576747   0.5105127  0.2010176  ... 0.01208011 0.         0.40615433],[376.54703 397.74063 364.56952 ... 310.0105  302.3636  350.53888],[432.16483 458.52014 414.95605 ... 361.88644 340.95605 409.94873],[259.52966 277.55804 235.40523 ... 206.5705  191.73355 242.98279],[0.         0.         0.07594598 ... 0.         0.0539606  0.        ],3,2,5,120
[0.20331824 0.20975617 0.6957659  ... 3.4705648  2.024733   2.8109207 ],[370.62283 380.06573 435.01385 ... 778.5917  582.0104  634.13495],[370.62283 380.06573 435.01385 ... 778.5917  582.0104  634.13495],[153.18364 172.02585 226.48729 ... 561.37683 372.28622 433.50653],[0.        0.0916376 0.        ... 0.        0.        0.       ],3,2,5,121
[1.8787459  2.1037343  1.3195778  ... 0.34672955 0.3151548  0.5339492 ],[597.54095 628.3251  554.86273 ... 358.12366 364.73853 375.2633 ],[627.8912  649.73126 577.2755  ... 378.5102  380.0374  394.92517],[438.504   476.89337 379.59885 ... 229.73885 214.41917 242.63391],[0.         0.         0.12407569 ... 0.         0.04115965 0.        ],3,2,5,122
"[ 0.40086997  0.34888947  0.11638733 ... -0.00690561  0.15034872
  0.1614302 ]",[235.56393 221.87006 209.76505 ... 184.55304 202.24867 191.84074],[351.36554 343.62186 315.62186 ... 285.36136 304.57562 308.0042 ],[227.95255 225.55235 195.66968 ... 178.00153 196.99805 197.46895],[0. 0. 0. ... 0. 0. 0.],3,2,5,123
[0.43022603 0.0771483  0.08732902 ... 0.12640658 0.10011833 0.0587891 ],[296.10638 249.31958 258.70636 ... 258.19177 251.3667  231.77196],[321.34552 266.42856 277.701   ... 279.63455 272.2857  254.2093 ],[231.8654  182.2516  184.9636  ... 201.40091 189.5104  181.90553],[0. 0. 0. ... 0. 0. 0.],3,2,5,124
[0.7584091  0.11744008 0.5842135  ... 0.21622242 0.23480807 0.08744685],[455.44418 364.42188 469.62463 ... 396.24707 399.32367 370.80392],[469.86075 381.66772 485.43988 ... 411.26266 415.75    383.46835],[307.93625 227.43732 319.32758 ... 260.90448 264.03912 235.63258],[0.         0.         0.08024521 ... 0.         0.         0.        ],3,2,5,125
[0.16938719 0.89434993 0.9174902  ... 0.7051138  0.70490116 1.1264247 ],[387.7173  441.10995 481.08377 ... 439.4712  445.88483 464.76962],[387.7173  441.10995 481.08377 ... 439.4712  445.88483 464.76962],[156.03769 231.01225 255.25514 ... 229.66592 226.16457 262.96173],[0.11508129 0.         0.         ... 0.         0.09425344 0.        ],3,2,5,126
[0.         0.29898334 0.6295778  ... 0.2705239  0.27369705 0.26321104],[337.31168 377.13852 429.61905 ... 387.21213 385.51083 372.13852],[337.31168 377.13852 429.61905 ... 387.21213 385.51083 372.13852],[169.86493 211.57742 260.85617 ... 226.20259 226.02342 221.8589 ],[0.         0.08085001 0.         ... 0.03543988 0.         0.        ],3,2,5,127
[0.5327965  0.41763464 0.5445206  ... 0.02742479 0.11210994 0.48495936],[263.6766  241.78687 274.41177 ... 208.88028 216.01692 219.0912 ],[397.12756 391.21683 406.3393  ... 323.29593 325.59183 352.1148 ],[268.9409  260.52582 283.02304 ... 201.6527  213.66736 232.42819],[0.         0.         0.         ... 0.         0.05955104 0.        ],3,2,5,128
[0.87109447 0.29540682 0.25748187 ... 0.3335217  0.40167436 0.42045274],[447.25742 392.3614  403.19305 ... 402.1881  381.19803 385.44058],[447.25742 392.3614  403.19305 ... 402.1881  381.19803 385.44058],[248.20177 188.29045 187.94269 ... 212.92496 209.5222  204.02545],[0. 0. 0. ... 0. 0. 0.],3,2,5,129
[0.97741395 1.1682268  1.0863478  ... 0.44419366 0.23174049 0.08741556],[458.84253 472.4685  472.2244  ... 389.88583 359.38583 337.3189 ],[458.84253 472.4685  472.2244  ... 389.88583 359.38583 337.3189 ],[265.38535 294.73526 287.31268 ... 221.50023 194.66115 168.0573 ],[0.         0.         0.12954317 ... 0.         0.         0.        ],3,2,5,130
[1.0247649  0.50816447 0.74385136 ... 0.1948607  0.25442797 0.55750203],[420.32315 339.48654 385.07413 ... 296.38904 295.4802  319.86502],[457.62732 378.5528  425.93167 ... 329.44098 327.08694 349.2857 ],[332.90668 262.70502 298.9018  ... 215.58186 214.9298  240.0577 ],[0.         0.         0.         ... 0.         0.06087382 0.        ],3,2,5,131
[0.40941954 0.19164698 0.3227984  ... 0.         0.28157428 0.32409492],[372.31985 335.20538 367.74747 ... 298.18518 327.367   323.69696],[372.31985 335.20538 367.74747 ... 298.18518 327.367   323.69696],[224.4034  195.84378 214.69165 ... 168.36772 198.40723 194.7502 ],[0.        0.        0.        ... 0.0608431 0.        0.       ],3,2,5,132
[0.35294697 0.5254366  0.6123049  ... 0.36285454 0.33725762 0.2691617 ],[352.44864 379.89725 410.113   ... 357.88013 349.54453 342.1267 ],[352.44864 379.89725 410.113   ... 357.88013 349.54453 342.1267 ],[167.2188  198.40598 222.39565 ... 197.19055 190.59705 179.51793],[0.         0.04887136 0.         ... 0.         0.         0.        ],3,2,5,133
"[ 0.46321464  0.24140607  0.48289028 ... -0.09063213  0.35142556
  0.46759108]",[336.24084 311.98853 341.17346 ... 271.5164  316.7587  331.58078],[345.19635 325.92365 355.34546 ... 286.52728 333.8291  341.46182],[182.41537 172.86217 201.97714 ... 136.34746 186.80896 191.83014],[0.         0.         0.         ... 0.         0.06858836 0.        ],3,2,5,134
[0.5477404  0.26002157 0.3577654  ... 0.26461843 0.08885372 0.22853431],[339.28793 298.47037 338.07843 ... 301.7326  288.0825  297.21338],[390.5828  349.6019  374.04776 ... 339.69745 319.98407 330.1433 ],[247.82068 212.06471 229.68745 ... 220.23946 192.89062 212.93614],[0.         0.         0.         ... 0.         0.02824981 0.        ],3,2,5,135
[0.55600417 0.7565592  0.20140047 ... 0.         0.12008633 0.4218864 ],[380.70706 378.262   350.87015 ... 295.91245 303.29312 306.1195 ],[411.47604 423.94568 380.19168 ... 317.11502 335.9872  336.97443],[214.45796 245.8027  181.70834 ... 155.62419 168.14761 180.00555],[0.         0.         0.         ... 0.         0.05114619 0.        ],3,2,5,136
[0.5175455  0.29833984 0.18829638 ... 0.10546515 0.0342853  0.20811133],[360.14343 328.7664  317.09836 ... 301.96722 295.65985 296.2746 ],[360.14343 328.7664  317.09836 ... 301.96722 295.65985 296.2746 ],[230.75212 207.2249  192.58855 ... 190.5133  179.13821 188.29553],[0.         0.         0.02602512 ... 0.         0.         0.        ],3,2,5,137
[0.35766226 0.50286883 0.37261176 ... 0.13060492 0.0147749  0.07331216],[354.59595 373.59595 364.68686 ... 319.69696 299.399   309.02524],[354.59595 373.59595 364.68686 ... 319.69696 299.399   309.02524],[230.47308 257.17624 244.91849 ... 210.2615  191.99733 200.82352],[0. 0. 0. ... 0. 0. 0.],3,2,5,138
[1.9941367  0.6760586  0.842733   ... 0.42490622 0.         0.6775337 ],[471.34265 424.22235 445.5093  ... 398.5377  348.26526 409.5041 ],[478.94446 432.9213  457.39816 ... 411.99536 365.7037  420.64816],[294.23605 238.98625 263.92303 ... 246.5794  183.20683 246.9738 ],[0.         0.         0.         ... 0.         0.06215084 0.        ],3,2,5,139
[1.4716235  1.2494246  1.527468   ... 0.         0.19942631 0.25722212],[518.3172  515.65137 576.20013 ... 370.5041  392.8503  384.89383],[564.625   557.2339  613.9355  ... 400.3347  434.5766  424.19757],[326.64996 321.3508  369.08588 ... 185.30637 209.84714 216.59941],[0.        0.        0.1436649 ... 0.        0.        0.       ],3,2,5,140
"[ 0.7578809   0.5945937   0.61328447 ... -0.16222148  0.29108757
  0.38803795]",[395.89502 392.13565 388.65967 ... 262.48157 305.81387 319.25275],[431.89523 420.54602 418.29205 ... 283.40317 331.9365  339.14603],[303.86108 284.54285 288.625   ... 160.1247  216.65785 223.16316],[0.         0.         0.04627665 ... 0.         0.05652759 0.        ],3,2,5,141
[0.6561966  0.40419662 0.28348812 ... 0.05261432 0.2699377  0.10627814],[427.00693 390.0255  384.37735 ... 341.51483 360.6679  324.56458],[427.771   390.77863 385.16412 ... 342.2252  361.46564 325.313  ],[272.9393  249.02785 233.78242 ... 203.88228 234.42531 198.07973],[0. 0. 0. ... 0. 0. 0.],3,2,5,142
"[ 0.35223317  0.00411151  0.25381002 ... -0.08267935  0.26829448
  0.5285319 ]",[331.53833 311.56052 331.30087 ... 279.957   317.9145  346.51447],[378.3546  336.50354 370.9149  ... 305.7447  350.81915 383.81204],[215.04341 173.40947 209.70013 ... 162.68878 208.19855 241.382  ],[0.         0.         0.0638952  ... 0.         0.07980335 0.        ],3,2,5,143
[0.3136117  0.10167937 0.3922209  ... 0.11099557 0.34472573 0.        ],[367.30176 328.5813  377.70398 ... 268.11176 302.45062 254.6125 ],[433.40512 385.89743 458.40512 ... 330.91794 371.34872 306.96924],[339.445   292.19974 362.39972 ... 251.1569  294.82928 223.53903],[0.        0.        0.0420147 ... 0.        0.        0.       ],3,2,5,144
[0.05726735 0.08032642 0.285817   ... 0.11301865 0.03373491 0.15033138],[296.89096 298.4812  326.71094 ... 284.26645 281.565   282.5464 ],[323.88162 317.78192 351.54517 ... 306.6137  301.63553 308.5327 ],[167.68558 175.38376 203.17694 ... 177.5477  166.18695 170.51878],[0. 0. 0. ... 0. 0. 0.],3,2,5,145
[1.0426     1.1593663  1.1157877  ... 0.14107043 0.33692878 0.08458657],[445.64893 472.6566  461.88956 ... 370.43427 415.07272 355.3726 ],[539.33813 567.7158  570.205   ... 442.8741  488.3741  433.97842],[276.20746 322.28946 317.1926  ... 225.00371 252.20605 213.7788 ],[0. 0. 0. ... 0. 0. 0.],3,2,5,146
[0.90539515 0.4829821  0.31484443 ... 0.2720214  0.25718433 0.355412  ],[459.02573 409.05466 401.49518 ... 384.93246 370.03217 373.5241 ],[459.02573 409.05466 401.49518 ... 384.93246 370.03217 373.5241 ],[254.19868 208.71301 190.08171 ... 189.40271 181.9864  187.04247],[0.         0.         0.06381108 ... 0.         0.         0.        ],3,2,5,147
[1.843779   0.41193405 0.6644642  ... 0.45030075 0.30464497 0.69302905],[434.5893  345.24405 402.1012  ... 389.25    359.9226  396.6607 ],[434.5893  345.24405 402.1012  ... 389.25    359.9226  396.6607 ],[247.80489 170.8574  226.16043 ... 219.68152 195.86737 237.12234],[0.         0.         0.         ... 0.         0.06871441 0.        ],3,2,5,148
"[ 0.5850992   0.27433512  0.40316153 ... -0.00071336 -0.00250497
  0.2799068 ]",[450.77704 419.04053 448.7804  ... 375.90878 377.57095 413.38513],[450.77704 419.04053 448.7804  ... 375.90878 377.57095 413.38513],[242.40218 206.34152 236.1987  ... 181.86047 181.02985 215.32649],[0.         0.         0.03113613 ... 0.         0.03669146 0.        ],3,2,5,149
[0.67335176 0.8651263  0.32799292 ... 0.01376873 0.08917663 0.25923142],[432.74243 459.11823 399.88815 ... 324.80032 320.30817 333.5451 ],[464.75732 492.04678 433.42105 ... 348.47952 352.00586 357.67252],[286.03314 317.94833 245.31758 ... 198.71072 210.18147 224.2878 ],[0.         0.         0.         ... 0.         0.02847358 0.        ],3,2,5,150
[1.4916869  1.5374137  1.2595648  ... 0.14027947 0.6693294  0.00303474],[542.84863 548.4087  541.1434  ... 412.34256 465.02814 376.09787],[559.1111  570.9492  563.2254  ... 430.9524  482.08255 394.4127 ],[275.6584  290.24014 271.68817 ... 187.18114 242.64702 161.34137],[0.         0.         0.0578586  ... 0.06321057 0.         0.        ],3,2,5,151
[0.6784576  0.43942982 0.78565896 ... 0.5643017  0.37230372 0.31488147],[456.34158 420.3967  466.60056 ... 419.80167 395.01654 382.98624],[456.34158 420.3967  466.60056 ... 419.80167 395.01654 382.98624],[197.097   174.77219 211.3791  ... 191.7397  166.90793 154.30742],[0.         0.         0.10079488 ... 0.         0.         0.        ],3,2,5,152
[0.6260132  1.1209962  0.85719603 ... 0.3979236  0.6993449  0.47599468],[426.13324 475.18472 473.38275 ... 381.82535 421.3435  382.40402],[451.43692 504.52307 489.47076 ... 411.74155 446.3723  399.95078],[251.30768 320.50967 295.37927 ... 241.3526  272.57526 232.97559],[0.07638771 0.         0.         ... 0.08235667 0.         0.        ],3,2,5,153
"[ 0.3193501   0.21384461  0.7780807  ... -0.11518434  0.05133202
  0.12657999]",[388.43353 372.15607 446.57803 ... 324.4364  338.22543 337.61273],[388.43353 372.15607 446.57803 ... 324.4364  338.22543 337.61273],[186.40352 174.44923 241.2017  ... 134.28857 150.96983 153.74461],[0.         0.09155755 0.         ... 0.         0.         0.        ],3,2,5,154
[0.97425944 1.0113708  1.0824094  ... 0.20041203 0.25873655 0.85158646],[485.08417 497.8398  518.23254 ... 416.28052 422.42993 483.4835 ],[495.7564  508.62308 529.37177 ... 423.43076 429.48206 495.39743],[221.0368  233.71553 246.73335 ... 189.03392 195.24188 259.61603],[0.         0.         0.38003    ... 0.         0.08597161 0.        ],3,2,5,155
[0.8015316  0.47160423 0.53141063 ... 0.6261741  0.24804966 0.40014362],[334.47205 289.41046 299.53604 ... 298.29202 274.67807 263.6802 ],[397.62115 348.70926 364.46255 ... 373.48016 320.96036 328.00882],[291.95306 245.77792 257.6726  ... 278.68454 221.88812 236.56412],[0.         0.         0.06575994 ... 0.         0.         0.        ],3,2,5,156
[1.8016452  1.5864867  0.75533533 ... 0.30060518 0.36251158 0.5737629 ],[553.4029  527.9078  459.06796 ... 396.3398  395.94174 405.56796],[553.4029  527.9078  459.06796 ... 396.3398  395.94174 405.56796],[336.6303  322.12772 236.43597 ... 203.71259 200.14464 222.27385],[0. 0. 0. ... 0. 0. 0.],3,2,5,157
[2.4807835  1.4451721  2.2843847  ... 0.72875696 0.82335865 1.0498028 ],[640.65753 534.8636  628.50824 ... 450.8506  434.05658 427.5877 ],[646.46027 535.6067  629.25525 ... 452.7615  435.79916 428.3138 ],[448.01926 333.58502 436.48358 ... 272.2471  266.09177 263.42752],[0.         0.         0.23269773 ... 0.         0.05850222 0.        ],3,2,5,158
[0.58719856 0.6562487  1.0632813  ... 0.35112    0.31529278 0.24631567],[441.15298 442.18808 511.8352  ... 399.0412  391.04617 367.81363],[447.1435  449.56503 519.8565  ... 406.5157  397.2332  373.1749 ],[283.0898  295.4223  360.34085 ... 254.25778 245.70618 231.48654],[0.         0.06845605 0.07502726 ... 0.         0.         0.        ],3,2,5,159
"[ 0.1773978   0.417964    0.2390625  ...  0.26733437 -0.02345642
  0.        ]",[313.4609  355.02206 333.55576 ... 330.90656 275.20404 280.9312 ],[320.29758 360.16956 338.24222 ... 335.99307 287.42908 287.49826],[211.6279  256.16562 232.90466 ... 240.94835 191.01266 192.68669],[0. 0. 0. ... 0. 0. 0.],3,2,5,160
[1.0031568  0.90546256 0.76223475 ... 0.9045782  0.6279894  0.4825498 ],[446.09668 435.74017 428.61932 ... 453.8157  400.3414  365.35953],[446.09668 435.74017 428.61932 ... 453.8157  400.3414  365.35953],[317.77545 316.91302 295.92236 ... 333.0897  284.0388  251.45052],[0. 0. 0. ... 0. 0. 0.],3,2,5,161
"[ 0.9353809   0.3817161  -0.1679443  ...  0.6751416   0.13968883
  0.3489377 ]",[383.83707 341.96628 305.73035 ... 393.83145 324.28088 347.8764 ],[383.83707 341.96628 305.73035 ... 393.83145 324.28088 347.8764 ],[225.28445 186.10582 142.18982 ... 254.0002  185.12105 210.19281],[0.        0.        0.0372311 ... 0.        0.        0.       ],3,2,5,162
[0.47468314 0.4418601  0.5260179  ... 0.1977346  0.16403505 0.34172574],[349.04877 355.631   365.9457  ... 299.9658  299.5919  312.04254],[370.65384 371.9968  385.26282 ... 320.42947 315.28845 330.71796],[193.78587 196.16713 206.62    ... 165.78175 155.6479  172.82874],[0. 0. 0. ... 0. 0. 0.],3,2,5,163
[0.7341016  0.60053146 0.68502176 ... 0.41520816 0.2484787  0.54499006],[422.20718 415.66534 426.8765  ... 388.6295  377.56573 396.36255],[422.20718 415.66534 426.8765  ... 388.6295  377.56573 396.36255],[265.0369  249.5979  265.35025 ... 249.28966 225.12833 259.6496 ],[0.         0.         0.         ... 0.         0.05959765 0.        ],3,2,5,164
"[ 0.11762808  0.20914486  0.35459414 ...  0.09583561 -0.13860317
  0.30334958]",[374.44522 386.788   420.17316 ... 365.37457 326.83392 373.37457],[374.44522 386.788   420.17316 ... 365.37457 326.83392 373.37457],[143.92184  164.0756   186.91367  ... 156.86104  127.830605 170.65227 ],[0.         0.         0.         ... 0.         0.03662083 0.        ],3,2,5,165
[1.9564639  2.417928   2.3655026  ... 0.52846736 0.31040153 0.5720585 ],[692.36835 771.43604 777.8164  ... 473.0213  424.97382 453.24448],[696.93915 773.836   782.6931  ... 475.03967 429.67725 458.17197],[495.2948  582.6566  578.9591  ... 304.24033 264.0067  302.39758],[0.12218242 0.0652194  0.         ... 0.         0.         0.        ],3,2,5,166
"[ 0.616749    0.1959776   0.26074454 ... -0.07130916  0.37143105
  0.15519539]",[353.60785 306.95294 321.4392  ... 283.29803 318.63138 291.66666],[353.60785 306.95294 321.4392  ... 283.29803 318.63138 291.66666],[199.84639 157.36789 166.22491 ... 138.99939 180.51083 149.79645],[0.         0.         0.         ... 0.04437011 0.         0.        ],3,2,5,167
[0.46016538 0.26580504 0.3331399  ... 0.1014895  0.03821842 0.06820833],[309.06778 287.80557 295.29068 ... 261.38892 250.05103 248.2831 ],[367.52017 338.5766  347.74194 ... 308.82257 294.6653  301.24597],[255.79141 232.06508 243.33821 ... 211.36679 200.36206 203.43556],[0.         0.         0.05595423 ... 0.         0.         0.        ],3,2,5,168
[0.85120285 0.2548471  0.3941552  ... 0.09738156 0.23505238 0.65488523],[405.91675 339.90622 359.50763 ... 309.2319  321.2228  336.86398],[425.4535  358.6744  376.3721  ... 328.81976 340.6221  359.90115],[269.93524 196.55394 219.70068 ... 182.52884 197.08372 219.87032],[0.         0.         0.         ... 0.         0.08453404 0.        ],3,2,5,169
[0.32460293 0.71351683 0.5598011  ... 0.26237673 0.32766885 0.29044622],[385.355 447.21  430.05  ... 374.375 371.405 357.3  ],[385.355 447.21  430.05  ... 374.375 371.405 357.3  ],[211.91983 276.2635  256.2251  ... 216.53694 224.05132 198.05537],[0. 0. 0. ... 0. 0. 0.],3,2,5,170
[0.74209803 0.46689853 0.4061156  ... 0.04906215 0.03902101 0.6760268 ],[467.96924 444.88922 435.1723  ... 362.70154 363.7323  424.98462],[467.96924 444.88922 435.1723  ... 362.70154 363.7323  424.98462],[269.61115 242.90144 239.69247 ... 189.3974  176.62633 252.84032],[0.         0.         0.10933305 ... 0.         0.07194242 0.        ],3,2,5,171
[0.6285459  0.5795831  0.5388489  ... 0.6490011  0.24980004 0.1832102 ],[429.05316 452.08347 452.67426 ... 432.15454 381.3441  352.75247],[434.95197 453.32202 455.9124  ... 433.98587 382.1695  353.27118],[223.80983 235.98833 238.27701 ... 242.53445 191.77664 180.19519],[0.         0.         0.07097625 ... 0.         0.         0.        ],3,2,5,172
[0.7910117  0.32893634 0.42668787 ... 0.12473291 0.32594064 0.360499  ],[390.4741  386.24753 415.57968 ... 362.01187 392.2124  378.01984],[396.32593 393.03705 421.9889  ... 371.57037 402.85184 387.62592],[210.29597 210.41267 227.17867 ... 198.77261 223.62498 210.47015],[0.         0.         0.         ... 0.06687298 0.         0.        ],3,2,5,173
[1.2630281  0.839439   0.5732124  ... 0.7319013  0.7424931  0.99911815],[507.2048  418.32242 395.4365  ... 432.59113 411.60727 453.13156],[529.34686 448.99548 420.24774 ... 454.95496 446.7973  483.018  ],[411.2658  347.54138 305.26205 ... 348.43762 347.7079  373.09155],[0.         0.         0.14702228 ... 0.         0.0698947  0.        ],3,2,5,174
[0.63758814 0.10801549 0.12384061 ... 0.15023188 0.24472423 0.12908766],[383.09503 315.7438  314.90497 ... 311.3967  312.45868 303.28925],[383.09503 315.7438  314.90497 ... 311.3967  312.45868 303.28925],[270.24063 197.07147 202.33783 ... 204.34344 210.80841 194.55338],[0. 0. 0. ... 0. 0. 0.],3,2,5,175
"[ 0.19132304  0.08608444  0.19604287 ... -0.00434054  0.04351415
  0.01955706]",[237.09612 230.63379 243.69298 ... 223.33536 231.57439 220.9991 ],[278.27856 275.7857  292.71786 ... 262.99643 270.11072 261.35715],[176.21127 168.21907 182.72552 ... 169.4712  176.1804  170.33722],[0.         0.         0.03861269 ... 0.         0.         0.        ],3,2,5,176
"[ 0.74454385  0.09135897  0.6344073  ...  0.08274762 -0.08838888
  0.25784346]",[405.51453 326.92947 411.60165 ... 340.09958 305.2199  339.46057],[405.51453 326.92947 411.60165 ... 340.09958 305.2199  339.46057],[246.68022 169.58673 247.39964 ... 189.23544 162.03566 193.68446],[0.         0.         0.03611214 ... 0.         0.02944764 0.        ],3,2,5,177
[0.45512295 0.51890934 0.805617   ... 0.30558634 0.2240249  0.25955528],[376.59415 384.41513 428.54868 ... 370.16202 363.3379  350.82953],[391.89172 396.13104 441.06552 ... 385.48434 375.8661  362.49002],[212.74875 222.29259 259.13058 ... 211.46642 199.44858 199.33708],[0.         0.08434626 0.         ... 0.         0.         0.        ],3,2,5,178
"[ 0.52137715  0.5722915  -0.19603752 ...  0.0551498   0.33114585
  0.15539062]",[349.9875  394.9875  320.1375  ... 329.78125 352.83124 325.93124],[349.9875  394.9875  320.1375  ... 329.78125 352.83124 325.93124],[193.84085 240.98763 147.25737 ... 173.76198 192.7454  160.43494],[0. 0. 0. ... 0. 0. 0.],3,2,5,179
[0.34711337 0.2759484  0.22953413 ... 0.08135144 0.0753577  0.09733839],[238.28745 232.55821 241.76773 ... 214.42104 201.3584  201.62466],[340.04276 330.1184  330.22696 ... 291.8125  292.45724 291.4441 ],[200.27945 195.07326 194.32454 ... 169.83351 167.66072 168.33813],[0. 0. 0. ... 0. 0. 0.],3,2,5,180
"[ 0.15427041  0.05841821  0.25303945 ... -0.02636334  0.08735871
  0.0626323 ]",[272.4     267.69412 305.5647  ... 258.62354 269.97647 264.82352],[272.4     267.69412 305.5647  ... 258.62354 269.97647 264.82352],[175.25919 168.8619  198.71182 ... 160.88547 171.90475 168.40373],[0. 0. 0. ... 0. 0. 0.],3,2,5,181
[0.8132813  0.81971514 0.8733553  ... 0.5511182  0.33879736 0.35131127],[442.087   422.5636  465.57556 ... 400.6771  366.08417 346.88306],[506.62543 496.71478 534.4055  ... 461.4914  420.05154 392.71133],[339.02298 347.89206 359.80365 ... 311.4163  260.74655 257.77664],[0. 0. 0. ... 0. 0. 0.],3,2,5,182
[0.39325267 0.3829669  0.29160693 ... 0.11522109 0.00521596 0.10255914],[346.38135 341.25    340.73306 ... 311.0805  292.39832 296.15677],[346.38135 341.25    340.73306 ... 311.0805  292.39832 296.15677],[212.14217 211.40613 206.68565 ... 190.05698 172.36658 182.68332],[0.         0.         0.06317154 ... 0.         0.         0.        ],3,2,5,183
"[ 0.304266    0.16418599  0.26964942 ... -0.08011641  0.06645225
  0.47591093]",[311.00613 294.95093 324.74847 ... 264.98773 284.66257 327.1043 ],[311.00613 294.95093 324.74847 ... 264.98773 284.66257 327.1043 ],[190.41173 180.24922 193.76195 ... 159.23743 173.20395 222.28   ],[0.         0.         0.         ... 0.         0.04754591 0.        ],3,2,5,184
[0.21742548 0.2650136  0.44574228 ... 0.05661476 0.04425575 0.06876361],[306.14423 330.03537 353.4919  ... 284.20178 268.65903 268.93295],[360.72852 372.97937 403.58762 ... 320.52234 313.79382 314.53265],[267.81512 280.46494 314.91934 ... 240.02618 234.72377 231.29576],[0.         0.04009006 0.         ... 0.         0.         0.        ],4,2,5,0
[0.38927367 0.40065572 0.54986525 ... 0.06212756 0.         0.23850214],[357.98474 357.87292 394.71085 ... 307.15674 272.39334 315.30765],[425.70413 432.5618  463.35956 ... 355.72284 335.9588  364.71536],[286.73975 290.58627 326.49274 ... 233.9122  220.12456 261.5183 ],[0. 0. 0. ... 0. 0. 0.],4,2,5,1
[0.9667864  0.57805395 0.5268853  ... 0.8840572  0.5118733  0.7248839 ],[448.46844 384.94327 371.91577 ... 437.43484 372.48193 415.56235],[492.49338 433.85022 421.96918 ... 491.72247 426.6652  457.94714],[362.9837  305.44504 297.45383 ... 368.10904 302.82443 338.27533],[0.        0.        0.0316878 ... 0.        0.        0.       ],4,2,5,2
[0.24259262 0.4101619  0.547364   ... 1.4319437  0.84037924 0.93355745],[347.      367.4354  397.6268  ... 541.0239  452.20575 461.23923],[347.      367.4354  397.6268  ... 541.0239  452.20575 461.23923],[209.40298 236.74117 264.7117  ... 407.4525  317.366   329.5145 ],[0.         0.04219206 0.         ... 0.         0.         0.        ],4,2,5,3
[0.58331275 0.59057444 0.33395934 ... 0.31769285 0.12456381 0.2737283 ],[369.3991  373.87894 336.81165 ... 314.02692 279.04483 296.11658],[369.3991  373.87894 336.81165 ... 314.02692 279.04483 296.11658],[250.83488 253.4973  221.95424 ... 213.10115 175.49245 193.85298],[0.         0.         0.02300979 ... 0.         0.         0.        ],4,2,5,4
[0.9985826  1.3348472  1.3617829  ... 0.11658974 0.05865094 0.18460117],[415.37332 472.74222 484.90222 ... 294.77335 277.8     305.99112],[415.37332 472.74222 484.90222 ... 294.77335 277.8     305.99112],[291.18802 354.56976 362.44662 ... 186.27496 176.86751 193.63188],[0.         0.07474412 0.         ... 0.         0.         0.        ],4,2,5,5
[0.3046488  0.82648724 0.43861994 ... 0.4321242  0.3103561  0.19601507],[348.24292 407.05392 373.55188 ... 351.34088 344.1509  310.91272],[353.84482 412.21982 376.17242 ... 353.94827 346.59482 314.44397],[197.99933 262.76947 218.45511 ... 217.65063 201.7831  180.79268],[0. 0. 0. ... 0. 0. 0.],4,2,5,6
[1.0608087  0.51689225 0.9827425  ... 0.23802644 0.37152484 0.21779647],[453.41498 402.66666 469.21088 ... 366.85034 370.5     350.4966 ],[453.41498 402.66666 469.21088 ... 366.85034 370.5     350.4966 ],[261.28897 221.7428  280.67288 ... 199.02039 206.92332 183.05898],[0.         0.         0.09902544 ... 0.         0.         0.        ],4,2,5,7
"[ 2.1894317   1.3916272   1.1222306  ...  0.2666225  -0.06473437
  0.2656566 ]",[447.6707  452.38846 428.80914 ... 281.67075 243.8229  277.30908],[502.0516  490.94193 464.00644 ... 321.27097 268.59354 303.34195],[368.67947 363.8278  330.11282 ... 202.52269 151.14345 191.40282],[0. 0. 0. ... 0. 0. 0.],4,2,5,8
[0.3032666  0.3283675  0.48937136 ... 0.34299874 0.37721917 0.22233261],[333.30685 319.37183 348.48737 ... 335.9675  330.5054  313.9675 ],[333.30685 319.37183 348.48737 ... 335.9675  330.5054  313.9675 ],[169.89374 173.10774 197.79971 ... 192.04842 193.54715 172.77084],[0.         0.03888847 0.         ... 0.         0.         0.        ],4,2,5,9
"[ 0.89201653  0.54033047  0.50962836 ...  0.11236377 -0.11266442
  0.0968236 ]",[380.33932 342.57657 351.3168  ... 267.37927 238.32904 269.83908],[396.43155 355.09543 360.15353 ... 284.77594 247.78838 283.64316],[287.38193 246.30115 253.57443 ... 189.85953 155.4616  182.61223],[0.        0.        0.0371627 ... 0.        0.        0.       ],4,2,5,10
[0.52884316 0.28801256 0.29000235 ... 0.392398   0.16941755 0.15361378],[407.9369  364.04855 364.0631  ... 394.27185 358.9272  352.85437],[407.9369  364.04855 364.0631  ... 394.27185 358.9272  352.85437],[234.00867 203.41283 206.33855 ... 248.15007 208.9014  206.18015],[0.        0.        0.1394904 ... 0.        0.        0.       ],4,2,5,11
[0.9608563  0.16644019 0.3274529  ... 0.01499434 0.00565391 0.        ],[445.7772  342.29535 371.06735 ... 319.90155 321.23315 315.48706],[445.7772  342.29535 371.06735 ... 319.90155 321.23315 315.48706],[295.53058 195.61986 218.18214 ... 185.4772  181.33647 179.15974],[0.         0.         0.05055133 ... 0.         0.         0.        ],4,2,5,12
[0.5812435  0.7006083  0.5335242  ... 0.32152462 0.22337203 0.55959946],[328.17676 388.25757 371.07574 ... 333.45456 312.37878 346.37375],[328.17676 388.25757 371.07574 ... 333.45456 312.37878 346.37375],[176.88858 240.52188 229.0114  ... 200.41469 186.53954 218.0338 ],[0.         0.         0.         ... 0.         0.05108213 0.        ],4,2,5,13
[0.24585941 0.46420032 0.25027278 ... 0.01909273 0.21468367 0.24255657],[250.92534 304.7918  279.0612  ... 250.96448 269.34818 262.87238],[330.1358  385.47324 350.95474 ... 315.1646  333.02057 338.63376],[225.1128  279.0214  245.815   ... 215.42657 240.00359 236.94354],[0. 0. 0. ... 0. 0. 0.],4,2,5,14
"[ 0.5468339   0.5325124   0.24346888 ... -0.00474313  0.06206887
  0.15976076]",[363.06616 376.04282 328.02725 ... 277.92606 285.32684 299.29572],[363.06616 376.04282 328.02725 ... 277.92606 285.32684 299.29572],[275.9891  287.1817  241.3634  ... 198.25494 208.22893 221.60587],[0. 0. 0. ... 0. 0. 0.],4,2,5,15
[0.5688386  0.62698734 0.4326373  ... 0.01024614 0.23743284 0.23699614],[403.32053 408.1282  383.8889  ... 326.32053 344.6154  349.3846 ],[403.32053 408.1282  383.8889  ... 326.32053 344.6154  349.3846 ],[228.48439 236.93571 213.40712 ... 171.81128 198.31958 195.1052 ],[0.         0.         0.05123989 ... 0.         0.         0.        ],4,2,5,16
"[ 0.2891596   0.18298034  0.14892669 ...  0.416401    0.22216247
 -0.04276012]",[280.83902 284.89743 297.47842 ... 314.42596 266.3978  234.37437],[362.38776 354.8653  358.85306 ... 370.30612 324.1796  283.6449 ],[202.57709 189.83205 192.93573 ... 226.75984 179.899   137.6465 ],[0.         0.         0.06668102 ... 0.         0.         0.        ],4,2,5,17
[0.3355899  0.32513615 0.21386626 ... 0.29716077 0.377126   0.46896872],[320.3491  322.72394 319.14212 ... 331.92957 340.8743  352.30963],[356.61572 352.93887 351.57205 ... 359.93887 367.70306 381.7511 ],[244.5756  244.93303 235.33078 ... 258.23138 265.37747 277.21167],[0.         0.         0.03186977 ... 0.         0.04960462 0.        ],4,2,5,18
[0.60582054 0.366071   0.3415045  ... 0.10578272 0.19980517 0.1663649 ],[396.767   354.34485 354.88022 ... 311.16443 330.73923 323.38992],[402.07053 359.3846  357.10577 ... 312.92307 333.70834 329.56732],[318.5157  277.74307 278.01288 ... 238.40027 255.18913 248.03479],[0. 0. 0. ... 0. 0. 0.],4,2,5,19
[0.83330375 0.56871504 0.63583183 ... 0.5862603  0.51058775 0.57189924],[375.30847 357.5717  361.12518 ... 358.8329  344.53445 336.883  ],[438.8971  408.09967 423.59164 ... 403.86816 390.59164 383.13828],[323.03354 295.28714 308.34717 ... 304.1939  284.64877 280.70102],[0.         0.         0.06239225 ... 0.         0.         0.        ],4,2,5,20
[0.8712287  0.9792007  0.66084063 ... 0.526175   0.1628117  0.2119083 ],[391.94116 412.53357 366.34323 ... 371.21677 308.3548  321.46198],[398.99408 420.08875 374.1361  ... 392.2781  323.19525 334.30768],[326.5283  359.4944  309.95947 ... 330.33438 261.84766 269.36224],[0.        0.        0.0590245 ... 0.        0.        0.       ],4,2,5,21
[0.31420413 0.05503514 0.20726417 ... 0.08695143 0.21081428 0.01352181],[347.2616  324.6915  342.72513 ... 309.7486  326.34738 291.8921 ],[347.79013 325.21606 343.33026 ... 310.2932  326.94446 292.72223],[226.71698 198.2473  222.02362 ... 200.20265 216.09636 183.77371],[0. 0. 0. ... 0. 0. 0.],4,2,5,22
"[ 0.6258124   0.79168606  0.45015058 ... -0.06101143  0.22983477
  0.11627488]",[373.72415 413.5069  363.94138 ... 279.5931  315.82068 296.55862],[373.72415 413.5069  363.94138 ... 279.5931  315.82068 296.55862],[246.73897 281.86212 235.44081 ... 170.02423 211.01851 185.00424],[0.         0.         0.06206077 ... 0.         0.         0.        ],4,2,5,23
[1.0620117  0.35647285 0.6350831  ... 0.2838194  0.46999964 0.26503268],[430.50665 362.28888 407.77777 ... 348.10223 377.61334 342.2622 ],[430.50665 362.28888 407.77777 ... 348.10223 377.61334 342.2622 ],[257.09192 187.63399 222.44342 ... 191.94969 212.5161  172.48187],[0.         0.         0.03828783 ... 0.         0.         0.        ],4,2,5,24
"[ 4.3352684e-01 -5.1275093e-02  2.5693592e-01 ...  4.0810730e-04
  0.0000000e+00 -6.8226837e-02]",[298.    250.755 297.95  ... 265.67  265.565 250.375],[298.    250.755 297.95  ... 265.67  265.565 250.375],[185.11176 138.48718 180.50616 ... 163.1022  158.56319 142.37993],[0. 0. 0. ... 0. 0. 0.],4,2,5,25
"[ 1.3210981   0.8849517   0.44651422 ...  0.04572728 -0.2072402
  0.21781528]",[452.0935  399.126   353.47156 ... 306.86584 266.14633 318.10974],[452.0935  399.126   353.47156 ... 306.86584 266.14633 318.10974],[324.47562 272.09457 218.12288 ... 187.2871  150.94719 206.6299 ],[0. 0. 0. ... 0. 0. 0.],4,2,5,26
"[ 0.1448925   0.13884664  0.04412484 ... -0.00083057 -0.00055916
  0.13705355]",[307.28644 317.2711  310.87994 ... 295.80936 294.52335 314.3015 ],[334.38388 343.70615 335.09952 ... 312.80093 319.92892 337.9621 ],[208.22404 218.00992 203.66203 ... 194.79033 193.12312 214.73006],[0.         0.         0.04068959 ... 0.         0.         0.        ],4,2,5,27
"[ 0.4843165  -0.00771833  0.14788783 ...  0.17488723  0.16049013
  0.13969319]",[336.55325 273.09967 298.73538 ... 297.95532 293.67355 270.07217],[336.55325 273.09967 298.73538 ... 297.95532 293.67355 270.07217],[228.34457 170.0747  197.30093 ... 201.56232 196.24516 172.90143],[0. 0. 0. ... 0. 0. 0.],4,2,5,28
[0.34338713 0.6253096  0.30336782 ... 0.0735871  0.00290192 0.413879  ],[338.69476 386.88373 347.86627 ... 306.1686  286.88953 346.15115],[338.69476 386.88373 347.86627 ... 306.1686  286.88953 346.15115],[210.00928 258.2837  214.38281 ... 178.86995 168.36511 220.58455],[0.        0.        0.        ... 0.        0.0520456 0.       ],4,2,5,29
[0.34680444 0.28265598 0.27144444 ... 0.08307157 0.08429153 0.3270419 ],[311.5679  312.3947  312.37836 ... 289.21164 288.3343  318.7667 ],[323.10583 316.1337  319.66852 ... 297.60446 294.50418 324.35376],[216.1047  215.6764  214.52303 ... 197.64197 196.33736 222.89114],[0.         0.         0.         ... 0.         0.04930138 0.        ],4,2,5,30
"[ 0.22774453 -0.06155241  0.10564543 ... -0.04685812  0.19556788
  0.11397377]",[322.15558 281.94907 317.3553  ... 270.25693 311.11835 290.51562],[327.80392 286.26144 320.7026  ... 273.39542 314.12418 292.91177],[259.05524 218.1992  252.29929 ... 211.89879 253.09416 231.1739 ],[0.         0.         0.         ... 0.02348473 0.         0.        ],4,2,5,31
[1.5910238  1.2892892  1.8648617  ... 0.7509679  0.60223794 0.89124846],[542.2756  497.77954 585.8622  ... 419.66534 380.64566 421.76773],[542.2756  497.77954 585.8622  ... 419.66534 380.64566 421.76773],[429.24234 384.49506 476.14975 ... 320.02878 281.53357 322.33118],[0.         0.13748641 0.         ... 0.         0.03059377 0.        ],4,2,5,32
[1.1999202  0.99211395 0.50022703 ... 0.03374898 0.2472923  0.8135075 ],[425.00424 449.71063 388.6936  ... 335.9702  353.11914 407.27658],[425.00424 449.71063 388.6936  ... 335.9702  353.11914 407.27658],[255.24945 280.7419  221.52696 ... 182.3357  207.59601 259.48666],[0.         0.         0.         ... 0.         0.11773659 0.        ],4,2,5,33
[0.29192087 0.0028106  0.36831927 ... 0.09338413 0.23727684 0.        ],[253.92537 235.73619 268.12704 ... 227.46385 247.38641 196.23943],[324.34155 294.22534 346.16196 ... 296.7465  307.40845 258.4366 ],[222.78117 184.61589 245.25735 ... 202.10477 217.30267 166.22025],[0.         0.         0.03748674 ... 0.         0.         0.        ],4,2,5,34
"[ 1.0260713   1.1046374   1.2742337  ...  0.19960183 -0.04229699
  0.21668895]",[454.07782 467.11697 493.46732 ... 359.17365 328.2193  339.74353],[495.7143  499.19287 533.2857  ... 386.33572 353.44644 375.31787],[313.3603  331.5559  360.33145 ... 237.53679 188.9929  223.34555],[0.         0.         0.09307355 ... 0.         0.         0.        ],4,2,5,35
"[ 0.31190163  0.11002842  0.09680774 ...  0.20043497 -0.04707882
  0.0154288 ]",[321.3892  297.32974 291.97296 ... 288.04865 262.50272 266.24866],[321.3892  297.32974 291.97296 ... 288.04865 262.50272 266.24866],[185.62766 167.77246 166.42657 ... 171.52309 140.12117 142.28406],[0. 0. 0. ... 0. 0. 0.],4,2,5,36
[1.1545379  0.986997   1.0273209  ... 0.084587   0.16001531 0.01908955],[335.9963  311.0968  332.76526 ... 217.57895 234.38153 220.49455],[413.00375 396.19852 404.2472  ... 290.70413 294.78653 281.81274],[277.2425  263.10538 270.3118  ... 172.58514 180.76857 161.12427],[0. 0. 0. ... 0. 0. 0.],4,2,5,37
[0.7057885  0.63228464 0.74777    ... 0.23139895 0.         0.        ],[375.60986 403.40344 416.5626  ... 350.0535  306.75095 296.3488 ],[424.25687 436.59634 454.55658 ... 378.526   327.9847  315.74924],[267.15363 290.35226 310.12814 ... 239.50139 192.93016 177.6172 ],[0.         0.         0.06555274 ... 0.         0.         0.        ],4,2,5,38
[0.5028744  0.3796763  0.2280209  ... 0.12991029 0.20870717 0.1796715 ],[353.4895  342.34265 327.96155 ... 304.8741  313.82516 314.96854],[353.4895  342.34265 327.96155 ... 304.8741  313.82516 314.96854],[209.50749 201.77196 183.30885 ... 173.33075 182.47847 178.61716],[0.         0.         0.         ... 0.03266178 0.         0.        ],4,2,5,39
"[ 0.4627843  -0.0455767   0.0169064  ...  0.0847946   0.19091141
  0.85904396]",[271.9244  240.36496 246.95612 ... 239.60727 228.56728 293.80762],[392.8677  341.96497 348.4358  ... 343.85602 339.07004 397.15176],[203.79236 158.20467 167.70502 ... 171.7041  172.32155 236.87917],[0.         0.         0.05161284 ... 0.         0.1295351  0.        ],4,2,5,40
[0.40858477 0.21163534 0.22260539 ... 0.07517082 0.09051027 0.2651367 ],[255.88449 245.2782  249.41881 ... 230.55438 221.3766  234.0237 ],[317.58115 295.68063 299.39267 ... 269.2827  262.40314 277.2356 ],[222.79063 199.94429 206.46315 ... 183.8813  178.54185 191.54114],[0. 0. 0. ... 0. 0. 0.],4,2,5,41
"[ 0.9300229   0.4812342   0.63792545 ... -0.15158692  0.2744341
  0.41781512]",[433.975  379.65   402.95   ... 284.9375 333.4625 327.1625],[433.975  379.65   402.95   ... 284.9375 333.4625 327.1625],[296.79022 241.34816 263.58487 ... 152.4144  208.60997 204.64763],[0.         0.         0.05448905 ... 0.         0.06530774 0.        ],4,2,5,42
"[ 0.42823756  0.32383946 -0.00602747 ... -0.0037954   0.07334777
  0.30598736]",[335.9576  328.45584 291.40637 ... 271.34628 278.16608 309.82333],[335.9576  328.45584 291.40637 ... 271.34628 278.16608 309.82333],[211.09584 201.35712 164.34032 ... 158.44102 168.3998  195.4263 ],[0.         0.         0.         ... 0.         0.04801802 0.        ],4,2,5,43
[0.4818375  0.50396425 0.45200813 ... 0.03220939 0.16045499 0.21404755],[235.59149 256.50674 255.93724 ... 211.79797 230.4333  227.82014],[297.1623  326.54974 319.69635 ... 268.9267  282.04187 287.94763],[197.7731  226.02853 221.13176 ... 183.18517 198.5004  204.03723],[0.         0.         0.11928115 ... 0.         0.         0.        ],4,2,5,44
[0.26212594 0.07203452 0.11257324 ... 0.14402786 0.16383412 0.2636046 ],[304.37845 274.7034  289.34558 ... 289.5097  273.3667  287.19196],[305.3021  275.57986 290.31598 ... 290.81598 276.125   289.00696],[218.43188 192.04062 204.70532 ... 209.18318 199.37552 212.24164],[0.         0.         0.05021593 ... 0.         0.         0.        ],4,2,5,45
"[ 0.3338159   0.30035546  0.47539052 ... -0.1329457   0.47738186
  0.2729809 ]",[318.91275 318.55032 341.35907 ... 266.05032 314.55032 297.92618],[318.91275 318.55032 341.35907 ... 266.05032 314.55032 297.92618],[168.67593  168.69075  193.89293  ... 126.079605 181.9916   157.2003  ],[0.         0.         0.         ... 0.04821203 0.         0.        ],4,2,5,46
[0.70545214 0.58933794 0.51987696 ... 0.13883846 0.19952254 0.        ],[399.26358 399.09216 389.88763 ... 338.2591  348.96927 311.41083],[411.36874 412.5103  407.30972 ... 350.7522  357.62833 326.62833],[236.3938  245.61273 238.26767 ... 198.72006 204.37778 166.5051 ],[0.         0.         0.04817895 ... 0.         0.         0.        ],4,2,5,47
[0.073489   0.1553651  0.24521653 ... 0.1722513  0.24813613 0.01678932],[272.81406 290.12564 301.19095 ... 276.88943 290.35678 257.93466],[272.81406 290.12564 301.19095 ... 276.88943 290.35678 257.93466],[174.5471  185.85808 198.25345 ... 186.96503 197.1951  163.99184],[0.         0.         0.03380434 ... 0.         0.         0.        ],4,2,5,48
[0.29095992 0.16659242 0.6742143  ... 0.01899219 0.         0.1703516 ],[314.90054 309.72928 383.64087 ... 301.16022 294.54697 313.1768 ],[314.90054 309.72928 383.64087 ... 301.16022 294.54697 313.1768 ],[168.85126 173.94246 239.7313  ... 166.44746 159.06636 176.36339],[0. 0. 0. ... 0. 0. 0.],4,2,5,49
"[ 1.3595517   1.6602604   1.4247023  ...  0.14995642 -0.03123756
  0.12758648]",[462.12695 514.48193 471.88657 ... 256.05582 222.69159 231.42409],[545.9441  605.8029  575.83234 ... 318.81766 286.49118 309.4794 ],[437.92896 492.03622 456.74603 ... 226.76158 194.33763 214.43135],[0.08716524 0.         0.         ... 0.         0.         0.        ],4,2,5,50
"[ 0.30618128  0.14518212 -0.02581364 ...  0.02637871  0.1768659
  0.13438313]",[319.41696 299.25085 281.2644  ... 284.6034  284.6271  286.48813],[319.41696 299.25085 281.2644  ... 284.6034  284.6271  286.48813],[192.85997 177.48524 155.89713 ... 167.54105 174.49832 167.37328],[0. 0. 0. ... 0. 0. 0.],4,2,5,51
[0.24802181 0.7633312  1.1961627  ... 3.2667906  3.00955    3.07567   ],[317.6961  391.45016 441.16595 ... 764.92126 735.64453 693.45917],[372.50183 444.84363 513.6473  ... 856.4218  813.8909  806.00726],[217.34264 297.53226 364.12106 ... 711.2527  657.28467 662.6812 ],[0.0822532  0.07450262 0.05989708 ... 0.         0.06300784 0.        ],4,2,5,52
[0.8744807  0.72892183 0.43294376 ... 1.8288234  1.4278089  1.2823659 ],[380.65588 366.11337 350.21054 ... 514.5668  467.0931  442.8421 ],[380.65588 366.11337 350.21054 ... 514.5668  467.0931  442.8421 ],[229.89124 223.9269  202.06306 ... 376.3364  326.5665  301.8036 ],[0. 0. 0. ... 0. 0. 0.],4,2,5,53
[0.30413467 0.13856436 0.14448431 ... 0.10029817 0.12505575 0.19315444],[296.08636 295.99545 303.4818  ... 293.34546 287.62274 295.0091 ],[296.08636 295.99545 303.4818  ... 293.34546 287.62274 295.0091 ],[166.81018 174.67108 176.87816 ... 176.40143 173.47473 181.01482],[0. 0. 0. ... 0. 0. 0.],4,2,5,54
[1.753752  1.7641138 1.518787  ... 1.1329459 1.32091   1.5692086],[517.43713 494.10147 483.22064 ... 460.40906 472.58676 495.37967],[620.9559  622.1961  586.52454 ... 542.9216  558.098   592.701  ],[468.64435 475.23456 443.7385  ... 408.09686 422.4698  460.67136],[0.         0.         0.19353986 ... 0.         0.06588139 0.        ],4,2,5,55
[0.         0.0980953  0.17131723 ... 0.07159703 0.32713893 0.1564522 ],[277.76    295.77335 313.78223 ... 298.34222 325.88    289.00888],[277.76    295.77335 313.78223 ... 298.34222 325.88    289.00888],[147.34991 166.18806 178.11882 ... 172.23473 200.15259 166.59818],[0.         0.         0.05792784 ... 0.04220119 0.         0.        ],4,2,5,56
"[ 0.5353798   0.3925913   0.1284523  ...  0.06154536 -0.12384766
  0.0697274 ]",[338.4119  330.01932 286.84674 ... 263.00595 238.5913  241.2096 ],[370.42856 357.8502  308.00696 ... 292.39374 262.29617 269.31012],[288.6779  271.4112  227.2227  ... 214.1168  180.99368 194.2868 ],[0. 0. 0. ... 0. 0. 0.],4,2,5,57
[0.5598751  0.3511153  0.59313744 ... 0.72122765 0.41702226 0.4271642 ],[377.30243 360.72983 383.04434 ... 365.6492  339.8992  340.6855 ],[377.30243 360.72983 383.04434 ... 365.6492  339.8992  340.6855 ],[222.25517 201.15866 232.4858  ... 236.8878  200.678   194.72852],[0. 0. 0. ... 0. 0. 0.],4,2,5,58
"[ 0.34390372  0.0620498   0.24144016 ...  0.26943782  0.00286363
 -0.04038902]",[351.87115 312.91876 340.2549  ... 344.9944  297.42017 286.36414],[351.87115 312.91876 340.2549  ... 344.9944  297.42017 286.36414],[239.19106 196.12216 224.38493 ... 239.60219 194.273   184.77718],[0.         0.         0.03648021 ... 0.         0.         0.        ],4,2,5,59
[0.9713497  0.6571499  0.89495057 ... 0.4615519  0.19145784 0.21507952],[402.0575  376.32797 397.3933  ... 321.47693 274.87854 271.68637],[466.37457 424.48056 458.91165 ... 376.0424  328.53357 319.25797],[362.58057 315.45026 357.42935 ... 286.97266 238.75319 230.41911],[0.         0.04284659 0.06697863 ... 0.         0.         0.        ],4,2,5,60
[0.9391975  0.33610687 0.19225305 ... 0.47920835 0.48144495 0.45130908],[350.5577  309.23294 282.9476  ... 334.92758 315.44012 319.66174],[425.75174 355.74127 340.47552 ... 385.97903 379.83566 373.53146],[294.3701  226.67169 211.19409 ... 265.80716 264.77783 254.66748],[0. 0. 0. ... 0. 0. 0.],4,2,5,61
[1.6178032  0.7690319  1.0787396  ... 0.3380006  0.08549095 0.7033383 ],[497.1179  414.70975 447.291   ... 355.30536 323.3421  359.35535],[502.0372  415.66513 448.2186  ... 356.15814 324.18604 360.9535 ],[319.45624 240.7384  276.30948 ... 212.63501 174.93391 221.00745],[0.         0.         0.         ... 0.         0.07775775 0.        ],4,2,5,62
[0.8845796 1.1651714 0.842059  ... 0.6879789 0.6276804 0.7515024],[199.22687 199.0319  187.56688 ... 200.50552 188.12807 211.79085],[366.9017  416.8068  376.57965 ... 374.17627 361.0644  371.91525],[223.20021 267.36734 234.25598 ... 233.17613 225.61395 235.38353],[0.06711461 0.         0.03597041 ... 0.         0.03820473 0.        ],4,2,5,63
[0.19594897 0.17033368 0.11041749 ... 0.20670778 0.08554792 0.29578903],[286.45395 287.42105 275.64474 ... 292.73026 278.4934  304.125  ],[286.45395 287.42105 275.64474 ... 292.73026 278.4934  304.125  ],[214.5189  213.18843 206.40706 ... 232.22794 212.85187 235.10661],[0.        0.        0.0294477 ... 0.        0.        0.       ],4,2,5,64
[0.58644253 0.31336468 0.495226   ... 0.14518759 0.06721398 0.02868352],[380.73117 339.1613  368.7903  ... 311.46506 291.957   284.01614],[380.73117 339.1613  368.7903  ... 311.46506 291.957   284.01614],[242.67554 206.22308 234.83266 ... 186.38916 172.3539  165.27686],[0. 0. 0. ... 0. 0. 0.],4,2,5,65
[0.2069306  0.13050304 0.26836136 ... 0.23031366 0.08051802 0.2825922 ],[295.05203 289.1041  303.88477 ... 300.12268 282.66916 296.77695],[295.05203 289.1041  303.88477 ... 300.12268 282.66916 296.77695],[152.39885 150.14862 168.15514 ... 166.54118 147.39783 169.10117],[0.         0.         0.06578738 ... 0.         0.         0.        ],4,2,5,66
[0.59280527 0.8672541  0.90280634 ... 0.49534768 0.         0.4231926 ],[334.82428 368.21774 368.31406 ... 336.93082 299.37595 336.57797],[389.29117 418.55295 427.47647 ... 385.56177 340.07648 376.7559 ],[187.82812 219.47426 227.74707 ... 198.28632 142.50684 186.44818],[0.         0.         0.         ... 0.         0.03649891 0.        ],4,2,5,67
[1.0663137  0.9805997  0.6108573  ... 0.18274772 0.32291535 0.32000276],[401.2936  416.65616 356.78424 ... 303.61853 320.96863 312.00366],[425.66373 440.27432 375.4115  ... 321.65045 341.58408 331.15488],[376.8872  382.29044 319.1855  ... 275.1039  292.1297  281.5538 ],[0.         0.         0.05096876 ... 0.04221329 0.         0.        ],4,2,5,68
[0.6100199  0.3675882  0.44990426 ... 0.07980949 0.27895406 0.17687336],[404.48267 390.35837 411.15607 ... 349.85837 365.474   354.1156 ],[404.48267 390.35837 411.15607 ... 349.85837 365.474   354.1156 ],[237.12524 227.4946  244.41118 ... 198.61073 224.94756 209.70808],[0.         0.         0.04325847 ... 0.         0.         0.        ],4,2,5,69
[0.27667302 0.3862326  0.40951613 ... 0.24352816 0.55404407 0.48598856],[328.16187 355.8863  362.56406 ... 310.85696 374.93915 354.04886],[354.19415 375.49817 385.48718 ... 338.67398 396.7326  386.1099 ],[260.77908 281.9432  292.50958 ... 259.6768  313.73938 298.9746 ],[0.         0.         0.         ... 0.02853066 0.         0.        ],4,2,5,70
"[ 0.27926564  0.33933896  0.22296953 ... -0.05240207  0.05885644
  0.33778164]",[330.2428  339.64197 326.95474 ... 286.63785 285.87244 318.90945],[330.2428  339.64197 326.95474 ... 286.63785 285.87244 318.90945],[203.59549 214.81818 199.28572 ... 163.4742  166.73097 199.81189],[0. 0. 0. ... 0. 0. 0.],4,2,5,71
[1.3475469  0.9305969  1.0097528  ... 0.31762585 0.5493197  0.22448747],[489.80786 448.81238 462.24234 ... 344.89224 379.37698 327.01184],[508.9848  468.2675  481.44073 ... 358.7447  393.0304  341.2705 ],[347.6704  317.10297 329.77206 ... 229.99086 260.91754 210.1185 ],[0. 0. 0. ... 0. 0. 0.],4,2,5,72
"[ 0.68923956 -0.08264937  0.39826965 ... -0.05241247  0.1195679
  0.33024123]",[427.82196 341.4184  399.9525  ... 324.38574 352.24927 358.80118],[427.82196 341.4184  399.9525  ... 324.38574 352.24927 358.80118],[246.00089 157.53505 228.49553 ... 166.87814 187.85486 209.3263 ],[0.         0.         0.03277266 ... 0.         0.04183045 0.        ],4,2,5,73
"[ 0.17098726  0.22704019  0.15834886 ... -0.03383483  0.20822854
  0.07961249]",[274.07242 315.06525 306.67365 ... 274.47894 316.49753 300.15463],[286.20248 326.4091  314.59918 ... 284.6405  327.0537  308.02893],[167.03531 206.46838 196.76503 ... 179.15567 214.77441 190.35677],[0. 0. 0. ... 0. 0. 0.],4,2,5,74
[0.1569808  0.06306065 0.21867895 ... 0.17436138 0.06296692 0.07366509],[312.31818 295.843   317.6901  ... 307.66116 292.6901  279.95456],[312.31818 295.843   317.6901  ... 307.66116 292.6901  279.95456],[201.30711 190.93526 214.86845 ... 212.3336  187.00159 181.92918],[0. 0. 0. ... 0. 0. 0.],4,2,5,75
[0.36914447 0.30089328 0.2967127  ... 0.39490882 0.3834301  0.38431185],[253.5924  261.3296  262.71567 ... 268.52814 256.94165 257.829  ],[351.87082 345.24582 357.625   ... 348.1375  348.11667 338.50418],[234.30173 226.49544 237.00949 ... 240.13095 238.22572 231.86803],[0.         0.         0.03995689 ... 0.         0.         0.        ],4,2,5,76
[0.6167287  0.6877721  0.51628387 ... 0.8577667  0.27671596 0.6200429 ],[384.2508  399.71112 373.48572 ... 415.0127  322.8762  372.4508 ],[384.2508  399.71112 373.48572 ... 415.0127  322.8762  372.4508 ],[285.2296  299.5569  273.70654 ... 323.43524 230.95522 281.78906],[0.         0.         0.05262937 ... 0.         0.         0.        ],4,2,5,77
[0.6255224  0.5602312  0.47394252 ... 0.05573434 0.20076534 0.05223429],[349.97183 342.33334 326.2676  ... 274.8263  292.49295 274.4554 ],[349.97183 342.33334 326.2676  ... 274.8263  292.49295 274.4554 ],[241.88733 235.58942 224.95357 ... 179.27544 197.02542 176.04681],[0. 0. 0. ... 0. 0. 0.],4,2,5,78
[0.18620372 0.3805967  0.4790046  ... 0.47239035 0.29116368 0.32100868],[303.6848  327.02484 336.268   ... 354.3265  308.82297 320.6493 ],[358.28302 376.51416 406.0283  ... 415.65567 373.1085  380.29718],[200.72743 227.06076 254.09015 ... 270.3241  237.33075 240.741  ],[0.         0.04527846 0.         ... 0.         0.         0.        ],4,2,5,79
"[ 0.79968345  0.7061321   0.6852257  ... -0.12154192  0.02377182
  0.15749381]",[290.7365  293.3977  290.0097  ... 208.06142 216.50856 213.29279],[423.96814 411.26694 408.13943 ... 289.9004  303.38248 301.46216],[282.41333 270.13806 268.14676 ... 163.22624 181.6388  180.33192],[0. 0. 0. ... 0. 0. 0.],4,2,5,80
[0.8802613  0.92661476 0.812835   ... 0.29604492 0.18808323 0.39591035],[373.785 411.18  399.95  ... 347.31  315.165 337.86 ],[373.785 411.18  399.95  ... 347.31  315.165 337.86 ],[237.46078 280.2828  267.5865  ... 225.38087 199.01938 214.09018],[0. 0. 0. ... 0. 0. 0.],4,2,5,81
[0.964845   0.44988114 0.4585783  ... 0.5548743  0.37600482 0.96175253],[343.31396 332.7597  341.36435 ... 353.06976 330.0465  367.6744 ],[343.31396 332.7597  341.36435 ... 353.06976 330.0465  367.6744 ],[144.19249 142.71239 150.09677 ... 171.44273 146.86317 185.44913],[0.         0.         0.         ... 0.         0.08909333 0.        ],4,2,5,82
[0.39562374 0.27736023 0.22528148 ... 0.18624674 0.40743652 0.2539288 ],[366.32394 378.92395 366.7352  ... 328.72958 356.74084 337.09576],[366.32394 378.92395 366.7352  ... 328.72958 356.74084 337.09576],[229.29622 235.46478 227.56299 ... 207.92937 236.6904  212.45496],[0.         0.         0.03792634 ... 0.05080839 0.         0.        ],4,2,5,83
[1.0330654  0.690136   0.69957685 ... 0.8681319  0.6969478  0.36959943],[386.1559  359.8172  381.46237 ... 364.03226 334.91934 293.4086 ],[386.1559  359.8172  381.46237 ... 364.03226 334.91934 293.4086 ],[230.28427 213.25957 223.08617 ... 230.77235 202.90486 163.41289],[0.         0.         0.11573305 ... 0.         0.         0.        ],4,2,5,84
"[ 0.22749081  0.18500274  0.13423054 ...  0.18618779 -0.10310748
  0.02990228]",[358.11618 375.68466 374.27386 ... 365.639   332.74274 334.56845],[358.11618 375.68466 374.27386 ... 365.639   332.74274 334.56845],[188.23534 196.6608  190.39565 ... 211.04916 170.37039 185.58969],[0.         0.         0.08031042 ... 0.         0.         0.        ],4,2,5,85
"[ 0.35376912  0.1732165   0.23001656 ... -0.08117055  0.24592254
  0.25954345]",[338.      318.28018 337.10345 ... 276.5345  326.72415 317.73706],[338.      318.28018 337.10345 ... 276.5345  326.72415 317.73706],[221.58165 196.58202 209.82722 ... 158.3222  206.61151 202.15457],[0.        0.        0.        ... 0.        0.0413162 0.       ],4,2,5,86
[0.23030326 0.15484247 0.10648047 ... 0.         0.28970098 0.00223854],[338.78055 330.27222 331.34723 ... 293.7972  338.25278 289.45557],[338.78055 330.27222 331.34723 ... 293.7972  338.25278 289.45557],[218.09198 208.88803 207.57127 ... 184.397   228.59929 182.47333],[0.         0.         0.         ... 0.02332579 0.         0.        ],4,2,5,87
[1.1878095  0.58883107 0.5361477  ... 0.20621827 0.1397705  0.09901907],[431.94962 369.54474 378.48712 ... 326.64743 299.21472 277.3299 ],[506.77945 433.16617 442.25378 ... 391.9426  369.51056 351.284  ],[309.6632  240.08539 250.80139 ... 208.88168 193.84163 180.30675],[0. 0. 0. ... 0. 0. 0.],4,2,5,88
[0.55984354 0.6305498  0.3174443  ... 0.3908736  0.41582915 0.51568145],[306.2143  337.86508 305.46033 ... 318.3095  317.8889  325.7857 ],[306.2143  337.86508 305.46033 ... 318.3095  317.8889  325.7857 ],[197.95485 234.29903 196.54568 ... 216.0644  215.59525 222.08307],[0.         0.         0.         ... 0.06856062 0.         0.        ],4,2,5,89
[0.4912941  0.28741425 0.26437816 ... 0.32674974 0.41230035 0.5256252 ],[334.04907 322.34357 313.0552  ... 319.48465 325.3865  338.98773],[334.04907 322.34357 313.0552  ... 319.48465 325.3865  338.98773],[236.28261 219.13089 217.24155 ... 224.9363  233.8245  249.29239],[0.         0.         0.         ... 0.06181075 0.         0.        ],4,2,5,90
"[ 0.440397    0.3679635   0.46438736 ... -0.07306398  0.4340053
  0.17333892]",[356.2918  336.7541  361.34097 ... 258.88196 334.1082  293.26886],[356.2918  336.7541  361.34097 ... 258.88196 334.1082  293.26886],[227.81563 220.12881 235.88226 ... 150.31834 217.67348 179.48636],[0. 0. 0. ... 0. 0. 0.],4,2,5,91
[1.2965206  1.4638579  1.7291818  ... 0.21121505 0.29170898 0.14924331],[524.62756 567.6937  591.6209  ... 335.2984  349.93372 307.53757],[578.9371  620.9021  665.36365 ... 390.14685 399.46155 357.87064],[455.8955  488.49493 538.9661  ... 279.53885 293.06647 251.77177],[0.05991339 0.06310446 0.06513375 ... 0.         0.         0.        ],4,2,5,92
[0.7516892  0.552837   0.6730181  ... 0.08767459 0.44194326 0.2806252 ],[317.67725 283.23096 313.0566  ... 240.57423 273.1021  251.95415],[439.24222 408.89618 431.91348 ... 339.9827  376.95157 343.0761 ],[276.2332  253.97879 272.18713 ... 194.4941  229.18474 198.5876 ],[0.         0.         0.06218814 ... 0.05691996 0.         0.        ],4,2,5,93
"[ 0.67076635  0.06994472  0.22051862 ...  0.22031276 -0.0230609
  0.30180743]",[346.04028 293.20135 319.75168 ... 313.02686 281.61075 320.67114],[346.04028 293.20135 319.75168 ... 313.02686 281.61075 320.67114],[192.25076 145.49493 164.43533 ... 174.50282 144.36115 177.26167],[0.         0.         0.04883894 ... 0.         0.         0.        ],4,2,5,94
[0.29500598 0.16858187 0.15137868 ... 0.         0.13881698 0.25079155],[303.80786 293.57504 291.16483 ... 257.41125 275.79    290.775  ],[336.61795 318.11627 316.01993 ... 282.0565  296.38538 310.69766],[236.5801  217.24165 215.13263 ... 189.27356 209.30585 217.76717],[0.         0.         0.03348544 ... 0.         0.03345203 0.        ],4,2,5,95
[0.79120415 0.420205   0.32685253 ... 0.39738595 0.55961215 0.08881798],[377.7465  333.0047  326.6385  ... 348.87323 364.4554  297.21597],[377.7465  333.0047  326.6385  ... 348.87323 364.4554  297.21597],[240.16544 197.10023 186.60129 ... 222.24452 231.09517 166.00618],[0. 0. 0. ... 0. 0. 0.],4,2,5,96
[0.75725746 0.48653126 0.09296534 ... 0.83751607 0.17414445 0.5745348 ],[414.80658 401.21335 341.1078  ... 437.6454  326.31723 386.8963 ],[481.23306 465.02982 408.8157  ... 512.49866 402.5718  461.52844],[308.13992 278.38342 218.92839 ... 347.9252  234.1525  297.62793],[0.         0.         0.07505174 ... 0.         0.         0.        ],4,2,5,97
"[ 0.31847972  0.28588247  0.20640616 ...  0.19218376  0.5295746
 -0.00944626]",[314.69092 307.1182  302.0182  ... 284.02728 327.02728 261.26364],[314.69092 307.1182  302.0182  ... 284.02728 327.02728 261.26364],[190.01236 188.41136 181.95885 ... 177.95102 217.60976 149.24957],[0.         0.         0.         ... 0.03216877 0.         0.        ],4,2,5,98
[0.55244493 0.78367645 0.08612776 ... 0.2967426  0.5225184  0.5632876 ],[324.79813 347.7493  280.62167 ... 302.8903  320.99487 319.86765],[361.51633 381.8562  304.15033 ... 332.15686 340.67322 343.04575],[240.7531  275.89975 185.9081  ... 226.7118  239.62064 244.28796],[0.         0.         0.09444842 ... 0.05896264 0.         0.        ],4,2,5,99
[0.38679186 0.24246424 0.31960803 ... 0.05019103 0.2871322  0.18236336],[370.16666 359.55902 367.4861  ... 310.49304 344.1979  314.19098],[370.16666 359.55902 367.4861  ... 310.49304 344.1979  314.19098],[257.69598 242.46808 255.6629  ... 209.15668 246.24255 215.11401],[0.         0.         0.         ... 0.03079653 0.         0.        ],4,2,5,100
[0.61142886 0.56140816 0.39921427 ... 0.454653   0.6811035  0.50752497],[422.5618  409.39395 396.0915  ... 384.39993 409.5718  384.34174],[436.75842 426.99158 405.98596 ... 396.66293 421.17697 398.44382],[252.76753 259.15952 237.08359 ... 240.36769 265.10477 240.51147],[0.         0.         0.06451651 ... 0.         0.         0.        ],4,2,5,101
[0.7622638  0.4889375  0.78014034 ... 1.0164089  0.7895414  0.6927775 ],[386.884 354.66  404.336 ... 413.84  383.076 365.476],[386.884 354.66  404.336 ... 413.84  383.076 365.476],[283.76224 251.51262 298.7066  ... 317.4271  285.7891  267.16296],[0.         0.         0.12262782 ... 0.         0.         0.        ],4,2,5,102
[0.19018172 0.25500774 0.17094862 ... 0.339505   0.17464809 0.26001653],[290.63574 297.8899  288.47226 ... 295.5792  282.67493 288.62732],[304.25766 313.78528 304.64417 ... 308.9632  293.3129  299.82822],[193.20906 202.79073 198.84097 ... 217.79428 193.3444  200.23787],[0.         0.         0.04470235 ... 0.         0.         0.        ],4,2,5,103
[0.8802694  0.522823   0.7075594  ... 0.32561594 0.61645186 0.2356349 ],[427.3927  380.54657 410.23077 ... 341.68018 369.4575  307.4494 ],[427.3927  380.54657 410.23077 ... 341.68018 369.4575  307.4494 ],[282.5148  238.9977  268.9698  ... 211.38113 240.21791 176.79903],[0.        0.        0.0487784 ... 0.        0.        0.       ],4,2,5,104
[0.50439596 0.7911999  0.6722549  ... 0.06474325 0.0820511  0.01102515],[377.30325 420.16626 406.10883 ... 331.5651  327.32385 320.0904 ],[397.49683 440.6879  431.32483 ... 346.89172 342.03186 333.14648],[270.06223 317.40228 314.7596  ... 230.2098  231.41174 219.36569],[0. 0. 0. ... 0. 0. 0.],4,2,5,105
[0.27368453 0.07129698 0.0746841  ... 0.06098273 0.19901466 0.2687741 ],[217.81038 212.81932 217.47067 ... 195.40399 232.17189 214.95782],[368.54486 342.42947 357.77243 ... 334.98398 358.82053 334.48077],[241.36295 222.42802 225.3197  ... 222.27798 245.73436 232.48021],[0.         0.         0.         ... 0.03987299 0.         0.        ],4,2,5,106
[0.8492421  0.48220047 0.510743   ... 0.23400985 0.36950672 0.7004573 ],[393.1651  340.26834 357.35132 ... 307.35443 330.46533 377.57758],[430.27728 371.68182 390.8682  ... 336.81818 358.55453 408.15   ],[307.06613 255.07242 265.0067  ... 227.86562 247.5614  295.81976],[0.         0.         0.07979531 ... 0.         0.03602204 0.        ],4,2,5,107
"[ 0.36615404  0.4807185   0.45239133 ...  0.17770636 -0.02360822
  0.24192955]",[367.28687 396.32126 395.6521  ... 337.30267 308.11584 346.6136 ],[376.38776 401.14627 403.02042 ... 342.23468 317.30273 350.71088],[254.27997 276.86508 275.10825 ... 238.60292 204.5989  245.62784],[0.         0.         0.         ... 0.         0.02987787 0.        ],4,2,5,108
[0.4753355  0.10693614 0.03531552 ... 0.03558671 0.30497703 0.2056148 ],[337.1191  299.58725 299.7398  ... 280.0772  314.48413 294.44135],[355.85596 322.22714 316.4432  ... 294.89197 328.07202 312.82272],[218.40001 186.36183 176.90414 ... 172.17256 206.87894 191.69951],[0.         0.         0.02470667 ... 0.         0.         0.        ],4,2,5,109
[0.5148447  0.13464038 0.33656746 ... 0.04098903 0.41263652 0.47185084],[365.8008  329.23505 363.749   ... 319.15536 354.83267 356.26294],[365.8008  329.23505 363.749   ... 319.15536 354.83267 356.26294],[219.02567 183.65736 216.06151 ... 181.12564 220.49901 217.22449],[0.         0.         0.05182346 ... 0.06608303 0.         0.        ],4,2,5,110
"[ 0.9170056  -0.12489739  0.3018389  ...  0.         -0.09951857
  0.45245013]",[385.2078  302.78787 362.28137 ... 310.81384 307.87012 339.9394 ],[385.2078  302.78787 362.28137 ... 310.81384 307.87012 339.9394 ],[199.32645 127.11426 172.35861 ... 141.41426 126.53034 172.85898],[0.         0.         0.05838582 ... 0.         0.04834553 0.        ],4,2,5,111
[0.6762128  0.18216676 0.49872795 ... 0.40226108 0.04800895 0.2935405 ],[392.0819  347.17673 403.48706 ... 357.42673 310.07327 336.42242],[392.0819  347.17673 403.48706 ... 357.42673 310.07327 336.42242],[282.62036 237.73016 291.72467 ... 260.95007 204.35075 238.01382],[0.        0.        0.0590615 ... 0.        0.        0.       ],4,2,5,112
[0.7263148  0.5831348  0.19011173 ... 0.1074443  0.14312705 0.12763853],[289.5485  323.20056 282.5009  ... 279.68277 268.5494  262.877  ],[363.8945  401.95358 349.8903  ... 334.13925 348.94092 338.85233],[214.078   255.92207 212.82191 ... 206.68239 210.54846 204.75748],[0. 0. 0. ... 0. 0. 0.],4,2,5,113
[0.9072353  0.48103824 0.47695723 ... 0.22677958 0.20748836 0.6284295 ],[442.76825 391.8927  396.58368 ... 366.33905 355.45923 411.794  ],[442.76825 391.8927  396.58368 ... 366.33905 355.45923 411.794  ],[291.50745 245.17874 250.10902 ... 224.74745 220.58669 279.39117],[0.        0.        0.        ... 0.        0.0831077 0.       ],4,2,5,114
[0.         0.12603337 0.06526538 ... 0.37627482 0.37894595 0.10209149],[323.5688  348.8104  345.1115  ... 349.9368  349.62827 309.72864],[323.5688  348.8104  345.1115  ... 349.9368  349.62827 309.72864],[159.91872 191.43889 192.05711 ... 219.15042 214.28003 178.09344],[0.         0.         0.05534287 ... 0.         0.         0.        ],4,2,5,115
"[ 0.14016409  0.2548737   0.32090464 ...  0.08680032  0.
 -0.00210422]",[317.89362 344.39096 361.80585 ... 319.20746 300.67023 297.81384],[317.89362 344.39096 361.80585 ... 319.20746 300.67023 297.81384],[163.28067 186.47087 194.956   ... 165.2315  151.11774 149.05547],[0.         0.         0.03469647 ... 0.         0.         0.        ],4,2,5,116
[0.49570704 0.36633992 0.5228922  ... 0.34227583 0.3072821  0.1821359 ],[404.79877 382.2195  407.26828 ... 360.21036 351.11584 331.55182],[404.79877 382.2195  407.26828 ... 360.21036 351.11584 331.55182],[234.42053 219.44034 242.08662 ... 214.07216 206.07886 185.59096],[0. 0. 0. ... 0. 0. 0.],4,2,5,117
[0.8273544  0.95172995 0.86439115 ... 0.58375734 0.6827505  1.4187112 ],[402.43878 422.66452 427.70914 ... 387.02872 382.72626 450.34982],[433.6219  455.41876 460.1     ... 431.78436 429.6875  526.25   ],[290.99432 315.61    314.6306  ... 293.69788 292.62473 391.25208],[0.         0.         0.10005528 ... 0.         0.15490417 0.        ],4,2,5,118
[0.33281845 0.30738902 0.88403654 ... 0.35717347 0.22848795 0.56314945],[338.01254 324.57278 407.90952 ... 328.16858 324.76035 369.3476 ],[371.07144 359.55713 454.4893  ... 386.36072 367.99643 412.23572],[242.59142 239.727   329.451   ... 265.60944 240.84564 295.16623],[0.         0.09469625 0.08016357 ... 0.         0.0498109  0.        ],4,2,5,119
"[ 1.171684    0.6859996   0.45512792 ...  0.32172236 -0.00877688
  0.17419337]",[389.59595 361.73233 343.34848 ... 327.22726 297.64142 311.39395],[389.59595 361.73233 343.34848 ... 327.22726 297.64142 311.39395],[217.26602 184.98827 167.68503 ... 166.1132  125.52154 139.99556],[0. 0. 0. ... 0. 0. 0.],4,2,5,120
[0.58519167 0.13512401 0.48762077 ... 0.19189328 0.35241222 0.2960186 ],[376.56363 326.43182 375.86365 ... 338.      363.7682  340.52728],[376.56363 326.43182 375.86365 ... 338.      363.7682  340.52728],[226.86565 179.9841  227.45233 ... 195.27542 212.25159 202.58548],[0.        0.        0.1161448 ... 0.0451231 0.        0.       ],4,2,5,121
[0.69153744 0.5180263  0.47783405 ... 0.8209498  0.6308977  0.7593347 ],[214.6648  205.69829 249.1137  ... 233.2489  270.9987  229.19196],[501.81976 483.13373 485.15115 ... 566.02905 530.6628  553.1047 ],[383.01163 359.68127 352.0746  ... 451.34506 410.5329  436.02304],[0.         0.         0.13163763 ... 0.         0.         0.        ],4,2,5,122
[0.47603336 0.4593909  0.69205064 ... 0.00478098 0.09086887 0.358302  ],[296.2774  291.51367 318.44193 ... 239.481   251.45886 283.297  ],[367.49408 360.23965 396.9142  ... 295.6982  303.51184 336.59467],[243.24696 243.85893 280.084   ... 190.11858 197.39272 226.77669],[0.         0.0414144  0.         ... 0.         0.04731312 0.        ],4,2,5,123
"[ 0.30492327  0.363902   -0.05843926 ... -0.01057318  0.11247534
  0.1940706 ]",[323.3903  353.65588 296.91995 ... 293.9554  305.26935 317.1692 ],[347.62976 379.28244 324.3626  ... 316.23663 333.63358 344.60687],[201.72041 244.90138 182.91359 ... 187.0461  204.63748 215.37798],[0.         0.         0.         ... 0.         0.02703859 0.        ],4,2,5,124
[0.07488593 0.25614616 0.4793948  ... 0.3388893  0.26011816 0.6035616 ],[270.66293 304.9944  330.95505 ... 295.9944  291.58987 311.65732],[270.66293 304.9944  330.95505 ... 295.9944  291.58987 311.65732],[164.79802 191.96677 222.34883 ... 198.86827 188.83377 207.36465],[0.         0.         0.07619832 ... 0.         0.07193949 0.        ],4,2,5,125
[0.39657807 0.26238334 0.40046865 ... 0.07057919 0.01115414 0.10001948],[336.82587 315.48755 342.98508 ... 292.1393  276.54727 289.20398],[336.82587 315.48755 342.98508 ... 292.1393  276.54727 289.20398],[246.47429 227.84837 250.7396  ... 208.91495 196.31628 208.51974],[0.         0.         0.04110935 ... 0.         0.         0.        ],4,2,5,126
[0.65389127 0.34374273 0.62933755 ... 0.2739259  0.30873933 0.16322087],[409.67352 362.85516 410.16696 ... 347.90295 345.11258 321.8494 ],[411.78787 364.2     411.06363 ... 349.0909  348.99698 324.4424 ],[281.6358  237.30219 287.30508 ... 231.82506 234.85869 207.84451],[0.         0.         0.11052661 ... 0.         0.         0.        ],4,2,5,127
[0.63592774 1.1465719  0.74905187 ... 0.51738244 0.49861997 0.5916223 ],[249.39714 299.70514 259.4362  ... 241.8769  234.05095 236.34868],[363.54227 427.18658 377.13995 ... 361.50146 349.9096  353.7172 ],[223.60988 285.0909  238.74449 ... 224.363   220.90482 224.00188],[0.08092429 0.         0.06443658 ... 0.         0.         0.        ],4,2,5,128
[0.7780021  0.7829007  0.4388257  ... 0.692575   0.90788555 0.8122615 ],[416.3102  394.87485 366.7342  ... 393.79446 439.30185 421.2364 ],[444.4585  433.22925 397.3241  ... 433.9328  469.79843 450.1344 ],[314.37222 317.5461  270.03403 ... 321.3989  353.3896  337.78467],[0. 0. 0. ... 0. 0. 0.],5,2,5,0
[0.32032847 0.64082086 0.44771507 ... 0.37314904 0.20754991 0.4704523 ],[368.68875 410.14957 383.88278 ... 362.23856 347.87854 355.979  ],[382.50574 422.0345  390.73947 ... 373.39847 356.60538 372.21072],[219.43105 265.60767 241.30835 ... 247.9994  217.18132 246.40332],[0.        0.        0.        ... 0.        0.0316359 0.       ],5,2,5,1
[0.85208017 0.389053   0.27834255 ... 0.16541712 0.2769566  0.19324896],[418.02823 371.0242  353.35886 ... 337.67743 350.26614 326.09677],[418.02823 371.0242  353.35886 ... 337.67743 350.26614 326.09677],[322.67606 276.54425 258.14798 ... 243.79646 260.05475 240.48817],[0.        0.        0.0599508 ... 0.        0.        0.       ],5,2,5,2
[0.25410873 0.22628047 0.09058811 ... 0.2505087  0.12490159 0.38450757],[345.23746 336.82648 314.65295 ... 337.33334 311.63013 338.6347 ],[345.23746 336.82648 314.65295 ... 337.33334 311.63013 338.6347 ],[206.88138 203.28627 185.84344 ... 206.86932 183.2024  212.11371],[0.         0.         0.13896155 ... 0.         0.05121286 0.        ],5,2,5,3
"[ 0.48606864  0.38992515  0.592746   ... -0.00928835  0.167518
  0.44380513]",[380.78125 371.00446 408.1875  ... 295.7232  323.0402  342.89285],[380.78125 371.00446 408.1875  ... 295.7232  323.0402  342.89285],[288.98672 274.25592 310.31946 ... 202.16455 228.09969 250.97432],[0.         0.         0.07637851 ... 0.         0.05371662 0.        ],5,2,5,4
[0.48492607 0.5665504  0.4795025  ... 0.24346414 0.0607053  0.23185311],[247.30417 240.22266 251.15532 ... 223.61948 194.22427 195.04846],[346.91132 363.83743 356.58127 ... 320.85715 284.51233 298.12314],[276.55527 291.67578 288.65225 ... 253.85968 218.48561 230.31866],[0. 0. 0. ... 0. 0. 0.],5,2,5,5
"[ 0.68657637 -0.10234831  0.15880905 ...  0.1322374   0.05629592
  0.13914582]",[359.25235 275.47662 318.71497 ... 314.79907 300.36447 305.71027],[359.25235 275.47662 318.71497 ... 314.79907 300.36447 305.71027],[245.85016 163.78166 203.22328 ... 212.25099 197.6126  201.12592],[0. 0. 0. ... 0. 0. 0.],5,2,5,6
[0.13422039 0.26002815 0.21468492 ... 0.22680138 0.5797046  0.08352588],[297.77655 322.73627 322.87546 ... 318.76923 356.1465  295.48718],[297.77655 322.73627 322.87546 ... 318.76923 356.1465  295.48718],[163.35413 182.84894 181.1072  ... 192.32356 231.96387 167.6115 ],[0.         0.         0.         ... 0.03706152 0.         0.        ],5,2,5,7
"[ 0.36377448  0.23910652  0.07725651 ...  0.03380618 -0.09996729
  0.18747154]",[262.87366 275.84592 255.03967 ... 236.75302 216.2698  249.57014],[303.05536 310.82352 282.27682 ... 268.73355 243.29066 274.96194],[259.41925 266.9715  237.936   ... 225.59048 200.21161 232.98172],[0.         0.         0.         ... 0.         0.02315115 0.        ],5,2,5,8
[0.31691995 0.32710907 0.41135758 ... 0.03214542 0.         0.03185448],[297.26666 309.22223 320.12    ... 261.0311  251.94667 255.56444],[297.26666 309.22223 320.12    ... 261.0311  251.94667 255.56444],[222.37354 230.52716 243.5191  ... 186.46747 179.16147 182.7594 ],[0. 0. 0. ... 0. 0. 0.],5,2,5,9
"[ 0.3323426   0.         -0.01748918 ...  0.1858191   0.09085723
  0.35810915]",[320.84552 284.3771  285.02875 ... 323.2805  301.24084 323.291  ],[354.39603 306.94058 311.10562 ... 354.63696 329.9571  360.19473],[208.00705 169.84547 171.36403 ... 222.79964 204.64589 234.20137],[0.         0.         0.06556073 ... 0.         0.04334028 0.        ],5,2,5,10
[0.09292798 0.18588105 0.26206404 ... 0.49296802 0.16508725 0.3973353 ],[280.6154  297.13123 306.54752 ... 326.4027  278.04526 309.0543 ],[280.6154  297.13123 306.54752 ... 326.4027  278.04526 309.0543 ],[158.75836 172.80568 182.87968 ... 208.50916 165.3781  191.32596],[0.         0.         0.09325606 ... 0.         0.         0.        ],5,2,5,11
"[ 0.32354173  0.1144871   0.28839225 ...  0.06692769 -0.032609
  0.        ]",[333.26492 304.22015 330.11194 ... 269.75372 250.14178 255.31343],[333.26492 304.22015 330.11194 ... 269.75372 250.14178 255.31343],[216.05774 195.61906 222.02733 ... 172.53305 153.94858 152.41878],[0. 0. 0. ... 0. 0. 0.],5,2,5,12
[0.7434659  0.45088953 0.38438419 ... 0.6345718  0.3707976  0.6566358 ],[393.169   359.17365 315.15567 ... 411.3248  364.87546 393.23715],[474.05292 420.5344  401.83597 ... 502.44974 431.1693  482.96295],[371.69455 320.20215 309.3646  ... 407.7343  343.28003 385.0203 ],[0.         0.         0.12762931 ... 0.         0.03522819 0.        ],5,2,5,13
[0.6266523  0.33118945 0.60415995 ... 0.5220736  0.16225085 0.3330221 ],[414.95752 366.2157  408.41177 ... 393.00653 342.2255  351.60458],[414.95752 366.2157  408.41177 ... 393.00653 342.2255  351.60458],[267.5116  227.50409 269.74478 ... 271.3885  216.23566 225.22424],[0.         0.         0.04281178 ... 0.         0.         0.        ],5,2,5,14
[1.3715988  1.4699771  1.4208817  ... 1.0593218  0.83495784 1.3356491 ],[273.71365 269.75586 294.32544 ... 246.95709 242.25803 275.51514],[538.3277  565.5593  575.4972  ... 533.9209  490.0678  560.81354],[420.72946 448.73288 464.28436 ... 424.11273 381.8699  452.5546 ],[0.         0.         0.07337092 ... 0.         0.         0.        ],5,2,5,15
[0.4145982  0.11750311 0.22846413 ... 0.02947903 0.15675807 0.23888037],[360.23618 330.85428 348.87436 ... 323.14072 326.42212 348.92462],[360.23618 330.85428 348.87436 ... 323.14072 326.42212 348.92462],[238.26746 197.8803  219.1423  ... 204.58542 219.94066 231.66856],[0.         0.         0.         ... 0.         0.03038653 0.        ],5,2,5,16
[0.5224295  0.4083082  0.4015844  ... 0.2733894  0.06083303 0.48094237],[368.17276 360.39868 354.8671  ... 328.0166  298.6877  329.02325],[368.17276 360.39868 354.8671  ... 328.0166  298.6877  329.02325],[253.71451 248.67119 249.4356  ... 226.26762 191.93944 230.61057],[0.        0.        0.        ... 0.        0.0584983 0.       ],5,2,5,17
[0.24445723 0.25698546 0.7572761  ... 0.3467539  0.4128884  0.3249179 ],[324.26437 327.8506  387.1494  ... 338.76437 337.01724 324.51724],[324.26437 327.8506  387.1494  ... 338.76437 337.01724 324.51724],[207.07622 212.40178 280.74234 ... 231.30045 235.10779 215.62305],[0.         0.05444681 0.         ... 0.         0.         0.        ],5,2,5,18
"[ 0.31062     0.35699677  0.21530946 ... -0.04895513  0.20843752
  0.06633071]",[289.83945 294.23764 283.09265 ... 249.6958  276.3019  258.97684],[321.1281  333.0594  311.45624 ... 269.72186 308.1906  277.98126],[218.47205 233.85051 213.2661  ... 182.75543 211.83928 188.28436],[0.         0.         0.         ... 0.02723345 0.         0.        ],5,2,5,19
"[ 0.2741352   0.30888197  0.05236566 ... -0.10686448  0.33513168
  0.19561884]",[258.77505 259.6314  218.92642 ... 199.72984 244.39777 217.63252],[307.3347  310.7755  271.7796  ... 236.2653  297.03674 257.8204 ],[223.38074 229.74039 190.96327 ... 157.45927 220.67667 180.33687],[0.        0.        0.        ... 0.0510829 0.        0.       ],5,2,5,20
[0.97798777 1.2743068  1.1074616  ... 0.8607092  0.39734706 0.4227707 ],[426.9356  467.90152 443.42044 ... 440.06818 353.23865 353.95456],[426.9356  467.90152 443.42044 ... 440.06818 353.23865 353.95456],[315.2508  361.88058 343.3696  ... 331.85626 250.55266 244.75546],[0.07863236 0.         0.         ... 0.         0.         0.        ],5,2,5,21
[1.0570377  0.6515002  0.32419038 ... 0.38975978 0.2128799  0.29971176],[395.76157 377.82178 321.04007 ... 345.5628  306.6722  309.06302],[452.02316 411.97223 365.89816 ... 374.20834 338.7963  344.6713 ],[324.33145 290.9425  242.42647 ... 252.73477 225.85895 233.48402],[0. 0. 0. ... 0. 0. 0.],5,2,5,22
[0.10450722 0.08712953 0.28535038 ... 0.17453043 0.11961292 0.        ],[244.45671 244.13356 271.3835  ... 249.91522 234.28995 212.52202],[279.53293 277.71857 309.81436 ... 283.63474 269.6018  248.99101],[205.31458 203.92232 237.64384 ... 213.26495 200.94756 181.78511],[0.         0.04405288 0.         ... 0.         0.         0.        ],5,2,5,23
[0.79926634 0.22344701 0.5867549  ... 0.17068145 0.27236998 0.2934833 ],[365.8721  311.06396 372.21512 ... 304.69766 315.40115 303.38953],[365.8721  311.06396 372.21512 ... 304.69766 315.40115 303.38953],[244.68289 192.59796 249.25455 ... 198.25151 209.66608 202.83696],[0. 0. 0. ... 0. 0. 0.],5,2,5,24
"[ 0.50329846  0.08791222  0.00922969 ... -0.1136548   0.163279
  0.37669075]",[236.92021 202.07552 192.35257 ... 186.81158 222.08423 234.7425 ],[344.35233 285.56995 279.24353 ... 275.6632  315.7772  342.1969 ],[245.90723 187.98743 180.85312 ... 181.16632 219.95038 250.66519],[0.         0.         0.         ... 0.         0.06400368 0.        ],5,2,5,25
"[ 0.3560067   0.37949467  0.20079248 ... -0.02601034  0.20717636
  0.05815388]",[195.17288 215.22879 204.00105 ... 195.00195 203.08693 186.37628],[305.41614 305.6087  285.57764 ... 252.59627 287.56522 264.48447],[229.0388  236.36642 211.24416 ... 185.83612 218.11736 193.51866],[0. 0. 0. ... 0. 0. 0.],5,2,5,26
[0.64159304 0.24752083 0.5966723  ... 0.3794291  0.3339792  0.50767034],[388.24408 321.45276 381.52094 ... 351.9527  337.52713 352.07663],[404.34534 337.8921  397.33093 ... 366.7518  356.6223  378.90646],[291.5939  239.30788 297.88962 ... 264.6778  255.54216 277.6802 ],[0.         0.         0.0473306  ... 0.         0.03412849 0.        ],5,2,5,27
[0.6308386  0.6064916  0.32103473 ... 0.09534792 0.40391678 0.3749439 ],[366.32013 380.32623 347.76828 ... 300.9116  323.55182 322.31403],[366.32013 380.32623 347.76828 ... 300.9116  323.55182 322.31403],[220.01262 234.07419 204.32965 ... 169.56172 193.3914  186.87947],[0.         0.         0.         ... 0.07863483 0.         0.        ],5,2,5,28
[1.6085262  1.5691093  1.4074712  ... 0.2727724  0.2346665  0.10017028],[466.80057 476.79172 478.7832  ... 337.11414 332.44107 303.43076],[518.30145 532.9853  522.9927  ... 382.66913 367.54413 351.00735],[355.3266  378.061   378.0925  ... 237.1823  229.1876  208.63994],[0. 0. 0. ... 0. 0. 0.],5,2,5,29
"[ 0.36129725  0.17800252 -0.11148844 ...  0.41321373  0.00555796
  0.6460473 ]",[308.28427 306.12527 284.7031  ... 349.55908 299.9073  365.65054],[325.39484 320.46494 297.9926  ... 365.08118 312.63467 383.80075],[199.71124 196.5015  165.62064 ... 238.91435 179.52069 262.31763],[0.         0.         0.         ... 0.         0.08365642 0.        ],5,2,5,30
[0.81504077 0.7999427  0.3061029  ... 1.9945925  2.3217852  1.6723752 ],[390.97873 386.87234 329.34042 ... 527.42554 561.8     482.3234 ],[390.97873 386.87234 329.34042 ... 527.42554 561.8     482.3234 ],[236.25044 235.22804 183.71518 ... 384.51526 416.22302 339.03033],[0.         0.         0.11442141 ... 0.12827112 0.         0.        ],5,2,5,31
"[ 0.11486772  0.49875268  0.1556413  ... -0.04070919  0.11714839
  0.2555862 ]",[297.6711  356.59113 304.1111  ... 254.29778 277.6311  287.16888],[297.6711  356.59113 304.1111  ... 254.29778 277.6311  287.16888],[214.97502 277.81082 227.02962 ... 176.9522  200.68294 212.96643],[0.         0.         0.         ... 0.         0.03492551 0.        ],5,2,5,32
[0.2760331  0.16082515 0.22043566 ... 0.0338885  0.01300326 0.12686801],[359.41772 338.09494 348.86075 ... 301.72153 295.31012 304.98734],[359.41772 338.09494 348.86075 ... 301.72153 295.31012 304.98734],[235.47215 219.25432 229.00363 ... 194.47849 182.99062 194.02562],[0. 0. 0. ... 0. 0. 0.],5,2,5,33
[1.1025642  0.5473303  0.45827806 ... 0.12508388 0.3610391  0.4623801 ],[331.6014  320.21793 307.13187 ... 290.22253 312.2061  307.2868 ],[380.68823 350.38235 340.14706 ... 306.94116 337.19412 342.5353 ],[282.582   248.70074 238.87535 ... 213.31482 247.0635  256.68283],[0.         0.         0.         ... 0.         0.04542155 0.        ],5,2,5,34
[0.6992303  0.03331853 0.11974579 ... 0.26302704 0.41896755 0.25181392],[405.17856 305.20834 317.2857  ... 325.0357  335.05356 308.8274 ],[405.17856 305.20834 317.2857  ... 325.0357  335.05356 308.8274 ],[298.30905 202.86932 216.76576 ... 235.51358 242.23268 212.0903 ],[0.         0.         0.         ... 0.04568755 0.         0.        ],5,2,5,35
[0.3847215  0.1138626  0.14151396 ... 0.06754969 0.1252561  0.14023283],[315.70477 280.6476  285.78094 ... 272.39523 279.84286 274.41428],[315.70477 280.6476  285.78094 ... 272.39523 279.84286 274.41428],[215.92413 185.5212  191.19559 ... 185.11066 193.2145  185.95906],[0. 0. 0. ... 0. 0. 0.],5,2,5,36
"[ 0.5579253   0.16646653 -0.0496585  ...  0.11759553  0.21437073
  0.28236884]",[326.21048 291.73297 267.93832 ... 308.2782  294.86118 294.98883],[357.97903 323.3147  298.8112  ... 333.2133  325.5     321.5175 ],[219.47687 183.31812 158.79857 ... 193.52972 193.98192 187.0463 ],[0.         0.         0.         ... 0.         0.03099279 0.        ],5,2,5,37
[0.28914797 0.35274214 0.02065415 ... 0.         0.07899138 0.10199731],[294.82175 300.49045 251.01991 ... 247.72095 250.34195 246.10341],[316.6812  328.22482 274.5671  ... 265.76846 272.9933  269.72147],[261.29962 273.63242 215.84917 ... 207.16393 220.6807  217.2083 ],[0. 0. 0. ... 0. 0. 0.],5,2,5,38
[0.43091276 0.13275443 0.21851869 ... 0.06720369 0.30939552 0.07566448],[283.61148 241.73857 260.2846  ... 237.1593  258.93152 231.23007],[313.3838  267.42703 282.71893 ... 250.63783 284.4054  249.74594],[229.47296 192.1965  204.49239 ... 177.63881 210.47205 173.01755],[0.         0.         0.03430885 ... 0.03106528 0.         0.        ],5,2,5,39
[0.22229104 0.53112674 0.12662086 ... 0.6291875  0.40572646 0.84073716],[342.3446  397.6216  329.43243 ... 356.8311  319.75674 354.01352],[342.3446  397.6216  329.43243 ... 356.8311  319.75674 354.01352],[242.10294 297.39948 232.0545  ... 256.70645 221.00706 261.5701 ],[0.         0.         0.02618291 ... 0.         0.         0.        ],5,2,5,40
[0.         0.         0.28009197 ... 0.01580182 0.12091858 0.49195606],[259.8919  262.50272 306.96216 ... 272.82703 291.1081  345.56757],[259.8919  262.50272 306.96216 ... 272.82703 291.1081  345.56757],[173.16608 175.30486 220.78749 ... 191.71114 206.56573 260.33612],[0.         0.04365461 0.         ... 0.         0.06504915 0.        ],5,2,5,41
"[ 0.24290839 -0.11978541  0.2339286  ...  0.17492042 -0.10210482
  0.26009408]",[295.56134 263.09665 314.8959  ... 288.30484 246.72491 287.36804],[295.56134 263.09665 314.8959  ... 288.30484 246.72491 287.36804],[183.903   151.28847 200.20253 ... 181.54118 144.40005 183.38217],[0.         0.04342943 0.         ... 0.         0.0330452  0.        ],5,2,5,42
"[ 0.24863827  0.1280571   0.13775691 ... -0.13532704  0.00963585
  0.32100827]",[287.02533 277.64557 284.08228 ... 242.62975 254.99684 283.3386 ],[287.02533 277.64557 284.08228 ... 242.62975 254.99684 283.3386 ],[174.85728 165.17755 167.93636 ... 131.3181  146.68666 176.5615 ],[0.         0.         0.         ... 0.         0.05134595 0.        ],5,2,5,43
[0.36286488 0.4093997  0.13859949 ... 2.0978634  1.7192076  2.0069153 ],[330.66086 331.03598 299.16388 ... 621.8492  536.3883  592.18585],[363.26086 361.18576 322.26483 ... 665.87354 591.8972  631.13043],[252.95609 261.84003 219.69296 ... 556.38043 488.90274 530.9193 ],[0.        0.        0.        ... 0.        0.0390734 0.       ],5,2,5,44
"[ 0.44526944  0.46661875  0.37854722 ...  0.15453559 -0.03030432
  0.11405139]",[353.32312 366.78836 355.13437 ... 320.9519  279.20496 293.62573],[362.78647 375.13168 369.14233 ... 327.80426 288.60855 304.     ],[221.62505 234.78712 230.66742 ... 201.27426 161.15703 175.7214 ],[0.         0.         0.07779732 ... 0.         0.         0.        ],5,2,5,45
[0.33639425 0.15181962 0.2606533  ... 0.12750094 0.02202434 0.22512567],[344.42105 338.48074 360.23047 ... 335.27026 312.19904 348.1077 ],[351.8052  345.24677 365.21103 ... 339.9448  317.39285 353.01947],[207.6086  197.65671 218.59836 ... 205.35126 185.91806 215.14447],[0. 0. 0. ... 0. 0. 0.],5,2,5,46
[0.20487572 0.08756232 0.3723952  ... 0.         0.15731178 0.3413714 ],[355.66162 333.8308  369.79456 ... 319.38974 323.90634 345.3293 ],[355.66162 333.8308  369.79456 ... 319.38974 323.90634 345.3293 ],[203.32309 188.22668 229.66998 ... 182.47601 193.36208 210.25883],[0.         0.05996465 0.         ... 0.         0.04058132 0.        ],5,2,5,47
[0.4419822  0.14769045 0.00552753 ... 0.12615986 0.15948126 0.21394585],[243.03564 216.2612  222.0845  ... 212.23784 219.5811  231.44821],[306.85434 274.45276 270.52362 ... 266.85434 271.84647 276.56693],[205.2476  173.66908 167.56224 ... 169.1968  172.2187  179.3046 ],[0. 0. 0. ... 0. 0. 0.],5,2,5,48
[0.61947066 0.32112092 0.26523402 ... 0.11937377 0.26894316 0.13407417],[371.70322 330.6551  329.72192 ... 306.90375 323.6952  291.631  ],[371.70322 330.6551  329.72192 ... 306.90375 323.6952  291.631  ],[257.2064  217.73021 219.70319 ... 204.48729 217.45146 189.6135 ],[0.         0.         0.         ... 0.04279055 0.         0.        ],5,2,5,49
"[ 0.44732422  0.00238716  0.7043949  ...  0.36961874 -0.06334395
  0.67418444]",[367.29645 319.29916 429.6745  ... 351.9968  293.1979  399.89017],[381.44238 328.92194 444.24164 ... 370.3383  300.89963 409.09293],[240.36676 190.74106 310.00186 ... 247.82613 180.69016 285.47055],[0.         0.07166017 0.05719579 ... 0.         0.0660546  0.        ],5,2,5,50
[0.3878894  0.21316943 0.14878353 ... 0.         0.22868106 0.19609533],[287.78574 271.2797  271.69992 ... 241.17099 271.34457 256.0738 ],[323.60785 312.87582 306.28757 ... 271.4183  306.86273 286.38562],[226.81992 223.37086 213.74377 ... 180.61607 213.5705  203.13046],[0. 0. 0. ... 0. 0. 0.],5,2,5,51
[0.80914366 0.38425508 0.47486153 ... 0.7250024  0.3485296  0.88015866],[326.69955 302.98807 328.7915  ... 365.86533 327.8673  366.78595],[360.87323 331.5986  354.9507  ... 396.61267 352.9507  403.0493 ],[244.1368  214.09976 231.92184 ... 282.84543 229.04459 292.7979 ],[0.         0.         0.         ... 0.         0.06806881 0.        ],5,2,5,52
[0.20079173 0.19128357 0.0925459  ... 0.05431131 0.4448584  0.34938323],[314.78595 317.6087  307.25082 ... 285.8863  336.14047 321.8796 ],[314.78595 317.6087  307.25082 ... 285.8863  336.14047 321.8796 ],[202.68773 212.0285  198.4092  ... 182.86958 236.87274 221.80821],[0.         0.         0.         ... 0.07947355 0.         0.        ],5,2,5,53
[0.6757097  0.24426101 0.4234222  ... 0.21013919 0.45438755 0.24580811],[336.7038  320.56906 342.11798 ... 302.3906  331.71124 315.94492],[375.87677 338.5176  365.4331  ... 335.22183 366.4014  335.44717],[231.7657  200.8435  228.74306 ... 207.10008 239.99644 206.8878 ],[0.         0.         0.         ... 0.05743498 0.         0.        ],5,2,5,54
[1.0067011  0.8946712  0.9310712  ... 0.09930204 0.11479404 0.09888721],[419.38437 423.2671  435.0065  ... 317.57654 307.29315 304.215  ],[419.38437 423.2671  435.0065  ... 317.57654 307.29315 304.215  ],[301.1734  304.5493  313.77274 ... 205.06532 196.0801  188.70299],[0.         0.         0.10898129 ... 0.02646622 0.         0.        ],5,2,5,55
"[ 0.1322479   0.18327397  0.12240989 ... -0.0322814   0.05491459
  0.10163734]",[254.86531 266.51364 278.65237 ... 253.10995 256.9875  260.05325],[290.21655 307.      312.14648 ... 282.32483 291.73248 289.45224],[192.64798 218.76329 215.71721 ... 191.14748 201.18384 204.61504],[0. 0. 0. ... 0. 0. 0.],5,2,5,56
[0.5613532  0.40742314 0.251249   ... 0.16475125 0.06049838 0.36061084],[332.76837 317.0482  316.53754 ... 303.64484 275.2089  301.27396],[363.35355 343.4192  332.40405 ... 318.78284 298.4596  321.35858],[257.7445  238.98138 225.44458 ... 216.64398 195.62096 217.09697],[0.         0.         0.         ... 0.         0.03737573 0.        ],5,2,5,57
"[ 0.54840076  1.0745034   0.20648621 ... -0.04197853  0.
  0.22188805]",[282.46808 351.67554 282.61703 ... 260.96277 268.03723 280.98935],[282.46808 351.67554 282.61703 ... 260.96277 268.03723 280.98935],[158.61786 235.89754 161.46872 ... 142.22536 146.68317 163.61186],[0.        0.        0.        ... 0.        0.0296908 0.       ],5,2,5,58
[0.65368235 0.22002406 0.22191918 ... 0.21627836 0.34126386 0.14401667],[436.5445  349.13782 351.33246 ... 344.44806 362.98932 319.45087],[443.2731  360.11246 360.75903 ... 353.4739  370.63855 328.18875],[329.56253 256.49207 259.00406 ... 261.82315 275.68814 232.20097],[0.         0.         0.04960309 ... 0.02581713 0.         0.        ],5,2,5,59
[1.7451081  2.5343795  1.1903535  ... 0.48897913 0.2258983  0.36544532],[506.71265 595.94635 464.87738 ... 360.96936 329.2567  337.682  ],[506.71265 595.94635 464.87738 ... 360.96936 329.2567  337.682  ],[359.22122 454.48706 317.00586 ... 239.38855 199.75163 214.59329],[0.12849335 0.         0.04410715 ... 0.         0.         0.        ],5,2,5,60
"[ 0.4227011  -0.10473646  0.27069914 ...  0.36501345  0.22555628
  0.5160368 ]",[341.81818 286.62878 340.88257 ... 342.9394  325.5644  357.33713],[341.81818 286.62878 340.88257 ... 342.9394  325.5644  357.33713],[215.73392 158.4193  214.25284 ... 221.36957 201.98102 235.98634],[0.         0.         0.         ... 0.         0.04903589 0.        ],5,2,5,61
[0.43522897 0.13605781 0.19017382 ... 0.26480755 0.         0.07748049],[338.43158 306.57156 310.93668 ... 319.94888 277.96323 277.4977 ],[370.92508 336.5206  338.23596 ... 337.99252 299.27716 299.77527],[252.07062 214.30215 223.66936 ... 233.15167 186.84914 198.06493],[0.         0.02268654 0.         ... 0.         0.         0.        ],5,2,5,62
"[ 0.9193581   0.49836037  0.53036046 ...  0.32780293 -0.01357796
  0.44691128]",[414.1762  370.71738 373.31308 ... 338.8653  285.053   345.0828 ],[418.82443 374.3435  378.28244 ... 341.72137 288.62976 352.6107 ],[293.14093 245.65268 252.53754 ... 225.30504 172.15817 232.00233],[0.        0.        0.0611447 ... 0.        0.0572376 0.       ],5,2,5,63
"[ 0.44672036  0.43449494  0.5625338  ... -0.02254799  0.38743922
  0.30284134]",[353.60147 355.71588 383.64944 ... 286.10333 348.27676 324.90405],[353.60147 355.71588 383.64944 ... 286.10333 348.27676 324.90405],[245.64517 250.50763 275.63416 ... 182.82819 240.50804 224.7737 ],[0.        0.        0.        ... 0.0553512 0.        0.       ],5,2,5,64
[0.50362533 0.4619431  0.5061338  ... 0.2064434  0.1733136  0.16333729],[315.53745 319.0368  329.2518  ... 294.92053 292.17886 286.86536],[331.32193 335.31848 346.613   ... 311.67465 304.7363  299.9863 ],[213.37967 216.98026 224.96602 ... 197.99533 190.04747 186.14299],[0. 0. 0. ... 0. 0. 0.],5,2,5,65
[0.90160334 0.3699534  0.6084435  ... 0.10789003 0.0984721  0.05700915],[399.3662  335.14554 374.13147 ... 314.2723  318.1784  299.84036],[399.3662  335.14554 374.13147 ... 314.2723  318.1784  299.84036],[278.25302 213.04144 256.23636 ... 203.73346 201.61185 194.66977],[0. 0. 0. ... 0. 0. 0.],5,2,5,66
[0.46812364 0.317733   0.33082166 ... 0.3409009  0.15284851 0.11989596],[384.59467 353.80728 358.16574 ... 357.67667 327.82834 308.7622 ],[387.58398 356.33588 362.83588 ... 361.06107 329.8435  314.9733 ],[259.6839  238.32903 244.92656 ... 255.1239  218.513   200.53941],[0. 0. 0. ... 0. 0. 0.],5,2,5,67
[0.6200768  0.275714   0.0484344  ... 0.09273037 0.3030568  0.19780277],[314.26212 280.27298 257.431   ... 248.32848 283.03256 263.68927],[357.41367 311.47842 285.41367 ... 279.91006 307.41006 290.2374 ],[285.72128 237.176   213.94026 ... 209.28348 241.37624 220.47733],[0.         0.         0.         ... 0.02759931 0.         0.        ],5,2,5,68
[0.82643676 1.049267   0.6868203  ... 0.19552179 0.         0.        ],[402.07486 426.52942 398.73264 ... 319.35294 271.72192 259.12836],[402.07486 426.52942 398.73264 ... 319.35294 271.72192 259.12836],[284.24716 314.11057 280.2484  ... 217.68756 165.49603 151.37233],[0. 0. 0. ... 0. 0. 0.],5,2,5,69
[1.2920452  1.0779256  0.45186245 ... 0.07249887 0.12727721 0.16489716],[443.2388  418.54477 367.68655 ... 311.12686 320.5597  313.1045 ],[443.2388  418.54477 367.68655 ... 311.12686 320.5597  313.1045 ],[305.70953 290.67258 236.95242 ... 187.26366 193.43027 196.92073],[0. 0. 0. ... 0. 0. 0.],5,2,5,70
[0.24430577 0.1485688  0.21230578 ... 0.3738794  0.02131436 0.20296359],[297.8654  305.82373 311.51923 ... 336.09296 279.07693 305.15063],[297.8654  305.82373 311.51923 ... 336.09296 279.07693 305.15063],[185.33224 187.00432 198.51553 ... 227.56007 172.01758 197.92639],[0. 0. 0. ... 0. 0. 0.],5,2,5,71
"[ 0.8760182   0.4710137   0.6071927  ... -0.00959533  0.21991964
  0.14290594]",[371.1532  323.51913 352.75745 ... 262.29788 286.0298  278.94894],[371.1532  323.51913 352.75745 ... 262.29788 286.0298  278.94894],[266.67752 223.48683 252.75267 ... 167.09392 194.74203 181.09723],[0.         0.         0.05324154 ... 0.03354255 0.         0.        ],5,2,5,72
[0.61151856 0.28096634 0.3898966  ... 0.2335408  0.5487186  0.341647  ],[333.01767 335.47104 356.2156  ... 328.6834  369.84872 322.31714],[340.71875 341.45624 364.43124 ... 333.3875  375.725   334.85   ],[238.45103 238.28278 258.42026 ... 235.01607 281.05975 236.83533],[0.        0.        0.        ... 0.0474389 0.        0.       ],5,2,5,73
[0.79368305 0.4323363  0.33394498 ... 0.16541696 0.22106403 0.36553934],[354.8     343.54224 332.8889  ... 308.20444 313.14667 323.82666],[354.8     343.54224 332.8889  ... 308.20444 313.14667 323.82666],[232.54332 213.60818 212.06186 ... 189.91875 197.15099 213.04015],[0.         0.         0.         ... 0.05813756 0.         0.        ],5,2,5,74
"[ 0.4079069   0.15995489 -0.10723643 ... -0.13647361  0.23695783
  0.4455862 ]",[303.3188  285.68558 256.      ... 250.46725 291.98254 300.63318],[303.3188  285.68558 256.      ... 250.46725 291.98254 300.63318],[179.25217 162.85764 132.46593 ... 136.97847 179.8286  187.6761 ],[0.         0.         0.         ... 0.         0.07838773 0.        ],5,2,5,75
[0.25349125 0.43476516 0.14845899 ... 0.01293002 0.1036427  0.44459316],[312.3175  338.89417 300.8102  ... 276.88687 276.83575 326.1168 ],[312.3175  338.89417 300.8102  ... 276.88687 276.83575 326.1168 ],[210.46912 240.10614 202.59941 ... 185.09929 187.25685 233.67421],[0.         0.         0.         ... 0.         0.05675526 0.        ],5,2,5,76
"[ 0.19876581  0.05551913  0.16626865 ... -0.05419422  0.01940854
  0.04504164]",[311.2401  297.91293 316.2876  ... 260.56992 271.41953 277.96832],[311.2401  297.91293 316.2876  ... 260.56992 271.41953 277.96832],[214.2401  200.09625 218.30017 ... 170.92542 181.10791 183.20244],[0. 0. 0. ... 0. 0. 0.],5,2,5,77
[0.65445817 0.5383546  0.32982737 ... 0.04188628 0.18260388 0.01389571],[381.05994 383.02246 354.41574 ... 299.42697 311.13483 286.30713],[381.05994 383.02246 354.41574 ... 299.42697 311.13483 286.30713],[262.36853 256.68356 227.4369  ... 184.31287 196.03413 167.60709],[0. 0. 0. ... 0. 0. 0.],5,2,5,78
[1.0033447  0.9134678  0.63417727 ... 0.39218637 0.5364236  0.53323424],[440.80188 420.13208 398.26416 ... 337.8915  357.01416 347.95282],[440.80188 420.13208 398.26416 ... 337.8915  357.01416 347.95282],[305.29465 297.28546 267.42346 ... 227.57114 246.52652 240.97816],[0.         0.         0.07860377 ... 0.         0.03119642 0.        ],5,2,5,79
[0.27175912 0.11809123 0.0131063  ... 0.11523597 0.21313392 0.23416904],[288.79398 269.2412  264.94974 ... 277.7588  287.13568 286.     ],[288.79398 269.2412  264.94974 ... 277.7588  287.13568 286.     ],[205.80894 187.99405 180.36446 ... 196.9116  209.2408  206.81758],[0.         0.         0.         ... 0.03781722 0.         0.        ],5,2,5,80
"[ 0.5231228   0.21649218  0.2568306  ...  0.02965237  0.
 -0.04395439]",[320.57764 279.08075 285.86334 ... 259.47827 248.27951 240.40373],[320.57764 279.08075 285.86334 ... 259.47827 248.27951 240.40373],[226.45657 188.45407 198.2445  ... 175.6768  164.8138  157.24881],[0.         0.         0.04571108 ... 0.         0.         0.        ],5,2,5,81
[0.75270694 0.16887861 0.458451   ... 0.         0.1723634  0.26729044],[362.42767 311.15723 362.65723 ... 293.20755 302.69183 315.7893 ],[362.42767 311.15723 362.65723 ... 293.20755 302.69183 315.7893 ],[236.71666 184.95135 235.185   ... 170.26369 187.73691 197.47873],[0.         0.         0.02974118 ... 0.         0.04733816 0.        ],5,2,5,82
[1.380593   1.4845282  0.81419396 ... 0.87865514 1.2923747  1.2687533 ],[451.18518 464.22885 364.97824 ... 402.56067 456.94257 438.6876 ],[523.5789  546.0155  447.14243 ... 470.6192  527.17957 521.0093 ],[375.42322 398.3094  303.54007 ... 333.70233 389.73383 383.23944],[0.         0.         0.0876351  ... 0.07611941 0.         0.        ],5,2,5,83
[0.4279134  0.28333184 0.03919481 ... 0.12854108 0.09133901 0.305276  ],[371.63065 351.32855 317.1985  ... 328.4879  319.41373 342.19565],[387.33768 360.48917 328.40692 ... 342.3593  340.19913 356.08224],[272.15744 253.11818 214.21986 ... 237.2345  230.08827 259.11566],[0.         0.         0.10017868 ... 0.         0.04252653 0.        ],5,2,5,84
[0.94002885 0.80746543 1.1704857  ... 0.49084452 0.22753654 0.16593395],[355.08163 365.71155 415.58142 ... 334.95102 292.88757 287.69284],[374.0901  375.7928  427.95044 ... 343.3063  297.9099  295.03152],[248.03934 247.1678  299.17093 ... 225.06721 183.92264 174.4897 ],[0. 0. 0. ... 0. 0. 0.],5,2,5,85
