dff,demixed,raw,neuropil_corrected,events,plane,col,volume,roi
"[ 0.24731265  0.30104607  0.3956327  ...  0.06430514 -0.01367592
  0.1820864 ]",[325.14136 350.9774  386.4656  ... 277.05164 263.74292 293.0137 ],[327.23044 354.84363 389.214   ... 279.23868 265.99588 295.1646 ],[285.14545 315.97455 343.5375  ... 241.31792 225.29475 258.2708 ],[0.         0.         0.         ... 0.         0.02785716 0.        ],0,1,5,0
[0.25542    0.19205041 0.04985673 ... 0.17794044 0.13773651 0.13249646],[274.96048 274.45456 257.35178 ... 285.8735  277.64032 272.23322],[274.96048 274.45456 257.35178 ... 285.8735  277.64032 272.23322],[219.51895 219.1881  198.53853 ... 233.19989 222.75262 214.68332],[0. 0. 0. ... 0. 0. 0.],0,1,5,1
[0.28504384 0.16517459 0.1411496  ... 0.27365088 0.         0.12517335],[298.97977 278.5208  281.70367 ... 301.05087 243.8703  256.73618],[304.8596  287.7915  285.74893 ... 305.18723 249.14894 261.24255],[258.1573  237.41359 239.52016 ... 260.76755 204.13358 212.88876],[0. 0. 0. ... 0. 0. 0.],0,1,5,2
[0.4600244  0.52492607 0.34933227 ... 0.17325643 0.21720749 0.25766635],[330.7659  356.9791  327.08606 ... 275.5224  281.71494 267.04895],[363.8616  383.54672 365.5986  ... 304.8097  313.62283 298.20068],[315.7568  334.6526  316.12265 ... 259.06384 267.41306 254.19206],[0. 0. 0. ... 0. 0. 0.],0,1,5,3
"[ 0.1826776   0.32964945  0.20452109 ...  0.31359556 -0.01781045
  0.29466206]",[209.54703 238.16037 223.60037 ... 255.57768 206.90479 248.17885],[245.40541 284.0811  270.22296 ... 311.22296 242.45946 276.31082],[207.61841 244.1661  226.30846 ... 274.1223  202.4814  235.49681],[0.         0.         0.         ... 0.         0.03334289 0.        ],0,1,5,4
[1.0483797  0.8363897  0.9571517  ... 0.09652217 0.36366066 0.11507146],[524.6139  468.97534 508.5858  ... 300.70612 336.16037 269.49835],[564.5852  515.7203  550.38586 ... 327.55627 367.92926 302.8939 ],[533.1317  482.6701  512.9574  ... 296.10602 340.17844 275.65182],[0.         0.         0.06016642 ... 0.0372672  0.         0.        ],0,1,5,5
[0.30687293 0.2136712  0.18855439 ... 0.06823588 0.01280129 0.09194671],[331.5595  336.50793 341.85318 ... 306.62302 292.61905 305.3135 ],[331.5595  336.50793 341.85318 ... 306.62302 292.61905 305.3135 ],[280.52917 286.47815 289.47452 ... 258.61133 246.04018 257.81473],[0. 0. 0. ... 0. 0. 0.],0,1,5,6
[0.06774127 0.08980399 0.10780364 ... 0.05262365 0.11534966 0.10037576],[268.8783  275.4441  281.26974 ... 253.76645 264.4671  242.19737],[268.8783  275.4441  281.26974 ... 253.76645 264.4671  242.19737],[236.58243 244.65985 249.46689 ... 223.71497 233.57404 213.35358],[0.         0.         0.03117046 ... 0.02208965 0.         0.        ],0,1,5,7
[0.         0.         0.18104598 ... 0.         0.28699735 0.12075688],[265.3626  275.24045 317.0916  ... 263.67938 310.17175 266.0878 ],[265.3626  275.24045 317.0916  ... 263.67938 310.17175 266.0878 ],[206.18839 218.63214 256.00812 ... 208.67036 255.53629 213.15141],[0.         0.         0.05382052 ... 0.03925747 0.         0.        ],0,1,5,8
[0.         0.1518877  0.01499747 ... 0.13774762 0.08959476 0.08582339],[243.13438 287.91306 267.66403 ... 254.96443 243.37944 229.2253 ],[243.13438 287.91306 267.66403 ... 254.96443 243.37944 229.2253 ],[191.86865 235.90631 211.7354  ... 205.55675 195.19669 178.68462],[0. 0. 0. ... 0. 0. 0.],0,1,5,9
[0.44073772 0.19830614 0.08493569 ... 0.02963397 0.4055541  0.11528173],[224.10059 181.97244 177.22221 ... 143.5323  188.04851 134.27238],[399.36407 351.4709  343.9369  ... 281.34467 340.7039  282.84952],[339.66602 293.3584  279.40768 ... 230.31941 290.00348 233.28462],[0.         0.         0.         ... 0.03759598 0.         0.        ],0,1,5,10
[0.16853625 0.10550253 0.1296572  ... 0.10740352 0.2212235  0.08376514],[235.15866 221.19722 241.60619 ... 229.4352  244.37459 219.0263 ],[272.26523 264.06958 277.51303 ... 258.7913  279.3739  249.96521],[235.34473 227.48727 239.79292 ... 225.83673 245.18811 213.87898],[0.         0.         0.         ... 0.02032064 0.         0.        ],0,1,5,11
[0.14855236 0.05816232 0.42477608 ... 0.05678648 0.22680935 0.06457998],[278.33575 268.1674  355.00107 ... 289.3885  311.6065  265.77835],[284.13943 274.76495 361.50198 ... 294.5259  318.66135 270.25497],[230.80464 222.25934 303.65704 ... 243.58496 268.81134 219.71844],[0.         0.02837625 0.         ... 0.0243214  0.         0.        ],0,1,5,12
[0.3302842  0.06182588 0.13787009 ... 0.11856839 0.11131193 0.18692273],[293.34818 252.4795  280.33887 ... 261.27283 261.35626 263.90778],[312.72586 267.162   293.67603 ... 273.33957 272.02182 283.8162 ],[278.2566  234.50644 258.67062 ... 240.85783 239.2259  252.47473],[0. 0. 0. ... 0. 0. 0.],0,1,5,13
[0.2564184  0.22065823 0.31323645 ... 0.4578528  0.28310168 0.18764728],[234.97694 241.8047  243.627   ... 186.55028 183.01247 163.32419],[374.74106 372.46875 402.4777  ... 374.37054 332.7902  309.08035],[304.03513 301.60764 328.73294 ... 310.01425 266.67743 243.51263],[0. 0. 0. ... 0. 0. 0.],0,1,5,14
[0.1657519  0.02758761 0.05555086 ... 0.13854633 0.09559937 0.1052964 ],[244.45451 230.07422 226.79333 ... 228.66272 232.15718 218.78581],[306.97156 285.46445 295.7962  ... 298.41705 285.81042 270.67773],[274.0206  252.58667 260.26886 ... 265.23758 251.91963 236.93448],[0. 0. 0. ... 0. 0. 0.],0,1,5,15
[0.14698188 0.31882825 0.18976451 ... 0.29894197 0.13266294 0.14249772],[275.7843  331.65195 318.37256 ... 318.5343  280.2843  279.36273],[275.7843  331.65195 318.37256 ... 318.5343  280.2843  279.36273],[229.15634 287.66058 269.6731  ... 271.29654 236.86908 236.03966],[0. 0. 0. ... 0. 0. 0.],0,1,5,16
[0.13519202 0.19147828 0.09791795 ... 0.08494736 0.10099303 0.06706935],[282.00955 302.43948 304.00638 ... 275.3758  275.2261  266.293  ],[282.00955 302.43948 304.00638 ... 275.3758  275.2261  266.293  ],[237.65775 263.1981  260.41275 ... 234.22513 236.42175 226.70987],[0. 0. 0. ... 0. 0. 0.],0,1,5,17
[0.6400664  0.22092675 0.24172586 ... 0.05258529 0.28307366 0.2010425 ],[378.58066 311.59448 333.1705  ... 287.35944 311.4009  289.32257],[378.58066 311.59448 333.1705  ... 287.35944 311.4009  289.32257],[305.87753 239.58653 258.60904 ... 221.51942 245.04489 227.22075],[0.         0.         0.         ... 0.02663846 0.         0.        ],0,1,5,18
[0.31498474 0.         0.13964763 ... 0.01617022 0.24824497 0.19748779],[265.7917  216.28001 247.8123  ... 206.93315 225.15253 223.34964],[317.18182 267.37878 299.71213 ... 252.15152 291.80682 267.49243],[275.9801  226.9891  259.38333 ... 212.56287 252.79646 228.30075],[0.         0.         0.         ... 0.02795673 0.         0.        ],0,1,5,19
[0.18845895 0.00898215 0.08849347 ... 0.46026078 0.21783543 0.19094029],[256.0579  249.87895 265.66843 ... 310.49475 261.8     256.3737 ],[256.0579  249.87895 265.66843 ... 310.49475 261.8     256.3737 ],[200.69084 195.08495 210.32922 ... 257.15778 211.56761 204.67516],[0. 0. 0. ... 0. 0. 0.],0,1,5,20
[0.         0.09519801 0.26365882 ... 0.036236   0.08531334 0.04988078],[248.97643 281.5614  330.97177 ... 262.02258 269.37976 249.59471],[255.76279 293.2907  335.47443 ... 268.01163 273.32092 253.19534],[220.28586 258.43057 298.62277 ... 233.8005  240.7605  219.64232],[0.         0.02680585 0.         ... 0.         0.         0.        ],0,1,5,21
[0.15627325 0.13762908 0.07369115 ... 0.22234961 0.12125879 0.00823111],[281.90277 292.58118 293.4907  ... 312.8592  282.94662 256.22165],[283.8662  294.41806 295.91306 ... 314.86957 284.83276 258.01004],[237.39339 246.41846 246.3149  ... 269.01913 241.0513  211.76677],[0. 0. 0. ... 0. 0. 0.],0,1,5,22
[0.2201443  0.         0.12068393 ... 0.         0.25579885 0.23799793],[306.90054 268.1999  306.0957  ... 246.4393  296.0763  281.54932],[308.5746  270.38675 307.779   ... 250.33702 297.779   283.16574],[248.93646 214.45163 245.82983 ... 196.75288 244.55066 232.31029],[0.         0.         0.         ... 0.03576458 0.         0.        ],0,1,5,23
"[ 0.44101766  0.0596793  -0.03078444 ...  0.03685844  0.13281952
  0.24766439]",[357.7594  291.7293  284.43985 ... 260.8346  268.70676 281.8045 ],[357.7594  291.7293  284.43985 ... 260.8346  268.70676 281.8045 ],[291.92636 226.99959 219.2509  ... 196.68837 206.84576 217.9771 ],[0.         0.         0.         ... 0.         0.03958682 0.        ],0,1,5,24
"[ 0.29827136  0.06541267  0.01759388 ... -0.03571261  0.00679136
  0.23133142]",[247.47935 231.8584  233.98116 ... 215.44057 222.57864 247.4431 ],[304.09592 284.22675 289.75    ... 264.97675 269.5     295.77036],[249.11795 228.07948 233.24306 ... 214.00177 221.77608 242.87685],[0.         0.         0.         ... 0.         0.03321126 0.        ],0,1,5,25
"[ 0.37868264  0.26491594  0.21774854 ... -0.00559521  0.06306828
  0.25520143]",[308.6164  301.59515 295.84323 ... 240.339   250.81572 279.49188],[310.61905 304.06595 297.9011  ... 242.3956  252.84248 281.61172],[273.9638  265.0944  258.8448  ... 207.10312 216.8724  245.33731],[0.         0.         0.         ... 0.         0.04105799 0.        ],0,1,5,26
[0.31048134 0.23225251 0.209799   ... 0.04574157 0.         0.08176608],[305.93042 290.88803 293.38687 ... 259.29916 247.59053 256.5617 ],[316.8127  304.327   306.13968 ... 267.73016 257.1238  267.7365 ],[269.80612 259.70197 258.57135 ... 225.67606 213.91783 225.8077 ],[0. 0. 0. ... 0. 0. 0.],0,1,5,27
[0.23019852 0.10971367 0.1126686  ... 0.         0.10760389 0.15524559],[321.87775 309.29468 315.90594 ... 261.73355 279.96237 279.7743 ],[321.87775 309.29468 315.90594 ... 261.73355 279.96237 279.7743 ],[271.15958 257.3858  262.01276 ... 213.81232 229.69186 229.87291],[0.         0.         0.         ... 0.         0.01780579 0.        ],0,1,5,28
[0.00457642 0.05737932 0.09989496 ... 0.07783418 0.20878415 0.16206808],[234.17735 242.24483 250.24802 ... 234.77466 256.77914 231.2657 ],[252.19048 264.60544 277.56464 ... 253.77211 278.06802 251.48639],[222.6022  237.70734 249.76909 ... 227.39099 250.0212  224.3373 ],[0.         0.         0.         ... 0.03703588 0.         0.        ],0,1,5,29
[0.23349082 0.17461121 0.2797219  ... 0.08496983 0.         0.0550159 ],[311.20197 319.50162 349.61237 ... 292.29315 263.86646 264.56027],[311.20197 319.50162 349.61237 ... 292.29315 263.86646 264.56027],[252.08742 260.9249  281.04123 ... 232.77464 207.9563  208.31926],[0. 0. 0. ... 0. 0. 0.],0,1,5,30
[0.16794279 0.14698994 0.24530144 ... 0.03017497 0.24350664 0.26391307],[275.15448 280.1424  294.13632 ... 243.26337 271.63022 268.20786],[286.12842 288.28415 306.1175  ... 252.44263 280.09015 278.6202 ],[235.64995 235.23312 253.78168 ... 204.49153 229.16832 228.92625],[0.         0.         0.         ... 0.04574223 0.         0.        ],0,1,5,31
[0.15451533 0.12312844 0.14330664 ... 0.11297198 0.11506122 0.15838525],[296.44693 291.9916  299.12012 ... 274.22626 271.66202 275.9581 ],[296.44693 291.9916  299.12012 ... 274.22626 271.66202 275.9581 ],[249.06065 243.9334  249.29466 ... 228.01419 225.58498 230.15147],[0. 0. 0. ... 0. 0. 0.],0,1,5,32
[0.3825885  0.19064897 0.18454623 ... 0.1514465  0.34883988 0.3360556 ],[335.59686 300.0306  301.59845 ... 283.1281  301.65042 297.92627],[343.48755 314.66193 314.11743 ... 297.29538 313.36655 305.73666],[297.1529  267.19904 267.99704 ... 255.47305 271.02832 265.11084],[0.         0.         0.         ... 0.03802608 0.         0.        ],0,1,5,33
[0.29509237 0.35411102 0.6218041  ... 0.04821224 0.09947118 0.14743073],[301.09702 324.45926 389.7225  ... 257.21185 264.95053 260.80237],[333.70343 358.5095  426.92017 ... 278.55515 285.71484 289.46387],[278.47766 305.13315 363.83356 ... 225.56097 228.61693 232.25012],[0. 0. 0. ... 0. 0. 0.],0,1,5,34
"[ 0.0762995   0.02053099  0.03786203 ...  0.0996365  -0.02466884
  0.04351714]",[252.25188 251.97745 262.0752  ... 281.4737  257.30075 247.97368],[252.25188 251.97745 262.0752  ... 281.4737  257.30075 247.97368],[201.88953 200.91154 208.99074 ... 230.40604 207.06596 197.41469],[0. 0. 0. ... 0. 0. 0.],0,1,5,35
[0.05823527 0.11603343 0.35792637 ... 0.01454635 0.2142893  0.07318139],[293.66745 320.7261  378.13025 ... 295.69257 336.48904 307.0946 ],[309.44852 334.6103  393.18137 ... 312.3407  348.39215 321.79166],[243.47198 273.54996 326.97092 ... 252.71228 293.8414  263.56226],[0.         0.03630176 0.         ... 0.         0.         0.        ],0,1,5,36
[0.17399284 0.15363142 0.3309797  ... 0.08036823 0.09851678 0.13829061],[262.9306  271.33542 324.00604 ... 256.20667 256.88232 264.39072],[266.11505 272.18585 324.79202 ... 257.0177  257.66815 265.1416 ],[225.20023 230.15903 280.29242 ... 216.19043 219.29305 223.97644],[0.         0.         0.         ... 0.02525874 0.         0.        ],0,1,5,37
[0.2563493  0.28226525 0.16617852 ... 0.13874693 0.39611208 0.18159644],[301.53177 317.1572  301.23746 ... 279.62543 312.01004 264.5184 ],[301.53177 317.1572  301.23746 ... 279.62543 312.01004 264.5184 ],[242.61147 260.1612  240.70155 ... 224.4689  257.19446 209.128  ],[0.         0.         0.         ... 0.04970331 0.         0.        ],0,1,5,38
[0.21978852 0.33551028 0.15171787 ... 0.19831806 0.18948115 0.2444155 ],[312.39474 339.1579  310.6842  ... 294.39474 281.75    278.3816 ],[312.39474 339.1579  310.6842  ... 294.39474 281.75    278.3816 ],[235.03717 258.69427 231.28694 ... 221.9256  209.09462 206.55093],[0. 0. 0. ... 0. 0. 0.],0,1,5,39
[0.23630542 0.11897864 0.16171844 ... 0.2551687  0.04690467 0.10601824],[290.9189  269.9516  279.2288  ... 276.24768 240.32593 258.28955],[321.7411  305.70227 317.1521  ... 315.97412 270.33658 285.56635],[271.92905 257.0254  267.23083 ... 271.41547 226.52498 237.59114],[0. 0. 0. ... 0. 0. 0.],0,1,5,40
[0.15527904 0.32036766 0.33510354 ... 0.11168207 0.20326012 0.24647318],[308.0766  343.88257 348.42245 ... 293.31256 314.6385  304.82965],[329.54642 363.27142 376.35358 ... 314.675   330.85715 332.29642],[272.1047  306.76202 310.8204  ... 261.15698 278.68625 279.68164],[0.         0.         0.         ... 0.         0.02449586 0.        ],0,1,5,41
"[ 0.26134092  0.16680725  0.2523578  ... -0.09168256  0.14547578
  0.10856125]",[267.50015 265.617   272.10583 ... 196.38525 232.53322 210.81265],[290.625   281.25568 297.46024 ... 211.47159 249.58522 229.51137],[248.24255 239.66966 255.21844 ... 172.22282 209.71712 190.91954],[0. 0. 0. ... 0. 0. 0.],0,1,5,42
"[ 0.23696117 -0.01039563  0.06667485 ...  0.00958633  0.0960826
  0.00285892]",[280.05902 236.67392 266.31366 ... 241.28572 257.2236  232.39752],[280.05902 236.67392 266.31366 ... 241.28572 257.2236  232.39752],[239.65744 196.39699 224.17336 ... 203.94792 218.68991 194.2713 ],[0. 0. 0. ... 0. 0. 0.],0,1,5,43
[0.5262686  0.31337473 0.56852835 ... 0.02765482 0.03420138 0.16409406],[357.76373 330.4974  386.7998  ... 255.66234 246.04128 269.7309 ],[362.49817 341.3773  396.9414  ... 260.12088 254.9011  274.72528],[311.31378 287.55847 338.6337  ... 212.69865 208.28658 228.24066],[0. 0. 0. ... 0. 0. 0.],0,1,5,44
[0.17345828 0.06120232 0.12774603 ... 0.06917287 0.02115665 0.10290717],[280.14957 265.94446 286.36325 ... 261.08548 249.60257 244.7906 ],[280.14957 265.94446 286.36325 ... 261.08548 249.60257 244.7906 ],[224.57169 211.98573 229.74937 ... 208.47485 197.70615 193.42763],[0. 0. 0. ... 0. 0. 0.],0,1,5,45
[0.20769992 0.02106171 0.28694195 ... 0.09857275 0.15428796 0.22977775],[272.96756 261.01013 325.79642 ... 276.8549  283.58405 299.35815],[304.81357 283.82373 354.8339  ... 306.61017 317.5695  321.97626],[269.34705 249.28265 317.67154 ... 272.60785 283.20782 289.33267],[0.         0.         0.         ... 0.03582627 0.         0.        ],0,1,5,46
[0.12937488 0.12728405 0.2556316  ... 0.06153173 0.18016945 0.12097262],[247.81075 250.54471 295.0112  ... 236.65099 256.59387 231.4768 ],[255.23549 259.30035 300.85666 ... 244.1843  262.93515 239.77815],[208.93349 214.16347 252.61969 ... 198.45337 217.80246 194.3655 ],[0.         0.         0.         ... 0.03204476 0.         0.        ],0,1,5,47
[0.05976109 0.10247317 0.19068396 ... 0.07767542 0.         0.07154962],[260.8393  281.0841  307.65363 ... 258.68015 239.18002 250.84674],[273.7669  288.59122 312.9189  ... 263.93243 243.5473  256.14526],[244.63397 257.64713 280.43146 ... 234.43022 213.76357 227.6902 ],[0. 0. 0. ... 0. 0. 0.],0,1,5,48
[0.21843114 0.13909249 0.20537852 ... 0.1746182  0.03117933 0.11783557],[288.42667 281.0311  308.51556 ... 282.14667 256.09778 251.47556],[288.42667 281.0311  308.51556 ... 282.14667 256.09778 251.47556],[240.6195  233.04095 258.00766 ... 237.38275 207.68611 206.31511],[0. 0. 0. ... 0. 0. 0.],0,1,5,49
[0.15884979 0.2853347  0.0840164  ... 0.26087177 0.02328203 0.08852621],[294.79684 318.75586 295.5049  ... 310.17166 250.03214 249.90958],[313.52917 340.66925 304.45526 ... 321.11285 259.72372 266.33075],[281.91592 310.2431  272.25717 ... 289.52042 230.15019 238.37791],[0. 0. 0. ... 0. 0. 0.],0,1,5,50
[0.17987956 0.         0.16721942 ... 0.21766356 0.00244867 0.07085557],[271.28693 247.16034 294.64136 ... 259.83545 227.17722 233.62447],[271.28693 247.16034 294.64136 ... 259.83545 227.17722 233.62447],[213.54695 190.75754 232.58305 ... 208.0552  171.72758 177.66585],[0. 0. 0. ... 0. 0. 0.],0,1,5,51
[0.35939008 0.34113935 0.07165242 ... 0.16879578 0.2481875  0.2530793 ],[257.68686 292.77777 257.4495  ... 262.4798  274.18182 262.0606 ],[257.68686 292.77777 257.4495  ... 262.4798  274.18182 262.0606 ],[210.58525 246.09146 209.08163 ... 219.27155 229.58571 218.36877],[0. 0. 0. ... 0. 0. 0.],0,1,5,52
[0.19310167 0.09382995 0.09509808 ... 0.12253492 0.         0.12434852],[272.355   264.06018 277.67215 ... 267.64594 243.8754  260.4281 ],[273.48572 266.96    279.66    ... 269.03427 244.96571 262.67715],[235.67747 227.96657 237.90909 ... 231.29004 206.42645 225.76315],[0. 0. 0. ... 0. 0. 0.],0,1,5,53
"[ 0.35425794  0.3805885   0.22193862 ... -0.08984265  0.18620604
  0.29816055]",[276.6765  283.95987 265.89517 ... 201.24348 235.66452 247.64702],[337.05063 345.95886 320.55698 ... 247.18988 284.64874 303.59494],[310.6295  317.42508 293.06512 ... 219.943   258.08963 277.71713],[0.         0.         0.         ... 0.         0.04881427 0.        ],0,1,5,54
[0.15207513 0.18211988 0.18346742 ... 0.00750397 0.09045976 0.05381585],[214.72675 211.21652 228.45464 ... 184.19423 194.55894 187.49768],[264.32156 277.82352 290.63138 ... 237.50589 250.38431 235.36862],[220.94472 233.71352 244.33864 ... 194.46886 208.455   192.08247],[0. 0. 0. ... 0. 0. 0.],0,1,5,55
[0.21648243 0.14752585 0.11442823 ... 0.         0.08148459 0.13913095],[280.3567  265.8059  270.47458 ... 237.54956 240.94328 249.11432],[285.884 274.516 274.276 ... 241.448 245.9   253.348],[250.31479 238.66629 237.95377 ... 208.85172 212.99147 218.19598],[0.         0.         0.         ... 0.         0.01581601 0.        ],0,1,5,56
[0.18074654 0.16614302 0.23979361 ... 0.15509254 0.10712466 0.26143184],[288.97253 290.49805 314.09805 ... 288.24313 260.1451  268.95294],[288.97253 290.49805 314.09805 ... 288.24313 260.1451  268.95294],[240.4251  243.5614  265.65082 ... 244.60498 216.1678  226.17677],[0. 0. 0. ... 0. 0. 0.],0,1,5,57
[0.36092123 0.08820006 0.11097303 ... 0.19119309 0.0882907  0.14184044],[327.65173 284.67587 300.09656 ... 305.00345 272.5345  266.0138 ],[327.65173 284.67587 300.09656 ... 305.00345 272.5345  266.0138 ],[276.0818  231.94304 245.77844 ... 253.47826 222.19234 215.65396],[0. 0. 0. ... 0. 0. 0.],0,1,5,58
[0.08832718 0.17403722 0.2802231  ... 0.14976348 0.06904166 0.15787044],[270.86438 295.27475 321.66342 ... 275.41537 253.84317 269.56784],[279.68155 304.8244  329.17856 ... 282.8869  262.8274  276.8601 ],[233.71625 259.96478 283.36905 ... 241.19005 220.85866 233.09467],[0. 0. 0. ... 0. 0. 0.],0,1,5,59
[0.         0.21050659 0.1988324  ... 0.15087935 0.         0.19021365],[233.88365 283.46652 297.3285  ... 251.27448 226.76796 247.29652],[282.72964 337.4244  348.6686  ... 309.63663 275.55814 299.97092],[206.86311 262.51343 265.58652 ... 237.25444 205.08958 228.91278],[0.         0.         0.03484916 ... 0.         0.         0.        ],0,1,5,60
[0.21525612 0.25861552 0.34213865 ... 0.16033679 0.24318856 0.11679838],[283.29605 301.45065 313.2862  ... 267.39145 278.1875  248.77632],[283.29605 301.45065 313.2862  ... 267.39145 278.1875  248.77632],[228.63849 242.26665 258.69717 ... 213.50127 224.24815 196.46121],[0. 0. 0. ... 0. 0. 0.],0,1,5,61
[0.12825395 0.3550247  0.13634695 ... 0.19375572 0.3188656  0.41245574],[305.3709  364.5036  332.11002 ... 333.60068 351.16953 357.19727],[310.20676 369.7782  340.5376  ... 336.8985  354.59024 360.5451 ],[251.95235 309.56003 275.4624  ... 275.2991  298.56183 300.9979 ],[0.         0.         0.         ... 0.02937343 0.04305857 0.        ],0,1,5,62
"[ 0.17150861  0.1708541  -0.009562   ...  0.08442581  0.11733595
  0.22063702]",[258.28577 268.81555 240.59442 ... 237.98972 231.10149 249.67664],[272.98288 283.69177 252.637   ... 254.12671 245.4178  263.42807],[213.69182 222.5515  191.21025 ... 192.73955 189.25122 203.91093],[0.         0.         0.         ... 0.         0.02427688 0.        ],0,1,5,63
[0.612204   0.3942015  0.4100811  ... 0.11396202 0.2374959  0.10134704],[409.19592 364.16318 374.974   ... 290.14026 300.30023 269.39966],[430.82892 384.4897  394.80237 ... 305.7109  318.38348 283.9351 ],[383.68594 337.20004 346.427   ... 263.75928 277.4475  241.54196],[0. 0. 0. ... 0. 0. 0.],0,1,5,64
[0.25610304 0.32082292 0.45425853 ... 0.01735862 0.08442529 0.22110198],[299.09604 315.32275 342.14664 ... 253.77335 263.10742 275.18024],[352.08728 365.3192  399.02994 ... 292.64838 303.18204 317.8728 ],[253.61499 266.03305 295.8627  ... 199.94994 210.85036 224.11855],[0.         0.         0.         ... 0.         0.03380649 0.        ],0,1,5,65
[0.02107508 0.21453385 0.32115582 ... 0.0685467  0.11050575 0.14690593],[203.85603 255.85527 290.85565 ... 221.02084 223.1682  223.06125],[241.30902 289.47223 319.8125  ... 249.88889 250.95833 252.81598],[215.0333  262.8916  291.40866 ... 225.12973 224.56837 225.68552],[0.03567213 0.         0.         ... 0.         0.         0.        ],0,1,5,66
[0.66893166 0.5751569  0.40520754 ... 0.0864929  0.09994961 0.200551  ],[371.13358 363.70035 339.20938 ... 263.41876 260.7798  266.79422],[371.13358 363.70035 339.20938 ... 263.41876 260.7798  266.79422],[322.5357  317.8734  290.94464 ... 217.08609 215.68372 221.85474],[0.         0.         0.         ... 0.         0.02205636 0.        ],0,1,5,67
[0.24344121 0.22636122 0.25770545 ... 0.17420226 0.         0.23600799],[272.10333 289.29944 318.0729  ... 272.28442 238.34215 283.6932 ],[278.8855  295.69974 323.59286 ... 283.34097 246.4402  288.2748 ],[233.53073 250.68835 275.13818 ... 239.51996 203.14781 247.11162],[0.         0.         0.         ... 0.         0.02329049 0.        ],0,1,5,68
"[ 0.08552574  0.2060179   0.36239994 ...  0.28047895 -0.01835189
  0.15879086]",[299.41766 322.89172 367.76212 ... 323.40643 264.30283 280.18256],[314.91467 335.46075 378.30035 ... 334.69965 275.69284 292.7577 ],[238.3788  264.73322 296.5683  ... 263.36633 203.80649 221.52269],[0. 0. 0. ... 0. 0. 0.],0,1,5,69
[0.23112793 0.15808046 0.43881077 ... 0.1283528  0.1899055  0.18280226],[296.28525 303.2928  346.21622 ... 261.73593 269.0588  249.0099 ],[345.44562 336.09283 396.03183 ... 299.74005 303.8833  290.49603],[279.6896  266.46234 322.9487  ... 241.16429 239.90373 226.80904],[0.         0.01839353 0.         ... 0.02409632 0.         0.        ],0,1,5,70
[0.26866326 0.12021738 0.         ... 0.20247823 0.38200924 0.20114188],[188.86243 201.59972 170.45636 ... 246.15387 248.48178 229.10251],[260.1531  265.4641  245.83253 ... 318.01913 356.14355 302.91867],[227.82547 232.90254 210.90477 ... 287.38538 321.16852 270.64883],[0. 0. 0. ... 0. 0. 0.],0,1,5,71
[0.10379296 0.         0.15331869 ... 0.10181148 0.04942281 0.34083477],[287.11487 280.38647 318.5778  ... 285.01355 269.60455 329.70557],[307.574   302.9603  343.34296 ... 308.33575 285.0397  345.06137],[260.5802  257.5755  292.61835 ... 262.10748 244.9086  302.43704],[0.         0.         0.         ... 0.         0.04278641 0.        ],0,1,5,72
[0.27125084 0.12057608 0.26704577 ... 0.         0.07432516 0.14830524],[230.34633 226.19632 244.00284 ... 193.61461 202.95609 188.07379],[319.09644 290.57858 325.34286 ... 252.45714 267.01428 264.96072],[282.44757 256.35275 287.5065  ... 218.0399  232.42596 229.73605],[0.         0.         0.         ... 0.         0.02470815 0.        ],0,1,5,73
"[ 0.40853596 -0.03771302  0.02834099 ... -0.01437984  0.19443998
  0.0734369 ]",[315.83945 237.25229 252.10092 ... 246.6789  286.5642  244.42201],[315.83945 237.25229 252.10092 ... 246.6789  286.5642  244.42201],[289.69867 212.72536 226.44124 ... 221.34395 260.91537 219.88242],[0.         0.         0.         ... 0.02124748 0.         0.        ],0,1,5,74
"[ 0.19914553  0.03574784  0.28988236 ... -0.05475229  0.04023795
  0.18951568]",[235.79991 242.17323 275.47433 ... 214.69186 221.96233 230.77829],[277.46  285.964 337.628 ... 248.22  260.88  274.84 ],[238.29367 247.44377 299.74594 ... 210.48227 223.39194 235.54291],[0.         0.         0.         ... 0.         0.02454164 0.        ],0,1,5,75
[0.09392223 0.09869733 0.08725005 ... 0.15034842 0.16135536 0.12894024],[241.95422 242.09529 246.09814 ... 248.77786 244.6656  223.02444],[274.0327  283.70328 285.1799  ... 286.68225 277.3598  258.     ],[255.75471 264.1812  265.9135  ... 267.45764 257.935   239.85281],[0. 0. 0. ... 0. 0. 0.],0,1,5,76
"[ 0.2196092   0.12136237  0.22527349 ... -0.0076035   0.16819082
  0.23013131]",[269.86945 257.2117  282.57758 ... 221.06691 254.03116 252.6988 ],[299.9194  286.56717 310.57016 ... 247.8806  282.08954 283.01193],[254.94153 239.77145 266.48993 ... 206.46544 239.44624 240.69539],[0.        0.        0.        ... 0.        0.0257165 0.       ],0,1,5,77
[0.16254665 0.         0.21831462 ... 0.18889104 0.10552308 0.15280886],[295.7993  271.69174 324.54123 ... 307.1828  288.91757 298.1362 ],[295.7993  271.69174 324.54123 ... 307.1828  288.91757 298.1362 ],[248.29929 226.43802 275.32544 ... 263.83713 245.67181 253.54216],[0. 0. 0. ... 0. 0. 0.],0,1,5,78
[0.25633383 0.31529772 0.4832894  ... 0.08003392 0.15834431 0.22707821],[296.062   319.70154 360.16278 ... 276.49612 291.25583 286.0659 ],[296.062   319.70154 360.16278 ... 276.49612 291.25583 286.0659 ],[251.92708 278.15976 315.58276 ... 233.92744 248.45886 243.58165],[0.         0.02955243 0.04166657 ... 0.03255825 0.         0.        ],0,1,5,79
"[ 0.36796847 -0.00225133  0.0698894  ...  0.08831908  0.
  0.11109392]",[271.96988 209.61081 218.30283 ... 219.8745  206.96101 224.27399],[325.1255  258.39545 278.97717 ... 280.26236 245.62738 263.02283],[294.12747 227.587   246.10663 ... 248.63449 214.09279 234.27951],[0. 0. 0. ... 0. 0. 0.],0,1,5,80
[0.24712294 0.06986532 0.17603436 ... 0.05225677 0.13344683 0.07113012],[322.7579  282.08264 310.3968  ... 267.5678  280.20218 265.92584],[342.1286  304.92914 341.2257  ... 294.89502 302.0551  282.60367],[291.8702  257.484   291.42316 ... 248.58595 256.169   236.31865],[0.         0.         0.         ... 0.01568522 0.         0.        ],0,1,5,81
[0.12490159 0.06202261 0.15116245 ... 0.14771996 0.03959968 0.36363602],[304.88828 302.35474 326.6592  ... 288.081   262.35474 298.42178],[304.88828 302.35474 326.6592  ... 288.081   262.35474 298.42178],[261.25974 259.78818 279.51706 ... 246.85603 222.08643 259.29828],[0.        0.        0.        ... 0.        0.0452964 0.       ],0,1,5,82
[0.41105646 0.07851715 0.11188708 ... 0.02009688 0.11425863 0.13434486],[305.1515  280.7109  296.90848 ... 258.99347 272.9509  271.23846],[314.5955  286.2563  300.80905 ... 262.8794  276.1784  275.15326],[259.04358 229.96498 238.36067 ... 207.29378 219.95415 219.14592],[0.         0.         0.         ... 0.         0.01570437 0.        ],0,1,5,83
[0.0892028  0.10245555 0.22265732 ... 0.31752136 0.34383062 0.2733015 ],[249.37682 271.03262 300.67755 ... 295.6377  296.8623  282.46378],[249.37682 271.03262 300.67755 ... 295.6377  296.8623  282.46378],[200.5588  221.40524 248.73988 ... 247.84996 249.35428 234.22995],[0. 0. 0. ... 0. 0. 0.],0,1,5,84
[0.         0.         0.05408152 ... 0.1200631  0.09469438 0.10143056],[247.92703 254.7382  269.54935 ... 264.92276 246.01288 239.51073],[247.92703 254.7382  269.54935 ... 264.92276 246.01288 239.51073],[195.74567 204.35657 215.97118 ... 215.32164 196.64041 191.99275],[0.         0.         0.03096004 ... 0.01899899 0.         0.        ],0,1,5,85
[0.2974222  0.28648627 0.17016268 ... 0.07125071 0.19652635 0.14886707],[247.11311 253.70514 234.06197 ... 210.52802 231.67497 219.62871],[313.69547 335.77274 322.05908 ... 287.01364 303.03183 285.72726],[269.39554 292.4317  273.53085 ... 243.62256 262.66794 243.19919],[0.         0.         0.         ... 0.03394856 0.         0.        ],0,1,5,86
"[ 0.20352396 -0.02308316 -0.107309   ...  0.248176   -0.06604394
  0.14758451]",[280.26923 240.5577  252.29327 ... 303.77405 236.51923 247.88461],[280.26923 240.5577  252.29327 ... 303.77405 236.51923 247.88461],[243.43445 205.57033 212.71768 ... 269.6319  200.44733 213.86609],[0. 0. 0. ... 0. 0. 0.],0,1,5,87
[0.21350123 0.13962828 0.25161475 ... 0.02986494 0.25103715 0.04376786],[269.34433 268.40567 289.8113  ... 247.24529 275.8915  238.93867],[269.34433 268.40567 289.8113  ... 247.24529 275.8915  238.93867],[231.01224 228.80087 250.22226 ... 208.44046 237.25499 198.75775],[0. 0. 0. ... 0. 0. 0.],0,1,5,88
"[ 0.25362462  0.33575863  0.16406512 ... -0.04556825  0.12127011
  0.03879774]",[122.22262  155.27618  140.54912  ... 108.71814  126.180756 107.53784 ],[282.28806 308.32922 293.10287 ... 234.0823  265.57614 233.39917],[249.2545  275.4211  257.51843 ... 201.42256 233.11252 201.64572],[0. 0. 0. ... 0. 0. 0.],0,1,5,89
[0.05040235 0.23814265 0.18114603 ... 0.0659196  0.00659578 0.14674455],[275.25583 324.48428 323.94135 ... 280.43924 264.9495  281.54254],[276.5274  330.1758  325.71918 ... 281.78766 266.28082 282.79224],[214.12375 267.55322 259.2454  ... 221.3282  208.30202 225.08081],[0.         0.         0.         ... 0.         0.02279589 0.        ],0,1,5,90
[0.28972152 0.32006603 0.3673198  ... 0.02660886 0.19031997 0.14244053],[297.3908  307.0977  333.73563 ... 258.7299  276.41666 247.57759],[297.3908  307.0977  333.73563 ... 258.7299  276.41666 247.57759],[251.70973 261.68637 286.2618  ... 216.16957 233.73688 203.45525],[0.         0.         0.         ... 0.03323091 0.         0.        ],0,1,5,91
[0.5363241  0.34003094 0.050909   ... 0.21358003 0.04988928 0.29875124],[316.9232  296.42004 267.94412 ... 284.63443 251.81563 276.78125],[343.51053 335.57895 296.73157 ... 310.7158  278.66315 304.1842 ],[262.3181  258.47147 215.49913 ... 238.66417 208.235   234.23831],[0.         0.         0.         ... 0.         0.03052788 0.        ],0,1,5,92
"[ 0.20309013 -0.03146389  0.16242231 ... -0.03753299  0.03368692
  0.20747761]",[253.05449 229.07303 268.53888 ... 205.27377 210.69754 233.17894],[294.9524  266.00867 305.9394  ... 236.68831 245.09525 268.4156 ],[254.91261 225.32816 263.73904 ... 199.18794 205.6798  227.80353],[0. 0. 0. ... 0. 0. 0.],0,1,5,93
[0.30975953 0.03159769 0.09362181 ... 0.1698882  0.35575724 0.08661297],[288.30417 254.925   284.52917 ... 289.95    308.5375  236.42084],[288.30417 254.925   284.52917 ... 289.95    308.5375  236.42084],[239.75262 202.4361  231.39801 ... 242.62253 262.95    190.5098 ],[0.         0.         0.         ... 0.04561164 0.         0.        ],0,1,5,94
[0.557074   0.02777451 0.23588264 ... 0.35270295 0.41578734 0.3252298 ],[366.16293 288.64606 331.9944  ... 328.21912 333.78088 301.6236 ],[366.16293 288.64606 331.9944  ... 328.21912 333.78088 301.6236 ],[290.43872 216.00334 253.5019  ... 262.22043 265.1448  237.87415],[0. 0. 0. ... 0. 0. 0.],0,1,5,95
[0.16146088 0.24996589 0.30439606 ... 0.21013932 0.11954784 0.21331382],[278.6352  314.29642 332.37134 ... 303.0228  276.80457 291.6189 ],[278.6352  314.29642 332.37134 ... 303.0228  276.80457 291.6189 ],[222.89659 255.6905  270.95654 ... 250.24953 225.06384 238.75693],[0. 0. 0. ... 0. 0. 0.],0,1,5,96
[0.2921084  0.14351347 0.09757822 ... 0.15476929 0.13235804 0.26156816],[293.42767 289.1887  286.47485 ... 271.4937  258.7956  278.97485],[293.42767 289.1887  286.47485 ... 271.4937  258.7956  278.97485],[248.26205 246.31163 237.50797 ... 227.5893  216.7478  235.03532],[0.        0.        0.        ... 0.        0.0266578 0.       ],0,1,5,97
[0.10993308 0.16089459 0.12334936 ... 0.14176361 0.07926418 0.09531345],[191.88716 205.3279  208.53923 ... 199.93726 187.70662 192.71617],[247.12894 266.80188 266.05975 ... 260.33963 248.49057 248.67296],[218.85304 237.96365 236.3457  ... 233.70511 220.90767 221.98866],[0. 0. 0. ... 0. 0. 0.],0,1,5,98
[0.24679522 0.         0.19699976 ... 0.15809295 0.07466569 0.2674929 ],[269.76328 236.4735  281.03055 ... 239.63625 217.16243 240.58641],[285.61752 253.41832 297.18326 ... 256.72113 235.87251 262.26694],[241.17685 210.39485 251.1367  ... 215.55878 194.09142 222.19821],[0.         0.         0.01975857 ... 0.         0.02968315 0.        ],0,1,5,99
[0.22183184 0.26389813 0.45644772 ... 0.01917847 0.04750956 0.04948566],[262.26096 274.30414 319.23267 ... 220.18512 226.74426 218.62236],[330.90402 340.88855 390.04333 ... 274.50156 279.43344 276.3096 ],[281.8304  291.12726 334.4726  ... 225.26112 229.67003 226.81519],[0. 0. 0. ... 0. 0. 0.],0,1,5,100
[0.17800589 0.22858931 0.16195726 ... 0.2370104  0.15420683 0.15752475],[214.34541 255.09146 256.14612 ... 252.43272 231.0458  219.75114],[260.27026 293.12613 299.5991  ... 287.05405 260.15765 252.23424],[219.89104 256.45764 259.908   ... 250.0279  225.42622 216.78787],[0. 0. 0. ... 0. 0. 0.],0,1,5,101
[0.15063742 0.17211236 0.00687121 ... 0.07943536 0.17195705 0.21170114],[271.0957  286.29187 266.2536  ... 251.77512 262.00958 262.3158 ],[271.0957  286.29187 266.2536  ... 251.77512 262.00958 262.3158 ],[224.0159  239.65413 216.10222 ... 207.597   216.62875 217.12697],[0.         0.         0.         ... 0.03278244 0.         0.        ],0,1,5,102
[0.0989225  0.10607106 0.15447007 ... 0.133884   0.05876985 0.13122235],[252.69997 259.71335 272.26727 ... 254.6433  238.78625 235.59015],[279.35278 285.4723  295.91547 ... 277.91837 256.89795 258.08163],[233.98352 239.46599 249.62088 ... 231.26791 216.43156 212.84631],[0. 0. 0. ... 0. 0. 0.],0,1,5,103
[0.27988064 0.07364497 0.1060518  ... 0.10149848 0.05859261 0.10628802],[283.83948 277.1     286.55    ... 267.40262 248.90526 254.54474],[283.83948 277.1     286.55    ... 267.40262 248.90526 254.54474],[225.13698 220.52782 227.29124 ... 215.46904 196.10942 203.41194],[0. 0. 0. ... 0. 0. 0.],0,1,5,104
[0.13331129 0.1262256  0.16487296 ... 0.15553336 0.08440319 0.01724569],[284.1237  284.17633 292.20264 ... 273.34738 257.77106 243.83684],[284.1237  284.17633 292.20264 ... 273.34738 257.77106 243.83684],[242.7359  242.37396 249.7616  ... 233.97192 218.42752 202.69205],[0. 0. 0. ... 0. 0. 0.],0,1,5,105
"[ 0.5381592   0.22130217  0.22913426 ... -0.0629935   0.09531308
  0.10667969]",[316.56082 273.47296 278.22296 ... 220.05405 239.38513 234.72974],[316.56082 273.47296 278.22296 ... 220.05405 239.38513 234.72974],[274.74084 227.27509 234.73436 ... 178.90988 197.74706 190.92096],[0. 0. 0. ... 0. 0. 0.],0,1,5,106
[0.1496858  0.33067825 0.07234015 ... 0.         0.07847992 0.10934786],[321.11035 369.22766 326.7424  ... 274.05447 285.89993 286.0763 ],[321.6     369.75833 328.02084 ... 275.84583 286.35834 286.55417],[242.158   287.87952 240.47768 ... 203.78754 215.26439 212.4078 ],[0.         0.         0.02070625 ... 0.         0.         0.        ],0,1,5,107
[0.39720407 0.         0.33185026 ... 0.13314928 0.16085614 0.06877278],[297.85324 251.16977 325.21677 ... 293.43597 294.5229  263.84253],[303.3689  252.77777 327.17334 ... 295.1378  295.93332 265.28   ],[268.31183 217.41292 289.3131  ... 258.43527 260.05936 230.01299],[0. 0. 0. ... 0. 0. 0.],0,1,5,108
[0.         0.08173819 0.50499696 ... 0.22388159 0.16910297 0.06711767],[267.12454 302.37192 388.38177 ... 306.75677 292.92877 275.85773],[268.26245 303.4784  389.54153 ... 308.72424 293.9269  276.92026],[207.38159 242.48003 324.38068 ... 250.19144 236.43779 217.04877],[0.         0.07302021 0.         ... 0.         0.         0.        ],0,1,5,109
[0.31939214 0.34400108 0.5620599  ... 0.05432557 0.         0.37120098],[281.28806 296.36145 341.0121  ... 228.45619 210.95796 261.17035],[332.18268 339.19232 388.43268 ... 270.25    245.13942 297.66827],[295.7948  307.4224  354.14847 ... 238.79655 214.70766 266.84744],[0.         0.         0.         ... 0.         0.05283713 0.        ],0,1,5,110
[0.21617006 0.09239873 0.2098421  ... 0.         0.06690804 0.10230214],[268.79703 254.7147  280.1243  ... 236.39574 246.71187 246.08914],[273.58014 260.64505 289.1985  ... 241.229   251.56488 256.4733 ],[248.89708 236.38164 263.94647 ... 217.50587 227.28136 231.40073],[0.         0.         0.         ... 0.01792939 0.         0.        ],0,1,5,111
[0.22046216 0.14559639 0.04258937 ... 0.19825234 0.12759143 0.27068546],[200.20207 193.20663 181.59459 ... 206.50609 190.86389 213.06009],[272.991   267.9189  253.1937  ... 283.52252 263.37387 278.13513],[252.20665 247.08655 231.49808 ... 263.28342 243.0769  256.94547],[0.         0.         0.         ... 0.         0.02131347 0.        ],0,1,5,112
[0.0904008  0.07760005 0.15728754 ... 0.19923146 0.15197663 0.05376128],[266.67026 271.1016  289.29877 ... 276.25    258.28207 226.83894],[278.4669  285.2857  306.39026 ... 291.47736 272.20557 240.0453 ],[247.9926  253.81393 270.65842 ... 261.14246 243.1822  212.35999],[0. 0. 0. ... 0. 0. 0.],0,1,5,113
"[ 0.07006185  0.04162063  0.07770485 ...  0.         -0.06373209
  0.06373209]",[245.27956 241.95036 260.08444 ... 237.4502  222.1825  228.55017],[253.86919 250.63373 267.40408 ... 244.38663 231.73837 236.85756],[207.35643 204.0636  219.14264 ... 199.88988 186.74127 193.27032],[0. 0. 0. ... 0. 0. 0.],0,1,5,114
[0.2299987  0.14988853 0.04401082 ... 0.09446931 0.09707263 0.22837757],[272.3399  273.03146 261.23688 ... 258.00638 245.21057 268.6269 ],[292.21182 293.27094 286.76602 ... 282.59113 269.07388 289.76355],[254.72389 255.64252 246.71074 ... 247.38547 229.9087  254.03093],[0.        0.        0.        ... 0.        0.0230227 0.       ],0,1,5,115
[0.33341765 0.40417412 0.4010561  ... 0.16958125 0.0259849  0.20189458],[349.80975 379.928   396.7198  ... 314.018   282.31876 313.60153],[349.80975 379.928   396.7198  ... 314.018   282.31876 313.60153],[258.05954 285.83658 297.55832 ... 231.89386 201.51514 230.053  ],[0.         0.         0.         ... 0.         0.02099734 0.        ],0,1,5,116
[0.1924044  0.06779256 0.10110271 ... 0.01013834 0.14989573 0.00813449],[283.93762 271.9321  278.6231  ... 240.4665  264.1514  234.51532],[312.4051  297.8187  307.24646 ... 266.64307 291.69122 260.47308],[288.32812 271.81268 281.1725  ... 242.34486 269.38025 234.36261],[0. 0. 0. ... 0. 0. 0.],0,1,5,117
[0.12672846 0.12493026 0.13718987 ... 0.13239531 0.20341462 0.17887402],[244.30551 252.70439 273.62244 ... 257.23074 269.6941  257.85638],[259.04688 262.34686 287.40314 ... 269.9375  281.19687 271.92813],[213.14775 217.79097 241.10013 ... 229.01065 239.90848 229.69096],[0.         0.         0.         ... 0.03122892 0.         0.        ],0,1,5,118
[0.4136936  0.10880033 0.06036366 ... 0.13268177 0.         0.18070406],[286.45117 253.74942 251.469   ... 267.1519  239.4366  274.6851 ],[296.97684 263.861   259.16602 ... 276.35522 247.87259 281.18146],[263.176   227.43353 222.58185 ... 243.6148  214.40668 245.30537],[0. 0. 0. ... 0. 0. 0.],0,1,5,119
"[ 0.29296425  0.02382958  0.19302492 ... -0.07458541  0.17291972
  0.16469337]",[314.90247 270.4285  311.185   ... 245.79878 274.612   263.1776 ],[321.59305 279.97162 320.1041  ... 251.74448 284.49527 270.24606],[271.53992 233.4981  268.55267 ... 204.8352  238.2855  222.44469],[0.         0.         0.         ... 0.03401196 0.         0.        ],0,1,5,120
[0.         0.21853158 0.37014335 ... 0.30284533 0.6092649  0.2722447 ],[269.2949  322.3402  365.80447 ... 335.36203 390.80298 326.73752],[280.8483  335.8545  380.8607  ... 349.81735 406.2291  337.56967],[230.22061 281.23782 322.05502 ... 296.7511  356.30215 286.123  ],[0.03102779 0.         0.         ... 0.02459423 0.         0.        ],0,1,5,121
[0.14728099 0.12900974 0.17153409 ... 0.19097136 0.1289081  0.20107606],[238.81758 243.36472 273.51086 ... 255.45526 245.15091 244.5556 ],[290.8942  287.9283  315.3379  ... 292.5324  277.85324 284.93173],[260.74677 259.4494  285.15823 ... 264.30072 249.67604 257.9487 ],[0. 0. 0. ... 0. 0. 0.],0,1,5,122
[0.33041242 0.17292535 0.39139634 ... 0.10574254 0.1113168  0.14448646],[288.52667 270.76334 319.32666 ... 258.20667 252.64333 257.72333],[288.52667 270.76334 319.32666 ... 258.20667 252.64333 257.72333],[239.49107 221.99544 267.18417 ... 210.58202 203.93767 209.24693],[0. 0. 0. ... 0. 0. 0.],0,1,5,123
[0.05730984 0.         0.17621766 ... 0.07922589 0.2482496  0.        ],[254.57599 241.0544  277.99002 ... 243.31206 271.2185  223.55702],[310.7263  296.0876  340.66788 ... 302.62045 331.99634 277.4489 ],[238.57277 227.90999 266.22855 ... 237.43283 267.78104 213.66628],[0.         0.02006792 0.         ... 0.02944907 0.         0.        ],0,1,5,124
[0.32233083 0.44984138 0.60137725 ... 0.23620585 0.2768783  0.22210269],[310.40765 347.0068  352.37677 ... 292.68582 296.98438 277.64243],[338.90436 377.03912 415.4174  ... 331.3826  333.5913  307.9826 ],[278.82312 318.88177 352.8811  ... 276.90933 282.17593 254.20515],[0.         0.04873369 0.         ... 0.03130913 0.         0.        ],0,1,5,125
"[ 0.30833834  0.11529347  0.2882551  ... -0.00322225  0.17274807
  0.09238568]",[203.32628 193.93163 210.25891 ... 177.21649 201.42319 186.40071],[333.93353 315.19638 360.45923 ... 291.0151  318.57098 299.0423 ],[256.09167 234.03876 276.05392 ... 216.09344 247.37369 222.8193 ],[0.         0.         0.         ... 0.02654186 0.         0.        ],0,1,5,126
[0.09556156 0.10912724 0.20261438 ... 0.10139852 0.33532777 0.131311  ],[276.2414  292.41873 319.76355 ... 267.45813 310.7537  256.64038],[276.2414  292.41873 319.76355 ... 267.45813 310.7537  256.64038],[228.85013 245.42307 265.48788 ... 224.69077 264.56073 211.67355],[0.         0.         0.         ... 0.03540504 0.         0.        ],0,1,5,127
[0.31505033 0.26314047 0.67713904 ... 0.03066154 0.07776944 0.18015987],[350.12686 349.20627 429.9712  ... 270.59647 265.28323 266.62128],[362.1641  362.30768 448.23077 ... 278.39487 278.48718 275.6154 ],[294.8257  297.83423 380.31375 ... 217.56125 215.38977 215.25111],[0. 0. 0. ... 0. 0. 0.],0,1,5,128
[0.26470825 0.28148934 0.19017021 ... 0.20424484 0.2250523  0.13148323],[279.63126 296.1598  286.87186 ... 266.2748  267.5942  242.1654 ],[282.6346  299.08173 293.61057 ... 269.17307 270.35095 244.82692],[238.03342 254.50598 247.53995 ... 226.40517 225.78723 200.64728],[0.         0.         0.         ... 0.02949692 0.         0.        ],0,1,5,129
[0.11057902 0.11457388 0.1464254  ... 0.05017126 0.11437249 0.19369325],[191.21272 194.92076 214.3315  ... 190.58752 181.71088 185.45619],[247.68872 254.1751  271.3074  ... 241.74709 239.0428  252.51752],[192.44157 199.06763 215.66185 ... 186.31746 186.39804 198.5477 ],[0.         0.         0.         ... 0.         0.02947257 0.        ],0,1,5,130
"[ 0.1966144   0.15513495  0.34862804 ... -0.02471384  0.15773363
  0.21420628]",[289.306   292.3552  331.75955 ... 254.55737 282.28143 290.53278],[289.306   292.3552  331.75955 ... 254.55737 282.28143 290.53278],[235.33209 238.43578 274.75922 ... 200.4572  230.81395 235.2856 ],[0.         0.         0.         ... 0.         0.04056054 0.        ],0,1,5,131
[0.2793787  0.12391986 0.24725704 ... 0.12111145 0.06031128 0.18925814],[344.1712  318.44022 354.69022 ... 302.6087  289.71194 293.30164],[344.1712  318.44022 354.69022 ... 302.6087  289.71194 293.30164],[274.58328 255.08524 285.65637 ... 240.68878 226.45773 234.0705 ],[0. 0. 0. ... 0. 0. 0.],0,1,5,132
[0.12245563 0.07170472 0.09846754 ... 0.19194888 0.0840592  0.08785266],[260.51193 266.6131  274.0111  ... 273.6256  247.8146  247.38345],[262.6434  267.11722 275.61096 ... 274.13965 248.25436 247.82793],[211.83577 217.53543 223.24352 ... 224.235   200.1732  200.16222],[0. 0. 0. ... 0. 0. 0.],0,1,5,133
"[ 0.28668922  0.16004917  0.47211537 ... -0.02167485  0.24390922
  0.07749878]",[317.80554 312.8125  381.75    ... 277.58334 317.00696 280.51736],[317.80554 312.8125  381.75    ... 277.58334 317.00696 280.51736],[226.97829 222.93002 282.02728 ... 195.04257 236.97815 198.29921],[0.         0.         0.         ... 0.03206485 0.         0.        ],0,1,5,134
[0.         0.151882   0.05036914 ... 0.2657204  0.1416255  0.12877004],[256.05103 282.52042 274.27808 ... 288.3648  261.94644 254.06378],[256.05103 282.52042 274.27808 ... 288.3648  261.94644 254.06378],[200.47995 230.20747 219.59436 ... 236.65764 212.22765 203.89952],[0. 0. 0. ... 0. 0. 0.],0,1,5,135
"[ 0.25107417  0.02562598  0.16764897 ... -0.00413738  0.14069878
  0.06933653]",[305.72964 261.95557 288.90372 ... 235.36296 263.47037 233.65926],[305.72964 261.95557 288.90372 ... 235.36296 263.47037 233.65926],[272.96817 230.91382 258.3746  ... 207.77635 233.66228 204.88664],[0.         0.         0.         ... 0.01634951 0.         0.        ],0,1,5,136
[0.15020391 0.22975516 0.24145898 ... 0.09990079 0.09364054 0.11765591],[256.78098 288.9485  297.00894 ... 253.92154 246.10922 242.37961],[257.44446 289.65518 297.66284 ... 254.52873 246.7318  243.04214],[228.06961 259.86533 266.04468 ... 225.6399  216.8832  215.69557],[0. 0. 0. ... 0. 0. 0.],0,1,5,137
[0.36041284 0.15918307 0.13203028 ... 0.13153085 0.15199997 0.20958875],[312.76434 289.9427  293.01273 ... 266.51273 260.86307 267.66562],[312.76434 289.9427  293.01273 ... 266.51273 260.86307 267.66562],[259.36896 239.01093 238.27242 ... 215.2471  214.68034 220.08098],[0. 0. 0. ... 0. 0. 0.],0,1,5,138
[0.25956744 0.18649265 0.20007776 ... 0.0545399  0.05377311 0.07082415],[269.54373 284.89728 284.9584  ... 245.30338 244.04704 234.1545 ],[299.09735 319.93805 323.40414 ... 270.68143 267.38348 261.73157],[270.9008  291.51495 295.28125 ... 245.0891  242.59912 236.11862],[0. 0. 0. ... 0. 0. 0.],0,1,5,139
"[ 0.2928313   0.05751404 -0.00299039 ...  0.08878139  0.3964384
  0.439177  ]",[277.15344 258.03708 251.64166 ... 256.9756  287.10852 281.68433],[308.59668 287.86188 283.37018 ... 278.61325 317.2044  306.33148],[262.94476 241.70074 233.27815 ... 234.38722 273.54486 261.39536],[0.         0.         0.02328745 ... 0.         0.05366237 0.        ],0,1,5,140
[0.12822971 0.25959635 0.20596687 ... 0.04790455 0.08571943 0.23426387],[265.2262  294.5357  293.23016 ... 250.19841 245.94444 260.50793],[265.2262  294.5357  293.23016 ... 250.19841 245.94444 260.50793],[232.10165 261.5     257.90582 ... 218.62927 214.84023 227.84378],[0.         0.         0.         ... 0.         0.03864618 0.        ],0,1,5,141
[0.15363371 0.0987305  0.09034956 ... 0.05802    0.18292694 0.14356652],[266.77374 258.5611  267.51132 ... 252.96832 267.35294 244.37556],[266.77374 258.5611  267.51132 ... 252.96832 267.35294 244.37556],[224.56746 216.6153  221.74675 ... 212.32312 224.47313 203.12915],[0.         0.         0.         ... 0.01976733 0.         0.        ],0,1,5,142
[0.13232863 0.2708211  0.21193743 ... 0.13348892 0.19383305 0.08118293],[214.29726 228.14992 232.01343 ... 214.95474 217.43318 202.09587],[256.90497 281.45868 284.4091  ... 264.36365 270.5661  248.49173],[196.2105  224.06639 223.70213 ... 209.26439 214.05902 191.08138],[0. 0. 0. ... 0. 0. 0.],0,1,5,143
[0.12606347 0.40599266 0.096329   ... 0.1162956  0.06812607 0.48359352],[256.0025  316.96637 274.02664 ... 256.17484 242.7454  286.0378 ],[258.47296 320.009   276.56305 ... 258.7072  245.24324 288.64865],[209.94519 272.87042 227.2679  ... 214.2223  199.49503 244.08286],[0.         0.         0.         ... 0.         0.06985158 0.        ],0,1,5,144
[0.4039063  0.00323953 0.10930093 ... 0.10937594 0.29520473 0.18575615],[327.44812 246.86795 280.77826 ... 257.68143 286.10916 247.9618 ],[367.0901  283.6006  312.97296 ... 290.36035 319.6156  279.39038],[334.44104 249.41026 278.10806 ... 258.32043 287.64636 248.00912],[0.        0.        0.        ... 0.0286891 0.        0.       ],0,1,5,145
[0.22763447 0.07248314 0.         ... 0.08921593 0.13807285 0.33840242],[234.45389 222.0799  222.56175 ... 212.16736 215.28017 238.87001],[262.69135 247.74074 248.68724 ... 237.6502  241.00412 273.1893 ],[228.8574  212.77722 214.76384 ... 206.05753 208.72095 240.8674 ],[0.         0.         0.         ... 0.         0.03858484 0.        ],0,1,5,146
"[ 0.04372514  0.10836952  0.21146955 ...  0.19339748 -0.09361337
  0.1895218 ]",[254.44797 276.76373 302.43085 ... 281.5873  214.9267  243.3044 ],[257.72858 281.10715 305.6143  ... 284.81787 218.15    250.15715],[208.31079 232.00914 251.86047 ... 238.07832 167.60023 199.36414],[0.         0.         0.         ... 0.         0.02114811 0.        ],0,1,5,147
[0.37715298 0.31557098 0.2647399  ... 0.17774725 0.09389982 0.21905014],[327.32654 329.9592  338.68027 ... 302.2789  277.82312 294.32654],[327.32654 329.9592  338.68027 ... 302.2789  277.82312 294.32654],[278.6434  279.35544 282.5717  ... 254.97203 230.35066 245.89003],[0. 0. 0. ... 0. 0. 0.],0,1,5,148
[0.08099902 0.12821098 0.1081803  ... 0.05428822 0.03170611 0.16455913],[256.6078  269.41318 268.06586 ... 254.23055 243.8952  250.79941],[256.6078  269.41318 268.06586 ... 254.23055 243.8952  250.79941],[202.79466 214.21684 212.79439 ... 202.08098 192.10233 199.89917],[0.         0.         0.         ... 0.         0.01944379 0.        ],0,1,5,149
[0.2086749  0.15103275 0.36966616 ... 0.1949429  0.2210583  0.06084022],[293.03427 290.30286 364.46286 ... 300.29144 303.69144 267.62286],[293.03427 290.30286 364.46286 ... 300.29144 303.69144 267.62286],[238.00629 233.68059 300.0989  ... 248.92815 249.55983 216.73819],[0. 0. 0. ... 0. 0. 0.],0,1,5,150
"[ 0.22355135 -0.02663454  0.14288475 ...  0.07007679  0.00082628
  0.2915902 ]",[219.84872 188.85791 216.74875 ... 207.82648 190.95949 223.88428],[270.78833 229.24452 267.48904 ... 246.16423 233.26277 268.64963],[225.02043 186.87703 223.41597 ... 204.07811 190.67465 227.06308],[0.         0.         0.         ... 0.         0.03839609 0.        ],0,1,5,151
[0.15354277 0.20221739 0.08741675 ... 0.02960066 0.15281619 0.209325  ],[258.7575  288.08652 273.63058 ... 255.65195 269.86185 262.25888],[263.78192 294.70715 283.43924 ... 262.01868 278.21497 269.77258],[219.64767 250.87471 237.97429 ... 219.25577 238.47655 228.83516],[0.         0.         0.         ... 0.         0.02822318 0.        ],0,1,5,152
[0.09349933 0.06256323 0.05968231 ... 0.12877333 0.09400315 0.1877259 ],[225.06493 225.71236 227.85805 ... 230.51715 220.68776 225.8656 ],[240.92358 245.63123 250.65448 ... 247.04651 238.88704 250.27907],[211.51636 215.82333 221.2929  ... 219.72495 210.75008 222.95137],[0.         0.         0.         ... 0.         0.01564877 0.        ],0,1,5,153
[0.13350287 0.12310538 0.3107872  ... 0.04386278 0.11516799 0.13206625],[290.48074 304.48053 353.78787 ... 285.9128  280.09146 276.64136],[295.55    307.59167 357.775   ... 291.32083 284.20834 280.20416],[261.29108 271.41873 317.78668 ... 255.45703 252.6801  246.72668],[0.         0.         0.         ... 0.02515342 0.         0.        ],0,1,5,154
"[ 0.43535206  0.43147647  0.44365942 ...  0.02985186 -0.00657457
  0.14107844]",[384.10016 381.3264  396.9516  ... 280.54233 271.23013 290.5807 ],[388.92358 388.20267 401.84384 ... 285.72092 276.24918 296.5681 ],[319.80734 322.35175 326.52292 ... 223.96964 215.37805 239.48161],[0. 0. 0. ... 0. 0. 0.],0,1,5,155
[0.         0.05733404 0.1627729  ... 0.08056382 0.14455545 0.06379317],[227.42383 245.96191 280.17426 ... 262.10464 272.43768 247.04074],[233.87138 250.44373 284.50803 ... 267.90033 278.5627  251.8328 ],[195.61098 212.57268 245.74857 ... 232.53638 242.23773 215.26225],[0.         0.         0.         ... 0.02024239 0.         0.        ],0,1,5,156
[0.17662884 0.29177222 0.2356245  ... 0.14528409 0.0972589  0.        ],[311.31107 348.05634 350.51172 ... 299.2263  283.04636 252.33443],[319.63214 357.07858 363.15    ... 304.6     292.08572 258.54285],[259.85434 301.13428 299.96933 ... 251.734   238.53163 206.19974],[0. 0. 0. ... 0. 0. 0.],0,1,5,157
[0.17058374 0.1716046  0.18035918 ... 0.36903623 0.350355   0.22413737],[327.5354  342.49292 349.8449  ... 322.7653  285.84863 259.85248],[358.6149  369.13916 374.88995 ... 342.86084 307.12946 276.00647],[309.27496 318.573   322.36374 ... 299.3697  267.0237  234.1839 ],[0. 0. 0. ... 0. 0. 0.],0,1,5,158
[0.06762762 0.38831136 0.26001686 ... 0.23905893 0.32054454 0.44929725],[276.21927 335.60742 322.87143 ... 294.08725 313.63266 333.18604],[287.44952 352.7394  338.14658 ... 306.4365  321.3811  344.52118],[239.9596  305.99658 286.25787 ... 264.97037 277.21637 299.88785],[0.03751631 0.         0.         ... 0.         0.0472385  0.        ],0,1,5,159
[0.12403591 0.02188586 0.06098117 ... 0.12262058 0.0807077  0.29191846],[244.23721 235.93953 248.85582 ... 251.35814 244.32092 258.507  ],[244.23721 235.93953 248.85582 ... 251.35814 244.32092 258.507  ],[206.71387 198.9699  210.27277 ... 215.27812 207.86174 223.03664],[0.         0.         0.         ... 0.         0.03124635 0.        ],0,1,5,160
[0.27832332 0.09561046 0.40028346 ... 0.00118821 0.03767764 0.37023863],[275.64142 261.87878 316.9495  ... 245.9596  247.28282 287.62625],[275.64142 261.87878 316.9495  ... 245.9596  247.28282 287.62625],[221.84085 206.5037  261.51187 ... 193.76224 195.2233  237.58313],[0.         0.0354623  0.         ... 0.         0.04714166 0.        ],0,1,5,161
[0.0700159  0.09623311 0.23298119 ... 0.03107281 0.20195393 0.23074897],[283.89334 299.99313 334.98407 ... 285.05902 311.29373 298.9816 ],[289.65646 303.7313  337.90475 ... 291.29932 313.983   302.57483],[236.48405 251.00067 280.85696 ... 236.07915 265.60535 249.49712],[0.         0.02754588 0.         ... 0.04425891 0.         0.        ],0,1,5,162
"[ 0.2207597   0.25698602  0.83554274 ...  0.3285549  -0.06230061
  0.39268914]",[305.08298 322.89627 430.7635  ... 329.42325 259.56018 321.93774],[305.08298 322.89627 430.7635  ... 329.42325 259.56018 321.93774],[252.86136 267.92883 375.25446 ... 280.47928 207.556   272.8989 ],[0.         0.07082076 0.         ... 0.         0.04457757 0.        ],0,1,5,163
[0.20357841 0.26989716 0.19757171 ... 0.04942415 0.26102367 0.22327323],[272.89383 288.01575 269.3369  ... 220.87958 255.3566  241.31898],[293.90033 307.74915 293.63574 ... 238.08934 275.9175  261.3883 ],[265.9801  279.031   265.25723 ... 211.06334 248.29921 233.445  ],[0.         0.         0.         ... 0.04854504 0.         0.        ],0,1,5,164
[0.11254691 0.01705601 0.14157756 ... 0.09685527 0.11738955 0.24726905],[244.47597 243.75    271.60095 ... 257.45193 255.64903 255.80289],[244.47597 243.75    271.60095 ... 257.45193 255.64903 255.80289],[209.72548 210.43936 234.94695 ... 223.59424 222.97269 222.56374],[0.         0.         0.         ... 0.         0.02176954 0.        ],0,1,5,165
[0.11818409 0.22762811 0.22463433 ... 0.2415229  0.22263737 0.1747348 ],[282.      310.7451  314.01962 ... 293.70587 289.02615 251.04575],[282.      310.7451  314.01962 ... 293.70587 289.02615 251.04575],[242.24908 269.79733 270.54745 ... 255.46448 251.45697 212.58336],[0.        0.        0.        ... 0.0411699 0.        0.       ],0,1,5,166
[0.21957345 0.1672056  0.02072584 ... 0.04558655 0.3145649  0.26709557],[288.95    297.71786 284.03214 ... 269.32144 312.28214 276.96072],[288.95    297.71786 284.03214 ... 269.32144 312.28214 276.96072],[221.71529 229.42444 207.1221  ... 203.96754 245.7527  212.33499],[0.         0.         0.         ... 0.04673369 0.         0.        ],0,1,5,167
[0.12500612 0.0403551  0.1431316  ... 0.07556345 0.13859987 0.15620135],[257.7573  246.40291 271.4709  ... 249.7136  257.72815 255.48544],[257.7573  246.40291 271.4709  ... 249.7136  257.72815 255.48544],[224.1105  213.16231 236.92468 ... 216.64508 224.59135 223.27657],[0.         0.         0.         ... 0.02886821 0.         0.        ],0,1,5,168
[0.         0.         0.20832787 ... 0.03523685 0.32879317 0.3362809 ],[244.54852 245.85529 278.37344 ... 243.2738  296.757   294.87238],[260.58878 268.87384 308.54672 ... 269.32242 324.15887 316.67758],[220.65448 226.60535 266.15472 ... 229.40456 282.3454  274.72815],[0.         0.         0.         ... 0.         0.04113488 0.        ],0,1,5,169
[0.28104627 0.22120737 0.35044244 ... 0.08767435 0.42403316 0.2137652 ],[288.74197 297.17203 321.79434 ... 261.49268 305.59167 264.46014],[324.7513  315.98413 346.80423 ... 285.98413 329.08994 281.60846],[272.04684 263.87793 288.0088  ... 236.48308 277.89175 230.39581],[0.         0.         0.         ... 0.06552953 0.         0.        ],0,1,5,170
"[ 0.3025005  -0.04349284  0.15774283 ...  0.24228609  0.34056547
  0.29294842]",[321.6223  263.3711  322.50323 ... 327.41122 335.98325 329.34286],[328.56863 265.95587 325.0392  ... 330.18137 344.32843 332.07843],[301.2594  237.68982 295.0971  ... 304.03775 317.7883  306.83936],[0.         0.         0.01897163 ... 0.0620153  0.         0.        ],0,1,5,171
[0.08696998 0.14066838 0.15419225 ... 0.06623383 0.03837815 0.15571174],[202.6391  220.13647 227.0388  ... 211.98627 205.14035 213.21231],[243.93176 260.37796 264.57742 ... 250.26509 242.32808 252.4567 ],[218.64037 233.80663 239.65108 ... 225.34805 217.46783 227.7444 ],[0. 0. 0. ... 0. 0. 0.],0,1,5,172
[0.13187118 0.15490614 0.16612299 ... 0.3595137  0.15994614 0.24453923],[289.788   303.44263 311.0432  ... 314.69937 276.4284  282.34296],[305.05493 324.9414  334.2674  ... 338.00732 296.12088 300.41025],[239.54312 263.87244 267.68207 ... 279.8945  236.44899 244.80835],[0. 0. 0. ... 0. 0. 0.],0,1,5,173
[0.34443328 0.2088147  0.02449354 ... 0.06986419 0.2962393  0.20430042],[313.27686 293.28586 272.88977 ... 252.25905 287.24463 260.85605],[331.57843 314.10785 288.61765 ... 266.15686 304.98038 275.95587],[295.26105 276.19403 246.36281 ... 229.73024 271.31528 238.79263],[0.         0.         0.         ... 0.03967362 0.         0.        ],0,1,5,174
[0.19820116 0.00169718 0.11696286 ... 0.27933446 0.06715642 0.33539182],[268.3685  241.673   258.7353  ... 261.6793  220.59843 256.90314],[295.25214 263.09402 288.73077 ... 283.35043 242.23505 285.26068],[264.9273  231.50272 255.70473 ... 253.99089 212.91064 255.49931],[0.         0.         0.         ... 0.         0.02376727 0.        ],0,1,5,175
[0.23061803 0.03816082 0.14470448 ... 0.34140262 0.02629481 0.        ],[257.76404 246.1854  274.30338 ... 288.90448 232.4045  229.23033],[257.76404 246.1854  274.30338 ... 288.90448 232.4045  229.23033],[205.89824 195.41095 221.04681 ... 238.52113 183.29494 176.74759],[0. 0. 0. ... 0. 0. 0.],0,1,5,176
"[ 0.16314368 -0.00997948  0.74579966 ...  0.4718185   0.14405414
  0.3449845 ]",[269.43216 248.39195 390.      ... 325.61307 260.0402  289.3216 ],[269.43216 248.39195 390.      ... 325.61307 260.0402  289.3216 ],[213.6469  192.06548 329.40918 ... 271.75967 208.8661  237.57913],[0.         0.06242862 0.         ... 0.         0.         0.        ],0,1,5,177
[0.28929475 0.17199628 0.07996605 ... 0.08175331 0.04742075 0.32005996],[285.69244 262.92105 269.28894 ... 239.27928 222.52422 253.38339],[329.70483 318.2643  311.9868  ... 277.86783 258.9824  292.38327],[253.72273 249.8224  233.94582 ... 209.0244  193.86867 226.57912],[0.         0.         0.         ... 0.         0.03723565 0.        ],0,1,5,178
[0.530273   0.         0.27212578 ... 0.02731109 0.13225673 0.08009125],[356.06985 259.08035 328.98285 ... 247.8846  258.86002 237.9342 ],[358.9685  263.9134  332.08267 ... 250.52362 263.61023 240.97244],[309.57126 216.05898 280.62103 ... 205.79962 218.75323 196.83145],[0. 0. 0. ... 0. 0. 0.],0,1,5,179
[0.11834391 0.00537971 0.29559016 ... 0.17845862 0.271775   0.11589648],[256.9463  237.88017 291.5124  ... 275.39255 291.90497 259.23965],[256.9463  237.88017 291.5124  ... 275.39255 291.90497 259.23965],[203.17719 186.08434 236.57703 ... 224.97859 239.6532  206.2726 ],[0. 0. 0. ... 0. 0. 0.],0,1,5,180
"[ 0.04805543  0.13405928  0.22828457 ... -0.02000733 -0.00921028
  0.16577633]",[248.62921 263.95132 287.      ... 235.56554 230.37453 258.794  ],[248.62921 263.95132 287.      ... 235.56554 230.37453 258.794  ],[206.01184 222.52216 241.99934 ... 194.9723  190.13393 217.20276],[0.         0.         0.         ... 0.         0.02617118 0.        ],0,1,5,181
[0.18737829 0.30565628 0.07018256 ... 0.         0.11147282 0.1020738 ],[275.06537 298.2157  274.63412 ... 245.87372 251.20021 245.72453],[280.49222 304.32642 284.3057  ... 248.81865 254.5026  248.59067],[227.29591 250.45152 225.30511 ... 196.38243 202.19728 192.26494],[0. 0. 0. ... 0. 0. 0.],0,1,5,182
[0.15052734 0.15228897 0.12311766 ... 0.10699374 0.09133266 0.06494968],[251.61922 260.04565 258.2802  ... 246.74559 239.53813 224.94316],[266.0935  275.03253 271.81302 ... 260.66666 252.58943 237.84554],[226.97772 236.29033 231.10889 ... 223.18115 215.74104 201.64648],[0. 0. 0. ... 0. 0. 0.],0,1,5,183
[0.08845564 0.18467715 0.12908547 ... 0.04048666 0.2614106  0.07452349],[249.44716 271.47156 269.73172 ... 235.17073 269.1301  226.52846],[249.44716 271.47156 269.73172 ... 235.17073 269.1301  226.52846],[203.73398 226.3508  221.19269 ... 190.69804 226.48909 180.74623],[0. 0. 0. ... 0. 0. 0.],0,1,5,184
[0.4185766  0.         0.03550906 ... 0.10533538 0.05720641 0.09436382],[279.26315 218.21053 230.55556 ... 244.73685 234.51462 232.90643],[279.26315 218.21053 230.55556 ... 244.73685 234.51462 232.90643],[235.51257 173.86533 185.62437 ... 201.69945 190.37076 191.58176],[0. 0. 0. ... 0. 0. 0.],0,1,5,185
[0.12969701 0.04171033 0.20048596 ... 0.24213523 0.11821853 0.13365185],[275.4252  261.94095 295.2874  ... 284.60236 256.75592 239.21654],[275.4252  261.94095 295.2874  ... 284.60236 256.75592 239.21654],[232.021   217.19203 247.83496 ... 242.2576  215.30627 200.09993],[0. 0. 0. ... 0. 0. 0.],0,1,5,186
[0.30775276 0.06619807 0.33032584 ... 0.21217276 0.05748257 0.2250463 ],[261.05978 231.13043 287.25    ... 268.52716 242.91304 248.65218],[261.05978 231.13043 287.25    ... 268.52716 242.91304 248.65218],[209.9982  178.0126  233.47592 ... 217.8962  192.07712 199.86972],[0. 0. 0. ... 0. 0. 0.],0,1,5,187
[0.20896094 0.10914969 0.43186268 ... 0.07067391 0.         0.29612795],[277.6288  268.71973 336.9866  ... 254.84846 239.57022 289.651  ],[285.78415 274.5022  345.85904 ... 263.61234 245.55948 300.27313],[259.23495 245.73126 317.2011  ... 236.5633  219.24216 273.5783 ],[0.         0.         0.         ... 0.         0.03705612 0.        ],0,1,5,188
[0.30105805 0.32550684 0.08294819 ... 0.17674622 0.08792786 0.11474477],[301.72473 313.84833 284.47192 ... 295.98315 279.61237 282.33145],[301.72473 313.84833 284.47192 ... 295.98315 279.61237 282.33145],[257.81155 269.35318 234.93044 ... 253.71509 236.98479 239.40762],[0. 0. 0. ... 0. 0. 0.],0,1,5,189
[0.07143233 0.43696594 0.06629567 ... 0.49990088 0.165698   0.41464785],[251.33589 315.31052 266.82474 ... 321.04633 245.2107  284.127  ],[255.73611 318.9375  271.00696 ... 325.95834 252.14583 287.8264 ],[220.2331  286.6483  235.58112 ... 291.56973 218.18808 254.55424],[0. 0. 0. ... 0. 0. 0.],0,1,5,190
"[ 0.33857587  0.4577283   0.34661466 ... -0.03760649  0.04039249
  0.12214532]",[270.58047 307.31033 307.2586  ... 238.6207  245.5747  251.78162],[270.58047 307.31033 307.2586  ... 238.6207  245.5747  251.78162],[223.70164 261.13416 256.39117 ... 194.18253 201.01408 206.80731],[0. 0. 0. ... 0. 0. 0.],0,1,5,191
[0.30492347 0.17268693 0.40721568 ... 0.27868283 0.1250573  0.09525153],[268.22363 258.95303 300.6796  ... 259.53784 224.29065 215.20924],[329.44376 311.60486 358.68692 ... 310.05167 282.18542 272.44986],[272.38977 253.2106  299.9756  ... 256.2417  226.62352 217.36409],[0.         0.         0.03660996 ... 0.         0.         0.        ],0,1,5,192
[0.31447196 0.10648149 0.31861264 ... 0.10195459 0.24050006 0.23801734],[328.38553 304.10843 351.21686 ... 277.95782 290.13855 273.3253 ],[328.38553 304.10843 351.21686 ... 277.95782 290.13855 273.3253 ],[280.67004 258.30542 299.14304 ... 231.26599 245.57306 230.22443],[0.         0.         0.         ... 0.02934579 0.         0.        ],1,1,5,0
"[ 0.2341736  -0.02150577  0.17807396 ...  0.15239578  0.10680413
  0.17245245]",[237.45384 197.12547 233.78174 ... 226.7162  212.78369 202.39494],[286.95477 246.19598 291.15076 ... 284.98492 264.7437  257.11057],[246.26904 205.31197 248.72441 ... 245.73065 225.91501 218.05194],[0.         0.02117474 0.         ... 0.         0.         0.        ],1,1,5,1
[0.2522996  0.12113153 0.3997552  ... 0.06040775 0.1925714  0.15279432],[218.09123 200.46649 251.30727 ... 209.26572 209.96053 196.6194 ],[298.75626 285.1375  343.175   ... 288.45624 301.7125  284.0375 ],[246.53331 231.71468 289.89014 ... 240.01373 251.97444 234.89973],[0.         0.         0.         ... 0.02318984 0.         0.        ],1,1,5,2
[0.11750048 0.01270436 0.10506796 ... 0.07026181 0.12942518 0.        ],[261.7979  244.90593 267.04877 ... 248.59583 253.70035 223.44948],[261.7979  244.90593 267.04877 ... 248.59583 253.70035 223.44948],[232.12473 215.51161 234.20786 ... 219.39224 224.8172  194.33656],[0. 0. 0. ... 0. 0. 0.],1,1,5,3
[0.08401392 0.28076234 0.19717377 ... 0.1689581  0.17016397 0.1962648 ],[196.64001 250.63142 223.10548 ... 216.3647  210.90643 212.28911],[275.67822 319.4109  304.47525 ... 285.94058 280.56436 285.4901 ],[246.23639 287.75467 272.9144  ... 256.80182 252.35002 256.99768],[0. 0. 0. ... 0. 0. 0.],1,1,5,4
[0.357869   0.16874993 0.3347086  ... 0.28966004 0.08068534 0.2546733 ],[309.9592  285.55783 317.4694  ... 305.0068  270.83673 296.7143 ],[309.9592  285.55783 317.4694  ... 305.0068  270.83673 296.7143 ],[258.94583 235.31792 264.29007 ... 258.6515  222.09285 249.13025],[0. 0. 0. ... 0. 0. 0.],1,1,5,5
[0.07924677 0.         0.10023189 ... 0.05701192 0.30878016 0.21477565],[273.44412 259.4253  290.16406 ... 268.2833  317.76514 281.6862 ],[294.7157  280.67648 306.72876 ... 296.4183  341.6307  306.98038],[241.82713 227.48714 250.74608 ... 247.94475 294.2994  258.4019 ],[0.         0.         0.         ... 0.04288134 0.         0.        ],1,1,5,6
[0.28499866 0.18780766 0.24767771 ... 0.01833799 0.16345796 0.21934475],[284.6883  268.1612  284.38657 ... 245.1246  255.6321  261.98892],[287.53937 273.41733 287.38583 ... 251.3307  258.3701  264.9882 ],[263.03513 248.04735 261.85184 ... 227.51044 236.00613 241.40508],[0.         0.         0.         ... 0.         0.03193643 0.        ],1,1,5,7
[0.1899515  0.4146245  0.14343002 ... 0.91163707 0.8661878  0.62534684],[295.49203 330.3247  289.93903 ... 429.11612 412.05472 374.26923],[299.90698 342.16278 294.18604 ... 433.78296 424.82172 378.36435],[273.50607 318.74988 266.9643  ... 408.9858  399.8269  351.66772],[0.         0.         0.         ... 0.06845769 0.         0.        ],1,1,5,8
[0.4028079  0.16852401 0.24992776 ... 0.16196817 0.37038568 0.30618814],[395.0281  370.96704 393.52377 ... 308.15323 351.20782 337.7235 ],[436.54825 407.2237  439.8728  ... 337.8202  380.39035 363.2763 ],[420.61743 389.9992  422.18307 ... 324.22498 366.3467  349.61975],[0.         0.         0.         ... 0.04097587 0.         0.        ],1,1,5,9
"[ 0.22731839 -0.05419908  0.24240893 ...  0.16688566 -0.04838633
  0.17020302]",[243.16934 205.96468 265.39697 ... 261.8003  224.2483  244.40851],[270.63434 233.11568 293.72015 ... 291.1455  249.05597 275.0709 ],[216.54654 178.38535 239.35902 ... 239.53897 197.18893 222.02931],[0. 0. 0. ... 0. 0. 0.],1,1,5,10
[0.         0.21591702 0.22469428 ... 0.04605192 0.01837239 0.35276645],[264.47827 308.27054 313.46378 ... 255.18358 244.92754 293.06763],[264.47827 308.27054 313.46378 ... 255.18358 244.92754 293.06763],[207.88173 250.38885 253.78835 ... 200.79448 189.6472  239.76395],[0.         0.         0.         ... 0.         0.05565663 0.        ],1,1,5,11
[0.26456985 0.1352757  0.25865132 ... 0.03825476 0.07967657 0.19957735],[265.16534 268.8538  293.44965 ... 240.27834 236.24446 255.40857],[288.72833 276.33527 305.0925  ... 248.06358 249.34682 263.9422 ],[268.2803  255.1463  282.12964 ... 228.22086 228.83191 242.4837 ],[0.         0.         0.         ... 0.         0.03321314 0.        ],1,1,5,12
[0.34657794 0.34983253 0.08175676 ... 0.2274038  0.09140096 0.184225  ],[290.81955 305.9246  274.27396 ... 279.59027 252.12802 262.89398],[309.23444 323.95215 285.07178 ... 293.88995 262.4737  275.85168],[281.94016 294.68155 254.84456 ... 267.61612 236.63821 248.47662],[0. 0. 0. ... 0. 0. 0.],1,1,5,13
[0.39443988 0.         0.30551237 ... 0.16977285 0.11214067 0.28992823],[284.74542 218.1821  282.1801  ... 247.0903  235.52373 251.03319],[311.75543 240.24457 306.17392 ... 275.69022 263.04892 283.23914],[289.7825  218.22029 282.99472 ... 255.12718 240.77634 262.72937],[0.         0.03514328 0.         ... 0.         0.02649311 0.        ],1,1,5,14
"[ 0.44154897  0.14374425  0.41046464 ...  0.00538842 -0.03420693
  0.2065571 ]",[365.2403  316.4134  383.21982 ... 299.5821  286.58426 313.8713 ],[395.94595 344.05405 408.25674 ... 320.47974 303.00674 347.6419 ],[342.81577 294.08246 353.66037 ... 271.17844 255.25368 297.75482],[0.         0.         0.         ... 0.         0.03284505 0.        ],1,1,5,15
[0.3072815  0.21343626 0.0433892  ... 0.03377077 0.         0.18167305],[288.13794 291.5271  270.7537  ... 257.91626 234.95566 253.77832],[288.13794 291.5271  270.7537  ... 257.91626 234.95566 253.77832],[256.47388 260.89197 237.8793  ... 226.42754 203.28517 222.91304],[0.         0.         0.         ... 0.         0.02112668 0.        ],1,1,5,16
[0.2760567  0.14168599 0.19097428 ... 0.08298458 0.2453833  0.20085165],[258.00723 233.28009 241.00725 ... 235.35939 261.60577 243.73   ],[278.66333 258.54272 277.17587 ... 256.12564 282.39197 262.82413],[244.51216 225.43605 242.36377 ... 224.35553 249.60379 230.57889],[0.         0.         0.         ... 0.03088042 0.         0.        ],1,1,5,17
"[ 0.11360425 -0.11360425  0.20196065 ...  0.14461988 -0.05446297
  0.17679043]",[254.0257  234.39177 296.98892 ... 264.1214  218.08244 247.71962],[262.65726 242.0318  307.6325  ... 271.80917 225.9682  258.80212],[225.97224 203.76903 268.84906 ... 239.5896  191.57256 225.44075],[0.         0.02522857 0.         ... 0.         0.02342408 0.        ],1,1,5,18
[0.14214592 0.25137174 0.2888538  ... 0.17358723 0.06039489 0.10910758],[236.7851  254.52312 269.89328 ... 245.50247 218.89603 227.6334 ],[252.93709 285.09933 296.0331  ... 264.62582 243.54967 248.4702 ],[220.63939 253.30348 265.24808 ... 234.83784 211.81447 216.4209 ],[0. 0. 0. ... 0. 0. 0.],1,1,5,19
[0.02210094 0.00513761 0.23849785 ... 0.22030057 0.         0.10982833],[262.0658  256.8343  303.54294 ... 284.8466  234.66907 250.96808],[264.66037 260.76886 313.3066  ... 287.37735 240.68396 253.46227],[243.64156 240.73547 291.5173  ... 267.70386 221.43018 234.02295],[0.         0.03134591 0.         ... 0.         0.         0.        ],1,1,5,20
[0.38275343 0.15854977 0.02876334 ... 0.         0.05777229 0.4185935 ],[220.55437 182.72748 191.59814 ... 153.73756 164.92123 190.62387],[338.21606 314.61728 301.79013 ... 260.60495 258.5679  304.4753 ],[284.9346  259.95898 239.17853 ... 204.13147 207.84644 252.27908],[0.        0.        0.        ... 0.        0.0502525 0.       ],1,1,5,21
[0.18197799 0.10932382 0.18693075 ... 0.0660878  0.24959034 0.24401091],[315.9254  313.0612  332.27866 ... 267.47495 283.63684 274.67178],[343.30743 333.75266 368.6078  ... 293.9576  310.93994 299.14136],[292.6422  285.6319  315.3667  ... 247.50986 262.48914 253.31802],[0.         0.         0.         ... 0.04959958 0.         0.        ],1,1,5,22
[0.09782231 0.1877556  0.05355037 ... 0.00185847 0.1801233  0.19189887],[331.17532 345.4434  325.5571  ... 272.95132 303.45776 291.77652],[332.1708  347.2507  326.58954 ... 274.76035 307.34158 292.73004],[265.53717 285.214   259.54477 ... 215.44028 249.19989 227.7204 ],[0.         0.         0.         ... 0.03083663 0.         0.        ],1,1,5,23
[0.33499655 0.15301357 0.2879771  ... 0.12223952 0.23168856 0.08155607],[335.84647 323.132   340.49857 ... 298.14154 300.9769  277.74762],[356.26984 338.0357  368.94843 ... 310.22223 324.6905  291.71033],[313.96536 290.05618 319.54593 ... 265.7585  283.47296 248.89711],[0. 0. 0. ... 0. 0. 0.],1,1,5,24
"[ 0.19610998 -0.01732355 -0.02834117 ...  0.05803743  0.14002822
  0.13582729]",[273.1215  255.93369 269.3873  ... 273.1403  277.907   262.70605],[278.5     259.55045 272.9587  ... 276.58258 281.3624  266.29816],[218.47934 198.8609  210.90298 ... 223.17392 223.4256  213.79227],[0.         0.         0.04547782 ... 0.         0.         0.        ],1,1,5,25
[0.22592132 0.21407895 0.577526   ... 0.21609002 0.09819093 0.03146157],[342.23672 343.76782 441.63678 ... 322.64545 290.70804 273.1373 ],[357.93182 357.2565  455.05194 ... 331.2922  302.70456 282.763  ],[309.49838 311.45987 403.4681  ... 288.40018 258.96973 238.627  ],[0.         0.         0.01653486 ... 0.         0.         0.        ],1,1,5,26
"[ 0.2303751  -0.03342665  0.15083934 ...  0.          0.10220338
  0.32848406]",[299.10046 247.04498 303.16217 ... 236.50851 251.78494 264.27594],[325.34616 280.507   327.7063  ... 261.2937  277.16083 293.9126 ],[274.15552 235.85468 275.1992  ... 216.76807 231.43132 246.4623 ],[0.         0.         0.06084569 ... 0.         0.04551419 0.        ],1,1,5,27
[0.13543373 0.03710451 0.1335323  ... 0.0969572  0.02257873 0.38434613],[317.26666 296.91537 322.4718  ... 280.9718  267.3051  319.37692],[317.26666 296.91537 322.4718  ... 280.9718  267.3051  319.37692],[257.6738  237.9901  264.48105 ... 230.69476 211.56839 263.99487],[0.         0.         0.         ... 0.         0.05268631 0.        ],1,1,5,28
[0.07486659 0.03329529 0.10316214 ... 0.13558988 0.11050041 0.14564116],[222.6171  227.7407  240.19621 ... 240.16614 235.27579 234.73582],[241.63934 244.24043 257.9727  ... 259.30054 250.48088 254.34427],[204.39201 206.84602 219.49957 ... 224.87253 215.26094 219.46823],[0. 0. 0. ... 0. 0. 0.],1,1,5,29
[0.09554818 0.1784209  0.37997043 ... 0.00256024 0.09884284 0.29722655],[285.44534 309.8763  348.1444  ... 238.65875 253.85033 270.5135 ],[308.0209  335.03485 382.3275  ... 265.56793 280.31012 302.01047],[265.24728 291.03644 336.60983 ... 221.525   237.35799 261.0213 ],[0.         0.05052829 0.         ... 0.         0.03938836 0.        ],1,1,5,30
[0.23266393 0.22007327 0.24680836 ... 0.03310208 0.04789852 0.        ],[313.17227 332.4748  362.64706 ... 277.93277 282.7479  248.0126 ],[313.17227 332.4748  362.64706 ... 277.93277 282.7479  248.0126 ],[219.36667 235.19939 257.513   ... 186.18526 185.49815 153.81696],[0. 0. 0. ... 0. 0. 0.],1,1,5,31
[0.5150102  0.17042634 0.1636889  ... 0.43246743 0.28746998 0.5454127 ],[322.3161  278.05798 281.1982  ... 301.29688 273.25754 303.56824],[351.81482 297.9894  306.18518 ... 321.8783  298.92593 327.1164 ],[287.84097 235.36232 242.91286 ... 265.32486 239.32887 272.3125 ],[0.         0.         0.         ... 0.         0.03457669 0.        ],1,1,5,32
[0.6780033  0.88994217 1.0582429  ... 0.14598757 0.0871508  0.14463235],[400.25595 448.78705 490.69757 ... 284.97955 271.72437 277.03122],[455.969   507.9186  551.7093  ... 332.21704 313.23254 320.89923],[387.77457 440.19547 477.9649  ... 268.7234  246.99112 256.88623],[0.         0.03752581 0.         ... 0.         0.         0.        ],1,1,5,33
[0.27911776 0.18324898 0.07209077 ... 0.1566636  0.14742263 0.31071633],[283.79193 283.7733  270.382   ... 271.83542 252.90683 270.45963],[283.79193 283.7733  270.382   ... 271.83542 252.90683 270.45963],[237.44899 238.63911 220.38724 ... 226.75711 208.41269 227.59016],[0.         0.         0.         ... 0.         0.02714779 0.        ],1,1,5,34
[0.29909408 0.11043623 0.02094321 ... 0.09800043 0.06997321 0.12180769],[269.95053 246.8233  235.78043 ... 227.43613 221.16457 230.57866],[308.93054 283.89352 266.25464 ... 257.40277 250.62038 257.90277],[277.31235 250.3646  234.07297 ... 230.08545 222.70555 229.90144],[0. 0. 0. ... 0. 0. 0.],1,1,5,35
[0.33646005 0.32119107 0.14411262 ... 0.01579333 0.         0.273995  ],[214.59451 224.06775 202.52919 ... 178.5811  164.7185  199.87805],[306.12442 310.8802  280.7788  ... 247.54839 237.08295 277.8802 ],[287.02176 291.9916  261.63962 ... 229.57721 217.97191 259.58966],[0.         0.         0.         ... 0.         0.03751522 0.        ],1,1,5,36
[0.09598807 0.05822276 0.17738953 ... 0.17157887 0.3424755  0.2214831 ],[277.91684 289.64972 317.58395 ... 282.11    303.29004 278.8539 ],[280.91696 290.75452 318.80145 ... 283.3177  304.91696 280.26355],[231.2373  241.00162 266.38095 ... 236.66653 257.99484 232.76788],[0.         0.         0.         ... 0.03093624 0.         0.        ],1,1,5,37
[0.1858845  0.0277591  0.10150632 ... 0.04439326 0.1406318  0.18326558],[278.1263  248.80351 273.05966 ... 250.06667 264.04913 262.65613],[278.1263  248.80351 273.05966 ... 250.06667 264.04913 262.65613],[235.70656 209.67064 231.55731 ... 212.74876 227.50145 225.05591],[0.       0.       0.       ... 0.027037 0.       0.      ],1,1,5,38
[0.279202   0.14914377 0.2980378  ... 0.0837193  0.05037292 0.17346202],[344.49258 316.44214 353.365   ... 278.14838 267.1632  279.72998],[344.49258 316.44214 353.365   ... 278.14838 267.1632  279.72998],[303.50644 276.66815 310.443   ... 240.56229 228.56969 241.54326],[0.         0.         0.         ... 0.         0.02284218 0.        ],1,1,5,39
[0.17218433 0.11604377 0.07046921 ... 0.10400987 0.02336972 0.19812472],[270.20306 264.89313 252.62334 ... 259.7183  241.75868 281.854  ],[296.7561  286.      283.7352  ... 284.93033 264.72125 300.03137],[280.5626  269.98566 266.90732 ... 270.04626 249.70972 285.32632],[0.         0.         0.         ... 0.         0.03085575 0.        ],1,1,5,40
"[ 0.8471073   0.71316373  0.9994227  ... -0.04072876  0.03561622
  0.1678663 ]",[409.3292  395.83624 455.29825 ... 232.60228 250.23291 264.86145],[438.4834  425.56796 488.99698 ... 257.48038 275.96375 292.97885],[383.83215 366.99808 428.58234 ... 210.76103 225.57275 242.92659],[0.         0.         0.05038205 ... 0.         0.02379821 0.        ],1,1,5,41
[0.36421996 0.17236242 0.43627575 ... 0.1836114  0.19802395 0.04743133],[328.53143 297.59067 362.40295 ... 284.98758 283.95078 254.13208],[349.32297 316.31366 376.77017 ... 301.59317 300.80746 268.10248],[316.47833 283.65158 343.92618 ... 271.47067 270.34436 238.25172],[0.         0.03182992 0.         ... 0.01410856 0.         0.        ],1,1,5,42
[0.09648898 0.32784516 0.22813784 ... 0.18531711 0.1293731  0.3046282 ],[245.5618  284.8613  273.72583 ... 255.4335  232.87819 243.16084],[304.0297  348.89603 335.95544 ... 302.4901  282.9703  305.69305],[265.65195 313.23032 293.4745  ... 268.2159  246.23851 267.5505 ],[0.         0.         0.03627899 ... 0.         0.02852633 0.        ],1,1,5,43
"[ 0.19900878 -0.11932198  0.32176492 ...  0.2624167   0.12713394
  0.06800584]",[288.50812 251.51219 348.84552 ... 293.2805  260.57318 243.53252],[288.50812 251.51219 348.84552 ... 293.2805  260.57318 243.53252],[232.49733 195.70941 286.34793 ... 240.89464 205.93503 190.29391],[0.         0.03004743 0.         ... 0.         0.         0.        ],1,1,5,44
"[ 0.31947166  0.24797517  0.00764809 ...  0.14048338 -0.02357003
  0.18760753]",[261.42056 266.87164 228.03833 ... 233.03412 192.87753 236.80273],[302.53384 312.18045 269.57895 ... 266.04886 229.7218  267.39474],[284.01694 294.0209  250.53046 ... 248.67368 212.27776 250.4118 ],[0. 0. 0. ... 0. 0. 0.],1,1,5,45
"[ 0.1262201   0.10257369  0.28525925 ... -0.14839171  0.14695182
  0.2256548 ]",[233.38483 240.37558 266.97986 ... 207.87091 246.90482 235.81036],[259.46667 263.55554 303.5111  ... 225.46222 273.64    265.22223],[229.42622 233.60518 273.6422  ... 194.6912  244.96469 238.35564],[0.         0.         0.         ... 0.         0.04064196 0.        ],1,1,5,46
[0.34926078 0.07980222 0.24479993 ... 0.19279647 0.02038821 0.17368793],[330.4184  302.02512 341.67365 ... 308.1046  272.5774  297.29288],[330.4184  302.02512 341.67365 ... 308.1046  272.5774  297.29288],[275.50214 246.10641 283.04993 ... 259.0828  223.85703 249.38533],[0. 0. 0. ... 0. 0. 0.],1,1,5,47
[0.22511058 0.08160658 0.18267715 ... 0.19615515 0.29060873 0.04871273],[299.82764 281.9419  299.56015 ... 288.28265 294.08575 251.2826 ],[304.9701  285.6113  306.9535  ... 294.90698 300.16943 260.103  ],[245.77588 226.71432 248.21614 ... 237.04623 242.93733 201.86043],[0.         0.         0.02202104 ... 0.         0.         0.        ],1,1,5,48
[0.0859876  0.12416919 0.2164525  ... 0.16435437 0.06868638 0.06343026],[299.46426 326.77625 364.30414 ... 317.65497 294.73904 282.68246],[308.97296 336.2973  371.92972 ... 331.75674 302.3838  289.55676],[253.33597 281.42737 310.8031  ... 280.08658 252.34616 238.01923],[0. 0. 0. ... 0. 0. 0.],1,1,5,49
[0.11446234 0.08429874 0.20668446 ... 0.14974096 0.         0.2552199 ],[253.11108 250.62904 286.21698 ... 254.54884 237.0029  266.7209 ],[262.55682 258.11743 295.0606  ... 269.23865 243.96213 273.91287],[212.12933 209.48955 243.86766 ... 221.20882 194.45537 225.37083],[0.         0.         0.         ... 0.         0.03108181 0.        ],1,1,5,50
[0.30244786 0.13691956 0.13553847 ... 0.17691615 0.15096112 0.09968928],[279.5051  256.38495 271.3277  ... 277.65857 260.35272 258.4659 ],[287.81082 261.13965 276.1757  ... 282.4189  270.6216  262.63965],[231.58255 206.69405 215.76523 ... 227.35594 219.89282 209.71574],[0. 0. 0. ... 0. 0. 0.],1,1,5,51
"[ 0.44712043  0.25550002  0.11051184 ...  0.11203211 -0.00408517
  0.16711713]",[315.6007  305.40637 291.00708 ... 268.08127 238.54417 266.9894 ],[315.6007  305.40637 291.00708 ... 268.08127 238.54417 266.9894 ],[255.90811 243.72403 226.93047 ... 208.49452 183.05318 208.42636],[0. 0. 0. ... 0. 0. 0.],1,1,5,52
[0.12809165 0.06517372 0.16157907 ... 0.04246217 0.10204145 0.15057148],[217.48322 228.95256 241.44751 ... 209.33693 205.86057 206.07404],[273.65054 270.58365 299.8104  ... 251.73235 253.92564 247.94795],[246.95964 243.95009 272.6784  ... 226.0488  229.25528 224.37093],[0.         0.         0.         ... 0.02557516 0.         0.        ],1,1,5,53
[0.10103372 0.10897218 0.17283118 ... 0.1255797  0.04389606 0.05693246],[264.59918 267.598   282.01535 ... 248.33374 232.8212  234.92108],[289.051   293.49008 308.64307 ... 274.37677 255.11897 257.12463],[269.4079  274.2236  288.59006 ... 255.27516 236.34789 238.40276],[0. 0. 0. ... 0. 0. 0.],1,1,5,54
[0.1452542  0.20271765 0.23388085 ... 0.2287902  0.02350708 0.04473437],[235.22166 244.37659 256.5187  ... 243.99352 213.78435 221.81541],[282.0903  302.44815 314.46155 ... 297.91638 255.28429 257.32776],[240.97401 263.4089  271.5197  ... 259.47473 215.32428 217.91856],[0. 0. 0. ... 0. 0. 0.],1,1,5,55
[0.10727551 0.         0.11388869 ... 0.11212805 0.07133314 0.11811798],[242.60426 226.02638 251.62018 ... 239.78232 228.21692 227.02055],[252.32568 234.75688 259.45642 ... 248.68578 236.68349 239.69954],[230.17647 213.37769 236.8322  ... 227.37408 214.78441 218.08183],[0. 0. 0. ... 0. 0. 0.],1,1,5,56
[0.1200859  0.         0.10085563 ... 0.12015305 0.1602405  0.13412261],[257.9034  242.47826 268.77155 ... 262.0636  266.74838 243.83401],[261.24707 245.93236 274.9294  ... 266.07352 270.04706 248.94118],[205.96646 188.95436 213.6658  ... 211.09196 215.98428 193.75093],[0. 0. 0. ... 0. 0. 0.],1,1,5,57
"[ 0.03251828  0.13852082  0.41478553 ... -0.02804845  0.19351526
  0.1717087 ]",[216.51813 258.97726 303.22064 ... 232.50383 260.1756  252.7451 ],[252.38605 285.32092 344.47443 ... 253.91162 296.65115 279.4372 ],[212.28017 246.67067 301.73657 ... 218.19498 258.48126 243.59737],[0.         0.02798571 0.         ... 0.02993575 0.         0.        ],1,1,5,58
"[ 0.18503226  0.20452215  0.06701279 ... -0.02487024  0.20129365
  0.29943982]",[264.71005 293.47928 274.84024 ... 221.99408 256.28403 260.11243],[264.71005 293.47928 274.84024 ... 221.99408 256.28403 260.11243],[216.20453 247.77783 226.95169 ... 178.49521 212.2132  218.10661],[0.         0.         0.         ... 0.         0.03821481 0.        ],1,1,5,59
[0.12221168 0.0219498  0.39539596 ... 0.10031003 0.08227263 0.0037439 ],[275.00687 257.90878 332.7402  ... 265.52014 254.6947  238.78308],[292.9694  279.70068 363.37415 ... 284.2789  273.57144 255.77211],[242.19919 227.42883 310.87924 ... 234.29736 225.98897 207.16138],[0.         0.02947948 0.         ... 0.         0.         0.        ],1,1,5,60
[0.31048203 0.26678598 0.38171402 ... 0.27786982 0.23248026 0.10644984],[277.87585 289.70657 324.01978 ... 305.14154 280.74234 234.76884],[291.48825 303.9014  346.10797 ... 313.94366 292.8169  252.18779],[250.16435 263.9955  305.55737 ... 275.05725 255.79996 215.9428 ],[0. 0. 0. ... 0. 0. 0.],1,1,5,61
"[ 0.22172406  0.23290302  0.20563272 ... -0.02316027  0.10054901
  0.13813563]",[281.78467 298.68042 297.0152  ... 234.16852 252.97531 257.9332 ],[288.8981  303.44904 305.11145 ... 238.81847 256.05096 261.07962],[248.84622 265.579   263.6922  ... 200.75621 218.25154 222.54135],[0. 0. 0. ... 0. 0. 0.],1,1,5,62
[0.16232635 0.05946228 0.00538701 ... 0.09787405 0.1543284  0.2050395 ],[270.73184 259.4336  253.599   ... 251.46617 259.45114 255.18045],[270.73184 259.4336  253.599   ... 251.46617 259.45114 255.18045],[225.12068 213.84416 204.56277 ... 207.4291  213.53882 210.16797],[0.         0.         0.         ... 0.03208223 0.         0.        ],1,1,5,63
[0.2924365  0.04703273 0.04778074 ... 0.07803239 0.3466869  0.18612175],[250.2356  235.24608 250.56544 ... 237.31413 279.06284 241.73299],[250.2356  235.24608 250.56544 ... 237.31413 279.06284 241.73299],[199.81784 187.32074 199.23453 ... 189.1044  229.62529 194.06195],[0.         0.         0.         ... 0.05361539 0.         0.        ],1,1,5,64
[0.08642787 0.02596634 0.16177462 ... 0.         0.07649645 0.05469192],[257.63385 253.1799  283.38522 ... 239.98984 254.63463 248.66273],[258.82224 255.70618 286.10617 ... 240.90617 255.84445 249.59753],[212.7775  210.45287 236.47133 ... 196.40607 210.07362 204.61833],[0. 0. 0. ... 0. 0. 0.],1,1,5,65
"[ 0.37893534 -0.09917681  0.11924702 ...  0.14194274  0.18124466
  0.08807065]",[306.61075 262.26266 310.87976 ... 289.62976 296.6076  267.46204],[306.61075 262.26266 310.87976 ... 289.62976 296.6076  267.46204],[268.18045 220.44164 267.54944 ... 253.36156 256.49506 228.91681],[0. 0. 0. ... 0. 0. 0.],1,1,5,66
[0.3304047  0.07362382 0.18660465 ... 0.12549964 0.26614293 0.24009027],[301.9827  259.07812 287.0234  ... 265.35007 289.7396  275.0644 ],[302.83334 259.77652 288.60226 ... 267.06818 290.41287 275.77652],[285.78314 243.2017  271.3922  ... 249.25801 274.07037 257.56522],[0.         0.         0.         ... 0.04041703 0.         0.        ],1,1,5,67
[0.5371725  0.2124281  0.20574467 ... 0.0164222  0.14045839 0.06747293],[339.82974 297.6057  307.72568 ... 255.50485 273.5882  245.71588],[352.3686  309.2116  320.49146 ... 267.49146 286.22183 261.96588],[315.18372 271.40454 281.86847 ... 230.8333  251.30081 226.9039 ],[0. 0. 0. ... 0. 0. 0.],1,1,5,68
[1.5860806  1.1947805  1.3844692  ... 0.87900686 0.94662213 0.6313261 ],[549.4138  482.1403  519.7183  ... 417.33206 410.6894  344.72348],[577.6759  512.2016  558.97235 ... 441.17392 438.4229  375.4585 ],[529.95966 465.37906 508.32388 ... 398.79474 395.0842  331.41327],[0.         0.04757399 0.         ... 0.         0.         0.        ],1,1,5,69
[0.10050337 0.13630046 0.20493151 ... 0.03328276 0.24064662 0.08998121],[236.51282 224.7644  254.66832 ... 232.35378 261.17862 229.3768 ],[258.82144 268.7723  291.4375  ... 259.01785 294.9107  258.36606],[224.37105 234.09222 259.46964 ... 227.85484 261.62424 225.64145],[0.         0.         0.         ... 0.02930177 0.         0.        ],1,1,5,70
[0.23054007 0.01449242 0.11696627 ... 0.11340228 0.07382675 0.38849   ],[286.09164 246.55777 271.18726 ... 262.1275  245.76892 286.91235],[286.09164 246.55777 271.18726 ... 262.1275  245.76892 286.91235],[243.59021 205.4125  226.1872  ... 219.50027 205.00032 245.56764],[0.         0.         0.         ... 0.         0.04957307 0.        ],1,1,5,71
"[ 0.39368865  0.29691365 -0.03933502 ...  0.1232497   0.12875314
  0.        ]",[302.8307  306.64578 256.14117 ... 264.02188 269.4221  230.49568],[325.0418  324.73312 269.1093  ... 279.33762 280.3569  242.99358],[289.82654 288.20172 230.75569 ... 247.86864 247.45183 208.38922],[0. 0. 0. ... 0. 0. 0.],1,1,5,72
[0.37750232 0.0782823  0.08530045 ... 0.03482462 0.3294625  0.20720181],[313.3229  289.95834 300.57812 ... 279.64062 329.93228 297.34375],[313.3229  289.95834 300.57812 ... 279.64062 329.93228 297.34375],[263.57297 242.01137 247.8695  ... 232.83897 280.20477 248.58768],[0.        0.        0.        ... 0.0524135 0.        0.       ],1,1,5,73
"[ 0.18347333  0.13265926  0.0303539  ... -0.02334258  0.02285419
  0.15525597]",[263.55673 264.4289  247.57176 ... 235.877   236.75636 258.7086 ],[271.6087  269.05533 256.52963 ... 240.91304 242.28854 263.50198],[230.93616 228.60767 216.16243 ... 202.33919 203.45015 225.41232],[0.         0.         0.         ... 0.         0.02440187 0.        ],1,1,5,74
[0.2426276  0.07274969 0.         ... 0.04287692 0.2723767  0.23276404],[267.5766  242.54771 228.77643 ... 220.39641 260.67703 246.95602],[312.6505  284.57785 271.98962 ... 264.16263 302.23877 280.7924 ],[262.8553  235.79199 221.97737 ... 220.21318 257.42694 235.42035],[0.         0.         0.         ... 0.03996401 0.         0.        ],1,1,5,75
[0.3573059  0.3599962  0.7465983  ... 0.39252433 0.24327599 0.2928122 ],[337.08893 341.1639  411.825   ... 352.35822 320.86945 323.90002],[351.85913 356.6022  435.32874 ... 363.61325 331.74585 336.79282],[281.40924 288.0615  361.3386  ... 296.2642  267.70804 271.38776],[0.         0.08120485 0.         ... 0.         0.         0.        ],1,1,5,76
[0.         0.1509354  0.12033957 ... 0.19747835 0.20095955 0.12469456],[255.17444 286.90057 284.76788 ... 273.38577 275.21194 250.56302],[260.32074 292.6651  290.87265 ... 278.9363  280.02124 257.75943],[208.92601 241.90036 237.74568 ... 230.33788 230.32617 207.00575],[0. 0. 0. ... 0. 0. 0.],1,1,5,77
[0.43926015 0.21261877 0.17655866 ... 0.02298365 0.10217246 0.12596627],[342.66367 315.52692 315.40582 ... 266.1435  269.9529  270.3722 ],[342.66367 315.52692 315.40582 ... 266.1435  269.9529  270.3722 ],[281.7267  256.2768  250.91791 ... 210.53642 212.1886  213.9074 ],[0.      0.      0.      ... 0.02367 0.      0.     ],1,1,5,78
[0.18378772 0.0957806  0.32512957 ... 0.4029582  0.2057828  0.42792487],[294.20697 281.4596  328.0588  ... 344.15045 295.84357 331.3701 ],[298.6316  284.74924 331.66873 ... 346.35605 298.21362 335.96906],[260.33328 246.02803 293.45407 ... 310.88287 261.58243 298.3413 ],[0.         0.02794296 0.         ... 0.         0.02746603 0.        ],1,1,5,79
[0.24987862 0.1452616  0.13529944 ... 0.09590075 0.09743191 0.07377985],[269.61255 258.09335 260.96234 ... 248.3314  239.05919 242.81429],[296.95505 285.40167 290.71628 ... 272.5646  270.07864 262.80338],[245.79282 236.51231 238.96895 ... 223.94595 223.74458 216.26646],[0. 0. 0. ... 0. 0. 0.],1,1,5,80
"[ 0.15583818  0.09856433  0.24234276 ... -0.02099725  0.09746909
  0.23399116]",[236.59355 236.94049 244.48479 ... 198.84904 217.99165 240.70189],[263.43204 262.3398  293.12137 ... 218.90291 238.08737 260.37378],[236.14597 233.83926 264.9232  ... 191.85439 212.86292 234.29198],[0.        0.        0.        ... 0.        0.0303362 0.       ],1,1,5,81
"[ 0.3575523   0.22727497  0.1539337  ... -0.06870823  0.0525707
  0.0885086 ]",[289.39395 268.03638 271.4     ... 227.81212 242.7697  239.84848],[289.39395 268.03638 271.4     ... 227.81212 242.7697  239.84848],[246.51004 227.8154  227.70717 ... 188.79143 200.84561 199.88786],[0. 0. 0. ... 0. 0. 0.],1,1,5,82
[0.06722072 0.18438578 0.04710318 ... 0.05483996 0.10741433 0.00367779],[256.46155 283.72726 263.0874  ... 254.4056  259.52798 240.45105],[256.46155 283.72726 263.0874  ... 254.4056  259.52798 240.45105],[213.95451 240.35103 219.30713 ... 210.30132 217.27574 197.5225 ],[0. 0. 0. ... 0. 0. 0.],1,1,5,83
[0.19037092 0.13180645 0.23866142 ... 0.07657231 0.0734453  0.20410539],[266.9102  253.83385 281.8662  ... 259.21893 246.4845  255.85979],[281.54886 270.      295.3659  ... 272.8095  262.1554  277.73184],[258.1503  246.56247 270.69696 ... 249.5572  239.80275 255.64911],[0.         0.         0.         ... 0.         0.02686862 0.        ],1,1,5,84
[0.211557   0.07851774 0.27736804 ... 0.18488446 0.05952904 0.13312659],[294.71863 274.69217 318.1626  ... 270.84146 242.93102 251.02748],[297.70667 278.1378  321.81778 ... 276.25778 246.34666 255.69778],[256.45013 236.49037 279.57504 ... 235.85333 208.2816  216.5749 ],[0. 0. 0. ... 0. 0. 0.],1,1,5,85
[0.27369246 0.16962002 0.11883539 ... 0.06182698 0.1253731  0.0189053 ],[331.2641  315.25128 314.6564  ... 296.3564  306.77948 279.62308],[331.2641  315.25128 314.6564  ... 296.3564  306.77948 279.62308],[276.28934 259.2258  255.81894 ... 243.93628 256.42322 225.81119],[0.         0.         0.         ... 0.01326114 0.         0.        ],1,1,5,86
[0.2447289  0.         0.13849176 ... 0.26964164 0.17576969 0.        ],[276.22037 258.27505 295.83255 ... 288.43594 259.11044 222.2682 ],[291.39667 272.74335 311.59    ... 304.01334 274.57333 233.22333],[253.7066  237.31267 275.1216  ... 270.12143 242.82617 200.26717],[0. 0. 0. ... 0. 0. 0.],1,1,5,87
[0.04710644 0.19894917 0.09147013 ... 0.07848917 0.01355341 0.11992161],[272.22986 306.28357 295.0567  ... 276.51343 264.58807 272.9224 ],[272.22986 306.28357 295.0567  ... 276.51343 264.58807 272.9224 ],[231.56482 263.77386 248.47763 ... 236.37994 222.0131  232.34726],[0. 0. 0. ... 0. 0. 0.],1,1,5,88
[0.2350071  0.12052211 0.35224298 ... 0.         0.04361438 0.14467888],[282.3521  266.3243  312.50998 ... 238.07268 235.57445 233.0616 ],[297.96042 281.45685 332.73383 ... 255.88849 252.22302 246.08994],[253.9259  238.9417  284.2116  ... 208.60681 207.58942 199.1828 ],[0.         0.         0.         ... 0.         0.02087764 0.        ],1,1,5,89
[0.3543645  0.15983853 0.31136686 ... 0.01534735 0.27141488 0.24465384],[288.55283 278.0616  299.6161  ... 229.23874 276.1547  263.20175],[343.40826 313.36697 347.10092 ... 273.02753 313.70184 298.62845],[296.80795 261.8976  296.18643 ... 229.22331 269.26117 254.54794],[0.         0.         0.         ... 0.         0.02321463 0.        ],1,1,5,90
[0.09056901 0.2232331  0.14304355 ... 0.07156012 0.19541089 0.28327107],[251.09773 280.369   280.67633 ... 258.27414 274.5186  283.65308],[259.5473  288.26352 290.23648 ... 264.58447 283.96283 291.22635],[228.83197 257.43195 259.593   ... 235.59033 256.8747  262.62592],[0.         0.         0.         ... 0.         0.04200355 0.        ],1,1,5,91
"[ 0.1587377  -0.04717937  0.13957033 ...  0.46892977  0.25224552
  0.11825529]",[206.0916  179.93062 212.42943 ... 332.64185 278.06888 254.61708],[237.39758 214.69276 257.40964 ... 366.0783  318.93976 287.71686],[231.03946 208.30823 251.33339 ... 359.98584 312.81146 281.7151 ],[0. 0. 0. ... 0. 0. 0.],1,1,5,92
[0.27011296 0.17986877 0.11831424 ... 0.01543718 0.1474707  0.20909104],[275.86554 272.86835 270.10202 ... 237.94887 260.9812  240.4923 ],[300.5028  297.03073 300.47766 ... 261.31564 282.4609  266.87988],[251.53767 248.95538 247.73618 ... 213.34985 234.71486 222.86618],[0.         0.         0.         ... 0.03764572 0.         0.        ],1,1,5,93
[0.12157991 0.00832627 0.14926133 ... 0.05431067 0.09183446 0.10969757],[243.27145 223.12346 256.60214 ... 221.3973  227.90416 228.23029],[251.4281  231.05017 263.2241  ... 230.98662 236.30435 235.74582],[225.28189 204.07805 234.77153 ... 205.38867 210.27213 209.62479],[0. 0. 0. ... 0. 0. 0.],1,1,5,94
[0.03259813 0.23894289 0.08761153 ... 0.07344816 0.15425687 0.28034788],[237.70184 272.95358 254.89497 ... 241.0698  243.55278 265.59238],[238.90323 274.19354 256.05807 ... 242.2258  244.70967 266.79355],[202.17448 237.61076 218.82379 ... 207.59683 211.65633 232.29935],[0.         0.         0.         ... 0.         0.02811301 0.        ],1,1,5,95
[0.1508494  0.13051665 0.03228471 ... 0.05947682 0.0698032  0.08373022],[269.41876 274.02527 260.56317 ... 248.7509  239.89531 239.60649],[269.41876 274.02527 260.56317 ... 248.7509  239.89531 239.60649],[216.59157 216.97879 203.0945  ... 193.63535 185.48387 184.4429 ],[0. 0. 0. ... 0. 0. 0.],1,1,5,96
"[ 0.43422085  0.11845251  0.2195034  ... -0.00398243  0.06151852
  0.20528989]",[378.96594 315.98477 345.51187 ... 283.5863  294.21155 305.3633 ],[391.1579  326.43768 357.73407 ... 292.0277  301.39334 314.68976],[321.45996 259.9227  282.98862 ... 226.18732 236.82643 248.56123],[0.         0.         0.02052756 ... 0.         0.03378529 0.        ],1,1,5,97
[0.07672978 0.06361642 0.16147585 ... 0.05059734 0.12444831 0.10979114],[289.79172 278.33023 306.43198 ... 254.98344 269.8688  264.3216 ],[303.62625 298.19193 319.87204 ... 269.80472 283.4175  279.49158],[262.59494 260.2841  281.0767  ... 234.45744 248.106   243.33984],[0. 0. 0. ... 0. 0. 0.],1,1,5,98
[0.03277357 0.14639159 0.25067356 ... 0.5638804  0.4062886  0.62388337],[193.69815 212.92184 222.73933 ... 348.5838  317.13522 341.3349 ],[258.61798 283.17978 302.67416 ... 405.57864 369.7472  410.29214],[220.3478  245.86388 264.87488 ... 368.78952 332.19925 374.1808 ],[0. 0. 0. ... 0. 0. 0.],1,1,5,99
"[ 0.3846841  -0.04605004  0.39732474 ...  0.27681613  0.03711103
  0.1689324 ]",[287.20667 220.34666 313.40668 ... 295.84668 245.65334 263.01334],[287.20667 220.34666 313.40668 ... 295.84668 245.65334 263.01334],[267.78308 200.8034  291.76065 ... 277.66113 228.23277 245.26726],[0. 0. 0. ... 0. 0. 0.],1,1,5,100
[0.10833248 0.08543488 0.19001615 ... 0.12736288 0.16266875 0.14491415],[270.54208 273.79126 307.92255 ... 261.46466 268.73065 253.64647],[270.54208 273.79126 307.92255 ... 261.46466 268.73065 253.64647],[233.6731  238.07266 269.68384 ... 227.29544 233.90639 220.93167],[0. 0. 0. ... 0. 0. 0.],1,1,5,101
[0.14660488 0.14255087 0.17543572 ... 0.10448023 0.40720233 0.05167392],[274.18488 278.7731  289.19748 ... 246.19328 298.39075 220.7395 ],[274.18488 278.7731  289.19748 ... 246.19328 298.39075 220.7395 ],[234.3099  240.41885 247.54987 ... 209.40408 260.66574 183.18008],[0.         0.         0.         ... 0.04481205 0.         0.        ],1,1,5,102
[0.21539265 0.18256222 0.15654069 ... 0.1191395  0.3590604  0.3329748 ],[324.00885 320.50443 327.76547 ... 319.11063 359.97345 345.99557],[324.00885 320.50443 327.76547 ... 319.11063 359.97345 345.99557],[268.20132 265.35764 268.15634 ... 263.0299  308.05762 293.4264 ],[0.        0.        0.        ... 0.0367828 0.        0.       ],1,1,5,103
[0.36507472 0.15168798 0.1025157  ... 0.06399062 0.11607047 0.05319177],[285.71017 265.84415 250.53145 ... 218.5831  222.38728 208.22371],[322.73978 295.78812 289.6617  ... 246.65799 250.73235 234.78067],[296.41245 269.65814 262.84204 ... 222.2309  225.31317 211.01408],[0. 0. 0. ... 0. 0. 0.],1,1,5,104
"[ 0.22605444  0.0312664  -0.02588096 ...  0.2117308   0.28293976
  0.07718841]",[311.24503 291.19327 284.99777 ... 287.09967 296.4888  253.85533],[330.7595  314.5924  306.7367  ... 310.79745 318.86075 272.91898],[255.09633 239.95157 229.33185 ... 243.52171 250.16277 207.43001],[0. 0. 0. ... 0. 0. 0.],1,1,5,105
[0.09901476 0.06215809 0.09159623 ... 0.         0.10976128 0.07461334],[257.57227 255.7463  270.6401  ... 231.25664 250.54572 236.9941 ],[257.57227 255.7463  270.6401  ... 231.25664 250.54572 236.9941 ],[217.51466 215.6944  229.14595 ... 192.92522 212.05194 199.03206],[0.         0.         0.         ... 0.01561735 0.         0.        ],1,1,5,106
"[ 0.11632904  0.20503053  0.1399337  ... -0.01108854 -0.00797208
  0.17394729]",[238.70584 262.3704  252.74794 ... 205.76257 209.12886 238.34483],[274.65552 300.50836 292.69232 ... 243.5184  237.76588 268.26422],[234.19754 261.26587 248.82626 ... 206.50764 199.54019 229.35875],[0. 0. 0. ... 0. 0. 0.],1,1,5,107
[0.22164051 0.         0.1817849  ... 0.05012103 0.04879475 0.04355288],[279.21793 252.68085 288.84778 ... 246.20734 242.63962 235.88942],[290.2323  263.3173  303.52408 ... 258.85837 250.72804 244.2493 ],[242.34996 216.27477 251.88734 ... 211.08626 204.44742 195.23781],[0. 0. 0. ... 0. 0. 0.],1,1,5,108
[1.2310584  1.1439638  0.9181151  ... 0.16513398 0.2814367  0.18997428],[470.0263  452.6111  431.2544  ... 266.99124 288.31873 256.53802],[470.0263  452.6111  431.2544  ... 266.99124 288.31873 256.53802],[396.20493 384.01376 356.68085 ... 201.45563 219.8392  188.07289],[0.         0.         0.02099117 ... 0.04137824 0.         0.        ],1,1,5,109
[0.34337068 0.19833049 0.24918823 ... 0.07750174 0.01815233 0.16292544],[275.17737 259.25638 263.6913  ... 226.50461 209.46454 226.55977],[294.72076 278.16882 293.36365 ... 242.56494 227.74026 250.57143],[265.17508 248.00052 262.93643 ... 212.17703 197.68584 222.37964],[0. 0. 0. ... 0. 0. 0.],1,1,5,110
[0.11187909 0.09036048 0.13721675 ... 0.19103937 0.08529401 0.01987142],[263.62076 252.58643 264.71542 ... 256.6982  235.83118 215.62212],[282.7225  280.9267  293.37695 ... 280.79843 257.30106 235.78534],[247.42256 246.2528  255.97768 ... 246.59598 221.30449 199.71297],[0.         0.         0.03025982 ... 0.         0.         0.        ],1,1,5,111
[0.7116944  0.72699183 0.7416551  ... 0.28910717 0.34204537 0.2735545 ],[395.46823 425.90118 430.57648 ... 341.08472 352.30588 331.46823],[395.46823 425.90118 430.57648 ... 341.08472 352.30588 331.46823],[356.5702  386.41733 392.2665  ... 304.26486 314.89642 295.75452],[0.         0.         0.02945369 ... 0.         0.         0.        ],1,1,5,112
[0.2776321  0.         0.1845442  ... 0.02993376 0.17106688 0.16159162],[212.07779 186.499   210.08852 ... 177.10074 185.67201 175.87897],[291.3102  251.08759 297.36496 ... 254.97081 272.40875 258.33212],[268.46207 227.1512  274.64758 ... 232.62007 249.21614 235.93384],[0.         0.         0.         ... 0.03383617 0.         0.        ],1,1,5,113
[0.15682954 0.12795645 0.04247405 ... 0.09538206 0.33392718 0.        ],[307.40906 331.35504 308.33542 ... 281.07303 318.94727 248.49965],[341.92593 355.20834 339.5324  ... 303.56946 351.18054 268.77316],[284.4446  293.7742  277.21774 ... 249.12912 295.22076 215.29254],[0.         0.         0.         ... 0.02999939 0.         0.        ],1,1,5,114
[0.06388579 0.02062374 0.25750446 ... 0.10263477 0.         0.21636105],[221.0394  218.23196 258.41263 ... 215.30217 208.27034 213.91234],[273.1049  273.007   321.2832  ... 280.74475 259.26923 275.35663],[228.99608 228.4188  274.9533  ... 237.55348 216.41286 233.36392],[0.         0.02536088 0.         ... 0.         0.02649025 0.        ],1,1,5,115
[0.04287336 0.19635805 0.01665333 ... 0.11034842 0.0855142  0.09235545],[260.97394 311.7794  280.64148 ... 271.46066 257.14334 247.05833],[262.12122 313.23904 281.78452 ... 272.68686 258.86868 248.20203],[231.59534 280.02942 245.04565 ... 242.73097 228.3969  218.35481],[0. 0. 0. ... 0. 0. 0.],1,1,5,116
[0.1664635  0.28062725 0.11326849 ... 0.16986193 0.04043109 0.24203478],[278.4326  308.17606 275.1846  ... 263.19376 234.25578 243.41995],[302.07657 335.76315 302.67465 ... 286.5263  255.98564 268.30383],[256.4316  293.88113 260.7728  ... 247.82361 220.35106 230.97174],[0.         0.         0.         ... 0.         0.01821723 0.        ],1,1,5,117
[0.1563235  0.05308868 0.13808349 ... 0.03461002 0.04085204 0.14349557],[255.53859 246.63544 271.2234  ... 227.19225 217.02823 237.7464 ],[294.3163  287.77615 314.86862 ... 258.71045 254.81023 277.00974],[251.31935 245.81667 271.1297  ... 219.4466  214.55098 234.76263],[0.        0.        0.        ... 0.        0.0183325 0.       ],1,1,5,118
[0.35390761 0.34529343 0.13969684 ... 0.14892784 0.21534108 0.06109238],[328.4648  348.00284 312.22018 ... 278.26398 285.93634 254.90915],[379.17126 392.7431  358.53867 ... 320.12708 331.46686 300.59946],[291.08405 304.85    266.33865 ... 236.93478 248.88873 218.01212],[0.         0.         0.         ... 0.01820452 0.         0.        ],1,1,5,119
[0.094906   0.12163984 0.32493323 ... 0.18141507 0.09819821 0.2621948 ],[233.08792 237.06462 281.48123 ... 249.32976 235.61098 245.18636],[245.63597 252.27632 302.1886  ... 264.8991  249.30702 260.6842 ],[207.33643 214.48799 262.09485 ... 228.68802 212.57535 225.12999],[0. 0. 0. ... 0. 0. 0.],1,1,5,120
[0.26724628 0.50363433 0.2572719  ... 0.07843693 0.11127898 0.33730477],[298.17865 351.44962 338.57626 ... 269.907   264.19955 290.075  ],[304.88596 356.3728  345.1842  ... 276.85526 272.4035  302.23245],[237.76501 284.54233 269.50146 ... 207.7207  203.82538 235.03242],[0.         0.         0.         ... 0.         0.04751815 0.        ],1,1,5,121
[0.16629486 0.18423764 0.1316093  ... 0.25678363 0.11021453 0.16543761],[274.46008 304.4507  312.62442 ... 319.42255 289.30984 267.1878 ],[274.46008 304.4507  312.62442 ... 319.42255 289.30984 267.1878 ],[214.24184 247.38649 247.85945 ... 262.2271  232.24759 210.03734],[0. 0. 0. ... 0. 0. 0.],1,1,5,122
[0.20572923 0.15919155 0.1486614  ... 0.00747821 0.01476565 0.10433038],[278.54718 267.98782 282.61072 ... 247.17726 249.22733 254.61685],[284.72607 273.5665  288.375   ... 250.92287 253.08511 261.58246],[229.1886  222.70056 231.83008 ... 201.81686 201.08945 212.42941],[0.        0.        0.        ... 0.        0.0165781 0.       ],1,1,5,123
[0.24724297 0.         0.2502514  ... 0.19557251 0.11690336 0.24932554],[279.13593 241.17476 290.6966  ... 272.63834 246.62865 263.9733 ],[279.13593 241.17476 290.6966  ... 272.63834 246.62865 263.9733 ],[220.70721 183.0352  228.53311 ... 216.45221 189.4981  207.03386],[0.         0.         0.         ... 0.         0.01784367 0.        ],1,1,5,124
[0.41566172 0.2871398  0.19299835 ... 0.04611572 0.16076128 0.08952399],[314.93146 290.5906  294.19437 ... 267.67114 280.14078 264.1179 ],[338.67603 317.92523 317.28348 ... 282.52026 301.85358 284.7944 ],[303.44003 283.944   283.73242 ... 251.01682 270.67673 252.52097],[0.         0.         0.         ... 0.02433936 0.         0.        ],1,1,5,125
[0.20849842 0.01702292 0.23911335 ... 0.03522955 0.16632172 0.07929062],[282.24554 248.54448 296.33453 ... 241.5694  254.29181 234.47331],[282.24554 248.54448 296.33453 ... 241.5694  254.29181 234.47331],[255.52357 222.4429  269.8126  ... 215.73222 227.64078 209.25655],[0.         0.         0.         ... 0.02557595 0.         0.        ],1,1,5,126
"[ 0.3350664  -0.00735625  0.14604953 ...  0.16132507  0.08524631
  0.26962808]",[291.9963  231.32213 262.89136 ... 246.95952 230.12183 267.2367 ],[324.12152 261.84375 301.22223 ... 286.34027 265.84723 298.5486 ],[282.9759  223.80164 259.71213 ... 250.36717 230.25429 257.2386 ],[0.         0.         0.         ... 0.         0.02485222 0.        ],1,1,5,127
"[ 0.30103046  0.22874796  0.10332876 ...  0.0812086  -0.03350193
  0.09470919]",[279.2353  277.7783  266.9774  ... 260.70135 236.9095  250.01358],[279.2353  277.7783  266.9774  ... 260.70135 236.9095  250.01358],[211.1128  212.69804 201.21577 ... 197.64493 176.19818 187.7405 ],[0. 0. 0. ... 0. 0. 0.],1,1,5,128
[0.5003808  0.3122979  0.42660633 ... 0.19146201 0.20685092 0.21305192],[377.43677 337.41284 366.92096 ... 306.3535  285.64227 273.71396],[394.46924 357.47693 386.26923 ... 315.6077  299.9269  287.76154],[316.16098 288.59338 310.2358  ... 244.68887 231.91187 217.95142],[0. 0. 0. ... 0. 0. 0.],1,1,5,129
"[ 0.15455963  0.02487934  0.15831262 ...  0.11178525 -0.00349385
  0.16516489]",[233.65262 220.26303 250.91714 ... 231.00539 204.69121 229.32364],[264.3278  246.72778 282.14444 ... 261.48334 226.80556 254.06111],[236.69778 219.28827 251.59079 ... 234.14322 199.86426 227.79498],[0. 0. 0. ... 0. 0. 0.],1,1,5,130
"[ 0.10003185  0.08294105 -0.02590002 ...  0.10444438  0.08469611
  0.1292819 ]",[284.48224 284.75656 259.7955  ... 264.40805 254.10027 262.92612],[289.96017 292.9469  275.8584  ... 269.56195 264.38052 272.11948],[264.97757 266.23993 245.33578 ... 244.1211  239.49577 247.75003],[0.         0.         0.01623653 ... 0.         0.         0.        ],1,1,5,131
"[ 0.17153205 -0.11647418  0.07811566 ...  0.2825931   0.04745853
  0.03885884]",[249.79958 225.53204 266.16013 ... 273.92596 213.07259 225.23221],[283.81165 248.55606 298.56952 ... 299.02243 252.43947 245.50673],[244.47899 211.0217  257.66544 ... 261.78415 214.06624 208.08275],[0. 0. 0. ... 0. 0. 0.],1,1,5,132
[0.03899691 0.         0.23890287 ... 0.04621832 0.08177928 0.06811918],[256.80646 256.09424 313.93427 ... 244.72011 244.1255  235.54396],[281.5736  279.79697 338.27917 ... 272.34518 272.4746  258.55838],[254.93793 251.99898 310.6728  ... 246.25705 246.44249 231.8944 ],[0.         0.01933122 0.         ... 0.         0.         0.        ],1,1,5,133
[0.15027899 0.20024273 0.17122474 ... 0.10957807 0.10319072 0.15208879],[281.8979  291.99908 291.5685  ... 277.1076  270.93005 274.27243],[283.6685  295.63013 294.274   ... 278.4055  274.76437 277.2274 ],[237.64288 248.19734 247.28764 ... 235.14497 230.91656 234.12086],[0. 0. 0. ... 0. 0. 0.],1,1,5,134
"[ 0.26552862  0.07611975  0.26837352 ... -0.08107753  0.14419992
  0.14666831]",[333.68826 308.03598 353.34747 ... 252.25848 280.12665 269.97073],[361.83768 331.53897 391.01947 ... 276.51624 305.4221  298.05844],[306.733   278.9746  328.37827 ... 227.84198 256.9075  248.4708 ],[0.         0.         0.         ... 0.         0.03138327 0.        ],1,1,5,135
[0.22021353 0.05896376 0.05601742 ... 0.00988596 0.02074114 0.30308992],[330.72342 310.95715 324.9477  ... 271.87708 269.69687 307.70474],[337.6052  320.04034 331.81555 ... 278.32275 275.7176  315.7291 ],[229.66495 213.78232 215.52464 ... 180.74985 179.99205 218.31474],[0.         0.         0.         ... 0.         0.04087926 0.        ],1,1,5,136
"[ 0.0973582   0.09534287  0.06896323 ... -0.00218918  0.18315503
  0.14933884]",[203.53676 201.17107 211.00403 ... 188.4303  222.26762 184.33257],[246.27919 258.06598 260.54822 ... 230.87817 266.82742 245.30965],[225.70026 237.47484 239.12358 ... 210.85753 245.50789 225.78444],[0.         0.         0.         ... 0.03177002 0.         0.        ],1,1,5,137
[0.15702783 0.20448896 0.11408715 ... 0.46577597 0.57795477 0.3187179 ],[280.99008 290.14392 279.9209  ... 347.65964 366.885   315.31238],[291.1505  305.7525  288.0301  ... 356.64883 376.71906 326.699  ],[255.19228 270.16492 253.83173 ... 322.60117 342.13205 290.68808],[0. 0. 0. ... 0. 0. 0.],1,1,5,138
[0.30572146 0.28390336 0.33463955 ... 0.         0.         0.17837757],[321.1117  317.4264  330.0341  ... 242.05087 235.54599 265.33698],[321.3386  317.73227 330.35434 ... 242.32545 236.85039 265.58005],[306.59293 303.08746 315.2986  ... 228.16673 223.85458 252.03392],[0.         0.         0.03673611 ... 0.         0.02440197 0.        ],1,1,5,139
"[ 0.39769316  0.14519998  0.23439099 ...  0.25055915 -0.05506175
  0.09634525]",[312.41888 285.112   316.51434 ... 291.43033 229.73105 246.85449],[324.375   299.09558 325.5478  ... 302.84192 237.70956 256.89706],[284.83383 261.4283  285.3928  ... 264.6297  202.61765 221.26749],[0. 0. 0. ... 0. 0. 0.],1,1,5,140
"[ 0.06849813  0.07633182 -0.01326633 ...  0.07339528  0.06479192
  0.08715877]",[191.99055 202.00435 187.78185 ... 186.8209  180.45587 185.09726],[254.54918 263.33606 247.7623  ... 245.52869 238.70493 242.2705 ],[239.55508 248.18143 231.32436 ... 231.32097 223.94144 226.87943],[0. 0. 0. ... 0. 0. 0.],1,1,5,141
[0.15859547 0.04361038 0.30094388 ... 0.08630598 0.03448265 0.12062274],[280.69888 271.28253 334.4907  ... 265.81412 255.72119 260.47955],[280.69888 271.28253 334.4907  ... 265.81412 255.72119 260.47955],[222.58942 211.43275 271.03763 ... 209.45554 199.92297 203.56395],[0. 0. 0. ... 0. 0. 0.],1,1,5,142
[0.12931012 0.06639895 0.15457413 ... 0.14899564 0.14967017 0.09568499],[272.84335 269.8161  288.5399  ... 264.97546 263.763   240.428  ],[279.23914 274.1087  292.77716 ... 269.06522 267.86957 244.70108],[237.86296 234.08018 250.48518 ... 231.34868 229.53085 206.64473],[0. 0. 0. ... 0. 0. 0.],1,1,5,143
[0.33305562 0.2549791  0.26109567 ... 0.07872309 0.37723553 0.29060507],[268.5161  278.22906 277.88806 ... 251.52101 266.70352 250.90088],[285.34546 296.0182  300.29697 ... 265.43637 300.21817 269.6606 ],[239.92273 254.53526 256.50455 ... 226.65733 264.28247 231.18672],[0.         0.         0.         ... 0.04326411 0.         0.        ],1,1,5,144
"[ 0.12479796 -0.01307867  0.25832328 ...  0.12443516  0.14129977
  0.14301416]",[311.98065 295.9076  351.84946 ... 313.34357 296.9862  296.77008],[323.6875  305.89688 370.46875 ... 320.4344  311.5656  305.9344 ],[248.20549 228.98766 283.69934 ... 246.84193 240.4469  232.6608 ],[0.         0.03932578 0.         ... 0.         0.         0.        ],1,1,5,145
[0.09207382 0.10811147 0.00994404 ... 0.03208203 0.08437858 0.21948719],[284.14093 296.5868  276.55478 ... 253.77168 257.90192 266.85614],[293.5749  302.65216 289.10144 ... 266.39615 273.33817 278.8454 ],[247.68146 257.04678 241.07228 ... 222.35799 230.75696 238.9064 ],[0.         0.         0.01806787 ... 0.         0.         0.        ],1,1,5,146
[0.30639786 0.05213483 0.16095996 ... 0.12562671 0.2240646  0.11408536],[318.31604 280.5959  316.79712 ... 295.71356 311.44534 268.90067],[335.6261  301.85797 331.629   ... 312.9681  327.25797 286.55942],[303.35995 270.41675 295.95642 ... 284.26715 295.83286 256.21994],[0.         0.         0.         ... 0.02928497 0.         0.        ],1,1,5,147
[0.33148438 0.14858319 0.30423865 ... 0.14805055 0.26984343 0.0589172 ],[283.61832 246.24254 276.08606 ... 257.67795 283.84204 219.76585],[340.24167 304.19168 337.85    ... 305.0125  328.86667 265.82916],[289.44757 254.53142 285.0734  ... 260.68756 281.79645 220.10057],[0.         0.         0.         ... 0.02000189 0.         0.        ],1,1,5,148
[0.19254929 0.11938868 0.0470117  ... 0.28447503 0.16149378 0.2669567 ],[290.07367 287.0842  281.05264 ... 324.73685 290.2421  301.02106],[290.07367 287.0842  281.05264 ... 324.73685 290.2421  301.02106],[246.13762 242.75833 230.51949 ... 280.8264  247.3103  259.31537],[0. 0. 0. ... 0. 0. 0.],1,1,5,149
"[3.6717966e-01 2.6757315e-01 3.7709188e-01 ... 1.4657213e-01 2.4731751e-04
 2.4757586e-01]",[259.05457 250.42345 284.3181  ... 254.0823  226.30984 263.14233],[337.54745 335.10126 367.29114 ... 313.63608 278.96835 317.43988],[311.17352 307.1134  336.7668  ... 286.6923  253.85745 292.1139 ],[0.         0.         0.         ... 0.         0.02785243 0.        ],1,1,5,150
"[ 0.00923049  0.10081939  0.02077727 ...  0.09796829 -0.0354232
  0.17888688]",[228.45734 250.49057 244.1169  ... 239.06439 226.91348 254.80742],[240.21396 259.74884 255.12558 ... 257.42792 235.53023 263.70697],[199.65268 219.87634 214.47842 ... 218.29556 194.50096 225.57822],[0.         0.         0.         ... 0.         0.02349248 0.        ],1,1,5,151
[0.14240196 0.23611853 0.         ... 0.12198909 0.09564625 0.18651104],[251.00337 276.04114 230.12329 ... 246.41614 241.1845  259.14642],[268.14285 296.52573 256.03714 ... 269.69427 260.7143  279.48285],[238.85149 269.17374 226.01956 ... 242.60423 233.95744 251.45175],[0. 0. 0. ... 0. 0. 0.],1,1,5,152
[0.17225564 0.15361978 0.22708395 ... 0.07229768 0.18981455 0.2330891 ],[285.61487 289.47296 313.4696  ... 258.3277  272.4696  268.16217],[285.61487 289.47296 313.4696  ... 258.3277  272.4696  268.16217],[239.61147 243.74951 264.87    ... 214.07895 227.76628 222.71704],[0.         0.         0.         ... 0.03580014 0.         0.        ],1,1,5,153
[0.06853043 0.05376645 0.15395431 ... 0.01016042 0.17573811 0.13816895],[260.9114  266.3713  289.6076  ... 254.56963 283.37976 277.02533],[260.9114  266.3713  289.6076  ... 254.56963 283.37976 277.02533],[217.63405 224.11292 243.85472 ... 213.63985 241.61125 234.33777],[0. 0. 0. ... 0. 0. 0.],1,1,5,154
[0.16815005 0.06045766 0.05659761 ... 0.05481781 0.14615713 0.17278957],[243.7534  231.28151 242.35376 ... 219.56337 232.05916 230.36201],[280.3659  266.0727  276.65414 ... 257.25565 266.9198  268.49875],[242.44319 229.8571  238.91539 ... 222.378   232.98897 233.04666],[0.         0.         0.         ... 0.02794296 0.         0.        ],1,1,5,155
[0.15498465 0.19208476 0.04635208 ... 0.23199409 0.13155831 0.12005533],[210.57953 235.11168 238.81342 ... 251.87932 223.1614  219.84172],[240.2371  283.57217 268.8866  ... 283.78867 265.14432 248.24742],[177.39879 225.6862  207.31691 ... 224.4131  205.66588 191.04004],[0. 0. 0. ... 0. 0. 0.],1,1,5,156
[0.16251516 0.1436608  0.1342154  ... 0.05102717 0.00641661 0.15552261],[268.926   278.4423  278.96924 ... 247.86728 233.87901 257.24063],[286.3517  295.53543 298.8058  ... 263.98688 255.4252  271.75854],[240.6795  247.599   248.47719 ... 218.53023 209.94568 225.47475],[0.         0.         0.         ... 0.         0.02030781 0.        ],1,1,5,157
[0.10157378 0.35002464 0.5972127  ... 0.1720054  0.24219243 0.3815456 ],[274.53964 323.511   376.1983  ... 262.46487 267.2457  272.41397],[294.73486 351.5909  410.69696 ... 292.46213 301.38257 307.06818],[236.65483 296.6522  350.4652  ... 238.30429 249.3456  254.13284],[0.0524984  0.         0.         ... 0.         0.03870717 0.        ],1,1,5,158
"[ 0.36918843  0.32498702  0.4863255  ... -0.02635685  0.00126773
  0.21337864]",[341.11285 334.22974 368.4848  ... 255.41107 259.36945 286.4901 ],[348.5611  342.82126 379.2783  ... 262.29413 267.1742  292.5792 ],[295.74728 290.2078  327.0139  ... 212.77252 217.02005 243.59912],[0.         0.         0.05018121 ... 0.         0.02672783 0.        ],1,1,5,159
[0.01280801 0.08502489 0.08612331 ... 0.11566543 0.16826843 0.12194132],[246.22089 268.26907 271.1767  ... 266.1767  272.4739  257.41367],[246.22089 268.26907 271.1767  ... 266.1767  272.4739  257.41367],[194.74324 213.32422 214.91844 ... 215.80923 220.41711 205.2161 ],[0.         0.         0.03623362 ... 0.03304791 0.         0.        ],1,1,5,160
[0.2974653  0.12073553 0.2737093  ... 0.         0.         0.31678978],[289.8688  273.3156  311.53546 ... 253.19148 248.51773 288.38654],[289.8688  273.3156  311.53546 ... 253.19148 248.51773 288.38654],[234.50627 218.65903 255.95538 ... 199.53065 196.14188 236.04012],[0.         0.         0.         ... 0.         0.04966258 0.        ],1,1,5,161
[0.16012798 0.0382279  0.14331762 ... 0.00494305 0.1156017  0.11443458],[279.60477 259.14587 289.67374 ... 257.79575 273.3793  266.41113],[279.60477 259.14587 289.67374 ... 257.79575 273.3793  266.41113],[226.78442 208.38173 236.05864 ... 207.53616 223.02768 216.59818],[0.         0.         0.         ... 0.01799373 0.         0.        ],1,1,5,162
[0.4454271  0.5501333  0.24340266 ... 0.         0.01959315 0.06511901],[353.875   378.35406 323.62958 ... 253.39296 254.53262 247.80891],[354.52448 379.0175  325.12238 ... 254.03496 255.17831 248.45105],[305.3463  333.31348 273.86115 ... 207.49425 211.03242 206.93942],[0. 0. 0. ... 0. 0. 0.],1,1,5,163
"[ 0.11354347  0.1905266   0.33834267 ... -0.07036684  0.3251378
  0.24086742]",[299.86194 313.24686 349.46027 ... 241.3431  298.83682 276.56903],[299.86194 313.24686 349.46027 ... 241.3431  298.83682 276.56903],[234.31712 248.82243 280.0469  ... 180.58968 235.94437 217.56738],[0.        0.        0.        ... 0.0473586 0.        0.       ],1,1,5,164
"[ 0.38168836  0.15255472  0.1776041  ... -0.16686267  0.17556009
  0.18074179]",[306.83517 278.7033  284.36813 ... 218.18681 248.71428 247.63736],[306.83517 278.7033  284.36813 ... 218.18681 248.71428 247.63736],[272.0673  243.16974 248.43925 ... 184.60365 217.01268 214.94815],[0.         0.         0.         ... 0.         0.03837584 0.        ],1,1,5,165
[0.24152718 0.         0.33764884 ... 0.08899725 0.16382831 0.0649116 ],[308.02844 272.96014 338.13382 ... 270.8402  282.7207  244.50871],[311.6435  275.29306 346.716   ... 273.07855 286.4985  249.48338],[266.66962 227.70497 300.84827 ... 228.2301  241.52814 205.68422],[0. 0. 0. ... 0. 0. 0.],1,1,5,166
[0.17308292 0.3260781  0.12854555 ... 0.07920292 0.12394664 0.2936434 ],[264.8042  297.87192 264.78256 ... 240.80074 236.46957 263.3449 ],[267.67044 300.49622 268.07196 ... 245.26894 242.12878 266.14774],[242.63152 275.5234  242.1273  ... 220.84827 219.65    241.85693],[0.         0.         0.         ... 0.         0.03615186 0.        ],1,1,5,167
[0.5446302  0.4371775  0.14244483 ... 0.05435556 0.46247447 0.43876252],[394.17053 380.9225  343.3411  ... 293.7597  352.2093  319.17053],[394.17053 380.9225  343.3411  ... 293.7597  352.2093  319.17053],[330.0834  316.02408 281.01    ... 236.48372 296.26562 264.1742 ],[0.         0.         0.         ... 0.06818765 0.         0.        ],1,1,5,168
[0.07324445 0.23396601 0.14817418 ... 0.09314376 0.07813351 0.14736016],[271.6881  309.37872 297.09406 ... 265.4604  257.7302  258.88614],[271.6881  309.37872 297.09406 ... 265.4604  257.7302  258.88614],[225.14003 261.39426 247.29099 ... 221.28706 211.59775 215.75574],[0. 0. 0. ... 0. 0. 0.],1,1,5,169
[0.32708073 0.15923685 0.07663522 ... 0.03026996 0.31821245 0.21050227],[298.7151  281.34637 275.2849  ... 259.30725 307.9106  277.01675],[298.7151  281.34637 275.2849  ... 259.30725 307.9106  277.01675],[255.5579  239.92232 231.24455 ... 219.49362 267.0385  236.82466],[0.        0.        0.        ... 0.0525974 0.        0.       ],1,1,5,170
[0.954188   0.39659685 0.69168466 ... 0.0947878  0.10326833 0.26625004],[468.2262  376.55026 458.178   ... 306.78662 296.70773 328.25763],[475.88956 378.8589  460.3865  ... 310.39264 298.61963 332.46625],[411.2026  315.83533 387.98624 ... 255.45581 243.10118 274.34152],[0.         0.         0.         ... 0.         0.02995107 0.        ],1,1,5,171
"[ 0.06973197  0.09592097  0.12480453 ... -0.04605464  0.07578411
  0.24790773]",[234.99974 251.01837 255.53094 ... 227.75916 241.4106  263.87192],[256.09064 271.95624 281.24374 ... 250.39688 262.91562 287.7875 ],[209.27806 225.33812 231.31772 ... 203.48724 216.02359 241.251  ],[0.         0.         0.         ... 0.         0.04015347 0.        ],1,1,5,172
"[ 0.24102198  0.08222576 -0.00776528 ...  0.02699765  0.05504681
  0.2937818 ]",[223.01985 202.02243 191.44333 ... 183.5411  185.99402 205.78188],[296.68097 273.19632 258.36197 ... 248.82208 249.31902 269.91412],[269.34262 247.75189 231.68048 ... 224.23497 224.1798  245.24435],[0.         0.         0.         ... 0.         0.04065102 0.        ],1,1,5,173
[0.5515225  0.4946105  0.50015616 ... 1.0088936  1.1745757  0.8708215 ],[382.03363 376.91644 400.66284 ... 493.56207 522.62634 438.00485],[420.08783 422.051   429.3371  ... 520.92633 556.7989  473.5354 ],[379.95105 378.86584 382.11887 ... 481.37225 516.5832  434.7749 ],[0.         0.         0.         ... 0.04512291 0.         0.        ],1,1,5,174
[0.         0.38050216 0.14535351 ... 0.25738436 0.14019303 0.2793805 ],[237.95027 319.2044  290.7348  ... 295.83426 257.27625 278.1768 ],[237.95027 319.2044  290.7348  ... 295.83426 257.27625 278.1768 ],[196.09541 277.83838 248.55594 ... 256.41357 217.05264 236.53299],[0.04960935 0.         0.         ... 0.         0.         0.        ],1,1,5,175
"[ 0.0823577   0.09000032  0.02966294 ... -0.0614471   0.18556894
  0.12143815]",[154.97603 178.39508 173.32124 ... 159.55557 182.28041 154.68323],[270.96582 292.01282 285.86752 ... 247.2094  284.07693 259.2735 ],[261.64505 282.99332 276.31976 ... 238.33295 275.2535  250.98608],[0.         0.         0.         ... 0.02591326 0.         0.        ],1,1,5,176
[0.24883898 0.10028379 0.17308769 ... 0.14331526 0.05324845 0.        ],[318.978   294.05005 317.34146 ... 309.33273 287.77167 265.70938],[334.20886 307.93988 331.81012 ... 321.68988 299.78796 275.4557 ],[298.97156 271.07373 290.62305 ... 287.14926 265.40836 239.71977],[0.         0.         0.03523516 ... 0.         0.         0.        ],1,1,5,177
[0.5925685  0.33742386 0.42490092 ... 0.07437712 0.26224864 0.16698778],[322.6637  308.1994  327.93622 ... 261.50232 281.36398 253.7911 ],[366.3136  348.74854 369.59763 ... 285.43195 302.929   284.98224],[306.8953  283.2279  303.3234  ... 226.00342 245.6407  226.74297],[0.         0.         0.         ... 0.04328594 0.         0.        ],1,1,5,178
[0.2761488  0.13255726 0.12969534 ... 0.         0.         0.27965483],[265.8052  256.41232 270.4448  ... 232.87013 221.11038 263.9448 ],[265.8052  256.41232 270.4448  ... 232.87013 221.11038 263.9448 ],[220.38258 211.80612 222.11604 ... 189.92459 177.74426 221.07112],[0.         0.         0.         ... 0.         0.04419362 0.        ],1,1,5,179
[0.20012389 0.00500565 0.5570048  ... 0.06597043 0.18525222 0.23252966],[283.05554 247.17677 356.31314 ... 270.21213 289.87878 285.27777],[283.05554 247.17677 356.31314 ... 270.21213 289.87878 285.27777],[232.9093  198.21005 303.88196 ... 224.56494 244.5033  235.82722],[0.         0.03089402 0.         ... 0.         0.02818609 0.        ],1,1,5,180
[0.06989121 0.12637202 0.1396928  ... 0.09233995 0.130435   0.16928816],[265.33136 282.62723 293.0858  ... 262.67752 265.9201  272.02368],[265.33136 282.62723 293.0858  ... 262.67752 265.9201  272.02368],[226.56187 243.28276 251.4238  ... 224.85649 230.58356 232.27101],[0.         0.         0.         ... 0.         0.01710221 0.        ],1,1,5,181
[0.09451802 0.29942775 0.22487359 ... 0.14888798 0.24958809 0.17227763],[254.79391 312.6292  300.7378  ... 253.83553 275.4423  246.34796],[293.51065 347.22128 345.8085  ... 300.31915 315.09787 278.64255],[247.84833 304.64517 295.62643 ... 256.97006 272.18268 234.18007],[0. 0. 0. ... 0. 0. 0.],1,1,5,182
[0.09713964 0.1354776  0.11246704 ... 0.12282248 0.21130036 0.22741747],[248.132 255.044 254.712 ... 253.524 268.292 264.212],[248.132 255.044 254.712 ... 253.524 268.292 264.212],[203.74733 211.78761 211.06961 ... 212.80026 226.83916 221.6799 ],[0.         0.         0.         ... 0.         0.02162671 0.        ],1,1,5,183
[0.01896992 0.25971285 0.31382105 ... 0.07178729 0.04377631 0.14537716],[280.37    324.59573 346.2999  ... 275.07773 260.67325 261.9531 ],[281.91357 326.77365 347.69547 ... 276.4856  262.27985 263.50204],[238.09567 285.60687 303.8478  ... 235.5604  220.90239 220.99475],[0.03236879 0.         0.         ... 0.         0.02395744 0.        ],1,1,5,184
[0.39886788 0.12263145 0.29593801 ... 0.15207966 0.         0.13191429],[359.78528 305.27103 359.62918 ... 310.61807 274.81454 287.19974],[374.50186 329.92566 379.63568 ... 329.1301  287.95166 299.01486],[313.91003 270.3111  314.58118 ... 268.75015 229.9787  241.21684],[0. 0. 0. ... 0. 0. 0.],1,1,5,185
[0.20089842 0.12479613 0.16108237 ... 0.         0.08050591 0.04635809],[258.74814 241.49847 260.69092 ... 211.5726  224.2073  204.51653],[290.58572 277.8381  291.11905 ... 244.08571 255.9762  238.40953],[255.05629 243.79172 254.7259  ... 210.81754 222.70456 204.95941],[0. 0. 0. ... 0. 0. 0.],1,1,5,186
[0.         0.1411014  0.19500844 ... 0.00687265 0.11053105 0.11785351],[225.73143 253.76791 265.36255 ... 224.16122 238.36902 228.81583],[226.84108 255.22481 266.48062 ... 225.21318 241.26357 229.98837],[198.18272 226.31764 237.99797 ... 197.35637 213.40253 204.50606],[0.         0.         0.         ... 0.         0.01584353 0.        ],1,1,5,187
[0.08720926 0.09937795 0.05078994 ... 0.11731058 0.         0.13365072],[269.29144 279.73315 277.2274  ... 254.50215 224.37897 242.41428],[285.3245  293.71854 288.13577 ... 270.72186 235.18211 253.86424],[247.8292  259.5756  251.23672 ... 236.69257 203.23972 220.63982],[0. 0. 0. ... 0. 0. 0.],1,1,5,188
[0.14073458 0.06694131 0.18208389 ... 0.01619089 0.06431139 0.06789754],[241.65973 243.78526 262.6607  ... 213.70271 221.12042 210.03706],[274.57373 272.08014 295.5096  ... 241.01923 248.76923 239.125  ],[242.94716 240.0277  265.14923 ... 210.94395 219.4438  208.65341],[0. 0. 0. ... 0. 0. 0.],1,1,5,189
[0.27736843 0.10476819 0.03312237 ... 0.21009359 0.11918437 0.37475497],[249.0403  235.53928 227.05609 ... 232.10045 209.22438 253.0735 ],[273.1823  253.99448 248.34254 ... 262.67957 237.24861 277.13812],[238.77718 219.82039 213.8518  ... 230.44368 206.76843 243.88284],[0.         0.         0.         ... 0.         0.03670697 0.        ],1,1,5,190
[0.2654027  0.11603961 0.15799266 ... 0.04516879 0.06886865 0.11431689],[305.4171  294.1337  310.58557 ... 272.16043 268.62033 272.72192],[305.4171  294.1337  310.58557 ... 272.16043 268.62033 272.72192],[262.90823 253.31969 265.52008 ... 235.09702 233.16907 232.59547],[0.        0.        0.        ... 0.0193156 0.        0.       ],1,1,5,191
[0.25598052 0.11024413 0.20977226 ... 0.23763429 0.23612179 0.20174316],[303.65173 276.6095  311.18988 ... 295.00687 262.06274 252.53888],[318.09525 292.30554 327.05157 ... 307.48016 274.9127  265.4643 ],[272.3316  247.242   280.90015 ... 266.12137 235.146   222.93962],[0. 0. 0. ... 0. 0. 0.],1,1,5,192
[0.13559404 0.06968036 0.05227793 ... 0.05193881 0.08790515 0.20008326],[259.45175 254.05081 258.66092 ... 259.85812 254.45947 279.1879 ],[265.09875 257.29013 261.96606 ... 263.10495 261.41357 282.03085],[229.03575 222.69812 222.53247 ... 228.87515 227.60107 247.53043],[0.         0.         0.01343873 ... 0.         0.02852735 0.        ],1,1,5,193
[0.16151255 0.12186826 0.17905012 ... 0.19902742 0.10277574 0.08054545],[278.65714 278.08572 292.93506 ... 276.42337 255.95325 247.5091 ],[278.65714 278.08572 292.93506 ... 276.42337 255.95325 247.5091 ],[247.79268 246.39696 260.00708 ... 247.28754 227.6228  218.57065],[0. 0. 0. ... 0. 0. 0.],1,1,5,194
[0.08710971 0.02780748 0.09210036 ... 0.0441687  0.04918431 0.13582325],[210.92964 204.8475  211.57397 ... 189.81097 178.28777 177.34071],[312.72223 301.81195 317.62393 ... 263.5299  264.1752  268.74786],[275.71112 265.83585 280.92932 ... 231.93274 230.15707 234.94678],[0. 0. 0. ... 0. 0. 0.],1,1,5,195
[0.         0.1661533  0.12470503 ... 0.         0.15749615 0.11089132],[236.5966  266.25424 264.9254  ... 231.36949 255.05763 248.10847],[236.5966  266.25424 264.9254  ... 231.36949 255.05763 248.10847],[180.6392  212.58963 207.28088 ... 179.25223 201.83522 193.04752],[0.02934197 0.         0.         ... 0.         0.         0.        ],1,1,5,196
[0.2028803  0.16495335 0.03480755 ... 0.0412089  0.06305706 0.12204133],[286.8419  278.8393  267.57645 ... 248.78374 254.47357 255.67737],[295.24194 289.0672  276.9597  ... 258.05646 263.74194 263.73657],[262.08023 254.34827 240.12694 ... 225.236   229.4141  230.57779],[0.         0.         0.         ... 0.         0.01551645 0.        ],1,1,5,197
[0.4014606  0.21913166 0.26745358 ... 0.12595153 0.05368485 0.02263251],[387.2293  360.9938  381.03403 ... 299.8931  282.92657 271.02774],[393.56595 364.92856 385.38187 ... 307.6456  290.17032 275.02747],[322.27945 289.96347 301.64587 ... 235.03539 218.75331 206.69247],[0. 0. 0. ... 0. 0. 0.],1,1,5,198
[0.2849751  0.06698252 0.0211995  ... 0.02405006 0.12937228 0.12950811],[282.6667  255.66623 250.8928  ... 230.8978  252.62936 246.73792],[315.51212 290.33154 285.32614 ... 263.4717  281.8706  276.65228],[275.41043 250.17078 241.52606 ... 224.81792 241.86974 239.8962 ],[0.         0.         0.         ... 0.02637049 0.         0.        ],1,1,5,199
[0.33054286 0.25583363 0.13942465 ... 0.13700579 0.         0.06819547],[290.23657 281.1386  270.414   ... 261.241   230.62253 243.978  ],[294.15475 288.05655 274.61606 ... 266.4732  236.52975 247.9137 ],[252.54015 249.8227  232.70686 ... 227.10422 196.88463 208.48636],[0. 0. 0. ... 0. 0. 0.],1,1,5,200
"[ 0.29702243  0.21392097  0.37259448 ... -0.08540364  0.11423635
  0.11829618]",[306.28888 301.98334 341.73334 ... 256.0611  273.11667 270.18332],[306.28888 301.98334 341.73334 ... 256.0611  273.11667 270.18332],[249.38206 247.29616 283.23782 ... 201.14255 219.47409 218.29517],[0.        0.        0.        ... 0.0234255 0.        0.       ],1,1,5,201
[0.30260682 0.3735025  0.47249544 ... 0.14487503 0.11245316 0.05636492],[310.375   328.40216 350.69565 ... 277.64673 268.69022 246.72826],[310.375   328.40216 350.69565 ... 277.64673 268.69022 246.72826],[285.13855 302.45425 324.41928 ... 252.29048 244.7616  222.14728],[0.        0.0378832 0.        ... 0.        0.        0.       ],1,1,5,202
"[ 0.25090873  0.00122998  0.31360713 ... -0.02073147 -0.01540391
  0.13535719]",[308.8039  266.38367 317.54492 ... 228.22685 236.14577 256.5793 ],[330.22137 282.14758 350.5827  ... 256.87277 254.96692 280.62088],[298.29272 250.7138  319.46378 ... 228.26385 224.04408 250.84991],[0. 0. 0. ... 0. 0. 0.],1,1,5,203
[0.26376876 0.20402405 0.223107   ... 0.01442504 0.03350042 0.17479257],[331.1669  312.87186 325.67587 ... 274.21835 265.83185 277.2957 ],[343.92175 327.82608 340.14203 ... 281.15942 276.49567 287.74493],[273.35638 266.35764 272.72443 ... 219.20532 215.26343 227.28702],[0. 0. 0. ... 0. 0. 0.],1,1,5,204
[0.34469002 0.18069516 0.33354264 ... 0.24996166 0.25786677 0.2217806 ],[283.23984 269.72562 303.50964 ... 265.91425 269.24985 244.9464 ],[287.4     274.93683 307.29474 ... 276.86316 273.18948 251.66316],[246.24684 234.36409 266.08664 ... 238.25201 233.57875 214.22415],[0. 0. 0. ... 0. 0. 0.],1,1,5,205
"[ 0.          0.01137542  0.2258635  ...  0.08208132 -0.01673391
  0.01673391]",[240.49533 251.78816 299.2243  ... 258.10904 235.5701  233.81932],[240.49533 251.78816 299.2243  ... 258.10904 235.5701  233.81932],[199.81422 212.37085 257.0886  ... 219.24838 195.68405 194.90363],[0.         0.01921051 0.         ... 0.         0.         0.        ],1,1,5,206
[0.14110227 0.08479145 0.11476967 ... 0.         0.10841094 0.15212709],[197.88863 202.87094 212.26006 ... 182.06638 199.5055  208.03978],[259.13867 259.45255 270.45255 ... 238.25912 255.91971 262.29196],[221.84698 220.81143 230.72012 ... 202.15572 219.18771 226.10794],[0.         0.         0.         ... 0.02666926 0.         0.        ],1,1,5,207
"[ 0.06338616  0.132638    0.08672039 ... -0.00336211  0.03327885
  0.04281577]",[211.36165 239.32072 241.1607  ... 211.14645 212.54805 212.50255],[235.06926 257.70996 260.1775  ... 227.2381  231.45021 227.658  ],[209.63457 231.87473 232.01912 ... 203.1929  208.11339 203.33115],[0. 0. 0. ... 0. 0. 0.],1,1,5,208
[0.23110855 0.21167703 0.08682413 ... 0.09990101 0.08476406 0.2716771 ],[281.82828 296.31818 281.9091  ... 264.07574 262.23233 282.09595],[281.82828 296.31818 281.9091  ... 264.07574 262.23233 282.09595],[235.51808 248.61292 235.1647  ... 221.30638 217.68953 238.04787],[0.        0.        0.        ... 0.        0.0379746 0.       ],1,1,5,209
[0.2917594  0.3567125  0.3897413  ... 0.42062205 0.35248736 0.73619217],[337.0775  356.70947 365.7764  ... 362.98767 342.47568 414.87143],[360.16617 374.49847 388.20306 ... 380.8523  354.87692 435.1477 ],[327.63638 343.55228 351.83337 ... 350.17322 324.43365 404.7177 ],[0.         0.         0.         ... 0.         0.05688862 0.        ],1,1,5,210
[0.30129704 0.24639575 0.36896357 ... 0.2761696  0.25636005 0.47922492],[269.15836 250.7257  302.85712 ... 282.74884 265.01505 302.3713 ],[272.68945 260.22983 306.24844 ... 286.4969  275.32297 305.65216],[241.02344 231.10054 274.63318 ... 256.59872 245.29643 273.35745],[0.         0.         0.         ... 0.         0.04048238 0.        ],1,1,5,211
[0.36888993 0.         0.5813933  ... 0.05951121 0.16134833 0.57362366],[278.24176 224.30876 342.3397  ... 214.5237  229.39253 278.27972],[339.      270.28915 398.93573 ... 265.5221  273.81525 324.56226],[286.16257 220.36583 347.61658 ... 218.88174 228.06075 277.90857],[0.         0.         0.         ... 0.         0.08455303 0.        ],1,1,5,212
"[ 0.15348046  0.00791121 -0.00482427 ...  0.05122499  0.
  0.0775217 ]",[268.46237 247.94893 251.37366 ... 250.41129 239.4543  250.59677],[268.46237 247.94893 251.37366 ... 250.41129 239.4543  250.59677],[221.10535 198.80746 198.67978 ... 202.83507 192.65533 201.78813],[0. 0. 0. ... 0. 0. 0.],1,1,5,213
[0.07460076 0.07349008 0.18905967 ... 0.08683511 0.01587856 0.15770668],[239.64001 246.71216 271.34824 ... 244.68283 231.86627 251.2683 ],[254.53847 262.5953  288.47827 ... 265.66556 249.96655 265.31772],[215.86478 223.18407 248.88821 ... 228.28807 212.87257 227.6066 ],[0.         0.         0.         ... 0.         0.02444952 0.        ],1,1,5,214
"[ 0.13078918  0.2603764   0.02537676 ... -0.05069204  0.02246252
  0.15931466]",[192.86314 186.33261 171.59496 ... 137.43007 148.45169 167.54482],[301.74704 335.41843 290.52954 ... 249.08983 264.69977 277.409  ],[275.55386 310.73303 263.64392 ... 225.29362 239.91106 254.20464],[0.         0.         0.         ... 0.         0.01817938 0.        ],1,1,5,215
[0.1244759  0.00471471 0.02444765 ... 0.03580823 0.05991408 0.11275786],[245.19322 244.49698 253.56758 ... 241.19017 245.75117 253.92342],[251.7435  252.58365 262.07062 ... 252.2974  254.58736 259.7435 ],[227.40466 228.13362 236.65778 ... 229.52289 233.13803 237.18448],[0.         0.         0.         ... 0.         0.01935442 0.        ],1,1,5,216
[0.21201181 0.15289369 0.05507351 ... 0.         0.12843417 0.32344463],[264.1559  256.9268  246.33049 ... 213.98265 225.11005 262.9614 ],[302.12134 291.77823 275.92886 ... 244.44351 260.40585 295.09204],[269.40546 260.49646 241.52731 ... 213.89986 230.30542 264.39752],[0.         0.         0.         ... 0.         0.04249474 0.        ],1,1,5,217
[0.19024388 0.08873537 0.0414834  ... 0.14876826 0.10604262 0.12674245],[265.80554 255.61111 251.34723 ... 267.1361  257.82224 251.26944],[265.80554 255.61111 251.34723 ... 267.1361  257.82224 251.26944],[223.53256 213.59032 207.20264 ... 227.45593 218.119   209.3221 ],[0. 0. 0. ... 0. 0. 0.],1,1,5,218
"[ 0.09495188  0.10843765  0.2012161  ...  0.14661126 -0.02405739
  0.17710266]",[257.92648 264.32352 290.5098  ... 259.31863 217.04411 243.67647],[257.92648 264.32352 290.5098  ... 259.31863 217.04411 243.67647],[212.25388 218.25989 244.3609  ... 215.42133 174.95975 202.2886 ],[0.         0.         0.         ... 0.         0.02106301 0.        ],1,1,5,219
[0.10642245 0.12216696 0.24523443 ... 0.01929318 0.2610342  0.22269419],[248.05107 255.65456 281.5722  ... 227.21355 271.23648 252.36693],[249.62273 257.22726 283.1318  ... 228.79546 273.78638 253.9409 ],[219.3327  228.19217 252.2544  ... 201.52174 246.00385 225.33444],[0.         0.         0.         ... 0.04860219 0.         0.        ],1,1,5,220
"[ 0.03784848  0.03063406  0.19426596 ... -0.06291857  0.14355314
  0.13807279]",[254.6888  255.14427 285.0724  ... 227.18289 251.04594 242.8502 ],[264.477   264.27197 298.4226  ... 233.74059 266.69455 253.94142],[223.42282 223.60771 257.7484  ... 193.79184 228.22246 215.90906],[0.        0.0222175 0.        ... 0.        0.        0.       ],1,1,5,221
"[ 0.3589844   0.07229728  0.15722309 ... -0.06662374  0.18265215
  0.10294889]",[292.25    246.79878 264.55487 ... 220.47562 254.42683 237.37805],[292.25    246.79878 264.55487 ... 220.47562 254.42683 237.37805],[268.6492  223.41821 240.49051 ... 198.40057 232.23872 213.71393],[0.         0.         0.         ... 0.02569413 0.         0.        ],1,1,5,222
[0.1928691  0.17116441 0.3466622  ... 0.24548616 0.04907912 0.        ],[259.42023 263.57977 312.01065 ... 293.21277 250.71808 235.37766],[259.42023 263.57977 312.01065 ... 293.21277 250.71808 235.37766],[227.00513 231.92012 279.2523  ... 263.63892 221.22377 205.58563],[0. 0. 0. ... 0. 0. 0.],1,1,5,223
[0.19567744 0.21450995 0.0861577  ... 0.0992339  0.15508614 0.06876232],[242.98737 243.79443 236.65504 ... 215.04338 228.26816 207.3573 ],[267.9438  272.65088 254.1509  ... 241.3077  250.58876 232.81952],[236.73871 241.56938 222.5806  ... 211.60577 220.66211 202.51349],[0.         0.         0.         ... 0.02648207 0.         0.        ],1,1,5,224
[0.16872856 0.22248451 0.33010116 ... 0.         0.19714807 0.25663364],[248.4     278.28445 302.34222 ... 227.48    260.87112 256.68   ],[248.4     278.28445 302.34222 ... 227.48    260.87112 256.68   ],[207.26697 236.39467 258.2982  ... 188.55437 221.59532 217.3545 ],[0.         0.         0.         ... 0.         0.03811729 0.        ],1,1,5,225
[0.16228768 0.01933607 0.22815025 ... 0.05173568 0.00385825 0.15159133],[264.03378 249.83446 291.7466  ... 246.96284 237.21959 249.70609],[264.03378 249.83446 291.7466  ... 246.96284 237.21959 249.70609],[219.49252 205.88718 247.98781 ... 207.66179 194.92917 207.55486],[0.         0.01882077 0.         ... 0.         0.         0.        ],1,1,5,226
[0.         0.07243018 0.30792862 ... 0.16923025 0.0241378  0.05592838],[288.02405 318.64423 380.7404  ... 308.08173 269.6779  271.38943],[288.02405 318.64423 380.7404  ... 308.08173 269.6779  271.38943],[251.18936 279.86078 340.833   ... 269.22244 231.95734 234.79562],[0.         0.03138036 0.         ... 0.         0.         0.        ],1,1,5,227
[0.20923863 0.22429553 0.25693402 ... 0.34942073 0.4335462  0.2645773 ],[258.40665 264.83487 274.03326 ... 290.73352 302.39935 265.8612 ],[270.79343 279.94366 289.9202  ... 304.77936 320.2723  278.15494],[239.59221 249.18561 259.54764 ... 274.78302 289.64474 248.41203],[0. 0. 0. ... 0. 0. 0.],2,1,5,0
[0.27984032 0.21596968 0.25086045 ... 0.3525862  0.34256095 0.4104024 ],[334.59113 326.30182 339.03214 ... 330.383   321.4854  329.41998],[335.5613  327.95755 339.90567 ... 331.2264  324.4198  330.1887 ],[290.96082 288.53278 296.86426 ... 291.48343 286.16815 290.99896],[0. 0. 0. ... 0. 0. 0.],2,1,5,1
[0.3108491  0.27853265 0.14101173 ... 0.09929473 0.17763858 0.22292612],[276.58823 279.9647  256.27646 ... 247.71765 258.74707 260.82352],[276.58823 279.9647  256.27646 ... 247.71765 258.74707 260.82352],[247.48592 251.39697 226.61194 ... 219.51932 230.34167 232.22276],[0.         0.         0.         ... 0.03097794 0.         0.        ],2,1,5,2
[0.30065882 0.02225688 0.24006425 ... 0.1152065  0.12061908 0.2361644 ],[329.4842  298.0245  341.9597  ... 283.31003 264.2907  295.89764],[355.8673  324.29858 383.1943  ... 308.65402 305.3033  319.90994],[330.5774  299.22934 357.66937 ... 285.92963 283.03845 296.61105],[0.         0.         0.         ... 0.         0.02296565 0.        ],2,1,5,3
[0.27632964 0.13085772 0.21602602 ... 0.11247806 0.09156878 0.00132573],[255.158   239.02464 260.11072 ... 241.02673 225.01572 209.08983],[275.36682 255.78166 278.30566 ... 258.5895  244.57642 224.8297 ],[251.30318 230.6621  253.78441 ... 234.26447 220.77823 200.7932 ],[0. 0. 0. ... 0. 0. 0.],2,1,5,4
"[ 0.          0.05350681  0.13820444 ...  0.24380012 -0.00421628
  0.20940186]",[219.32188 234.20601 255.8927  ... 281.67383 231.93134 268.45923],[219.32188 234.20601 255.8927  ... 281.67383 231.93134 268.45923],[189.74669 205.33061 224.44232 ... 252.71516 202.83812 239.87996],[0. 0. 0. ... 0. 0. 0.],2,1,5,5
"[ 0.18323441  0.03850579  0.19128448 ...  0.06741393 -0.03215131
  0.03215131]",[256.23843 247.03558 280.72598 ... 248.29893 222.8007  222.5765 ],[256.23843 247.03558 280.72598 ... 248.29893 222.8007  222.5765 ],[213.16599 204.87167 234.97865 ... 204.75517 178.71901 179.5444 ],[0. 0. 0. ... 0. 0. 0.],2,1,5,6
[0.16450983 0.09057972 0.15463795 ... 0.11504286 0.03966462 0.09573449],[269.79523 255.9488  274.14676 ... 250.67235 231.69624 236.98976],[269.79523 255.9488  274.14676 ... 250.67235 231.69624 236.98976],[254.57971 241.05241 257.98248 ... 235.5223  217.25139 222.05684],[0. 0. 0. ... 0. 0. 0.],2,1,5,7
[0.         0.09102662 0.11586519 ... 0.09264532 0.07080727 0.20466407],[236.53284 267.19702 277.42422 ... 254.24612 242.87608 258.556  ],[245.67213 276.7869  285.05328 ... 265.14343 250.04099 267.94672],[212.21979 244.3379  251.86893 ... 233.56358 218.48006 235.26468],[0. 0. 0. ... 0. 0. 0.],2,1,5,8
[0.60524315 0.39425558 0.52904195 ... 0.25540724 0.3458951  0.18739665],[291.0575  260.12802 286.5941  ... 259.84143 256.07962 231.35759],[399.32144 358.41428 391.675   ... 335.27142 352.55    315.72858],[360.8361  322.92554 352.6184  ... 298.80466 317.12927 279.32114],[0. 0. 0. ... 0. 0. 0.],2,1,5,9
"[ 0.24221659  0.08287378  0.2912393  ... -0.05789481  0.26854083
  0.11265389]",[279.39575 267.2451  306.94702 ... 235.82553 291.78998 250.56682],[303.70242 294.2872  339.89618 ... 253.72664 306.84775 265.20068],[266.13126 255.97038 301.6736  ... 217.88423 271.8211  230.54565],[0.         0.         0.         ... 0.03444093 0.         0.        ],2,1,5,10
"[ 0.12334944 -0.02343983  0.06502452 ...  0.03990632  0.32539588
  0.22132456]",[271.9356  248.01807 277.08133 ... 260.80243 292.3622  245.38593],[292.58182 267.71274 298.41092 ... 280.98544 317.50546 275.4    ],[247.24313 225.33405 250.10674 ... 236.39908 275.54764 231.57912],[0.         0.         0.         ... 0.04044937 0.         0.        ],2,1,5,11
[0.         0.1974991  0.22877853 ... 0.18810359 0.3443133  0.6378565 ],[225.42108 262.21103 278.03207 ... 272.86633 270.94675 302.01395],[235.221   278.33148 291.4254  ... 282.65195 292.24863 331.43646],[182.62337 226.00923 234.89522 ... 228.05661 238.90274 280.0985 ],[0.047268   0.         0.         ... 0.         0.07843626 0.        ],2,1,5,12
"[ 0.18917559  0.          0.05413098 ... -0.02497056  0.14356126
  0.2380798 ]",[282.94894 254.82979 274.4383  ... 233.14894 261.94467 273.8213 ],[282.94894 254.82979 274.4383  ... 233.14894 261.94467 273.8213 ],[247.25397 218.36732 237.58255 ... 199.57712 227.39809 241.89632],[0.         0.         0.         ... 0.         0.04001763 0.        ],2,1,5,13
"[ 0.02334042 -0.02334042  0.01230461 ...  0.25087565  0.15325268
  0.10903297]",[276.64215 271.31772 289.09366 ... 293.72574 270.9565  263.34448],[276.64215 271.31772 289.09366 ... 293.72574 270.9565  263.34448],[225.21352 220.61919 235.53883 ... 244.20964 224.78983 213.77118],[0. 0. 0. ... 0. 0. 0.],2,1,5,14
[0.26470444 0.17206904 0.11192294 ... 0.06711303 0.04442462 0.04868628],[274.4409  267.18515 259.2565  ... 238.26744 230.2781  232.37349],[283.3107  270.45    262.95358 ... 241.61429 236.875   235.61072],[239.02956 226.07515 217.32135 ... 198.64757 194.4173  193.73419],[0. 0. 0. ... 0. 0. 0.],2,1,5,15
[0.20671669 0.2585121  0.36305922 ... 0.02895466 0.18377385 0.07861231],[287.1593  311.88052 336.98672 ... 266.9469  288.58408 274.75662],[287.1593  311.88052 336.98672 ... 266.9469  288.58408 274.75662],[232.58609 257.74603 277.64832 ... 213.49081 238.58939 219.83046],[0. 0. 0. ... 0. 0. 0.],2,1,5,16
[0.24366535 0.13524507 0.22245713 ... 0.1764102  0.16616128 0.34759548],[291.84464 279.6739  305.93094 ... 283.21585 261.65356 294.81494],[306.64816 298.31946 326.69907 ... 295.06018 284.125   314.56482],[236.57745 236.39665 257.3021  ... 228.52196 223.91177 256.03186],[0.         0.         0.         ... 0.         0.03260227 0.        ],2,1,5,17
[0.09387126 0.13218328 0.23170106 ... 0.08247539 0.24041271 0.15309986],[259.1184  267.1009  290.72806 ... 249.36842 264.36404 237.99123],[259.1184  267.1009  290.72806 ... 249.36842 264.36404 237.99123],[227.83464 237.32895 258.95807 ... 221.27187 235.19368 208.46196],[0.         0.01943109 0.         ... 0.0208831  0.         0.        ],2,1,5,18
[0.3115002  0.10247572 0.1283494  ... 0.1265422  0.         0.3803739 ],[275.0061  229.83475 242.04575 ... 206.47054 188.68773 232.77202],[351.50204 308.51028 314.2675  ... 294.6214  258.2716  322.80246],[326.56967 282.2538  287.94196 ... 268.6362  233.95024 297.17337],[0.      0.      0.      ... 0.      0.05641 0.     ],2,1,5,19
[0.01972673 0.12096547 0.04068359 ... 0.00294189 0.         0.08921592],[229.79    252.79    240.84334 ... 235.40666 232.47333 248.08333],[229.79    252.79    240.84334 ... 235.40666 232.47333 248.08333],[191.44707 214.87035 201.03041 ... 197.46988 195.69019 209.79329],[0. 0. 0. ... 0. 0. 0.],2,1,5,20
[0.59539026 0.4255169  0.41864324 ... 0.19686261 0.14885531 0.07813911],[377.66614 345.5691  346.52634 ... 267.0141  254.61707 249.63026],[417.96234 385.83218 390.96576 ... 307.48972 293.524   282.6404 ],[354.92175 322.79218 321.48093 ... 247.55606 237.99425 222.93404],[0.         0.         0.03672256 ... 0.         0.         0.        ],2,1,5,21
[0.5884575  0.38556513 0.4389182  ... 0.07177535 0.1788881  0.21054173],[380.0285  337.22336 357.0037  ... 247.59244 253.22401 256.9992 ],[383.1906  339.89737 362.78592 ... 252.2522  255.305   259.13782],[332.96198 295.60175 312.85754 ... 212.78934 212.72849 217.1025 ],[0.         0.         0.03984728 ... 0.03383073 0.         0.        ],2,1,5,22
[0.31444526 0.         0.50909996 ... 0.34994087 0.23382398 0.5625397 ],[252.64844 219.99219 303.73438 ... 310.60938 284.35156 299.35938],[252.64844 219.99219 303.73438 ... 310.60938 284.35156 299.35938],[213.48581 179.66483 261.3517  ... 265.01917 241.70465 255.90573],[0.         0.03733132 0.         ... 0.         0.03736323 0.        ],2,1,5,23
[0.24191427 0.07054277 0.15179333 ... 0.         0.19033602 0.1694186 ],[312.73126 286.89374 312.2469  ... 271.52188 297.58438 276.39374],[312.73126 286.89374 312.2469  ... 271.52188 297.58438 276.39374],[247.7067  226.0882  245.40608 ... 210.78273 238.23602 216.15625],[0.         0.         0.         ... 0.02923947 0.         0.        ],2,1,5,24
"[ 0.11114641  0.10726957  0.04596771 ... -0.00405961  0.12071113
  0.29110292]",[277.76605 299.47845 289.07556 ... 268.4693  287.76068 320.71408],[282.97278 305.87415 295.96597 ... 273.59183 294.9456  325.1905 ],[232.83531 256.4622  245.16203 ... 225.87364 247.54163 277.03787],[0.         0.         0.         ... 0.         0.03991077 0.        ],2,1,5,25
[0.33103403 0.03457048 0.24303207 ... 0.16046609 0.12829392 0.14804469],[304.50327 247.52493 284.3463  ... 258.04068 247.01288 237.68779],[325.4737  272.9173  315.78195 ... 281.87595 264.99625 255.38345],[278.65945 227.22038 268.948   ... 237.71089 222.52457 211.98662],[0. 0. 0. ... 0. 0. 0.],2,1,5,26
[0.28800815 0.1425481  0.02400475 ... 0.01939332 0.09568518 0.12279791],[333.16498 310.899   292.0909  ... 282.20538 292.13467 290.6027 ],[333.16498 310.899   292.0909  ... 282.20538 292.13467 290.6027 ],[293.0409  274.10596 253.94786 ... 247.59093 256.3603  254.8894 ],[0. 0. 0. ... 0. 0. 0.],2,1,5,27
[0.13782349 0.05048482 0.2596216  ... 0.00884998 0.08063009 0.1263317 ],[280.55045 263.8578  308.37155 ... 246.05046 258.84402 254.36238],[280.55045 263.8578  308.37155 ... 246.05046 258.84402 254.36238],[239.52705 225.0211  268.8149  ... 208.35419 221.85866 217.59723],[0.         0.01718026 0.         ... 0.         0.         0.        ],2,1,5,28
"[ 0.17269252  0.          0.22458248 ... -0.05146464  0.18143784
  0.39964452]",[264.42706 242.31891 299.41452 ... 230.15907 260.34308 289.51276],[286.01123 262.58054 319.02997 ... 246.01872 278.1648  303.36703],[245.04123 225.36678 276.4167  ... 208.87732 240.9198  266.58517],[0.         0.         0.         ... 0.         0.05400247 0.        ],2,1,5,29
"[ 0.32328317 -0.08818297  0.01961594 ...  0.09665898  0.03831024
  0.        ]",[279.35876 232.3735  250.45721 ... 236.03001 226.5804  218.73048],[307.44788 259.01932 281.43243 ... 272.56757 255.9112  246.47104],[269.455   218.06912 241.70767 ... 234.57327 219.5295  208.55211],[0.         0.         0.03376388 ... 0.         0.         0.        ],2,1,5,30
[0.00700617 0.21661362 0.13102154 ... 0.17624845 0.         0.35214677],[224.9649  274.22806 275.01755 ... 270.5351  233.14035 274.72806],[224.9649  274.22806 275.01755 ... 270.5351  233.14035 274.72806],[178.63258 228.0527  224.71684 ... 225.38141 189.17229 230.8887 ],[0.03015358 0.         0.         ... 0.         0.04704301 0.        ],2,1,5,31
[0.2086714  0.22252697 0.16969572 ... 0.0992782  0.         0.17965111],[264.89877 271.64838 266.24017 ... 245.62271 220.17744 241.66586],[280.72772 288.8119  282.7995  ... 258.099   238.07426 255.99753],[251.05888 257.91763 251.86366 ... 229.90154 208.65497 227.25134],[0.         0.         0.         ... 0.         0.02124278 0.        ],2,1,5,32
"[ 0.41982323  0.2268097  -0.15706047 ...  0.2375491   0.22217911
  0.22048749]",[321.1762  291.27753 242.56828 ... 306.37006 295.46695 290.44934],[321.1762  291.27753 242.56828 ... 306.37006 295.46695 290.44934],[274.7558  242.926   193.5141  ... 258.3653  250.72102 246.04742],[0. 0. 0. ... 0. 0. 0.],2,1,5,33
"[ 0.02398758 -0.01576348  0.23633736 ...  0.11251052 -0.11371724
  0.25768542]",[250.3793  244.99138 297.47845 ... 270.21982 219.85776 267.03018],[250.3793  244.99138 297.47845 ... 270.21982 219.85776 267.03018],[199.02043 195.22261 242.92035 ... 219.84444 173.12955 217.7425 ],[0.         0.02974172 0.         ... 0.         0.04018779 0.        ],2,1,5,34
[0.27262092 0.15739655 0.22022453 ... 0.04842637 0.04503257 0.03484453],[279.4689  272.614   294.2829  ... 256.68665 248.31451 249.52985],[290.08643 284.32098 302.30865 ... 265.90125 263.4105  257.2253 ],[265.37555 259.08606 275.12604 ... 241.7113  239.30537 231.8201 ],[0. 0. 0. ... 0. 0. 0.],2,1,5,35
[0.07569146 0.         0.04621951 ... 0.07179604 0.2349341  0.1305416 ],[228.52295 229.43303 239.17856 ... 217.0918  241.35571 222.5589 ],[276.48584 271.59515 293.36032 ... 261.53845 283.1822  261.3684 ],[231.9121  225.91467 244.68031 ... 218.17535 239.15672 218.00871],[0.         0.         0.04660057 ... 0.0233406  0.         0.        ],2,1,5,36
"[ 0.17490172 -0.00450911  0.15689519 ... -0.03849719  0.0540741
  0.11430992]",[253.73087 231.60335 264.44568 ... 218.87193 226.49179 229.50465],[256.82233 233.21828 266.47714 ... 223.07106 232.54315 231.58884],[232.46268 207.18715 240.59354 ... 199.46085 208.54152 207.12027],[0. 0. 0. ... 0. 0. 0.],2,1,5,37
[0.39974004 0.15154253 0.10343781 ... 0.         0.09418606 0.16476871],[296.86993 267.9711  276.237   ... 255.27168 267.96533 273.69653],[296.86993 267.9711  276.237   ... 255.27168 267.96533 273.69653],[250.02654 222.94608 226.96489 ... 211.31573 222.55359 229.3748 ],[0.         0.         0.         ... 0.         0.02910074 0.        ],2,1,5,38
[0.78839016 0.25023305 0.6950331  ... 0.17173137 0.05476941 0.18959332],[402.10394 303.25653 387.94113 ... 270.69324 241.9247  258.56943],[405.33334 309.58334 396.83334 ... 274.25555 245.      261.9111 ],[367.18594 271.06146 354.58234 ... 241.67441 210.68831 225.61115],[0.         0.         0.09046679 ... 0.         0.         0.        ],2,1,5,39
[0.13029107 0.14159988 0.23205405 ... 0.16244498 0.22337165 0.22278441],[245.04385 262.79385 289.3684  ... 267.8728  272.01315 262.51315],[245.04385 262.79385 289.3684  ... 267.8728  272.01315 262.51315],[194.3318  213.94339 236.03592 ... 221.23955 224.45282 213.73936],[0.         0.         0.         ... 0.03484305 0.         0.        ],2,1,5,40
[0.20591618 0.14765191 0.14138852 ... 0.         0.05897234 0.13990436],[266.415   259.86166 263.26877 ... 239.57707 248.92094 251.834  ],[266.415   259.86166 263.26877 ... 239.57707 248.92094 251.834  ],[234.98497 228.7959  230.40413 ... 207.59665 218.19545 220.62802],[0.         0.         0.         ... 0.         0.01626661 0.        ],2,1,5,41
[0.19229332 0.22585927 0.06906127 ... 0.08261547 0.08460037 0.0580439 ],[255.35126 270.00403 232.05962 ... 235.93137 232.38585 213.81712],[291.62866 304.02942 272.70587 ... 267.34192 263.33087 243.47058],[269.0903  280.41873 249.54573 ... 245.71614 240.99251 221.5457 ],[0. 0. 0. ... 0. 0. 0.],2,1,5,42
[0.22710308 0.13973162 0.17138945 ... 0.1556211  0.27552697 0.50471056],[291.53998 285.01492 299.0638  ... 269.71515 289.20474 295.70874],[305.80927 296.4742  306.7268  ... 284.59277 300.63403 305.6598 ],[244.39166 238.01723 245.3018  ... 228.63383 246.22057 249.45226],[0.         0.         0.         ... 0.03875358 0.04737105 0.        ],2,1,5,43
"[ 0.20732605  0.18173051  0.06943483 ... -0.01607933 -0.02028351
  0.11036213]",[237.99738 266.86856 246.98741 ... 214.46631 215.512   230.11375],[254.72081 275.54822 260.82742 ... 224.8934  223.71573 238.50253],[210.169   234.72629 216.99217 ... 184.48215 179.7533  197.12428],[0. 0. 0. ... 0. 0. 0.],2,1,5,44
[0.35068256 0.         0.07765935 ... 0.01864116 0.04743992 0.10635672],[283.9965  244.82172 278.1481  ... 233.3213  239.76486 244.25092],[289.13477 252.09703 283.58762 ... 243.33963 245.81941 251.25067],[262.5437  224.39067 254.99892 ... 215.79594 220.04424 224.16965],[0. 0. 0. ... 0. 0. 0.],2,1,5,45
[0.20156574 0.12449328 0.16310035 ... 0.02048119 0.00661242 0.09664821],[230.39702 216.01929 239.14305 ... 213.75618 212.49208 204.57263],[274.94788 260.69708 272.50162 ... 245.93486 238.74268 241.33876],[248.52122 235.57173 245.42535 ... 220.42294 212.56819 216.9898 ],[0. 0. 0. ... 0. 0. 0.],2,1,5,46
[0.31523588 0.12429275 0.07401488 ... 0.31368506 0.21275677 0.30406561],[224.4204  204.93837 214.30867 ... 306.8611  284.39417 289.9306 ],[261.59277 239.53093 240.99484 ... 342.62372 316.7732  329.59793],[246.67877 221.82147 225.69337 ... 324.5313  300.29858 313.29813],[0. 0. 0. ... 0. 0. 0.],2,1,5,47
"[ 0.21963629 -0.05288829  0.18816534 ...  0.07708346  0.20617619
  0.25372085]",[266.7742  226.96416 286.03943 ... 244.42294 268.10037 273.87454],[266.7742  226.96416 286.03943 ... 244.42294 268.10037 273.87454],[239.47818 198.51505 256.90445 ... 218.07098 240.94432 246.95909],[0.         0.         0.         ... 0.         0.03189505 0.        ],2,1,5,48
[0.11957885 0.05771726 0.0868774  ... 0.09490074 0.12500082 0.1741265 ],[241.81482 245.42284 256.36728 ... 254.75    249.23148 247.55556],[241.81482 245.42284 256.36728 ... 254.75    249.23148 247.55556],[189.78578 194.28984 204.05815 ... 204.71165 200.6985  198.54152],[0. 0. 0. ... 0. 0. 0.],2,1,5,49
[0.02750129 0.07556432 0.3059224  ... 0.12928985 0.26867253 0.20978346],[211.51675 234.19884 270.80313 ... 229.35864 248.76825 227.51688],[271.01248 288.8753  337.00998 ... 278.27432 310.22195 282.99503],[230.35484 248.10054 298.64777 ... 242.40825 271.55185 245.41612],[0.         0.02201013 0.         ... 0.04332668 0.         0.        ],2,1,5,50
[0.11430796 0.00438417 0.03228049 ... 0.02943639 0.         0.18841533],[256.36023 243.82245 257.41687 ... 248.94737 240.36293 267.745  ],[260.33084 247.09775 259.4624  ... 251.0564  242.9361  270.5639 ],[204.05727 191.66162 200.98363 ... 194.67819 187.97328 217.34631],[0.         0.         0.         ... 0.         0.02527946 0.        ],2,1,5,51
[0.20894827 0.07002664 0.09689195 ... 0.09239507 0.23794723 0.21767811],[281.65433 262.20987 272.3786  ... 264.50616 281.76132 264.34567],[281.65433 262.20987 272.3786  ... 264.50616 281.76132 264.34567],[249.3979  229.56711 235.82689 ... 231.14676 247.20114 231.42828],[0.         0.         0.05266678 ... 0.03586443 0.         0.        ],2,1,5,52
"[ 0.2222091   0.10822251  0.2156374  ...  0.05176035 -0.01342843
  0.05431429]",[267.63824 240.37567 270.35104 ... 228.10446 208.61592 230.73438],[322.53333 301.32593 332.05185 ... 281.12222 260.82224 274.24814],[261.1127  240.7947  265.19882 ... 223.17656 205.56848 213.56377],[0. 0. 0. ... 0. 0. 0.],2,1,5,53
[0.         0.17039877 0.233171   ... 0.20913123 0.01245204 0.12590976],[249.78891 284.80505 299.0145  ... 279.128   238.39186 246.94855],[250.74626 285.83582 300.18906 ... 280.08954 239.35822 247.87563],[207.3237  243.68811 256.7938  ... 238.24144 198.66843 207.5181 ],[0.         0.         0.02742144 ... 0.         0.         0.        ],2,1,5,54
[0.25348124 0.04964832 0.308403   ... 0.11821967 0.         0.01552575],[269.89407 235.91525 285.54236 ... 256.39407 229.86864 222.5805 ],[269.89407 235.91525 285.54236 ... 256.39407 229.86864 222.5805 ],[235.13284 203.87085 250.93384 ... 224.05754 198.97397 190.89919],[0. 0. 0. ... 0. 0. 0.],2,1,5,55
[0.17066516 0.09690466 0.15100098 ... 0.12239994 0.2167779  0.14009789],[273.39798 267.1209  282.6121  ... 281.8942  277.8111  262.3476 ],[273.39798 267.1209  282.6121  ... 281.8942  277.8111  262.3476 ],[222.62096 217.04132 232.17085 ... 234.19586 230.06255 212.96635],[0.         0.         0.         ... 0.03802608 0.         0.        ],2,1,5,56
[0.13724282 0.06445986 0.08627303 ... 0.15133256 0.00787804 0.10478974],[213.24788 217.50452 230.88133 ... 244.37582 213.15422 214.9184 ],[248.19577 250.12962 266.66666 ... 270.83862 240.16402 246.85449],[218.0687  221.1666  237.43954 ... 243.39316 213.41875 220.6957 ],[0. 0. 0. ... 0. 0. 0.],2,1,5,57
[0.5000541  0.17430988 0.0281107  ... 0.02785067 0.09015475 0.23671225],[345.03705 280.76666 275.50742 ... 249.1037  255.67778 273.75186],[345.03705 280.76666 275.50742 ... 249.1037  255.67778 273.75186],[307.0675  245.2579  237.33792 ... 215.32034 221.53279 236.32874],[0.         0.         0.         ... 0.         0.03897588 0.        ],2,1,5,58
[0.26640448 0.05048741 0.2731056  ... 0.05372966 0.20197994 0.06103442],[281.73022 249.37674 294.29767 ... 241.11627 267.47906 231.31628],[281.73022 249.37674 294.29767 ... 241.11627 267.47906 231.31628],[248.07518 217.10103 257.70352 ... 207.98306 234.7334  197.60294],[0. 0. 0. ... 0. 0. 0.],2,1,5,59
"[ 0.1168707  -0.01988488  0.14318424 ...  0.06567375  0.26791847
  0.07968484]",[225.82457 203.45374 239.5489  ... 206.22514 242.40527 213.8918 ],[259.12833 238.17699 280.00885 ... 250.66371 289.43805 248.14159],[235.20572 213.58218 255.11646 ... 228.04672 265.56784 224.96379],[0.         0.         0.         ... 0.03618829 0.         0.        ],2,1,5,60
[0.05175439 0.24009411 0.15256912 ... 0.03003968 0.00996851 0.        ],[241.33678 286.29886 276.49722 ... 253.33693 247.4696  231.75052],[245.42223 293.4     281.47223 ... 257.1889  251.47778 235.55   ],[218.81198 266.88028 252.26015 ... 229.61264 225.16507 210.67632],[0. 0. 0. ... 0. 0. 0.],2,1,5,61
[0.19964671 0.         0.23477839 ... 0.27315697 0.01847471 0.13186994],[205.17223 196.67392 229.70224 ... 253.06917 208.08789 213.66502],[254.57205 241.56769 290.27512 ... 303.77292 249.89957 262.1834 ],[231.24327 217.25195 267.20667 ... 280.9782  227.78455 240.49443],[0.        0.0304897 0.        ... 0.        0.        0.       ],2,1,5,62
[0.14779644 0.10921157 0.11297058 ... 0.11230122 0.03208069 0.13547258],[259.7853  264.24902 264.75342 ... 243.65817 220.36537 233.14212],[292.648 292.312 295.06  ... 269.712 247.148 255.68 ],[256.0629  252.18887 254.4427  ... 232.72392 212.6181  219.23305],[0.         0.02158949 0.         ... 0.         0.         0.        ],2,1,5,63
[0.19321471 0.1342457  0.         ... 0.01872315 0.37919664 0.29807878],[264.0239  261.92828 243.64542 ... 242.01593 286.92828 264.63345],[264.0239  261.92828 243.64542 ... 242.01593 286.92828 264.63345],[216.71999 214.54747 192.18611 ... 193.57434 238.15318 217.24046],[0.         0.         0.         ... 0.05595822 0.         0.        ],2,1,5,64
[0.         0.09676252 0.11465459 ... 0.08204357 0.10923184 0.13513334],[254.19392 279.62207 294.42145 ... 256.82025 257.521   251.92091],[274.86725 300.29498 311.9823  ... 273.58408 275.9233  271.40118],[210.31198 236.9896  242.10945 ... 214.61516 217.29785 215.74422],[0. 0. 0. ... 0. 0. 0.],2,1,5,65
[0.36673418 0.5475149  0.5531598  ... 0.05513339 0.07002032 0.02305732],[321.39117 358.0221  358.9779  ... 247.23975 247.17665 233.57098],[321.39117 358.0221  358.9779  ... 247.23975 247.17665 233.57098],[277.22864 314.5175  315.66904 ... 205.02644 204.70346 191.06187],[0.03490079 0.         0.         ... 0.         0.         0.        ],2,1,5,66
[0.15186039 0.00120173 0.20402375 ... 0.01779039 0.08504325 0.20901492],[187.91017 168.34773 214.41904 ... 184.66635 191.25311 187.35165],[256.05444 238.27507 285.52148 ... 257.745   267.0573  275.32666],[228.86713 212.68555 257.1322  ... 230.98895 241.30653 249.7598 ],[0.         0.         0.         ... 0.         0.03124913 0.        ],2,1,5,67
[0.28247193 0.09193346 0.19835737 ... 0.08007117 0.         0.04733527],[274.43658 246.43404 266.26645 ... 242.73233 227.12427 227.56398],[283.97305 251.49402 274.22754 ... 248.74251 231.88324 232.44012],[226.86223 198.70314 217.60837 ... 197.42204 178.57188 178.91287],[0. 0. 0. ... 0. 0. 0.],2,1,5,68
[0.33586323 0.23362115 0.18724933 ... 0.14929935 0.0484811  0.27952972],[241.70438 234.28223 231.99776 ... 208.40253 191.91986 219.2336 ],[293.35577 277.1875  273.3654  ... 254.51923 228.5     259.4904 ],[249.95361 237.31169 231.8911  ... 215.42615 189.05693 219.68173],[0. 0. 0. ... 0. 0. 0.],2,1,5,69
"[ 0.13140559  0.09533664  0.23796299 ... -0.00457712  0.0640539
  0.00848777]",[219.96533 221.442   256.60992 ... 192.71394 202.23851 196.29942],[264.49075 265.53394 304.31482 ... 239.75    249.97531 238.20987],[216.81366 220.74585 258.17297 ... 194.80301 205.02446 192.74692],[0. 0. 0. ... 0. 0. 0.],2,1,5,70
[0.2951953  0.05346839 0.18425196 ... 0.11245784 0.0058329  0.13177216],[266.08505 238.09854 261.08093 ... 235.59258 221.58855 235.84148],[301.61765 262.76837 294.10294 ... 261.18015 239.89706 258.25735],[273.35056 233.43329 264.4253  ... 234.46576 211.98328 231.93723],[0. 0. 0. ... 0. 0. 0.],2,1,5,71
"[ 0.18187526  0.0359669   0.13199635 ... -0.02648193  0.11660041
  0.20274207]",[257.79666 260.02872 279.91867 ... 228.6244  250.82776 256.26315],[257.79666 260.02872 279.91867 ... 228.6244  250.82776 256.26315],[213.39711 214.57455 234.72128 ... 185.59947 206.21797 211.94504],[0.         0.         0.         ... 0.         0.02923688 0.        ],2,1,5,72
[0.10998623 0.19287659 0.18816654 ... 0.1579139  0.224888   0.17150235],[237.17148 259.553   263.70456 ... 251.89276 254.40395 235.01126],[270.78317 287.03983 292.70798 ... 280.65488 285.18143 266.3053 ],[237.61171 259.54547 262.396   ... 253.58614 254.58183 237.65556],[0.         0.         0.         ... 0.03844388 0.         0.        ],2,1,5,73
[0.2388162  0.16599406 0.06660994 ... 0.03699723 0.         0.26680592],[250.92876 250.35005 231.43031 ... 206.5556  196.98067 227.23038],[290.375   298.8     281.61563 ... 259.90936 244.06876 267.99063],[259.7258  268.2392  250.65907 ... 230.4289  215.85493 239.52061],[0.         0.         0.         ... 0.         0.03552582 0.        ],2,1,5,74
[0.         0.13226701 0.10043915 ... 0.09305324 0.01851484 0.12691905],[269.342   289.839   306.95193 ... 272.29712 248.13957 266.20697],[279.0201  306.11057 317.6985  ... 282.7789  259.58795 277.39697],[227.14635 259.56308 261.97894 ... 234.7069  215.21506 229.705  ],[0. 0. 0. ... 0. 0. 0.],2,1,5,75
[0.10267689 0.03258646 0.08900815 ... 0.1695791  0.04060598 0.07106723],[225.48656 214.10349 232.01508 ... 240.33994 216.3401  214.31912],[235.38202 224.17978 241.38763 ... 253.20787 226.84831 226.42697],[204.2086  194.6317  210.59288 ... 222.67592 196.57397 196.66985],[0. 0. 0. ... 0. 0. 0.],2,1,5,76
[0.15940456 0.08556874 0.0803124  ... 0.08799358 0.121503   0.04380856],[258.0055  249.96703 248.0055  ... 254.68132 260.40384 237.65384],[258.0055  249.96703 248.0055  ... 254.68132 260.40384 237.65384],[234.38837 225.90164 225.60205 ... 232.06087 237.85579 214.61893],[0. 0. 0. ... 0. 0. 0.],2,1,5,77
[0.2238542  0.11083524 0.06679959 ... 0.16488196 0.2021634  0.09101889],[235.593   251.88953 252.80301 ... 263.3719  262.30884 231.89136],[271.69766 285.9023  285.2093  ... 287.9721  294.28372 270.16278],[219.03592 233.30232 228.10986 ... 235.63849 242.42863 219.89163],[0.         0.         0.02029489 ... 0.         0.         0.        ],2,1,5,78
"[ 0.25164017  0.          0.11262311 ...  0.05382473 -0.00532313
  0.06383663]",[249.2104  218.01883 250.42447 ... 231.37352 211.60213 226.35457],[289.64453 251.74086 282.37543 ... 262.72757 242.2824  253.80731],[261.7634  224.7382  254.13995 ... 235.19429 214.12479 224.93192],[0. 0. 0. ... 0. 0. 0.],2,1,5,79
[0.09452859 0.34579527 0.19676396 ... 0.10226048 0.00290165 0.11552108],[230.30078 285.92188 260.77734 ... 241.82422 222.66797 238.9961 ],[230.30078 285.92188 260.77734 ... 241.82422 222.66797 238.9961 ],[203.7326  258.66953 232.62544 ... 215.18877 196.57695 213.06772],[0. 0. 0. ... 0. 0. 0.],2,1,5,80
[0.23175818 0.09011812 0.11430044 ... 0.03029015 0.         0.25116426],[219.19925 212.27457 212.10965 ... 196.37123 186.25833 220.39854],[272.38513 261.8446  269.33447 ... 242.75    234.86148 268.4189 ],[226.26437 215.87642 222.56026 ... 201.0259  192.49695 225.43733],[0.         0.         0.         ... 0.         0.03949205 0.        ],2,1,5,81
"[ 0.21826483 -0.02074092  0.22755407 ...  0.14705934  0.04646409
  0.14757149]",[261.59628 226.12962 283.22223 ... 261.06296 232.75926 243.57777],[261.59628 226.12962 283.22223 ... 261.06296 232.75926 243.57777],[220.84512 184.18005 238.03632 ... 219.48189 191.18062 203.10919],[0.         0.01948778 0.         ... 0.         0.         0.        ],2,1,5,82
[0.11757098 0.11219615 0.         ... 0.05192821 0.10992387 0.05262921],[251.8988  258.7882  244.13544 ... 238.13974 242.89503 226.54037],[263.119   273.83286 256.06232 ... 248.98584 255.06232 236.62323],[228.67792 237.68753 218.48102 ... 215.09189 222.20985 203.48741],[0. 0. 0. ... 0. 0. 0.],2,1,5,83
"[ 0.26330653 -0.05358737  0.13366713 ...  0.          0.10828912
  0.13331445]",[256.2227  213.59663 249.42436 ... 226.39076 232.69328 226.29411],[256.2227  213.59663 249.42436 ... 226.39076 232.69328 226.29411],[219.24187 177.55609 211.87413 ... 190.90059 197.61288 190.9826 ],[0.         0.         0.         ... 0.02476971 0.         0.        ],2,1,5,84
[0.27141932 0.09764695 0.04658766 ... 0.08314189 0.06611647 0.2015022 ],[247.21938 216.87898 219.71945 ... 216.12138 206.83098 215.75127],[282.52765 258.6936  256.6681  ... 251.71063 240.61702 250.06808],[254.81253 232.82857 230.34792 ... 225.73853 215.30864 225.08849],[0.        0.        0.        ... 0.        0.0244655 0.       ],2,1,5,85
[0.4811548  0.27244425 0.56843233 ... 0.24371378 0.2807934  0.1660807 ],[347.03653 306.60178 357.71222 ... 299.9261  299.98166 250.26309],[372.74445 335.35184 392.67407 ... 318.85925 316.13333 265.99258],[328.56497 289.52414 348.33087 ... 276.4857  275.09494 226.50063],[0. 0. 0. ... 0. 0. 0.],2,1,5,86
[0.18480785 0.04875204 0.02313521 ... 0.04653819 0.23519456 0.22370414],[295.9205  265.6227  269.26422 ... 253.5603  283.6314  268.2655 ],[298.89883 274.79767 273.4747  ... 260.70816 286.99222 271.50195],[259.6077  236.76942 233.91791 ... 221.54259 249.75275 234.27269],[0.         0.         0.         ... 0.02626453 0.         0.        ],2,1,5,87
[0.30076542 0.16126485 0.29849696 ... 0.17641    0.05155478 0.25906515],[306.51764 287.72888 314.41974 ... 269.35605 248.22049 282.34534],[312.69116 295.35294 327.85663 ... 277.66544 252.90442 287.27206],[263.8286  248.58763 275.16562 ... 234.80936 210.15231 240.37218],[0. 0. 0. ... 0. 0. 0.],2,1,5,88
[0.02854617 0.02944899 0.00102997 ... 0.3446096  0.22882247 0.12334204],[230.13246 237.7494  230.01547 ... 284.31357 254.0484  224.7354 ],[264.0162  269.65588 263.86234 ... 323.7328  290.7166  263.6842 ],[238.23027 244.16833 238.90517 ... 298.99783 264.74704 238.14417],[0. 0. 0. ... 0. 0. 0.],2,1,5,89
[0.21821775 0.180357   0.16420105 ... 0.08621877 0.04897415 0.09507508],[249.06523 261.96106 275.38947 ... 259.49237 239.74727 236.49863],[263.04706 271.85098 285.28235 ... 269.6196  254.93333 254.19215],[217.15916 228.66609 239.0545  ... 227.762   211.92897 213.25212],[0. 0. 0. ... 0. 0. 0.],2,1,5,90
[0.05987596 0.13907582 0.02513668 ... 0.15591744 0.         0.22037321],[228.34236 240.03464 226.29572 ... 244.53548 204.55472 234.44266],[238.91946 254.18791 237.02014 ... 251.68457 217.81879 249.28188],[206.26712 221.18095 202.73878 ... 221.1395  185.81898 216.66284],[0. 0. 0. ... 0. 0. 0.],2,1,5,91
"[ 0.1385756   0.22000663  0.10298523 ... -0.02775304  0.07501764
  0.07213422]",[193.94733 226.88708 211.11858 ... 198.48755 198.71843 197.56174],[230.30367 265.8691  248.88481 ... 226.02094 239.82722 229.81152],[200.44882 237.90027 220.01715 ... 198.42798 212.97287 203.13887],[0. 0. 0. ... 0. 0. 0.],2,1,5,92
[0.         0.         0.03133668 ... 0.24771635 0.28223777 0.2912807 ],[202.53377 221.70454 232.68271 ... 255.96571 242.87544 236.17389],[229.75555 249.46666 259.65778 ... 278.40445 270.      259.94223],[206.25728 228.0133  237.62538 ... 257.27252 249.2353  239.1511 ],[0. 0. 0. ... 0. 0. 0.],2,1,5,93
"[ 0.36094785  0.10395204  0.09925114 ... -0.06119773  0.05436667
  0.16115665]",[265.44928 239.86182 249.37166 ... 229.07376 246.35522 253.71788],[285.47806 256.32196 261.0683  ... 240.41951 258.0878  271.73657],[259.65622 228.81992 231.52554 ... 212.5871  232.32703 242.36844],[0.         0.         0.         ... 0.         0.02740107 0.        ],2,1,5,94
[0.30802062 0.2317399  0.21783026 ... 0.1338493  0.02050607 0.22533262],[295.81778 290.17776 294.80444 ... 267.2489  243.15111 277.22665],[295.81778 290.17776 294.80444 ... 267.2489  243.15111 277.22665],[269.88214 262.3846  267.35532 ... 241.4528  218.73476 253.22392],[0.         0.         0.         ... 0.         0.02143583 0.        ],2,1,5,95
"[ 0.03285056  0.21404     0.1950035  ... -0.00942635  0.05398883
  0.13865188]",[225.95001 255.98352 248.36787 ... 207.6422  216.97162 205.28487],[269.29495 309.8741  309.77338 ... 251.25899 259.20505 255.61511],[244.86725 285.22137 281.5149  ... 224.16498 234.77232 230.49806],[0. 0. 0. ... 0. 0. 0.],2,1,5,96
[0.7562628  0.6474824  0.87224644 ... 0.38442943 0.46757331 0.455534  ],[384.0387  376.21112 413.80923 ... 326.50018 336.98184 328.03125],[394.492 380.36  428.036 ... 329.22  340.928 332.076],[345.52628 331.3018  374.35922 ... 282.69724 294.94147 285.1274 ],[0.         0.         0.05612945 ... 0.02894799 0.         0.        ],2,1,5,97
[0.15967955 0.14299959 0.25117162 ... 0.23282248 0.         0.20688123],[254.24815 259.94446 283.47778 ... 277.24814 226.57408 262.15927],[254.24815 259.94446 283.47778 ... 277.24814 226.57408 262.15927],[225.48022 230.27348 256.50574 ... 249.91315 198.16023 234.43153],[0. 0. 0. ... 0. 0. 0.],2,1,5,98
[0.3973298  0.08503214 0.17821024 ... 0.16779137 0.0221764  0.29513493],[290.93274 234.83406 271.3957  ... 257.99277 227.82187 268.78174],[293.26056 241.43661 273.92606 ... 261.20422 232.59155 272.80634],[272.24744 221.14703 252.54092 ... 240.28221 211.57565 251.83282],[0.         0.         0.         ... 0.         0.03195399 0.        ],2,1,5,99
[0.14500989 0.03567967 0.08390987 ... 0.17730327 0.23328856 0.18696795],[229.54552 237.84041 245.97932 ... 231.8161  238.25363 239.55634],[247.72864 254.22614 264.38693 ... 259.4975  266.64322 256.14572],[221.8447  227.67224 237.4778  ... 234.03845 240.85446 230.41208],[0. 0. 0. ... 0. 0. 0.],2,1,5,100
[0.08680882 0.03432252 0.12183917 ... 0.086822   0.10713116 0.36252463],[259.24817 246.10916 270.26016 ... 232.76385 234.06165 272.64615],[264.3158  254.74387 274.38947 ... 236.98947 238.2807  278.52982],[214.44798 206.77658 223.3963  ... 190.81392 193.19252 231.84438],[0.         0.         0.         ... 0.         0.04668454 0.        ],2,1,5,101
[0.1113617  0.08687085 0.1197238  ... 0.10283495 0.14285934 0.14793111],[244.1086  236.0585  250.29399 ... 240.54108 237.90855 235.96642],[249.99619 243.91222 256.25574 ... 244.55725 245.20993 244.17938],[194.71747 192.15689 201.46942 ... 193.16478 192.1992  190.04723],[0. 0. 0. ... 0. 0. 0.],2,1,5,102
"[ 0.34778523  0.18532054  0.03458976 ... -0.0366131   0.16440332
  0.15125749]",[274.4674  263.02878 245.95346 ... 235.12099 262.8588  262.03317],[290.6113  282.34796 258.17868 ... 248.72728 282.4953  278.19748],[267.2139  257.12192 231.08658 ... 223.99438 257.72205 254.45561],[0.         0.         0.         ... 0.         0.02322925 0.        ],2,1,5,103
"[ 0.24634865  0.0554142   0.05696486 ... -0.01274071  0.02786986
  0.11611794]",[290.45715 264.69525 275.1365  ... 241.15237 247.87936 258.78412],[290.45715 264.69525 275.1365  ... 241.15237 247.87936 258.78412],[245.37212 223.83592 228.94995 ... 200.68013 204.44203 216.69121],[0.         0.         0.         ... 0.         0.01507595 0.        ],2,1,5,104
[0.62537134 0.2144039  0.45040974 ... 0.21374267 0.07086219 0.16111724],[342.87387 307.7544  354.98337 ... 292.5239  269.11374 253.06169],[355.9017  315.9829  364.94873 ... 300.35043 274.12393 257.8889 ],[316.0939  275.39575 324.78067 ... 263.09644 234.7626  220.16438],[0. 0. 0. ... 0. 0. 0.],2,1,5,105
[0.0939554  0.01988016 0.10550628 ... 0.17551456 0.18010612 0.11014394],[236.54291 225.15283 236.81534 ... 245.20255 240.72523 223.93822],[261.05127 250.30199 267.1396  ... 269.64957 269.66098 246.98006],[216.61235 203.88202 220.86131 ... 225.94298 225.53387 201.17908],[0. 0. 0. ... 0. 0. 0.],2,1,5,106
[0.04463552 0.13327241 0.06350464 ... 0.01936669 0.05386478 0.04567379],[186.67584 215.86201 204.25658 ... 191.47696 198.11679 193.75668],[226.01366 255.59386 244.98294 ... 230.76451 235.90785 228.96928],[188.09964 217.94237 205.67972 ... 194.22585 198.30632 191.42265],[0. 0. 0. ... 0. 0. 0.],2,1,5,107
"[ 0.00109231  0.03833887 -0.01312498 ...  0.22565834  0.14391235
  0.39947185]",[233.30728 246.11974 244.52863 ... 266.06512 231.1915  258.60538],[251.80203 259.1066  257.54822 ... 279.30963 251.28427 281.82742],[213.73195 225.26857 219.7827  ... 245.16252 217.61998 248.95355],[0.         0.         0.02026811 ... 0.         0.03416741 0.        ],2,1,5,108
[0.26280755 0.10183975 0.40583885 ... 0.21880625 0.1615102  0.30173665],[279.5565  255.45517 313.69003 ... 264.68417 248.33064 274.3467 ],[308.88843 286.03305 354.06198 ... 302.3471  278.17355 304.1281 ],[258.8503  241.61586 301.14557 ... 252.994   231.93303 254.45758],[0. 0. 0. ... 0. 0. 0.],2,1,5,109
[0.03942912 0.09838684 0.25397435 ... 0.18759824 0.0861567  0.0741612 ],[257.69308 279.07254 314.10217 ... 271.3515  252.24846 240.44864],[261.5955  282.24023 317.02258 ... 277.20328 255.65913 244.10883],[233.46513 252.40572 286.95016 ... 249.27412 226.88695 217.05531],[0.         0.02804784 0.         ... 0.         0.         0.        ],2,1,5,110
[0.07379895 0.17859301 0.13466759 ... 0.04668592 0.15661152 0.11823909],[224.85092 243.42456 246.67609 ... 226.52382 224.60066 214.68369],[254.38828 275.77655 271.95605 ... 249.94505 249.66301 239.3956 ],[211.80708 232.91666 229.07144 ... 209.1686  207.49406 198.47705],[0.         0.         0.         ... 0.01656288 0.         0.        ],2,1,5,111
[0.15926854 0.04797655 0.39374474 ... 0.14143652 0.24060944 0.6804901 ],[266.0134  251.18404 320.39096 ... 271.02695 284.42142 337.70407],[292.14062 277.28516 354.19922 ... 294.5625  314.25    383.39453],[263.7491  248.3187  324.0951  ... 267.19553 286.98294 354.96243],[0.         0.02075204 0.         ... 0.         0.08973506 0.        ],2,1,5,112
[0.32833055 0.22315425 0.13350943 ... 0.         0.19513115 0.24177735],[301.3775  280.3253  297.96387 ... 258.00403 276.44577 271.6506 ],[301.3775  280.3253  297.96387 ... 258.00403 276.44577 271.6506 ],[243.45241 225.43471 237.01091 ... 196.98323 221.13362 215.2506 ],[0.         0.         0.         ... 0.04569546 0.         0.        ],2,1,5,113
[0.19901338 0.10865851 0.18282954 ... 0.13810593 0.05693277 0.16030547],[298.3852  269.46164 310.66068 ... 283.8957  251.2499  256.5673 ],[310.37112 284.28522 327.97937 ... 294.28522 269.11685 272.32645],[250.05255 233.82178 268.158   ... 240.27342 216.6833  223.49272],[0. 0. 0. ... 0. 0. 0.],2,1,5,114
[0.3467056  0.0838787  0.13953379 ... 0.09139115 0.         0.15403798],[273.3862  246.58997 263.78976 ... 250.43192 227.42609 249.75786],[275.5476  250.70634 266.03174 ... 253.96825 229.57143 252.13095],[244.44353 218.9259  234.98425 ... 223.71385 200.97217 221.77641],[0.         0.         0.         ... 0.         0.02177314 0.        ],2,1,5,115
[0.18694054 0.07848802 0.2565526  ... 0.20588319 0.25425065 0.31638974],[305.88837 290.79535 341.5442  ... 318.56744 324.6744  302.69766],[305.88837 290.79535 341.5442  ... 318.56744 324.6744  302.69766],[247.83629 238.00766 281.39597 ... 265.91727 273.82968 252.62581],[0.         0.         0.         ... 0.         0.03361243 0.        ],2,1,5,116
[0.28805828 0.05097684 0.3418846  ... 0.         0.15445046 0.16497295],[277.42102 256.27988 314.23566 ... 249.57373 262.30548 255.28723],[280.2638  259.23312 318.88342 ... 253.74846 270.8773  258.37424],[229.4554  211.2863  267.0445  ... 204.38852 225.14474 209.93521],[0.         0.         0.03840413 ... 0.03321163 0.         0.        ],2,1,5,117
[0.13814573 0.07744049 0.06876965 ... 0.10203318 0.02949118 0.16710666],[290.16345 291.05942 300.4579  ... 279.31403 260.7895  277.04385],[291.49185 291.66122 301.07492 ... 279.89902 261.72638 277.658  ],[220.81241 223.33209 226.40955 ... 214.73    196.66812 213.90515],[0. 0. 0. ... 0. 0. 0.],2,1,5,118
[0.17456917 0.14141436 0.10412078 ... 0.20751983 0.15379493 0.01528771],[267.4995  261.52585 265.41006 ... 274.18762 261.66943 228.94557],[270.41516 265.47577 268.70605 ... 278.84546 264.58182 232.8    ],[225.57913 221.91093 223.40594 ... 235.49278 221.22763 189.87079],[0. 0. 0. ... 0. 0. 0.],2,1,5,119
"[ 0.3582183   0.          0.19003293 ... -0.11455119  0.31136212
  0.26109228]",[302.72568 247.0354  287.0531  ... 216.0885  286.22125 256.40265],[302.72568 247.0354  287.0531  ... 216.0885  286.22125 256.40265],[259.8576  204.06244 243.59372 ... 175.7186  245.3073  215.62701],[0.         0.         0.         ... 0.05235392 0.         0.        ],2,1,5,120
[0.15674458 0.11662869 0.05956415 ... 0.01532385 0.06227731 0.03317654],[234.86102 230.36494 232.93042 ... 205.67317 214.45163 204.30107],[257.69412 258.3353  256.29117 ... 228.90883 237.8     227.93529],[221.90677 224.87646 220.62024 ... 195.9271  203.68083 193.50221],[0. 0. 0. ... 0. 0. 0.],2,1,5,121
[0.20858257 0.16551766 0.27193877 ... 0.41280177 0.16258235 0.12084916],[288.49564 286.68222 313.48688 ... 313.76385 257.55685 246.414  ],[288.49564 286.68222 313.48688 ... 313.76385 257.55685 246.414  ],[237.11801 235.01978 259.26193 ... 261.3592  208.34187 196.39767],[0. 0. 0. ... 0. 0. 0.],2,1,5,122
[0.2944911  0.09079735 0.14991459 ... 0.07397702 0.11817805 0.11175083],[316.9698  286.33234 302.82477 ... 276.3142  277.15408 254.10876],[316.9698  286.33234 302.82477 ... 276.3142  277.15408 254.10876],[257.73956 228.43587 240.22594 ... 218.09306 221.07793 198.24979],[0. 0. 0. ... 0. 0. 0.],2,1,5,123
[0.27841464 0.29841018 0.34739783 ... 0.11628511 0.09139916 0.22488427],[289.5935  282.02792 305.92188 ... 253.48558 238.70795 267.5583 ],[326.56793 332.34146 348.5122  ... 288.18814 281.91986 306.4007 ],[283.46817 289.8228  302.439   ... 247.00116 240.61206 265.51004],[0.         0.         0.         ... 0.         0.02368144 0.        ],2,1,5,124
[0.30150262 0.05455883 0.36188248 ... 0.11136976 0.37030023 0.27938035],[240.12553 224.85541 281.75604 ... 212.83684 237.55527 228.6942 ],[300.88235 269.14117 329.3     ... 253.37059 288.64117 260.77646],[255.37317 223.3745  284.60785 ... 214.91692 246.08278 218.06828],[0.         0.         0.         ... 0.04848577 0.         0.        ],2,1,5,125
"[ 0.17588152  0.10330874  0.26461315 ...  0.12489638 -0.01457573
  0.22997314]",[244.08139 243.11649 273.34494 ... 233.35957 204.91478 234.16032],[260.91418 257.47855 290.37955 ... 250.0165  217.13861 245.75247],[217.6036  215.08693 247.55206 ... 208.97774 174.63766 204.60054],[0.         0.         0.         ... 0.         0.03218515 0.        ],2,1,5,126
[0.10500258 0.02154765 0.13434023 ... 0.23820718 0.19620147 0.14462562],[255.17155 239.15063 262.54395 ... 265.4435  255.      243.841  ],[255.17155 239.15063 262.54395 ... 265.4435  255.      243.841  ],[225.12604 209.89882 232.34901 ... 237.32523 227.35684 215.06972],[0. 0. 0. ... 0. 0. 0.],2,1,5,127
[0.26789492 0.0203508  0.05784139 ... 0.003581   0.         0.26645988],[249.76234 208.68532 227.57574 ... 201.21106 193.25124 220.04445],[303.5142  265.19885 281.59375 ... 251.64488 248.3125  277.91476],[240.55331 208.1856  219.49794 ... 197.11778 191.97348 221.82423],[0.        0.        0.        ... 0.        0.0421309 0.       ],2,1,5,128
[0.18591112 0.15035693 0.09232822 ... 0.06144545 0.17581494 0.22159809],[247.88416 252.10872 241.44772 ... 230.05618 242.39252 238.79097],[282.95773 278.82394 269.919   ... 260.25    276.9155  272.74295],[241.99121 239.01157 229.15953 ... 220.3496  237.02312 234.78203],[0.         0.         0.         ... 0.03121639 0.         0.        ],2,1,5,129
"[ 0.20537078  0.29422897 -0.01878392 ...  0.05399364  0.02836335
  0.15270388]",[262.3035  283.1811  237.82718 ... 235.39584 224.24275 234.78398],[287.      312.96    260.87384 ... 264.97845 254.22154 264.0954 ],[228.89539 257.41782 203.50723 ... 209.15126 203.01028 208.99905],[0. 0. 0. ... 0. 0. 0.],2,1,5,130
[0.23397547 0.27646878 0.32878405 ... 0.31487414 0.1666707  0.47868875],[261.57425 272.38678 290.697   ... 274.9684  242.70392 283.01303],[268.09756 283.2073  301.61584 ... 286.55487 248.93903 291.2439 ],[243.70345 259.00754 275.9624  ... 261.5836  225.6253  267.07623],[0.         0.         0.         ... 0.         0.04215041 0.        ],2,1,5,131
[0.27712002 0.28706732 0.39810464 ... 0.43411818 0.43128633 0.34969217],[310.3952  315.31705 335.33478 ... 333.29358 330.57205 297.82477],[328.4223  334.08783 359.5777  ... 356.8784  352.0743  317.85474],[292.62967 298.98633 323.52063 ... 322.75983 317.4097  284.3214 ],[0. 0. 0. ... 0. 0. 0.],2,1,5,132
[0.22936529 0.2915308  0.27185303 ... 0.04480223 0.15323038 0.05638448],[259.45532 282.1795  299.23383 ... 249.76726 264.38116 241.34036],[276.9733  294.9122  320.0267  ... 264.1374  283.91986 253.96947],[243.83919 261.68143 286.13358 ... 234.09706 253.93794 223.89838],[0.         0.         0.         ... 0.02129818 0.         0.        ],2,1,5,133
[0.22670183 0.07213341 0.23404326 ... 0.10271713 0.14784276 0.14761178],[293.56906 273.2956  305.64917 ... 255.92265 259.30112 251.66022],[293.56906 273.2956  305.64917 ... 255.92265 259.30112 251.66022],[233.19994 212.45087 245.28204 ... 200.68137 202.09529 195.4104 ],[0. 0. 0. ... 0. 0. 0.],2,1,5,134
[0.12105313 0.00602489 0.0984202  ... 0.08120739 0.09370375 0.19799498],[261.769   252.8655  274.12866 ... 255.23685 255.83333 257.16666],[261.769   252.8655  274.12866 ... 255.23685 255.83333 257.16666],[229.82143 221.75159 240.34341 ... 224.41676 224.7172  227.797  ],[0.         0.         0.         ... 0.         0.01952259 0.        ],2,1,5,135
[0.11527019 0.0098809  0.11876697 ... 0.5688999  0.73226285 0.65259737],[271.14355 260.3812  283.43564 ... 367.10892 395.4802  378.2376 ],[271.14355 260.3812  283.43564 ... 367.10892 395.4802  378.2376 ],[230.69609 217.26476 238.76468 ... 324.61057 351.67215 335.81595],[0.         0.         0.05886081 ... 0.         0.         0.        ],2,1,5,136
[0.19252235 0.         0.08678415 ... 0.10354111 0.12947834 0.17349404],[290.56213 245.95448 272.46317 ... 259.03214 262.55652 256.17236],[319.56268 276.00836 298.81894 ... 288.42896 289.3064  280.18942],[270.1185  231.73308 249.94531 ... 245.14316 245.49277 235.65869],[0. 0. 0. ... 0. 0. 0.],2,1,5,137
"[ 0.24562563  0.16632597  0.04339729 ... -0.08218548  0.08218548
  0.20472224]",[250.215 247.5   235.21  ... 206.325 221.08  234.31 ],[250.215 247.5   235.21  ... 206.325 221.08  234.31 ],[210.5679  206.97107 194.2646  ... 167.33342 180.12263 195.23332],[0.         0.         0.         ... 0.         0.03522147 0.        ],2,1,5,138
"[ 0.1752633   0.0284584   0.16521394 ... -0.02284098  0.05763908
  0.05879058]",[276.29593 255.69728 289.93536 ... 238.91837 250.17686 242.4762 ],[276.29593 255.69728 289.93536 ... 238.91837 250.17686 242.4762 ],[240.88408 221.14532 253.88298 ... 206.16711 217.27017 210.25726],[0. 0. 0. ... 0. 0. 0.],2,1,5,139
"[ 0.07816692  0.21857053 -0.023548   ... -0.00487865  0.06376658
  0.00481103]",[210.02118 246.76875 198.59373 ... 197.02382 208.2039  193.38052],[258.64496 285.78876 247.70787 ... 232.76854 245.37303 232.36404],[221.8586  251.00844 210.71112 ... 199.93695 210.91936 198.04515],[0. 0. 0. ... 0. 0. 0.],2,1,5,140
"[ 0.14379135  0.13744897 -0.02710041 ...  0.09373518  0.08428185
  0.        ]",[268.87024 266.90234 244.46281 ... 258.22446 250.39143 231.25749],[270.92044 268.7803  246.52652 ... 261.3106  252.51894 233.36743],[244.3309  243.70695 216.50053 ... 234.66    226.53477 207.35237],[0. 0. 0. ... 0. 0. 0.],2,1,5,141
"[ 0.14444864 -0.02093214  0.18502825 ...  0.00224789 -0.08642135
  0.08996954]",[226.96698 207.62012 248.87085 ... 213.08913 197.67903 198.17015],[263.22614 244.1608  283.37186 ... 239.75377 223.09045 231.1608 ],[225.31932 205.44438 243.17874 ... 202.5323  185.29414 195.51768],[0.         0.03897908 0.         ... 0.         0.         0.        ],2,1,5,142
[0.05728141 0.40692177 0.2739046  ... 0.09393769 0.20382953 0.2581934 ],[233.2027  324.17657 296.98245 ... 273.68854 283.09726 274.06433],[250.53645 330.34897 309.70312 ... 284.90103 294.77084 279.64062],[203.90498 284.8993  261.55725 ... 236.92297 250.86653 235.25453],[0.03724302 0.         0.         ... 0.         0.         0.        ],2,1,5,143
[0.         0.00605383 0.41090727 ... 0.         0.21294212 0.29039922],[255.14828 255.15453 329.48022 ... 241.524   273.2277  275.4157 ],[260.54236 261.34744 343.6229  ... 246.4322  277.3771  282.7839 ],[208.97867 214.05695 290.69275 ... 202.10266 230.5942  234.4043 ],[0.         0.03956995 0.         ... 0.         0.04059378 0.        ],2,1,5,144
[0.27845192 0.08758215 0.01982949 ... 0.07692601 0.10847664 0.2347873 ],[286.27576 262.18216 270.34137 ... 254.3562  260.05643 277.9461 ],[303.97467 278.3671  284.62024 ... 271.07596 275.35443 295.48608],[260.47318 235.44351 235.63228 ... 230.18712 233.23137 254.40823],[0.         0.         0.         ... 0.         0.02931836 0.        ],2,1,5,145
[0.         0.05852421 0.10669862 ... 0.22470239 0.11439724 0.22692983],[228.13344 248.2032  251.02124 ... 261.8482  238.58813 237.27893],[241.56345 261.32486 273.79187 ... 279.32996 253.90355 253.69543],[208.7872  227.61194 240.19997 ... 247.60507 221.78668 223.26138],[0. 0. 0. ... 0. 0. 0.],2,1,5,146
[0.40843973 0.30482793 0.06951033 ... 0.25081766 0.2874894  0.3752344 ],[341.1156  333.49133 289.54337 ... 298.31793 298.74567 297.2601 ],[341.1156  333.49133 289.54337 ... 298.31793 298.74567 297.2601 ],[293.93524 287.4681  242.00027 ... 251.10022 255.0289  253.56789],[0.         0.         0.         ... 0.05205289 0.         0.        ],2,1,5,147
[0.22327532 0.04960647 0.03456423 ... 0.11760941 0.10699106 0.1181912 ],[292.5015  262.63364 262.1982  ... 252.14714 249.23424 245.73273],[292.5015  262.63364 262.1982  ... 252.14714 249.23424 245.73273],[247.67194 218.1658  216.10521 ... 209.60738 206.33038 202.83907],[0. 0. 0. ... 0. 0. 0.],2,1,5,148
[0.38075626 0.1554948  0.18750222 ... 0.07702384 0.05773484 0.18556906],[206.156   191.44586 200.31697 ... 183.24565 184.11168 186.08087],[277.16235 257.2583  267.21402 ... 248.60886 239.16237 252.51291],[240.72719 220.14563 229.12756 ... 211.90585 202.70107 215.44029],[0.         0.         0.         ... 0.         0.01915089 0.        ],2,1,5,149
"[ 0.26936775  0.03576522  0.0111776  ... -0.02729079  0.08971921
  0.20982721]",[258.5049  228.06372 233.96078 ... 218.0245  228.80392 245.57843],[258.5049  228.06372 233.96078 ... 218.0245  228.80392 245.57843],[226.61234 195.73317 201.45557 ... 187.6758  196.8851  213.3269 ],[0.         0.         0.         ... 0.         0.03402628 0.        ],2,1,5,150
[0.2759244  0.40461263 0.14644684 ... 0.07853175 0.13547133 0.26042727],[303.69208 336.21637 288.1467  ... 265.58795 276.44717 292.03613],[304.2987  336.763   288.73053 ... 266.16882 277.0357  292.5909 ],[271.24057 302.6858  254.28638 ... 233.86813 243.48604 261.00095],[0.         0.         0.         ... 0.         0.02596884 0.        ],2,1,5,151
"[ 0.29081568  0.35919255 -0.00044191 ...  0.15991034  0.04625697
  0.10529386]",[235.57367 257.0059  216.58176 ... 237.69695 222.89806 204.43881],[280.45724 300.7566  250.81908 ... 269.75    249.28618 241.63815],[247.3952  269.55893 215.7062  ... 238.77608 215.30757 209.6565 ],[0. 0. 0. ... 0. 0. 0.],2,1,5,152
"[ 0.2843134  -0.06298758  0.07724353 ...  0.14088815  0.1655587
  0.21232265]",[278.28098 234.84561 257.22446 ... 272.46515 273.73563 281.1273 ],[295.0336  247.0252  276.18066 ... 282.2605  285.91177 293.86554],[260.3471  211.20006 237.62346 ... 245.29958 249.82846 256.50842],[0. 0. 0. ... 0. 0. 0.],2,1,5,153
[0.25891593 0.18561698 0.00094642 ... 0.17932269 0.06655079 0.1840519 ],[195.96642 192.41525 183.57208 ... 177.06673 160.13956 171.31084],[332.1133  321.9409  303.19705 ... 289.20197 257.18225 266.4729 ],[292.01297 284.7364  259.99966 ... 253.06993 220.6465  230.2621 ],[0. 0. 0. ... 0. 0. 0.],2,1,5,154
[0.08094686 0.15035027 0.20057519 ... 0.02077743 0.21706074 0.28308216],[238.94237 248.67053 263.23605 ... 227.7544  256.45755 246.3288 ],[262.64508 275.0817  291.15775 ... 251.8338  279.0676  277.28732],[220.45557 234.74747 248.42139 ... 210.16281 240.1588  236.39429],[0.         0.         0.         ... 0.05228556 0.         0.        ],2,1,5,155
[0.19927299 0.00605793 0.15439406 ... 0.11798293 0.32871994 0.06817431],[250.50885 230.22122 248.82661 ... 250.17203 290.2496  227.4173 ],[292.67282 267.89862 299.14746 ... 292.8249  328.2811  266.01382],[237.65318 213.42963 241.82597 ... 241.1891  276.51352 213.49496],[0.         0.02195407 0.         ... 0.0423012  0.         0.        ],2,1,5,156
[0.18409543 0.17071317 0.12704413 ... 0.01856186 0.40258577 0.26843017],[278.21384 278.89743 265.91122 ... 240.90045 294.01422 252.74734],[310.5256  306.17407 309.43344 ... 265.64847 331.00342 283.51535],[266.83508 266.14288 263.61053 ... 227.36177 292.10034 242.29099],[0.         0.         0.         ... 0.05827007 0.         0.        ],2,1,5,157
[0.22425343 0.12468345 0.06077855 ... 0.19727044 0.08917684 0.34051898],[256.7383  252.14954 249.8458  ... 266.64487 238.27103 262.71964],[256.7383  252.14954 249.8458  ... 266.64487 238.27103 262.71964],[209.33965 207.06442 202.68576 ... 221.03256 194.41144 219.11888],[0.         0.         0.         ... 0.         0.03806151 0.        ],2,1,5,158
[0.22102037 0.21570195 0.3249527  ... 0.09727471 0.13667391 0.03075724],[313.78012 319.83313 368.91687 ... 291.98923 296.7988  274.65118],[314.35693 321.80615 371.19385 ... 293.20306 297.3723  275.27383],[261.80862 270.0254  317.4187  ... 239.76396 246.95584 223.91821],[0. 0. 0. ... 0. 0. 0.],2,1,5,159
[0.20305425 0.0710148  0.2183866  ... 0.         0.07272309 0.18340498],[269.95425 251.0633  287.65527 ... 231.93156 237.53569 240.84503],[311.7631  293.0303  330.75482 ... 273.83197 280.36365 286.04132],[277.13806 259.55896 291.45438 ... 238.8049  245.75356 251.88832],[0. 0. 0. ... 0. 0. 0.],2,1,5,160
[0.21747862 0.06407823 0.17728557 ... 0.08284036 0.         0.26862663],[221.58159 211.07526 228.67467 ... 214.096   196.30077 214.74158],[274.13132 250.81313 275.75253 ... 255.69698 235.50505 270.0808 ],[244.50443 221.05232 245.28764 ... 226.93214 205.59596 242.08266],[0.         0.         0.         ... 0.         0.03323686 0.        ],2,1,5,161
[0.50631696 0.03348705 0.21672414 ... 0.06257915 0.02176982 0.14410482],[326.60474 266.22095 307.83298 ... 259.9276  249.7666  266.07425],[327.57574 267.26767 309.02524 ... 260.90405 250.74748 267.01514],[303.64362 243.0915  283.89868 ... 236.83627 226.36284 243.16122],[0. 0. 0. ... 0. 0. 0.],2,1,5,162
"[ 0.10286286 -0.02048657  0.00644806 ...  0.21706156  0.10490713
  0.25175014]",[257.793   242.74635 256.67056 ... 265.33237 241.64432 261.414  ],[257.793   242.74635 256.67056 ... 265.33237 241.64432 261.414  ],[226.46103 211.92288 225.19887 ... 236.59293 211.05234 231.85562],[0.         0.         0.         ... 0.         0.01639873 0.        ],2,1,5,163
[0.10116315 0.08049742 0.02678586 ... 0.02442228 0.11612253 0.03396742],[255.44647 260.15167 251.78058 ... 241.90234 248.9414  235.00656],[257.14285 261.73428 253.49715 ... 244.48572 253.22571 237.31143],[213.96646 217.62123 209.38664 ... 202.30168 211.06688 195.03896],[0. 0. 0. ... 0. 0. 0.],2,1,5,164
[0.17176798 0.14200503 0.15305926 ... 0.05006224 0.03719647 0.00271581],[238.5619  235.29953 248.74171 ... 230.71727 225.75731 218.92384],[264.3195  265.73245 275.2104  ... 255.75066 253.86754 247.26234],[229.79471 231.87326 240.50711 ... 222.04387 219.55981 213.09708],[0. 0. 0. ... 0. 0. 0.],2,1,5,165
[0.11965092 0.10027919 0.07123762 ... 0.04602713 0.0179317  0.1379203 ],[237.26785 245.40775 246.35417 ... 230.96428 225.29465 247.82143],[237.26785 245.40775 246.35417 ... 230.96428 225.29465 247.82143],[215.882   224.08014 223.80896 ... 211.00282 205.16301 226.72139],[0.         0.         0.         ... 0.         0.02219989 0.        ],2,1,5,166
[0.34686366 0.06947109 0.06981    ... 0.00512685 0.18091781 0.15567042],[285.99637 266.20364 271.9673  ... 244.71272 276.7891  251.5891 ],[285.99637 266.20364 271.9673  ... 244.71272 276.7891  251.5891 ],[238.46689 217.74908 223.55728 ... 201.32011 230.62042 206.2467 ],[0. 0. 0. ... 0. 0. 0.],2,1,5,167
[0.09705435 0.04474961 0.15860543 ... 0.05448571 0.15263973 0.15229395],[270.7938  263.33972 279.90622 ... 244.7825  255.68835 254.44751],[294.327   280.44107 312.74905 ... 261.0152  280.43347 275.55515],[269.558   258.7087  289.39465 ... 237.67584 257.86044 252.71298],[0. 0. 0. ... 0. 0. 0.],2,1,5,168
[0.24010298 0.218208   0.12535681 ... 0.002811   0.01227638 0.22158732],[269.1674  279.06903 271.4914  ... 240.18153 238.40999 256.49203],[290.6347  296.3653  289.01828 ... 256.87213 257.54794 273.55707],[254.58234 260.58453 251.32837 ... 221.17657 221.12224 239.1004 ],[0.         0.         0.         ... 0.         0.03557252 0.        ],2,1,5,169
[0.2258266  0.28631184 0.15094297 ... 0.02575638 0.06513439 0.3506502 ],[245.37703 268.819   259.05978 ... 219.17236 227.59547 255.54117],[267.3846  284.41922 278.1423  ... 245.11923 246.62692 280.83847],[230.84578 248.71454 239.29999 ... 208.62537 211.6001  245.62881],[0.        0.        0.        ... 0.        0.0500412 0.       ],2,1,5,170
"[ 0.13086922  0.18292837  0.22356093 ... -0.02206791  0.07302076
  0.15585172]",[252.3232  273.77948 285.87073 ... 239.24335 249.07225 263.11026],[252.3232  273.77948 285.87073 ... 239.24335 249.07225 263.11026],[204.25842 226.21779 236.36728 ... 190.84174 203.21059 213.79181],[0.         0.         0.         ... 0.         0.02594485 0.        ],2,1,5,171
[0.19205543 0.         0.         ... 0.07815237 0.24517544 0.07242293],[289.23117 254.39247 259.76883 ... 266.05377 284.1129  249.10216],[289.23117 254.39247 259.76883 ... 266.05377 284.1129  249.10216],[238.92807 206.34761 208.63924 ... 220.52774 237.81367 202.77072],[0.         0.         0.         ... 0.03280012 0.         0.        ],2,1,5,172
[0.12502986 0.06701461 0.06905924 ... 0.04678364 0.15578823 0.04116546],[245.72592 243.0441  247.95653 ... 241.65169 249.74135 225.32025],[251.79124 249.6633  252.04713 ... 245.49832 254.30977 230.76094],[231.70479 227.56346 230.23961 ... 224.46289 234.94566 209.3232 ],[0.         0.         0.         ... 0.02117508 0.         0.        ],2,1,5,173
[0.17054857 0.00123691 0.05784716 ... 0.17865415 0.07434567 0.12807123],[264.2383  233.5388  242.04994 ... 253.43954 235.02353 231.5213 ],[285.0378  258.2269  273.39917 ... 279.2605  255.9748  254.14706],[261.76743 235.93918 247.8362  ... 256.60333 231.79369 233.1429 ],[0. 0. 0. ... 0. 0. 0.],2,1,5,174
"[ 0.5260328   0.16832124  0.32635003 ... -0.01048288  0.19494492
  0.16202295]",[331.78275 281.60388 313.56415 ... 240.94296 276.37503 258.65475],[361.02023 296.5425  329.91904 ... 256.91498 292.64777 272.20242],[315.02487 251.04329 281.41046 ... 214.274   248.54869 227.38882],[0.        0.        0.        ... 0.0315384 0.        0.       ],2,1,5,175
[0.1267301  0.08258504 0.00290096 ... 0.0125235  0.06670395 0.2566269 ],[258.0047  254.1784  242.38968 ... 242.22066 246.47418 272.96713],[258.0047  254.1784  242.38968 ... 242.22066 246.47418 272.96713],[231.62607 227.37347 215.98398 ... 216.69122 220.82968 247.6588 ],[0.         0.         0.         ... 0.         0.03747319 0.        ],2,1,5,176
[0.2454698  0.17455757 0.17080674 ... 0.19282436 0.10045922 0.3440546 ],[264.8996  273.40964 273.15262 ... 272.33334 247.64256 274.21286],[264.8996  273.40964 273.15262 ... 272.33334 247.64256 274.21286],[226.36726 236.07889 237.16359 ... 239.11615 213.08699 239.48521],[0.        0.        0.        ... 0.        0.0333043 0.       ],2,1,5,177
[0.20078829 0.         0.14551261 ... 0.01785726 0.04642952 0.11168894],[270.65167 245.34889 277.18787 ... 248.05641 246.0013  237.5367 ],[275.3806  249.70589 281.79932 ... 252.35294 250.29758 243.78546],[248.84952 222.77701 253.08897 ... 225.63792 223.81741 218.57068],[0.         0.         0.02389401 ... 0.01604207 0.         0.        ],2,1,5,178
"[ 0.3239979   0.17927396  0.2508121  ...  0.05739934 -0.00357396
  0.01581704]",[276.91943 263.44394 281.73257 ... 227.36201 217.45328 213.66159],[347.87415 323.37756 341.35715 ... 280.06464 268.31293 266.87076],[301.51562 278.6278  293.86847 ... 237.97784 224.84732 226.39029],[0.         0.         0.02122356 ... 0.         0.         0.        ],2,1,5,179
"[ 0.10224946 -0.05693297  0.20919351 ...  0.00956912 -0.00584119
  0.06191915]",[238.04225 223.79813 275.2723  ... 219.07982 212.48357 219.92958],[238.04225 223.79813 275.2723  ... 219.07982 212.48357 219.92958],[190.86931 177.43716 225.1264  ... 173.28299 167.78648 174.58612],[0.         0.02303231 0.         ... 0.         0.         0.        ],2,1,5,180
[0.29060835 0.19650327 0.20896262 ... 0.06062291 0.         0.2553687 ],[270.4878  256.5784  271.43207 ... 246.10452 229.11497 254.36934],[270.4878  256.5784  271.43207 ... 246.10452 229.11497 254.36934],[221.23961 207.11755 219.83368 ... 197.01181 180.19214 206.32056],[0.         0.         0.         ... 0.         0.03786637 0.        ],2,1,5,181
[0.354516   0.09984979 0.07270812 ... 0.         0.40890893 0.02629622],[293.      259.9087  257.71738 ... 238.21304 293.43478 219.06087],[293.      259.9087  257.71738 ... 238.21304 293.43478 219.06087],[260.3651  227.09383 225.40251 ... 207.37856 262.35263 187.42741],[0.         0.         0.         ... 0.04401839 0.         0.        ],2,1,5,182
"[ 0.23070201  0.04061437  0.22466257 ... -0.13101532  0.19605747
  0.28796756]",[253.60916 227.67378 270.91025 ... 195.33894 242.41124 240.44133],[276.7824  246.03703 288.9074  ... 215.47223 263.72684 263.23148],[250.41844 221.95659 264.39914 ... 191.80876 240.37148 239.78484],[0.         0.         0.         ... 0.         0.04115336 0.        ],2,1,5,183
[0.04859206 0.139809   0.30636755 ... 0.         0.05643882 0.14700125],[252.22545 270.8     305.54544 ... 241.91637 240.71272 254.56   ],[252.22545 270.8     305.54544 ... 241.91637 240.71272 254.56   ],[216.24995 236.24889 268.75552 ... 206.44476 207.37357 218.85765],[0.         0.         0.04470579 ... 0.         0.0252505  0.        ],2,1,5,184
[0.13839307 0.076904   0.07369143 ... 0.01857957 0.25418767 0.139664  ],[246.95653 248.67827 253.13913 ... 240.21304 274.32608 250.85217],[246.95653 248.67827 253.13913 ... 240.21304 274.32608 250.85217],[201.40497 202.96884 206.84074 ... 195.58578 229.90381 208.02597],[0.         0.         0.         ... 0.03986315 0.         0.        ],2,1,5,185
[0.47935253 0.22824422 0.27143958 ... 0.06088025 0.14332095 0.02168653],[343.12646 310.2853  319.60294 ... 263.23236 272.78824 249.23235],[343.12646 310.2853  319.60294 ... 263.23236 272.78824 249.23235],[288.87057 257.84082 266.77823 ... 208.92174 222.27777 195.90514],[0. 0. 0. ... 0. 0. 0.],2,1,5,186
[0.13771492 0.19765016 0.25113234 ... 0.1213545  0.01323136 0.11943798],[236.9     259.8857  275.55    ... 245.45    223.8     233.13571],[236.9     259.8857  275.55    ... 245.45    223.8     233.13571],[193.9853  219.14272 234.3408  ... 206.27419 184.1472  193.77922],[0. 0. 0. ... 0. 0. 0.],2,1,5,187
[0.04270442 0.09474783 0.07142282 ... 0.09295083 0.08203363 0.1576562 ],[230.0356  243.55016 241.40776 ... 233.9547  224.59547 236.42072],[230.0356  243.55016 241.40776 ... 233.9547  224.59547 236.42072],[198.71378 211.9501  208.07103 ... 203.07681 194.16377 206.03767],[0.         0.         0.         ... 0.01965685 0.         0.        ],2,1,5,188
[0.2305848  0.28318724 0.12214099 ... 0.2863866  0.1077365  0.24437997],[278.8191  289.6985  278.11557 ... 291.25125 249.09547 274.402  ],[278.8191  289.6985  278.11557 ... 291.25125 249.09547 274.402  ],[236.35876 249.1642  236.042   ... 250.74513 209.0848  232.98038],[0. 0. 0. ... 0. 0. 0.],2,1,5,189
[0.1770505  0.11215176 0.13523579 ... 0.07764165 0.28055093 0.09656098],[280.31296 283.23383 295.3741  ... 265.58273 299.41367 255.41367],[280.31296 283.23383 295.3741  ... 265.58273 299.41367 255.41367],[243.77696 249.17978 254.26868 ... 229.02835 264.7616  221.41614],[0. 0. 0. ... 0. 0. 0.],2,1,5,190
[0.08124972 0.054025   0.3689016  ... 0.06844967 0.18617919 0.15352775],[265.9329  267.25488 330.90244 ... 250.38046 266.87085 261.72885],[288.32397 290.84424 360.94394 ... 278.66354 290.85358 284.27725],[237.56668 239.98466 305.28467 ... 226.63481 242.21414 233.08644],[0.         0.03286968 0.         ... 0.03431685 0.         0.        ],2,1,5,191
[0.44050735 0.02142159 0.11188237 ... 0.12170728 0.32187054 0.43640843],[288.91904 227.86191 253.01428 ... 274.36667 278.3095  294.3619 ],[288.91904 227.86191 253.01428 ... 274.36667 278.3095  294.3619 ],[251.01396 189.72743 215.7021  ... 238.25339 239.88292 258.45468],[0.        0.        0.        ... 0.0662332 0.        0.       ],2,1,5,192
[0.7286127  0.22331947 0.17035882 ... 0.31197998 0.0516439  0.433467  ],[349.6075  302.35483 298.457   ... 320.6613  271.3871  331.48386],[349.6075  302.35483 298.457   ... 320.6613  271.3871  331.48386],[294.45667 246.33775 239.74582 ... 264.0329  218.04361 275.11417],[0.         0.         0.         ... 0.         0.03906179 0.        ],2,1,5,193
"[ 0.37102917  0.05700243  0.1991113  ... -0.01828982  0.2720328
  0.27425462]",[279.19257 226.22435 246.45818 ... 226.50449 267.5749  250.77077],[290.9617  234.86208 261.21838 ... 235.22606 277.34866 262.8544 ],[246.58551 193.07195 218.31575 ... 191.80115 232.83794 218.15575],[0.         0.         0.         ... 0.05594659 0.         0.        ],2,1,5,194
[0.13970974 0.18912828 0.09532464 ... 0.27652356 0.2275164  0.27064472],[232.05476 248.49542 243.02739 ... 245.22852 227.7643  212.68016],[285.95624 299.15826 300.9697  ... 297.55893 279.49158 274.73737],[243.54326 261.1861  257.82416 ... 259.32544 241.48808 237.61281],[0. 0. 0. ... 0. 0. 0.],2,1,5,195
[0.29284737 0.2812133  0.04204847 ... 0.1249999  0.29617518 0.10311633],[274.31015 277.631   247.98396 ... 265.9198  294.20856 260.22995],[274.31015 277.631   247.98396 ... 265.9198  294.20856 260.22995],[228.40276 232.96504 200.26501 ... 223.82553 249.37497 215.23143],[0. 0. 0. ... 0. 0. 0.],2,1,5,196
[0.124243   0.10264874 0.17222889 ... 0.12620889 0.01743501 0.24232332],[186.1215  189.62778 210.68434 ... 193.00208 176.90088 203.41292],[261.87125 270.23175 288.98282 ... 273.2618  245.88841 283.14594],[227.87727 237.60905 254.5     ... 242.0319  213.7517  251.20482],[0.         0.         0.         ... 0.         0.03489974 0.        ],2,1,5,197
[0.574971   0.33231968 0.26855248 ... 0.         0.         0.3095099 ],[316.13068 289.5284  304.26706 ... 248.57954 237.22159 287.6534 ],[316.13068 289.5284  304.26706 ... 248.57954 237.22159 287.6534 ],[269.8824  246.07306 256.22165 ... 204.76512 195.42157 244.67186],[0.         0.         0.         ... 0.         0.04917322 0.        ],2,1,5,198
[0.25552672 0.14302948 0.14379445 ... 0.1518024  0.21351309 0.23414467],[267.0127  262.60162 270.82666 ... 252.13852 267.72455 263.9531 ],[281.66666 273.1508  283.62964 ... 269.1746  280.37567 280.7963 ],[253.8659  243.8177  254.02223 ... 240.92804 252.42578 252.57277],[0.        0.        0.        ... 0.0344707 0.        0.       ],2,1,5,199
"[ 0.10404649  0.03866009  0.13631073 ...  0.10172739 -0.07274859
  0.1397187 ]",[228.8344  221.59236 246.293   ... 253.45222 221.38217 243.94267],[228.8344  221.59236 246.293   ... 253.45222 221.38217 243.94267],[190.07909 183.21854 204.46393 ... 214.44032 182.37863 203.75414],[0. 0. 0. ... 0. 0. 0.],2,1,5,200
"[ 0.23896378  0.0498919   0.11383849 ... -0.02104495  0.17349145
  0.30620855]",[252.77435 232.62375 242.72603 ... 205.92206 237.11069 256.8184 ],[268.0195  243.72195 261.85367 ... 217.2     249.7561  272.38538],[238.26903 215.31493 232.10536 ... 188.37422 220.46323 241.75203],[0.         0.         0.         ... 0.         0.05353761 0.        ],2,1,5,201
[0.15064232 0.06909178 0.05984161 ... 0.18623193 0.2295717  0.2767421 ],[252.      238.50307 245.0368  ... 269.227   276.76074 284.7546 ],[252.      238.50307 245.0368  ... 269.227   276.76074 284.7546 ],[227.98807 214.65807 220.32106 ... 245.94095 252.4626  259.08762],[0.         0.         0.         ... 0.         0.01607956 0.        ],3,1,5,0
"[ 0.2119175   0.          0.         ...  0.04286212 -0.00719851
  0.02783673]",[275.89905 237.4423  240.99039 ... 240.35097 230.79808 237.33173],[275.89905 237.4423  240.99039 ... 240.35097 230.79808 237.33173],[252.43675 214.08502 215.98032 ... 218.24338 208.05653 213.24565],[0. 0. 0. ... 0. 0. 0.],3,1,5,1
[0.25299492 0.17024472 0.13890445 ... 0.0421851  0.07185133 0.0879524 ],[201.11179 184.07089 187.9344  ... 162.13658 170.76947 160.59091],[299.37326 287.12442 288.2212  ... 265.659   272.      262.09216],[280.05194 267.75427 268.04498 ... 248.61751 254.7739  244.3634 ],[0. 0. 0. ... 0. 0. 0.],3,1,5,2
[0.26691896 0.23825468 0.10646061 ... 0.04012264 0.04511908 0.        ],[258.80634 265.27466 250.5     ... 237.4507  230.27464 218.66197],[258.80634 265.27466 250.5     ... 237.4507  230.27464 218.66197],[210.19868 218.16893 201.63895 ... 189.4654  183.31953 172.0871 ],[0. 0. 0. ... 0. 0. 0.],3,1,5,3
[0.33262774 0.18594858 0.12959932 ... 0.09450366 0.09151324 0.26607716],[282.01648 272.0676  265.30405 ... 258.1324  252.35251 274.88632],[301.13043 294.9532  284.3144  ... 279.5184  270.20068 299.65552],[268.15897 262.5163  251.16199 ... 248.46843 240.9186  270.00854],[0.         0.         0.         ... 0.         0.03747417 0.        ],3,1,5,4
"[ 0.15592292  0.16017395  0.         ...  0.27183962 -0.00421382
  0.10631975]",[245.50194 258.44394 232.80101 ... 277.08585 235.23303 249.6449 ],[274.      278.60202 255.86287 ... 309.2776  256.92642 275.7525 ],[234.00653 241.7049  213.73018 ... 273.98782 219.87054 239.13043],[0. 0. 0. ... 0. 0. 0.],3,1,5,5
"[ 0.07840172  0.13417296  0.07625046 ... -0.01174021  0.01243314
  0.15322566]",[222.6737  241.10995 236.38152 ... 215.8366  217.43372 237.6973 ],[231.70659 250.38324 242.4551  ... 222.01198 224.82634 248.59282],[202.70384 222.45726 212.55869 ... 194.04314 195.87897 220.69342],[0.         0.         0.         ... 0.         0.02471847 0.        ],3,1,5,6
[0.18785915 0.15133733 0.10352249 ... 0.08877899 0.02581075 0.04000798],[246.6751  237.39693 234.139   ... 224.49991 212.60025 221.06575],[265.33334 262.7491  256.2903  ... 244.17204 233.3871  235.4552 ],[231.43695 230.34628 222.98238 ... 213.13562 200.97118 202.4566 ],[0. 0. 0. ... 0. 0. 0.],3,1,5,7
[0.6302172  0.47017148 0.29245424 ... 0.10996509 0.19879074 0.12380106],[354.75    326.14642 301.24643 ... 256.03214 264.7607  245.13214],[354.75    326.14642 301.24643 ... 256.03214 264.7607  245.13214],[318.82346 291.37357 264.43607 ... 222.28284 231.00311 212.85458],[0.         0.         0.         ... 0.02268773 0.         0.        ],3,1,5,8
"[ 0.3248821   0.01661519  0.19362338 ... -0.07191192  0.15873957
  0.12911198]",[307.90878 263.39648 303.25613 ... 229.7614  268.4     249.46666],[307.90878 263.39648 303.25613 ... 229.7614  268.4     249.46666],[270.77155 226.29329 266.2374  ... 193.61404 233.1926  214.10442],[0. 0. 0. ... 0. 0. 0.],3,1,5,9
"[ 0.270294    0.0735245   0.04740354 ...  0.32030296  0.06571069
 -0.08325197]",[291.42856 260.59692 263.0102  ... 298.08673 251.67857 222.71939],[291.42856 260.59692 263.0102  ... 298.08673 251.67857 222.71939],[243.05379 210.5606  212.88419 ... 250.62457 202.59851 176.41553],[0. 0. 0. ... 0. 0. 0.],3,1,5,10
[0.11010236 0.19123524 0.17017362 ... 0.149921   0.17819169 0.18886644],[235.36774 251.35806 250.87419 ... 238.5     241.92581 236.7742 ],[235.36774 251.35806 250.87419 ... 238.5     241.92581 236.7742 ],[193.46075 210.22733 207.9818  ... 197.33888 200.98177 195.9317 ],[0. 0. 0. ... 0. 0. 0.],3,1,5,11
[0.30903548 0.23544997 0.27777234 ... 0.09227004 0.16271167 0.14925946],[223.62282 223.055   236.40366 ... 203.79576 210.45802 199.8419 ],[287.49835 277.88196 303.62952 ... 261.16394 265.7082  257.52786],[255.4165  246.00723 270.9484  ... 231.69797 236.80779 226.24863],[0.         0.         0.         ... 0.03237283 0.         0.        ],3,1,5,12
[0.07861485 0.06795834 0.09805477 ... 0.06047041 0.05832079 0.05852861],[256.15945 259.2866  269.90536 ... 240.77417 240.1101  235.5728 ],[259.57773 263.87006 273.44778 ... 246.99536 243.63109 238.88167],[223.96979 228.61998 237.40584 ... 213.34195 210.09138 206.0062 ],[0. 0. 0. ... 0. 0. 0.],3,1,5,13
[0.13900052 0.23957996 0.26286927 ... 0.01337432 0.08260016 0.        ],[263.709   285.29724 295.3878  ... 249.2626  247.49055 228.5239 ],[274.14444 291.9963  306.53333 ... 252.6074  251.61482 231.81482],[230.20856 250.83    257.53546 ... 211.87555 210.75258 192.1421 ],[0. 0. 0. ... 0. 0. 0.],3,1,5,14
[0.34306276 0.22341137 0.10116869 ... 0.00745606 0.0200844  0.18638517],[272.85806 278.16898 248.89227 ... 227.89041 223.02054 245.79713],[294.60403 290.0235  269.5604  ... 241.11073 237.97652 262.57382],[270.8937  265.15945 243.78378 ... 217.63803 214.24994 239.07358],[0.         0.         0.         ... 0.         0.02998962 0.        ],3,1,5,15
[0.19880748 0.06679146 0.03529366 ... 0.06208229 0.         0.0695261 ],[262.8507  254.68402 252.77777 ... 245.60417 234.11806 244.27083],[262.8507  254.68402 252.77777 ... 245.60417 234.11806 244.27083],[225.06355 217.6626  212.20332 ... 210.66498 198.38272 208.91785],[0. 0. 0. ... 0. 0. 0.],3,1,5,16
[0.02537297 0.11677341 0.03514205 ... 0.16074462 0.2097625  0.14979897],[157.19313 169.50229 168.7052  ... 202.22377 212.73018 210.216  ],[213.06471 240.8647  232.55882 ... 278.07648 287.87057 273.95294],[192.62164 221.07211 211.30014 ... 258.55783 267.88104 254.5541 ],[0.         0.         0.         ... 0.02775245 0.         0.        ],3,1,5,17
"[ 0.4993985  -0.02847722  0.14106186 ...  0.12361552  0.07317067
  0.29474425]",[288.30057 215.34682 250.21965 ... 243.42775 226.09248 257.15607],[288.30057 215.34682 250.21965 ... 243.42775 226.09248 257.15607],[245.37517 173.2027  207.78528 ... 199.72908 186.4937  214.36404],[0.         0.         0.         ... 0.         0.03179777 0.        ],3,1,5,18
[0.274846   0.11236259 0.2635172  ... 0.18042646 0.15587793 0.33005095],[276.371   256.4781  280.03082 ... 271.87506 262.1387  290.38055],[295.4405  269.30356 302.10715 ... 284.9643  277.8512  310.7024 ],[257.53232 231.39844 262.4283  ... 247.93883 242.79253 274.02142],[0.         0.         0.         ... 0.         0.03064466 0.        ],3,1,5,19
[0.01140728 0.05182561 0.02120555 ... 0.02571551 0.03750878 0.11549597],[148.94545 159.83727 172.0933  ... 151.69777 146.4828  159.34447],[252.0923  263.68076 269.90768 ... 249.93462 245.17308 257.69617],[221.03366 234.31287 238.89551 ... 219.15532 216.18478 229.1696 ],[0.         0.         0.02276367 ... 0.         0.01836426 0.        ],3,1,5,20
"[ 0.14891344 -0.08136611  0.12947392 ...  0.01825757  0.02356206
  0.04803817]",[221.51587 201.00923 244.14006 ... 216.5559  211.85565 212.64256],[237.35239 214.10477 256.1905  ... 228.79524 229.2381  225.62857],[215.41643 191.19122 233.81401 ... 206.55486 207.2054  203.66182],[0. 0. 0. ... 0. 0. 0.],3,1,5,21
[0.24153519 0.25342062 0.18383083 ... 0.03485069 0.19273044 0.08688659],[254.01024 262.02362 253.93344 ... 219.22299 249.46901 227.75726],[288.3143  291.3397  284.38095 ... 246.26349 275.00317 253.04445],[258.03918 260.89725 255.0274  ... 217.25578 246.67714 225.06454],[0.         0.         0.         ... 0.02547404 0.         0.        ],3,1,5,22
"[ 0.27086923  0.04699088  0.13660496 ...  0.1723162  -0.04061518
  0.15577196]",[253.25221 236.61948 254.07965 ... 258.42477 215.20796 245.4646 ],[253.25221 236.61948 254.07965 ... 258.42477 215.20796 245.4646 ],[217.35744 200.87914 216.8283  ... 223.7247  179.22107 211.7535 ],[0. 0. 0. ... 0. 0. 0.],3,1,5,23
"[ 0.1685021  -0.02077601  0.02064037 ...  0.0538988   0.
 -0.02460868]",[279.82324 247.82828 259.94193 ... 252.18182 241.36111 225.65404],[279.82324 247.82828 259.94193 ... 252.18182 241.36111 225.65404],[243.7852  213.7251  222.3123  ... 217.50566 206.62401 190.80457],[0. 0. 0. ... 0. 0. 0.],3,1,5,24
[0.10572454 0.10797077 0.3323308  ... 0.1247052  0.14521934 0.07522161],[241.68536 253.09181 294.17532 ... 240.86588 242.35568 219.40776],[260.9888  268.0224  313.38058 ... 255.18283 257.92538 231.98134],[233.73964 240.69415 285.38608 ... 228.33359 230.88702 204.96477],[0.         0.01867135 0.         ... 0.01620866 0.         0.        ],3,1,5,25
[0.32975847 0.25709087 0.19698799 ... 0.1205631  0.08019479 0.12919603],[254.04659 254.65726 258.94247 ... 226.9516  221.23767 226.29012],[271.807   276.41052 275.8035  ... 249.72632 241.88773 249.32982],[248.67499 253.74524 252.82558 ... 227.75005 219.7144  227.7058 ],[0. 0. 0. ... 0. 0. 0.],3,1,5,26
[0.2663014  0.0430075  0.01542148 ... 0.09902416 0.1970562  0.1874567 ],[285.45837 240.10695 241.35725 ... 244.0277  253.52255 249.18343],[298.71835 259.3386  257.57596 ... 255.20253 270.9304  260.4209 ],[262.46588 225.0165  221.31819 ... 221.41106 237.58867 226.80489],[0.         0.         0.         ... 0.02348986 0.         0.        ],3,1,5,27
[0.26623222 0.08585522 0.25007612 ... 0.04144153 0.07854222 0.04086395],[258.7655  237.92758 282.45172 ... 246.01724 250.7931  233.8138 ],[258.7655  237.92758 282.45172 ... 246.01724 250.7931  233.8138 ],[220.54533 199.70192 242.96165 ... 208.77159 212.45891 197.96472],[0. 0. 0. ... 0. 0. 0.],3,1,5,28
"[ 0.24251272  0.2422226   0.2106255  ...  0.12079063  0.07614475
 -0.00143239]",[264.29065 269.8097  267.8097  ... 253.6955  239.75778 211.12457],[264.29065 269.8097  267.8097  ... 253.6955  239.75778 211.12457],[229.81676 236.05309 234.66872 ... 222.49632 207.60675 178.89595],[0. 0. 0. ... 0. 0. 0.],3,1,5,29
"[ 0.2909486   0.12929773  0.08915108 ... -0.02429803  0.01263216
  0.15876748]",[275.2196  251.36136 247.8135  ... 230.26259 224.52147 250.17432],[297.77777 275.5459  271.76328 ... 244.56522 246.84058 270.81158],[249.24258 229.89316 224.51512 ... 197.78395 201.42542 224.94524],[0.         0.         0.         ... 0.         0.01936069 0.        ],3,1,5,30
"[ 0.3131253   0.39466298  0.24808621 ...  0.07323421 -0.01397716
  0.09453163]",[292.23508 308.04913 286.7544  ... 241.98245 218.02808 234.65614],[292.23508 308.04913 286.7544  ... 241.98245 218.02808 234.65614],[252.114   267.46616 245.65157 ... 203.28198 180.41803 196.95047],[0. 0. 0. ... 0. 0. 0.],3,1,5,31
"[ 0.28448656  0.2512932   0.19552691 ... -0.03569983 -0.00646542
  0.11128519]",[242.26587 245.38083 244.74042 ... 185.81723 196.4211  207.63516],[310.2647  308.86398 302.75    ... 241.4375  245.97426 266.4375 ],[271.33932 269.83035 263.1808  ... 206.39624 210.0197  230.96239],[0.         0.         0.         ... 0.         0.01778785 0.        ],3,1,5,32
[0.08003919 0.07256836 0.07150424 ... 0.07035505 0.         0.1589721 ],[203.76175 210.36569 210.1965  ... 202.49695 194.36247 196.19708],[232.35564 236.54578 239.90492 ... 235.81339 221.12675 231.59859],[206.15504 209.84496 212.89517 ... 209.4726  194.0837  206.0258 ],[0.         0.         0.         ... 0.         0.01907622 0.        ],3,1,5,33
"[ 0.08053318  0.03971412  0.06783212 ... -0.01410119  0.09655596
  0.04040504]",[247.01453 244.09201 251.26634 ... 224.46246 245.57385 232.89346],[247.01453 244.09201 251.26634 ... 224.46246 245.57385 232.89346],[218.21983 216.37599 222.44814 ... 197.08464 218.18857 204.25218],[0. 0. 0. ... 0. 0. 0.],3,1,5,34
[0.14125037 0.171763   0.09634617 ... 0.00777789 0.         0.05641541],[203.98752 215.91365 208.97334 ... 198.97813 195.46573 200.0122 ],[236.17596 243.59227 236.35193 ... 227.72533 223.93562 225.53648],[200.7952  208.31952 200.70525 ... 192.91891 191.50092 192.03694],[0. 0. 0. ... 0. 0. 0.],3,1,5,35
"[ 0.09718542  0.03190997 -0.01292298 ...  0.13757995  0.08024181
  0.15211526]",[173.72614 176.14046 166.34358 ... 190.51434 170.34225 180.95773],[245.39806 238.01942 233.83495 ... 252.01942 237.17961 247.65533],[219.68898 213.02136 208.18007 ... 227.31532 212.42296 223.41815],[0. 0. 0. ... 0. 0. 0.],3,1,5,36
[0.0798758  0.03023603 0.05999859 ... 0.06109402 0.         0.16867167],[231.55511 225.68066 235.05733 ... 212.88266 196.48369 230.0661 ],[264.28992 259.5961  271.6417  ... 247.49837 231.80457 260.0554 ],[224.9594  219.34892 228.17696 ... 208.16322 192.79346 221.82465],[0.         0.         0.01819614 ... 0.         0.01826564 0.        ],3,1,5,37
"[ 0.16644719 -0.06008765  0.05309875 ...  0.15884899  0.
  0.13152795]",[244.02118 216.83475 249.04662 ... 247.55933 217.36864 240.91101],[244.02118 216.83475 249.04662 ... 247.55933 217.36864 240.91101],[218.40398 191.86684 223.30905 ... 223.32872 193.03339 216.52776],[0.         0.         0.01793766 ... 0.         0.         0.        ],3,1,5,38
[0.25589675 0.02344477 0.28265873 ... 0.03298566 0.16180223 0.        ],[295.87732 260.35687 313.24908 ... 242.77324 260.62082 217.62454],[295.87732 260.35687 313.24908 ... 242.77324 260.62082 217.62454],[256.72943 222.01105 272.66187 ... 206.1103  221.41728 180.4639 ],[0.         0.02039275 0.         ... 0.         0.         0.        ],3,1,5,39
"[ 0.10363542  0.01042002  0.00291325 ...  0.05517957 -0.04071286
  0.17651077]",[225.92693 232.94328 232.09564 ... 226.90288 206.5887  241.56921],[264.8466 262.7216 261.1676 ... 261.7642 242.3267 269.4091],[238.34282 236.42049 234.9415  ... 236.15176 216.50615 243.93553],[0.        0.        0.        ... 0.        0.0200632 0.       ],3,1,5,40
[0.08154948 0.04482549 0.26266468 ... 0.08391135 0.11838848 0.2458578 ],[217.54163 213.33205 255.54999 ... 215.80464 215.69124 231.48608],[231.4414  228.4414  270.25    ... 228.39062 233.6914  246.0625 ],[206.39885 203.77966 245.19824 ... 205.21304 210.32964 221.98647],[0.         0.         0.         ... 0.         0.02777128 0.        ],3,1,5,41
[0.30634975 0.15657206 0.00892169 ... 0.0199172  0.10601896 0.12442201],[245.3062  229.01952 212.48164 ... 211.6123  230.41057 227.45953],[264.16513 248.96744 231.34651 ... 232.99303 247.11163 250.26976],[218.95345 204.73026 186.76776 ... 190.42654 204.43575 206.38258],[0.         0.         0.         ... 0.02414889 0.         0.        ],3,1,5,42
[0.25388956 0.19466127 0.14745632 ... 0.00859238 0.         0.1768918 ],[229.74689 236.57352 231.96082 ... 195.3406  192.19278 215.44109],[291.53125 281.8482  277.9509  ... 242.75    242.3259  267.8527 ],[256.48175 248.98415 244.3854  ... 211.4154  208.05794 236.70639],[0.         0.         0.         ... 0.         0.02160258 0.        ],3,1,5,43
[0.02424594 0.14061831 0.20123996 ... 0.13887723 0.1823046  0.16722421],[248.54506 269.76395 287.11588 ... 266.78113 261.3176  252.01717],[248.54506 269.76395 287.11588 ... 266.78113 261.3176  252.01717],[199.25685 219.46208 235.30264 ... 219.84755 211.16954 205.06827],[0. 0. 0. ... 0. 0. 0.],3,1,5,44
[0.39119357 0.19805098 0.40806273 ... 0.03089781 0.12974657 0.32765087],[305.3038  280.31223 330.29535 ... 258.8017  266.92828 294.09705],[305.3038  280.31223 330.29535 ... 258.8017  266.92828 294.09705],[255.91103 232.45615 280.58066 ... 209.89471 221.05032 246.30457],[0.         0.         0.         ... 0.         0.04103369 0.        ],3,1,5,45
"[ 0.14268394  0.16130978  0.03371504 ... -0.02114743  0.11735743
  0.09640206]",[245.35081 247.08115 235.61293 ... 204.6431  227.67732 226.46596],[264.2143  275.4107  251.28125 ... 227.06697 244.78572 240.72768],[229.14925 241.354   218.66986 ... 196.27576 212.60263 208.921  ],[0. 0. 0. ... 0. 0. 0.],3,1,5,46
"[ 0.2407191   0.07908713  0.09229975 ... -0.01559884  0.111347
  0.11582247]",[272.26297 242.16956 250.58478 ... 218.47058 237.87543 236.85468],[272.26297 242.16956 250.58478 ... 218.47058 237.87543 236.85468],[241.90942 211.97742 219.78702 ... 189.85936 208.33727 208.04187],[0. 0. 0. ... 0. 0. 0.],3,1,5,47
[0.4112354  0.18299975 0.24717891 ... 0.0173965  0.11062    0.22021988],[302.95386 270.8154  285.8154  ... 243.12308 259.44617 279.7282 ],[302.95386 270.8154  285.8154  ... 243.12308 259.44617 279.7282 ],[269.34827 239.6375  252.78366 ... 212.38211 229.15308 249.16129],[0. 0. 0. ... 0. 0. 0.],3,1,5,48
[0.10538273 0.21381181 0.04294368 ... 0.01179746 0.1037178  0.08166123],[225.41264 248.69942 234.12958 ... 217.12807 226.6745  229.66066],[259.07095 283.77704 262.49326 ... 247.30067 261.97635 255.62837],[237.6879  261.2701  240.59642 ... 228.25993 241.47813 235.38998],[0. 0. 0. ... 0. 0. 0.],3,1,5,49
[0.23314999 0.020022   0.14189029 ... 0.19068585 0.14407323 0.02094199],[283.0275  258.49002 284.0845  ... 272.04526 262.9427  238.52022],[287.58295 265.35873 289.6816  ... 277.91928 266.92825 242.57399],[232.1495  211.40288 234.22273 ... 226.57399 216.33546 192.83743],[0. 0. 0. ... 0. 0. 0.],3,1,5,50
[0.22097991 0.1231723  0.07177761 ... 0.03765602 0.06458583 0.08218265],[289.9254  281.17847 275.63867 ... 251.6818  254.05199 254.08621],[293.17294 283.7707  279.72556 ... 256.13535 258.1203  258.1278 ],[258.90005 251.68683 244.90125 ... 225.11247 227.9067  226.94699],[0. 0. 0. ... 0. 0. 0.],3,1,5,51
"[ 0.11448154  0.00882645 -0.00882645 ...  0.08786001  0.03538775
  0.15043055]",[243.84642 234.33478 233.37927 ... 245.10004 231.90082 245.84486],[246.47632 235.33705 234.60724 ... 246.06407 232.9805  246.91643],[213.87657 204.20468 203.51285 ... 215.09058 203.09293 216.32846],[0. 0. 0. ... 0. 0. 0.],3,1,5,52
[0.4030161  0.11335117 0.1421684  ... 0.0512498  0.00732409 0.09443735],[284.06332 250.64667 268.09    ... 239.83333 228.13667 242.36   ],[284.06332 250.64667 268.09    ... 239.83333 228.13667 242.36   ],[253.27692 220.14714 236.22067 ... 210.39098 198.13033 212.17111],[0. 0. 0. ... 0. 0. 0.],3,1,5,53
[0.19905324 0.20160243 0.22530471 ... 0.         0.23373038 0.12885791],[243.7842  251.5104  271.116   ... 233.90405 270.97775 245.83595],[258.44388 260.86224 286.76532 ... 238.54082 276.6837  250.38776],[226.6914  231.43454 254.75468 ... 210.00078 248.65137 223.13716],[0.         0.         0.         ... 0.03612451 0.         0.        ],3,1,5,54
"[ 0.12220778  0.03230641  0.03214139 ... -0.09076416  0.03574205
  0.22148554]",[241.82513 226.3093  230.71765 ... 209.11232 229.12868 255.6404 ],[256.68546 239.13145 245.723   ... 221.95775 244.04225 271.80283],[228.03058 212.08127 216.96004 ... 195.38922 216.26259 244.55011],[0.         0.         0.         ... 0.         0.03508413 0.        ],3,1,5,55
[0.22686943 0.13444608 0.12851846 ... 0.13673973 0.05433988 0.2585397 ],[178.61826 197.28015 191.26578 ... 185.85396 166.2277  181.08208],[264.10962 277.39304 281.71924 ... 262.03207 241.37968 267.877  ],[238.83269 252.77777 256.0672  ... 239.47523 218.15718 244.86942],[0.         0.         0.         ... 0.         0.02880144 0.        ],3,1,5,56
[0.05462746 0.         0.13835944 ... 0.03868863 0.00397179 0.07535136],[184.45218 169.10559 199.58423 ... 185.18864 176.64897 181.83217],[236.10217 227.41176 254.74612 ... 237.98761 231.43654 235.66563],[208.75337 199.16556 226.53113 ... 211.2193  204.13625 210.15901],[0.         0.02164129 0.         ... 0.         0.         0.        ],3,1,5,57
[0.16091986 0.12527543 0.24880125 ... 0.1626066  0.21557724 0.20570096],[271.77527 274.04797 300.28174 ... 282.49466 288.75558 284.7602 ],[274.10358 275.4024  301.70517 ... 285.35855 290.14343 286.9482 ],[240.65123 240.63763 265.1561  ... 251.53671 257.95615 254.99675],[0. 0. 0. ... 0. 0. 0.],3,1,5,58
"[ 0.13240577  0.06177801  0.1153307  ... -0.04497023  0.04201806
  0.2656032 ]",[259.73627 250.5934  264.61905 ... 224.98901 237.23444 266.1978 ],[259.73627 250.5934  264.61905 ... 224.98901 237.23444 266.1978 ],[211.41191 201.62807 215.86417 ... 177.2547  189.93527 219.02643],[0.         0.         0.         ... 0.         0.04197245 0.        ],3,1,5,59
[0.1356064  0.10082103 0.05225766 ... 0.06035275 0.09875672 0.00044973],[241.27298 241.08109 232.45676 ... 229.17297 233.56487 213.48108],[241.27298 241.08109 232.45676 ... 229.17297 233.56487 213.48108],[213.81963 213.38976 205.56668 ... 203.22124 206.50716 187.51337],[0. 0. 0. ... 0. 0. 0.],3,1,5,60
[0.29847106 0.0790894  0.12808469 ... 0.0476255  0.00138695 0.1714324 ],[269.12057 249.79433 263.47162 ... 243.80496 235.2624  258.60638],[269.12057 249.79433 263.47162 ... 243.80496 235.2624  258.60638],[228.00793 208.7613  221.625   ... 204.78139 194.66768 219.49278],[0.         0.         0.         ... 0.         0.01791281 0.        ],3,1,5,61
"[ 0.3374488   0.12358756  0.3666563  ...  0.12720427 -0.07614674
  0.00194409]",[253.44336 229.42809 263.4022  ... 233.38324 195.90144 207.1381 ],[275.2731  247.08824 295.24368 ... 252.80672 212.96638 227.02942],[237.64813 210.47447 258.3167  ... 217.64114 179.20064 192.72168],[0. 0. 0. ... 0. 0. 0.],3,1,5,62
[0.06846077 0.00867052 0.10789367 ... 0.13785602 0.11925592 0.11947778],[233.30556 226.96428 247.05556 ... 256.36905 252.38492 244.59921],[233.30556 226.96428 247.05556 ... 256.36905 252.38492 244.59921],[200.3969  193.27448 213.17004 ... 224.27484 219.45813 212.16478],[0. 0. 0. ... 0. 0. 0.],3,1,5,63
"[ 0.17841482  0.04321105 -0.01518454 ...  0.1819054   0.16383395
  0.277574  ]",[230.01424 217.10837 212.51817 ... 237.95952 230.48523 237.84514],[246.56717 230.7612  225.23383 ... 250.71144 248.58707 251.35822],[189.29071 173.51208 167.25067 ... 196.35828 193.69296 195.60419],[0.         0.         0.         ... 0.03413762 0.         0.        ],3,1,5,64
[0.11413147 0.01504778 0.03494551 ... 0.18760799 0.1521614  0.0479931 ],[230.764 225.624 230.564 ... 248.38  238.168 218.604],[230.764 225.624 230.564 ... 248.38  238.168 218.604],[192.68938 187.03954 191.18372 ... 210.82294 202.52126 180.34721],[0. 0. 0. ... 0. 0. 0.],3,1,5,65
[0.20518824 0.08972745 0.1539847  ... 0.06151873 0.11166756 0.09945779],[251.04158 233.56662 252.31068 ... 229.04272 239.53696 238.61293],[261.32275 242.65994 261.3516  ... 239.97118 250.83574 246.96542],[229.0593  211.74307 229.53966 ... 210.80133 219.85199 216.3613 ],[0. 0. 0. ... 0. 0. 0.],3,1,5,66
"[ 0.23991111  0.03260608  0.03486229 ... -0.00073945 -0.02209015
  0.04106592]",[253.9593  219.72093 225.5     ... 225.20349 222.02907 226.73837],[253.9593  219.72093 225.5     ... 225.20349 222.02907 226.73837],[223.21194 190.06348 195.1297  ... 196.22107 191.88882 196.22159],[0. 0. 0. ... 0. 0. 0.],3,1,5,67
[0.07241158 0.01466354 0.1698105  ... 0.05222824 0.03204159 0.03075483],[249.08307 242.02556 278.00958 ... 249.15656 243.70607 242.22684],[249.08307 242.02556 278.00958 ... 249.15656 243.70607 242.22684],[215.4986  210.82939 244.80624 ... 217.31682 212.86009 211.10175],[0.         0.02141445 0.         ... 0.         0.         0.        ],3,1,5,68
"[ 0.12876293  0.15360542  0.09776981 ...  0.0503315  -0.0246524
  0.02162298]",[251.33253 254.1515  252.23012 ... 233.74576 212.52992 225.0851 ],[277.96155 288.47552 279.97552 ... 256.67133 239.77972 245.7937 ],[248.07495 259.3401  249.6106  ... 230.02359 211.55626 219.37804],[0. 0. 0. ... 0. 0. 0.],3,1,5,69
[0.15853678 0.22681506 0.21891887 ... 0.08513225 0.05129892 0.113566  ],[245.17288 263.8737  269.40268 ... 244.34828 236.81267 237.40163],[246.00934 264.69626 270.2944  ... 247.20561 237.6729  238.257  ],[215.89334 234.66888 239.65335 ... 217.4398  206.95746 209.57404],[0. 0. 0. ... 0. 0. 0.],3,1,5,70
[0.26748165 0.21859618 0.09486563 ... 0.11651419 0.25000504 0.06736393],[251.50603 244.37582 234.70201 ... 240.1046  261.6592  216.17577],[277.0645  271.80286 256.4803  ... 261.37634 283.99283 241.08244],[239.91635 235.92696 219.18799 ... 227.81963 250.05904 207.41988],[0.         0.         0.         ... 0.03705496 0.         0.        ],3,1,5,71
"[ 0.2507145   0.10881181  0.10736426 ...  0.00754282  0.08566955
 -0.0216748 ]",[257.71378 251.108   257.27182 ... 237.20111 240.88966 222.33517],[276.61423 272.41574 277.11612 ... 249.64793 259.97003 239.72284],[237.94368 234.92424 236.1453  ... 211.89319 222.65933 202.12578],[0. 0. 0. ... 0. 0. 0.],3,1,5,72
"[ 0.17219722  0.03560953 -0.00486273 ...  0.1432196   0.11088631
  0.1575664 ]",[264.25482 249.872   240.12141 ... 265.3808  257.0683  254.04427],[264.9649  250.47719 240.80702 ... 265.99298 257.6842  254.8    ],[235.33653 220.318   213.31982 ... 238.28563 228.44524 226.32481],[0. 0. 0. ... 0. 0. 0.],3,1,5,73
"[ 0.01580504  0.06635293  0.22591709 ... -0.04636432  0.03259442
  0.0511976 ]",[251.5246  264.7115  301.1246  ... 241.64919 255.93443 250.06557],[251.5246  264.7115  301.1246  ... 241.64919 255.93443 250.06557],[214.49991 228.26886 264.5356  ... 207.08774 221.27052 215.66151],[0.         0.02316286 0.         ... 0.         0.         0.        ],3,1,5,74
[0.24146059 0.16412956 0.0792716  ... 0.12521082 0.01844992 0.10707148],[211.30281 194.84332 194.74648 ... 190.2425  177.85686 178.8372 ],[296.46246 282.668   268.31226 ... 277.0079  253.68774 259.1186 ],[263.83698 251.03047 237.14384 ... 247.25343 222.89636 229.17552],[0. 0. 0. ... 0. 0. 0.],3,1,5,75
[0.08786848 0.14354452 0.0644818  ... 0.01442372 0.15634976 0.08752608],[254.71472 275.02762 267.82516 ... 247.19939 273.70554 254.37424],[254.71472 275.02762 267.82516 ... 247.19939 273.70554 254.37424],[222.59045 243.60683 235.48613 ... 216.04596 243.0501  223.63596],[0.         0.         0.         ... 0.02422862 0.         0.        ],3,1,5,76
[0.13161491 0.         0.03717352 ... 0.21568534 0.0871699  0.06546891],[236.61516 226.5     239.63637 ... 258.87878 227.66364 222.25151],[236.61516 226.5     239.63637 ... 258.87878 227.66364 222.25151],[207.95213 198.76328 209.56612 ... 231.87186 201.77832 195.44946],[0.         0.         0.01727991 ... 0.         0.         0.        ],3,1,5,77
[0.37787035 0.         0.28847918 ... 0.         0.1660867  0.18992971],[285.01477 232.66502 288.1133  ... 232.93103 255.7931  257.23645],[285.01477 232.66502 288.1133  ... 232.93103 255.7931  257.23645],[252.41469 200.27702 254.5305  ... 201.88379 223.63145 225.5996 ],[0.         0.         0.         ... 0.03517919 0.         0.        ],3,1,5,78
[0.16189319 0.14769673 0.13645868 ... 0.12760454 0.1085566  0.04005715],[252.15535 256.2252  267.93356 ... 254.02155 251.78812 232.18788],[263.62976 269.0687  279.71756 ... 272.09924 265.26718 245.6374 ],[240.39651 246.2037  254.72307 ... 250.34541 244.01765 224.67818],[0. 0. 0. ... 0. 0. 0.],3,1,5,79
[0.10818114 0.09349452 0.         ... 0.07887213 0.         0.08377141],[238.79167 238.7619  227.15178 ... 239.25    219.57143 231.7619 ],[238.79167 238.7619  227.15178 ... 239.25    219.57143 231.7619 ],[211.79797 212.74704 199.2135  ... 212.91434 193.23201 206.04419],[0. 0. 0. ... 0. 0. 0.],3,1,5,80
[0.02800979 0.029446   0.19404128 ... 0.03781905 0.0425102  0.11525445],[170.04707 189.94081 203.2619  ... 192.19409 188.03842 194.36191],[215.33876 225.71661 253.02606 ... 234.28014 227.43648 233.62866],[171.3058  179.5369  209.37881 ... 189.73888 186.01027 189.73422],[0.         0.         0.         ... 0.         0.01883195 0.        ],3,1,5,81
"[ 0.28472587  0.1481497   0.08966912 ... -0.00426056  0.00764134
  0.00426056]",[255.6326  248.944   238.12149 ... 213.09802 213.02896 206.31549],[270.024 261.768 257.256 ... 231.524 232.276 227.192],[246.25803 238.2216  234.92618 ... 208.64308 208.50368 204.35486],[0. 0. 0. ... 0. 0. 0.],3,1,5,82
[0.1755676  0.         0.13395965 ... 0.19801976 0.17247762 0.1333825 ],[252.23418 233.30696 262.1614  ... 261.3386  252.69304 238.3038 ],[252.23418 233.30696 262.1614  ... 261.3386  252.69304 238.3038 ],[215.85521 198.25127 226.8731  ... 226.77097 219.37987 204.92383],[0. 0. 0. ... 0. 0. 0.],3,1,5,83
[0.24226683 0.11585981 0.13914494 ... 0.0635499  0.06991819 0.09153459],[280.89938 265.43903 270.8445  ... 246.39024 239.56403 243.875  ],[280.89938 265.43903 270.8445  ... 246.39024 239.56403 243.875  ],[236.56163 222.12556 226.9732  ... 203.19035 199.42262 201.74779],[0. 0. 0. ... 0. 0. 0.],3,1,5,84
"[ 0.24886991  0.16958825  0.01875731 ... -0.02364525  0.12466978
  0.20390578]",[271.85358 273.66968 254.51392 ... 219.63826 245.30064 250.95268],[274.72    279.25778 257.36    ... 222.59555 248.10667 253.88   ],[243.42253 251.84885 225.42773 ... 192.74113 218.87595 226.09056],[0.         0.         0.         ... 0.         0.03639561 0.        ],3,1,5,85
[0.2006235  0.0718632  0.17848155 ... 0.10748757 0.17094426 0.10683927],[282.4981  257.15588 282.29657 ... 250.8441  259.41824 245.88593],[282.4981  257.15588 282.29657 ... 250.8441  259.41824 245.88593],[238.49484 216.86235 239.33975 ... 209.71283 217.87947 205.99294],[0. 0. 0. ... 0. 0. 0.],3,1,5,86
[0.17036124 0.         0.06107736 ... 0.10518757 0.0103514  0.02362527],[256.10437 227.66698 233.39009 ... 234.50075 212.24242 209.80641],[273.57993 242.06897 258.57367 ... 250.64264 226.11913 225.79938],[233.00343 205.26842 220.89015 ... 212.56354 190.07932 189.93768],[0. 0. 0. ... 0. 0. 0.],3,1,5,87
[0.15939616 0.0304026  0.11128013 ... 0.08298032 0.03991348 0.06985205],[268.3889  247.34723 264.56482 ... 245.13426 235.38426 234.96297],[268.3889  247.34723 264.56482 ... 245.13426 235.38426 234.96297],[230.9299  211.19907 228.06755 ... 209.59871 200.55345 200.64209],[0. 0. 0. ... 0. 0. 0.],3,1,5,88
"[ 0.2211715   0.17653827 -0.04441468 ...  0.20050448  0.09701986
  0.30562165]",[250.16101 247.02542 227.23729 ... 254.5     236.80508 263.9661 ],[250.16101 247.02542 227.23729 ... 254.5     236.80508 263.9661 ],[211.32275 208.80487 187.87416 ... 218.53877 199.8679  228.19089],[0. 0. 0. ... 0. 0. 0.],3,1,5,89
[0.16339812 0.04555678 0.00130898 ... 0.01277577 0.01328042 0.12411141],[145.23505  126.33137  112.486664 ... 123.05292  118.90268  121.84941 ],[245.60513 225.29231 219.7641  ... 225.37949 221.22565 235.04616],[230.22775 210.40291 204.58485 ... 210.69609 207.70963 221.02393],[0. 0. 0. ... 0. 0. 0.],3,1,5,90
[0.07737139 0.15098967 0.17370707 ... 0.         0.09086689 0.05788971],[200.31113 212.70132 220.00804 ... 202.34143 211.81776 209.99745],[236.7376  254.50354 259.4858  ... 237.30142 247.52127 242.12057],[197.28502 215.40761 220.1877  ... 199.60422 210.98999 205.22127],[0. 0. 0. ... 0. 0. 0.],3,1,5,91
"[ 0.23131078  0.08899195  0.3480167  ... -0.03597021  0.10846348
  0.18505205]",[256.62445 240.76543 287.6101  ... 216.88634 241.55714 235.70082],[273.69458 259.6256  306.61575 ... 238.9803  257.35962 260.26108],[225.26614 212.06287 258.7907  ... 192.31691 210.36017 213.04053],[0.         0.         0.01951793 ... 0.         0.02785239 0.        ],3,1,5,92
[0.17994146 0.24184884 0.21381468 ... 0.08977227 0.1848491  0.03667827],[227.69798 242.74496 254.84564 ... 229.09396 242.18121 215.53691],[227.69798 242.74496 254.84564 ... 229.09396 242.18121 215.53691],[193.61115 209.43039 221.96782 ... 196.00124 209.63692 182.3718 ],[0. 0. 0. ... 0. 0. 0.],3,1,5,93
[0.05674897 0.03018181 0.05284995 ... 0.11033646 0.0303992  0.07344319],[227.8194  227.41806 233.43144 ... 244.07358 224.65218 229.1204 ],[227.8194  227.41806 233.43144 ... 244.07358 224.65218 229.1204 ],[202.3806  201.19826 206.51447 ... 218.8487  198.65746 203.04718],[0. 0. 0. ... 0. 0. 0.],3,1,5,94
"[ 0.15410185  0.19059144  0.3678424  ...  0.20647888 -0.08443291
  0.05948963]",[258.5625  267.6971  303.29327 ... 257.7404  205.3798  218.3077 ],[258.5625  267.6971  303.29327 ... 257.7404  205.3798  218.3077 ],[218.82443 227.47308 260.9768  ... 219.88742 167.51335 180.09445],[0. 0. 0. ... 0. 0. 0.],3,1,5,95
[0.07532262 0.09635226 0.19886042 ... 0.0293785  0.12007881 0.13740395],[222.44856 232.50331 254.71521 ... 220.69328 233.85272 220.09799],[246.22449 251.54082 272.0374  ... 234.77551 247.29932 238.43538],[212.16782 218.13748 237.09209 ... 201.85863 213.42921 203.95515],[0. 0. 0. ... 0. 0. 0.],3,1,5,96
"[ 0.34460342  0.1253062   0.11766855 ... -0.05326902  0.00147374
  0.22823113]",[263.86728 248.61867 247.68047 ... 210.79065 216.66887 234.88278],[290.14352 261.18054 266.4676  ... 225.53703 232.02777 253.71759],[259.76407 233.23358 235.95036 ... 197.53201 204.70825 227.18623],[0.         0.         0.         ... 0.         0.03680535 0.        ],3,1,5,97
[0.03220936 0.07330769 0.0869849  ... 0.14329559 0.09885844 0.25084552],[231.18889 240.21953 247.13657 ... 246.02724 242.24498 264.71616],[245.35957 254.3517  264.41208 ... 268.7139  259.27036 284.71127],[204.47336 215.96832 221.41302 ... 230.60873 221.4007  248.47328],[0.         0.         0.         ... 0.         0.02369553 0.        ],3,1,5,98
"[ 0.15603176  0.02924865  0.24241014 ...  0.02871689 -0.02298443
  0.14214976]",[242.10788 223.9797  267.69623 ... 225.61122 208.91357 232.65628],[276.9529  253.28261 300.8297  ... 255.77899 238.23189 262.6268 ],[246.48637 223.32275 270.09155 ... 225.79793 208.41663 233.1532 ],[0.         0.         0.         ... 0.         0.02312407 0.        ],3,1,5,99
"[ 0.342279    0.06008842  0.27351654 ... -0.03340436  0.05214713
  0.        ]",[261.9009  226.97662 273.79327 ... 207.67625 221.86734 201.37576],[305.38525 256.11475 308.25    ... 241.92213 258.0287  242.44263],[280.46338 231.66948 283.27908 ... 218.72537 235.13728 220.11592],[0. 0. 0. ... 0. 0. 0.],3,1,5,100
"[ 0.19908541  0.04512689 -0.00611814 ...  0.07406327  0.17657864
  0.27055556]",[220.04755 200.38902 200.83357 ... 196.9066  220.27083 213.6839 ],[294.84476 266.31506 257.82193 ... 261.5297  282.43378 277.5114 ],[262.52997 236.25818 228.53    ... 232.50375 251.04205 247.50523],[0.         0.         0.         ... 0.         0.03598212 0.        ],3,1,5,101
"[ 0.01560558  0.02030095  0.00708455 ... -0.00342106  0.17117836
  0.119688  ]",[226.47104 228.82625 230.64479 ... 229.91505 258.15445 241.05405],[226.47104 228.82625 230.64479 ... 229.91505 258.15445 241.05405],[190.64822 193.8384  193.77914 ... 193.03682 221.79547 203.99303],[0.         0.         0.01714895 ... 0.02321257 0.         0.        ],3,1,5,102
"[ 0.23203827 -0.0416992   0.14992014 ...  0.1793854   0.11891624
  0.21845241]",[270.8721  234.01744 277.22675 ... 281.84302 265.64536 281.5    ],[270.8721  234.01744 277.22675 ... 281.84302 265.64536 281.5    ],[226.33011 190.06757 232.39836 ... 237.72539 223.13484 239.03043],[0.         0.         0.02736215 ... 0.         0.         0.        ],3,1,5,103
"[ 0.11831166  0.09971149  0.19123279 ...  0.09804805 -0.07003579
  0.12197358]",[185.40382 190.07883 203.98439 ... 175.36446 160.34845 185.26715],[248.10997 244.16495 265.97937 ... 239.54295 211.34708 242.46048],[207.29486 204.49757 224.99573 ... 200.06784 170.07669 202.60641],[0. 0. 0. ... 0. 0. 0.],3,1,5,104
[0.08989763 0.12090734 0.20168121 ... 0.10911077 0.15349297 0.1726157 ],[253.69386 266.42896 288.74753 ... 269.77075 276.69916 276.47665],[254.4423  267.25    289.44232 ... 270.47693 277.68076 279.28845],[215.54778 229.96272 252.32626 ... 235.61806 243.55154 245.71333],[0.         0.         0.         ... 0.02261379 0.         0.        ],3,1,5,105
[0.06840776 0.24318312 0.17644587 ... 0.20554025 0.15766168 0.08377054],[226.62613 263.03152 258.4009  ... 259.1126  249.13963 234.8964 ],[226.62613 263.03152 258.4009  ... 259.1126  249.13963 234.8964 ],[187.62648 225.32312 219.85913 ... 221.74979 211.55264 197.21014],[0. 0. 0. ... 0. 0. 0.],3,1,5,106
[0.53468424 0.6369601  0.2295793  ... 0.2280571  0.15069652 0.10525761],[337.56265 354.06866 289.53387 ... 286.45807 266.97192 260.72897],[341.3871  362.69586 292.341   ... 288.96313 270.8894  263.4009 ],[305.64548 327.75586 255.46396 ... 254.38438 237.65039 227.42253],[0. 0. 0. ... 0. 0. 0.],3,1,5,107
[0.0616593  0.         0.04898006 ... 0.15088612 0.16728193 0.01346054],[185.8924  182.81906 200.03773 ... 204.95717 193.97902 175.69354],[246.9798  244.64983 256.5926  ... 258.18182 260.9091  228.55556],[222.50203 219.40018 230.68166 ... 233.96423 237.08856 204.87514],[0. 0. 0. ... 0. 0. 0.],3,1,5,108
"[ 0.19599177  0.0045543   0.08285427 ... -0.03711996  0.14153947
  0.01892985]",[268.94318 236.91667 254.60985 ... 236.31818 270.44318 245.51515],[268.94318 236.91667 254.60985 ... 236.31818 270.44318 245.51515],[236.14157 205.29085 220.2114  ... 206.3305  239.01396 215.76118],[0. 0. 0. ... 0. 0. 0.],3,1,5,109
[0.2036094  0.00915401 0.11925764 ... 0.01632064 0.00425625 0.10056854],[262.00394 233.67323 256.1181  ... 232.69292 229.91733 246.5433 ],[262.00394 233.67323 256.1181  ... 232.69292 229.91733 246.5433 ],[235.52649 207.60712 230.12595 ... 207.82568 204.3784  219.86949],[0. 0. 0. ... 0. 0. 0.],3,1,5,110
"[ 0.14037544  0.21386248  0.12954967 ...  0.08478472 -0.03378587
  0.13843097]",[242.20007 257.87906 260.45822 ... 239.5821  216.45695 239.13907],[260.4604  283.1434  277.86792 ... 258.93964 235.22264 254.57358],[226.34001 249.31555 239.4795  ... 226.00964 202.16122 221.2243 ],[0. 0. 0. ... 0. 0. 0.],3,1,5,111
"[ 0.18775511 -0.01981752  0.         ... -0.07266631  0.20895474
  0.1140715 ]",[235.15935 203.05655 210.04991 ... 184.34833 240.1432  213.64241],[259.1062  223.76549 235.84071 ... 220.52213 260.70798 237.4823 ],[227.9588  193.13907 205.619   ... 191.79248 231.23245 208.94783],[0.         0.         0.         ... 0.03180472 0.         0.        ],3,1,5,112
"[ 0.27934226  0.1025675  -0.02861306 ...  0.          0.10616799
  0.20190734]",[268.19037 253.15958 234.84624 ... 232.76074 248.96867 255.56761],[271.2963  256.32224 237.90741 ... 239.94073 252.1926  258.62964],[242.75763 228.78168 209.94476 ... 213.37062 223.95885 231.44803],[0.         0.         0.         ... 0.         0.03276156 0.        ],3,1,5,113
"[ 0.09568108 -0.02590715  0.12522991 ...  0.03923772  0.06568048
  0.11226893]",[209.37236 181.899   210.3995  ... 206.40335 205.87378 210.59789],[259.40323 243.65323 276.94354 ... 259.9516  264.33066 269.12366],[233.11116 218.22968 250.47583 ... 235.35161 240.1825  245.0681 ],[0.         0.01624173 0.         ... 0.         0.01832823 0.        ],3,1,5,114
"[ 0.25854078  0.15466577  0.04870319 ...  0.          0.
 -0.05046194]",[254.07982 248.77464 237.67136 ... 217.26761 213.00938 204.12675],[254.07982 248.77464 237.67136 ... 217.26761 213.00938 204.12675],[214.44342 211.28981 197.41733 ... 179.14354 176.54343 166.57672],[0. 0. 0. ... 0. 0. 0.],3,1,5,115
[0.16186033 0.13167636 0.17333087 ... 0.06222133 0.09268387 0.02501913],[217.74164 227.9101  238.22276 ... 215.62604 218.3652  201.32211],[260.043   267.87097 283.21863 ... 252.74551 256.24014 240.01434],[221.65091 229.50113 241.709   ... 215.34534 219.18054 202.81534],[0. 0. 0. ... 0. 0. 0.],3,1,5,116
[0.20229329 0.18764135 0.03893344 ... 0.23228344 0.07075045 0.07676355],[189.97293 198.44652 177.5208  ... 217.13905 171.32889 184.07921],[257.26947 274.3052  246.78572 ... 271.46753 238.7922  238.35715],[232.7653  252.36108 224.32979 ... 249.69067 217.4101  216.25214],[0. 0. 0. ... 0. 0. 0.],3,1,5,117
"[ 0.47242776  0.18426837  0.05991902 ...  0.05492277 -0.00658255
  0.04977516]",[243.40161 213.3072  194.77554 ... 183.2845  177.06442 173.8305 ],[318.7525  265.34448 250.30435 ... 241.28429 228.96321 237.85284],[283.2832  230.60735 216.50114 ... 208.20625 196.63438 205.81009],[0. 0. 0. ... 0. 0. 0.],3,1,5,118
[0.09386321 0.00532324 0.03916041 ... 0.1127695  0.01422062 0.        ],[252.53816 239.30534 247.92747 ... 239.0229  221.6145  216.38168],[252.53816 239.30534 247.92747 ... 239.0229  221.6145  216.38168],[217.07808 204.51595 210.78839 ... 205.70378 186.64932 180.81555],[0. 0. 0. ... 0. 0. 0.],3,1,5,119
[0.16716644 0.1307984  0.10961034 ... 0.11553173 0.19538893 0.09811494],[274.33212 276.8845  279.43323 ... 266.56317 280.852   248.6787 ],[274.33212 276.8845  279.43323 ... 266.56317 280.852   248.6787 ],[235.35689 238.43027 236.86102 ... 229.71906 241.09337 213.08257],[0. 0. 0. ... 0. 0. 0.],3,1,5,120
[0.2063111  0.00192589 0.13658576 ... 0.01972628 0.1927274  0.44185853],[278.57193 241.87518 267.21332 ... 244.86668 277.69797 317.13773],[279.42615 242.60338 268.03796 ... 245.60338 278.4388  318.04642],[252.74556 215.89375 242.39111 ... 220.05896 251.69296 292.58524],[0.         0.         0.         ... 0.         0.06079862 0.        ],3,1,5,121
"[ 0.17948337  0.18064813  0.08231384 ... -0.01874466  0.08209529
  0.03829839]",[219.81598 226.73251 214.24841 ... 213.43756 223.80861 209.83981],[265.1625  270.3     258.08124 ... 247.24687 263.04062 251.84375],[226.5873  232.09239 219.78397 ... 210.50967 225.32683 216.34875],[0. 0. 0. ... 0. 0. 0.],3,1,5,122
"[ 0.49972662  0.4258486   0.29039416 ...  0.11886868  0.4136256
 -0.02248697]",[306.4499  297.02542 280.27164 ... 243.7833  284.54346 220.73743],[345.2159  335.9091  314.95456 ... 278.58334 333.08713 249.09091],[307.47906 297.3673  272.79398 ... 243.02257 295.7938  214.02402],[0.         0.         0.         ... 0.03097004 0.         0.        ],3,1,5,123
"[ 0.27236944  0.12747154  0.06191322 ... -0.00716671 -0.02490685
  0.10172478]",[277.21832 256.1622  271.2535  ... 250.84119 247.6021  266.79352],[277.79526 256.79526 271.7893  ... 251.38576 248.35905 268.95847],[239.1878  219.86617 232.21634 ... 215.74242 211.86311 233.69356],[0. 0. 0. ... 0. 0. 0.],3,1,5,124
[0.4702612  0.04352774 0.14535597 ... 0.06511527 0.15828606 0.2636473 ],[295.69946 236.07104 255.99454 ... 235.28415 238.3825  255.57378],[295.69946 236.07104 255.99454 ... 235.28415 238.3825  255.57378],[273.61435 214.93324 234.1028  ... 214.20952 217.98917 234.82164],[0.         0.         0.         ... 0.04455308 0.         0.        ],3,1,5,125
[0.3485465  0.2501725  0.12489781 ... 0.         0.05854165 0.22219074],[218.20374 208.7141  208.96587 ... 185.03485 190.84543 199.03662],[272.2658  274.59494 255.50633 ... 231.96835 239.41772 252.11392],[256.5637  259.6691  240.41245 ... 217.17772 225.0277  238.0383 ],[0.        0.        0.        ... 0.        0.0330725 0.       ],3,1,5,126
"[ 0.1070006   0.          0.13675077 ... -0.07454233  0.06743585
  0.27362052]",[182.79292 170.99356 198.31172 ... 149.90125 177.70552 188.04265],[261.4529  245.82971 281.51086 ... 222.52174 243.71739 273.93115],[232.91138 217.89815 252.02911 ... 196.48476 218.5858  248.04663],[0.         0.         0.         ... 0.         0.03970291 0.        ],3,1,5,127
"[ 0.23819448  0.09966939 -0.03978957 ...  0.17397813  0.09562831
  0.12034927]",[244.89838 235.71138 214.8943  ... 245.      225.19106 227.33333],[244.89838 235.71138 214.8943  ... 245.      225.19106 227.33333],[217.62456 207.1293  186.73456 ... 217.34523 197.0744  200.05869],[0. 0. 0. ... 0. 0. 0.],3,1,5,128
[0.39804316 0.14538853 0.09984016 ... 0.         0.06330467 0.20020504],[267.26352 230.22298 235.90541 ... 224.39865 234.31757 254.00676],[267.26352 230.22298 235.90541 ... 224.39865 234.31757 254.00676],[242.40994 205.72398 210.60387 ... 199.81198 210.507   229.18799],[0.         0.         0.         ... 0.         0.02685727 0.        ],3,1,5,129
"[ 0.1891288   0.34199616  0.04251019 ... -0.09925828  0.06893004
  0.        ]",[238.35715 265.26923 224.03847 ... 200.42857 224.46703 206.2033 ],[238.35715 265.26923 224.03847 ... 200.42857 224.46703 206.2033 ],[212.53453 240.66585 198.2369  ... 176.85762 201.36774 183.27008],[0. 0. 0. ... 0. 0. 0.],3,1,5,130
"[ 0.18989572  0.02328858  0.11149952 ... -0.04170803  0.08809882
  0.        ]",[262.72137 235.65619 268.15594 ... 222.77608 250.94232 224.94789],[285.2388  261.24875 288.1045  ... 241.9005  267.95523 241.63184],[262.50565 239.33041 263.5428  ... 220.03703 246.0654  219.23624],[0. 0. 0. ... 0. 0. 0.],4,1,5,0
[0.15818244 0.12457321 0.09635005 ... 0.19913189 0.1378083  0.114601  ],[222.42462 229.01674 218.36896 ... 236.54063 224.33813 213.85493],[255.61539 257.36154 256.56924 ... 267.76923 254.51154 244.98462],[221.81036 223.23238 223.90222 ... 236.6115  222.8016  212.80956],[0. 0. 0. ... 0. 0. 0.],4,1,5,1
"[ 0.20773132  0.18807453  0.1559409  ...  0.04133912  0.11803758
 -0.05737526]",[241.63524 262.38525 258.86887 ... 241.41803 254.73361 220.62296],[241.63524 262.38525 258.86887 ... 241.41803 254.73361 220.62296],[211.90392 232.07788 229.42682 ... 213.58609 226.17616 193.1589 ],[0. 0. 0. ... 0. 0. 0.],4,1,5,2
[0.43965873 0.30764866 0.2959575  ... 0.04558665 0.12467209 0.11501474],[308.29996 288.53    291.30353 ... 232.7509  243.98853 225.23412],[317.06616 297.6459  298.07782 ... 237.66148 248.93385 232.214  ],[283.58633 265.02148 265.69556 ... 206.31686 218.44724 201.8587 ],[0. 0. 0. ... 0. 0. 0.],4,1,5,3
"[ 0.10873903  0.05612179  0.         ...  0.02897525 -0.01140568
  0.03286362]",[182.06401 182.49081 177.30193 ... 181.74062 182.12137 177.27242],[241.8287  234.18056 226.31944 ... 234.77315 227.03241 231.08797],[208.79425 200.82794 192.72496 ... 202.16946 194.36235 199.05702],[0. 0. 0. ... 0. 0. 0.],4,1,5,4
"[ 0.19235454 -0.03344648  0.17835994 ...  0.01550207  0.14917164
  0.11756613]",[243.35426 218.00398 254.64764 ... 215.12509 240.05173 228.87587],[271.47784 237.42722 280.58228 ... 240.85443 264.6234  252.80063],[240.20879 206.80804 248.09708 ... 210.07622 234.34094 221.63206],[0.         0.01653842 0.         ... 0.02203997 0.         0.        ],4,1,5,5
[0.20347156 0.         0.15601265 ... 0.         0.02919891 0.19563076],[251.14035 221.39912 253.13597 ... 222.66667 223.35965 246.83772],[251.14035 221.39912 253.13597 ... 222.66667 223.35965 246.83772],[205.91212 177.59221 207.01628 ... 176.40587 178.51617 204.25201],[0.         0.         0.         ... 0.         0.03140008 0.        ],4,1,5,6
[0.07137439 0.09684786 0.08270502 ... 0.08644073 0.10143667 0.1080834 ],[237.98936 244.24467 245.64539 ... 243.2376  245.50354 244.18085],[237.98936 244.24467 245.64539 ... 243.2376  245.50354 244.18085],[206.1419  212.8395  211.70078 ... 214.13606 214.76305 212.6836 ],[0. 0. 0. ... 0. 0. 0.],4,1,5,7
[0.08081119 0.15685356 0.03827039 ... 0.09999625 0.25283125 0.17947502],[203.06584 227.47684 210.94548 ... 256.0785  282.7077  274.08487],[217.22702 239.17838 220.63243 ... 267.92432 297.8919  284.75674],[202.22992 223.91862 203.81912 ... 251.53609 281.7604  266.58813],[0.         0.         0.         ... 0.02073412 0.         0.        ],4,1,5,8
[0.         0.00054413 0.15463537 ... 0.01942449 0.05816214 0.10905378],[182.87585 188.69582 225.86751 ... 197.15253 197.85745 215.57967],[224.06007 237.28975 266.35336 ... 245.6643  246.25089 256.07068],[199.62204 212.44783 241.52817 ... 220.99203 222.4745  231.08496],[0.         0.03816372 0.         ... 0.         0.         0.        ],4,1,5,9
[0.1259431  0.17628588 0.05328881 ... 0.1886849  0.06512705 0.07390806],[180.239   196.63719 173.83748 ... 200.86208 175.77077 174.62119],[229.01819 242.05    224.20454 ... 254.76364 227.10454 224.78181],[210.3741  224.69514 206.20258 ... 237.0274  208.94249 206.8389 ],[0. 0. 0. ... 0. 0. 0.],4,1,5,10
"[ 0.12563297  0.06861721  0.08510485 ...  0.09890035 -0.05290795
  0.08941635]",[232.1579  234.87134 245.37427 ... 246.30994 217.73099 243.52632],[232.1579  234.87134 245.37427 ... 246.30994 217.73099 243.52632],[203.23734 207.61752 216.33095 ... 218.97581 190.76349 216.1422 ],[0. 0. 0. ... 0. 0. 0.],4,1,5,11
[0.24545199 0.         0.21835095 ... 0.02810655 0.         0.13256082],[217.7746  189.25261 219.64912 ... 186.03696 184.68959 196.31189],[276.33334 232.38542 273.90625 ... 240.80208 232.91667 249.48611],[255.25124 210.30167 253.00606 ... 220.62854 212.59343 228.45163],[0.         0.         0.         ... 0.         0.01956512 0.        ],4,1,5,12
[0.38145974 0.11653194 0.03722357 ... 0.07863719 0.12133409 0.06888042],[301.23895 254.13716 251.78319 ... 252.9115  258.26547 239.62831],[301.23895 254.13716 251.78319 ... 252.9115  258.26547 239.62831],[259.4299  214.24417 208.03534 ... 212.58295 218.35199 198.5289 ],[0. 0. 0. ... 0. 0. 0.],4,1,5,13
[0.17514586 0.19780225 0.31322747 ... 0.1514452  0.07120398 0.08830199],[277.63568 283.64313 308.46097 ... 274.1673  259.09293 255.9591 ],[277.63568 283.64313 308.46097 ... 274.1673  259.09293 255.9591 ],[230.03078 236.65929 258.6574  ... 228.86726 214.36574 211.76791],[0. 0. 0. ... 0. 0. 0.],4,1,5,14
"[ 0.14068624  0.07261727  0.09932472 ...  0.11016145 -0.02214535
 -0.0107851 ]",[223.16644 222.70818 231.11552 ... 220.38025 185.70306 186.21819],[246.14568 245.69292 254.18898 ... 243.98032 205.77165 205.61417],[212.58475 212.92912 219.78328 ... 212.77872 174.79335 172.90819],[0. 0. 0. ... 0. 0. 0.],4,1,5,15
[0.02313896 0.01866999 0.34876955 ... 0.07051921 0.19846384 0.14203995],[216.6198  219.90625 283.54688 ... 244.70312 261.38022 252.83855],[216.6198  219.90625 283.54688 ... 244.70312 261.38022 252.83855],[180.47705 185.09483 248.88702 ... 210.66374 229.65822 219.33453],[0.         0.04438518 0.         ... 0.0227963  0.         0.        ],4,1,5,16
[0.21097854 0.19879974 0.1957485  ... 0.05910775 0.         0.        ],[203.07799 201.49242 201.8044  ... 179.34712 153.7658  157.8355 ],[263.4568  269.71194 280.5926  ... 236.37448 223.17696 219.88889],[237.53575 244.82703 255.02881 ... 210.65694 198.15987 194.89209],[0. 0. 0. ... 0. 0. 0.],4,1,5,17
[0.27355462 0.29320633 0.2757751  ... 0.10303217 0.01851615 0.0445146 ],[170.82608 172.15959 177.0425  ... 152.46872 137.297   133.1816 ],[270.17267 273.82733 288.8885  ... 245.58633 228.3777  229.46043],[246.75223 251.88542 265.34555 ... 223.37025 206.42744 207.42624],[0. 0. 0. ... 0. 0. 0.],4,1,5,18
"[ 0.15497114  0.09146398  0.08434483 ...  0.02055303 -0.04720637
  0.0317504 ]",[243.14723 236.36865 243.52045 ... 227.07753 214.25676 228.88246],[251.97762 246.66791 251.69403 ... 236.08955 221.50374 234.93283],[223.2582  216.72935 222.21747 ... 207.31201 192.68872 206.18442],[0. 0. 0. ... 0. 0. 0.],4,1,5,19
[0.28057656 0.2451889  0.06502511 ... 0.04611494 0.08474302 0.06527188],[197.77457 193.18953 176.4414  ... 155.9603  165.47641 159.02946],[291.979   295.13025 264.34872 ... 243.45798 251.30672 244.0084 ],[264.67508 268.92822 235.14413 ... 217.80289 224.99588 217.72208],[0. 0. 0. ... 0. 0. 0.],4,1,5,20
"[ 0.32726413  0.0101173   0.1416572  ...  0.01827843  0.01029561
 -0.02646386]",[281.504 231.56  256.152 ... 231.108 228.676 220.304],[281.504 231.56  256.152 ... 231.108 228.676 220.304],[246.59186 197.23553 223.49954 ... 199.42108 196.15553 186.57707],[0. 0. 0. ... 0. 0. 0.],4,1,5,21
[0.25567013 0.17015871 0.0670671  ... 0.         0.23881821 0.14495242],[251.26248 259.6391  248.45894 ... 221.55713 262.4022  240.24052],[279.72873 278.6968  265.07977 ... 237.75533 282.75    263.64893],[251.35434 251.47353 234.97682 ... 211.29512 257.3958  237.7587 ],[0.        0.        0.        ... 0.0383761 0.        0.       ],4,1,5,22
[0.16941445 0.0942113  0.03274736 ... 0.03984204 0.08566273 0.02517016],[181.96648 190.68816 181.22089 ... 179.44484 188.85689 171.88036],[254.24265 264.      255.10294 ... 248.33456 257.13235 241.76103],[229.02106 239.30719 228.35622 ... 224.31223 233.09029 218.25333],[0.         0.         0.         ... 0.01208881 0.         0.        ],4,1,5,23
[0.13594262 0.10464054 0.19296688 ... 0.04474593 0.07958561 0.16158392],[267.49408 264.9219  284.8628  ... 241.56047 233.0999  239.83044],[268.03296 265.46887 286.90475 ... 242.03664 233.5934  240.3077 ],[224.44588 224.02956 243.32051 ... 203.23706 193.06512 201.34271],[0.        0.        0.        ... 0.        0.0270414 0.       ],4,1,5,24
[0.21206428 0.11267065 0.10361031 ... 0.         0.06426615 0.16339225],[274.05704 263.06644 272.7214  ... 239.67279 236.18468 250.04863],[275.3525  265.09354 273.83093 ... 240.96404 240.53238 251.39928],[240.34567 230.35564 238.39113 ... 207.52576 206.4481  218.96207],[0.        0.        0.        ... 0.        0.0171378 0.       ],4,1,5,25
[0.13450061 0.15075275 0.09273887 ... 0.0723033  0.01650447 0.10313608],[185.80815 203.53506 195.01114 ... 190.2126  175.2262  185.45526],[237.99178 248.32922 244.19342 ... 238.28395 223.31276 236.33333],[206.78165 216.75687 212.4445  ... 206.70287 192.90176 205.2115 ],[0. 0. 0. ... 0. 0. 0.],4,1,5,26
[0.18925956 0.1434437  0.08988155 ... 0.15765767 0.04432866 0.07447462],[236.71475 225.21022 224.42674 ... 249.27573 233.29077 225.13115],[247.04762 238.21164 236.88359 ... 260.79364 240.41798 235.88889],[218.4291  211.32368 209.05371 ... 234.28911 212.83856 208.86969],[0. 0. 0. ... 0. 0. 0.],4,1,5,27
[0.2684225  0.18521297 0.24392396 ... 0.06121042 0.05415929 0.11341513],[196.4539  172.08607 177.29643 ... 165.85245 161.97714 179.02945],[267.01227 251.99387 274.227   ... 249.      246.47853 257.44785],[246.55136 233.01433 255.87146 ... 229.73953 228.0392  238.26804],[0. 0. 0. ... 0. 0. 0.],4,1,5,28
[0.03611707 0.00246179 0.2510321  ... 0.         0.04037607 0.        ],[216.79832 215.52942 258.83194 ... 220.16806 226.63025 216.04202],[216.79832 215.52942 258.83194 ... 220.16806 226.63025 216.04202],[197.14339 196.64757 239.32942 ... 201.43004 207.29779 197.14925],[0.         0.03587805 0.         ... 0.         0.         0.        ],4,1,5,29
"[ 0.17033005  0.04842478 -0.04728508 ...  0.05267703  0.00670563
  0.1341442 ]",[246.08241 240.6118  224.23376 ... 229.23763 218.16032 233.46494],[266.80316 258.      244.94489 ... 248.90158 238.72835 260.51575],[238.57224 230.16396 215.6996  ... 222.64297 212.05946 234.48602],[0. 0. 0. ... 0. 0. 0.],4,1,5,30
[0.12828706 0.06772898 0.1471406  ... 0.04819144 0.03295286 0.18363065],[171.69531 169.57457 191.52255 ... 164.78548 164.1456  165.49667],[241.2415  247.27551 266.06122 ... 237.30272 227.78572 247.96259],[203.41162 208.004   227.53311 ... 202.41202 193.24516 212.43675],[0.         0.         0.         ... 0.         0.02448797 0.        ],4,1,5,31
[0.19601382 0.14874525 0.09748228 ... 0.         0.03011038 0.0133366 ],[282.88672 275.0586  268.10156 ... 246.11328 249.59766 242.36328],[282.88672 275.0586  268.10156 ... 246.11328 249.59766 242.36328],[238.8695  232.63074 226.47841 ... 205.22849 207.65012 200.52563],[0. 0. 0. ... 0. 0. 0.],4,1,5,32
[0.16110078 0.03713769 0.02450012 ... 0.07239302 0.08192424 0.20766287],[198.66507 197.93962 189.97737 ... 181.283   182.05821 197.3172 ],[250.63829 247.97163 244.58865 ... 237.77306 233.8227  250.16312],[221.08745 217.96324 216.00615 ... 208.6344  205.5612  220.91794],[0.         0.         0.         ... 0.         0.02171502 0.        ],4,1,5,33
"[ 0.05709518  0.11405494 -0.02552146 ...  0.          0.08919393
  0.10750155]",[234.48595 245.35744 227.87952 ... 225.90361 237.4498  240.39758],[234.48595 245.35744 227.87952 ... 225.90361 237.4498  240.39758],[193.23317 204.06306 186.08888 ... 185.45613 196.24628 199.27873],[0.         0.         0.01266131 ... 0.01724123 0.         0.        ],4,1,5,34
[0.09875181 0.19738421 0.20629184 ... 0.14991945 0.10860142 0.05023557],[230.15231 248.7086  254.13245 ... 230.51656 217.39073 201.37086],[230.15231 248.7086  254.13245 ... 230.51656 217.39073 201.37086],[204.1406  223.2805  227.4265  ... 203.77864 191.24913 176.73273],[0. 0. 0. ... 0. 0. 0.],4,1,5,35
"[ 0.37883633 -0.05233122  0.00522777 ...  0.02816976  0.12471952
  0.03572508]",[293.02448 234.52245 252.32245 ... 249.8245  267.05713 248.2    ],[293.02448 234.52245 252.32245 ... 249.8245  267.05713 248.2    ],[256.03268 196.11183 212.88632 ... 213.98666 229.8066  213.30873],[0. 0. 0. ... 0. 0. 0.],4,1,5,36
"[ 0.47857663  0.33513686  0.42243373 ... -0.08392127  0.1798934
  0.02355307]",[312.36786 305.96988 326.54172 ... 231.46654 277.29126 249.95999],[320.54504 309.18018 328.1081  ... 233.1036  279.65317 251.491  ],[287.35693 278.17685 294.69345 ... 202.83702 250.22113 220.92906],[0.         0.         0.02429822 ... 0.01805024 0.         0.        ],4,1,5,37
[0.12821102 0.         0.0901795  ... 0.0812846  0.         0.20210221],[214.53687 201.42227 210.25508 ... 197.5965  184.8002  206.4267 ],[257.6207  236.53448 255.10345 ... 241.32759 221.96983 257.98276],[239.3085  218.51746 237.17816 ... 224.59404 204.73714 240.61084],[0.         0.         0.         ... 0.         0.03107109 0.        ],4,1,5,38
[0.3245212  0.1634804  0.15447976 ... 0.09313119 0.2226908  0.15991701],[282.37888 255.76707 278.74844 ... 257.00623 267.35092 248.81366],[282.37888 255.76707 278.74844 ... 257.00623 267.35092 248.81366],[252.12744 228.03079 248.58916 ... 228.37209 240.41428 221.07016],[0.         0.         0.         ... 0.03931129 0.         0.        ],4,1,5,39
[0.1587527  0.1834245  0.13405828 ... 0.09479789 0.04963568 0.10446431],[210.9439  209.91658 209.37598 ... 204.80225 188.87431 194.45892],[247.12778 253.10556 244.50555 ... 242.96666 223.74445 227.78334],[219.66788 226.29758 219.75055 ... 217.56985 199.2157  204.08824],[0. 0. 0. ... 0. 0. 0.],4,1,5,40
"[ 0.07129166  0.26484534 -0.03948064 ...  0.05893107  0.06819446
  0.11083025]",[248.71161 291.13858 242.21349 ... 250.71536 250.62172 250.86142],[248.71161 291.13858 242.21349 ... 250.71536 250.62172 250.86142],[208.36287 252.54681 201.20857 ... 213.34271 213.30365 211.98784],[0. 0. 0. ... 0. 0. 0.],4,1,5,41
"[ 0.09362687  0.1666986   0.18292648 ...  0.12886466 -0.02202169
  0.0120294 ]",[235.3051  251.12404 255.64911 ... 251.00574 213.09398 212.18527],[239.12605 254.44958 259.9874  ... 254.30252 217.07564 217.32773],[200.77782 217.16043 221.63515 ... 216.33047 180.30394 180.26349],[0. 0. 0. ... 0. 0. 0.],4,1,5,42
"[ 0.23524244  0.          0.0510198  ...  0.09495316 -0.04700314
  0.08623239]",[259.24753 228.0363  239.82838 ... 251.1188  224.033   234.75578],[259.24753 228.0363  239.82838 ... 251.1188  224.033   234.75578],[217.39902 187.08798 199.21684 ... 210.50229 182.66803 195.79424],[0. 0. 0. ... 0. 0. 0.],4,1,5,43
[0.09689389 0.00993053 0.21413322 ... 0.00373866 0.1632424  0.13831021],[223.70576 217.15219 255.4674  ... 220.08084 241.97209 234.66812],[231.09717 226.      264.13766 ... 226.51012 248.65991 241.30365],[189.31737 185.46423 222.76009 ... 184.02509 208.53468 201.95828],[0.         0.         0.         ... 0.02976758 0.         0.        ],4,1,5,44
[0.         0.         0.00880005 ... 0.14658663 0.11316325 0.18575993],[116.37556  118.71294  124.744995 ... 135.43324  123.46126  137.12233 ],[233.7207  239.5636  250.01746 ... 262.80548 253.64339 259.50873],[210.8258  217.45305 226.95474 ... 242.26405 233.01024 239.06741],[0. 0. 0. ... 0. 0. 0.],4,1,5,45
[0.03608795 0.07681801 0.10361896 ... 0.15046728 0.02709872 0.        ],[224.48215 229.75595 239.80952 ... 246.78572 227.50595 215.7738 ],[224.48215 229.75595 239.80952 ... 246.78572 227.50595 215.7738 ],[185.89243 194.26604 203.78252 ... 211.45102 191.26208 181.47824],[0. 0. 0. ... 0. 0. 0.],4,1,5,46
"[ 0.23317805  0.06553701  0.09087791 ...  0.09971347  0.05881079
 -0.08545054]",[189.57022 160.43776 167.03452 ... 162.44243 155.95709 135.03932],[273.01886 245.29716 250.17924 ... 245.4717  238.17453 210.00943],[245.47295 215.9683  222.51964 ... 219.24428 211.11809 182.04688],[0. 0. 0. ... 0. 0. 0.],4,1,5,47
[0.1126727  0.13097626 0.13562264 ... 0.19752488 0.12679191 0.14576958],[206.5974  211.53258 222.10513 ... 212.01588 214.75398 209.39456],[261.9331  273.17056 280.65216 ... 278.26422 263.38126 263.1338 ],[233.80225 245.1037  251.28125 ... 252.52893 235.98343 236.0828 ],[0. 0. 0. ... 0. 0. 0.],4,1,5,48
"[ 0.12179807  0.1919905   0.14938092 ...  0.06302129 -0.00207051
  0.12067735]",[183.64767 209.0599  190.26862 ... 190.33174 179.5614  189.06235],[248.06726 269.53812 265.0897  ... 248.41255 233.2287  254.18385],[220.7394  244.14345 238.9196  ... 222.25522 207.17894 228.62885],[0. 0. 0. ... 0. 0. 0.],4,1,5,49
[0.19536912 0.         0.08548673 ... 0.0979269  0.08906787 0.1331569 ],[165.7268  144.57361 156.08173 ... 164.21185 159.8491  153.11891],[254.7076  226.20468 242.9649  ... 245.8538  240.53217 243.25146],[226.29868 197.78922 213.828   ... 216.77946 212.86797 215.40428],[0. 0. 0. ... 0. 0. 0.],4,1,5,50
"[ 0.23159371  0.18250957  0.2008271  ...  0.03002141  0.03439726
 -0.0402461 ]",[233.48962 244.56816 256.7163  ... 233.65549 218.65652 210.60794],[245.24153 257.69492 276.31357 ... 244.20338 240.88983 225.65678],[209.50476 222.00705 238.21027 ... 208.72577 207.99432 190.744  ],[0. 0. 0. ... 0. 0. 0.],4,1,5,51
"[ 0.15911756  0.04341731 -0.06573576 ...  0.06402913  0.1301159
  0.13774784]",[180.4446  191.10034 169.99673 ... 181.14653 183.76628 178.43396],[269.37448 264.79575 246.98723 ... 256.1532  266.42978 267.68085],[248.69133 245.3903  227.74374 ... 237.21036 248.0146  249.36526],[0. 0. 0. ... 0. 0. 0.],4,1,5,52
"[ 0.33919024  0.31224412  0.0773933  ...  0.         -0.03020328
  0.19978628]",[260.403   259.15323 246.13147 ... 230.74167 221.285   258.61707],[261.68283 260.34802 247.29956 ... 231.9163  222.4185  259.77094],[224.58188 224.67305 209.34721 ... 197.10284 188.34962 225.36853],[0.         0.         0.         ... 0.         0.02752749 0.        ],4,1,5,53
"[ 0.07326455  0.05235058  0.2086118  ... -0.11959483  0.06903257
  0.23351254]",[226.63274 220.77107 264.43777 ... 196.75406 221.95705 243.41318],[234.41785 232.277   271.58685 ... 204.66197 232.12675 250.86855],[203.98137 202.7473  241.79721 ... 177.20134 203.52307 222.5939 ],[0.         0.         0.         ... 0.         0.03951475 0.        ],4,1,5,54
"[ 0.14855315  0.06377549  0.11329056 ...  0.22849749 -0.00572937
  0.23769434]",[222.57614 227.21745 229.68811 ... 243.99954 195.5076  237.61719],[234.29556 237.8867  249.68472 ... 254.57635 210.30542 250.68965],[203.80948 206.90335 220.26591 ... 226.48303 181.97401 222.73805],[0. 0. 0. ... 0. 0. 0.],4,1,5,55
"[ 0.0904089   0.03359238  0.24415076 ...  0.04719603 -0.0895282
  0.01581555]",[250.27934 237.36317 274.4643  ... 239.35817 206.01263 217.59619],[264.9595  253.23482 293.44128 ... 251.90688 222.91498 237.0081 ],[227.80956 218.11195 256.66486 ... 219.46043 188.54803 203.9771 ],[0.         0.02754481 0.         ... 0.         0.         0.        ],4,1,5,56
[0.05809546 0.136403   0.00306512 ... 0.03689359 0.13393606 0.34488413],[217.93413 234.80838 220.82036 ... 224.05988 238.6527  267.71857],[217.93413 234.80838 220.82036 ... 224.05988 238.6527  267.71857],[184.68393 202.86252 187.77808 ... 192.29092 205.97076 235.07484],[0.         0.         0.         ... 0.         0.05801486 0.        ],4,1,5,57
[0.25403774 0.06467523 0.07416507 ... 0.07013986 0.16131203 0.20056958],[246.66745 224.84276 232.72711 ... 224.02731 238.29353 234.53731],[271.6128  255.78452 259.75085 ... 255.41751 263.0707  267.734  ],[240.40508 226.37631 228.96573 ... 225.0821  234.42131 237.74109],[0.         0.         0.         ... 0.         0.02428137 0.        ],4,1,5,58
[0.05429091 0.08418186 0.01522183 ... 0.07148588 0.09459688 0.1841306 ],[250.42857 254.98901 245.02747 ... 246.24725 249.04396 257.34616],[250.42857 254.98901 245.02747 ... 246.24725 249.04396 257.34616],[222.17014 228.10791 217.74654 ... 220.62387 223.94194 233.14   ],[0. 0. 0. ... 0. 0. 0.],4,1,5,59
[0.15059985 0.13842762 0.02822839 ... 0.2569494  0.10829552 0.04686   ],[247.72075 250.52307 229.81343 ... 278.22192 249.4856  234.34145],[248.42586 251.19011 230.53992 ... 278.93536 250.18631 237.89354],[207.19998 209.90518 192.46274 ... 239.7433  211.81581 200.41394],[0. 0. 0. ... 0. 0. 0.],4,1,5,60
"[ 0.04177341 -0.03726722  0.06806887 ...  0.02842367  0.037585
  0.20387785]",[240.7888  235.61052 258.38412 ... 243.05183 243.40393 248.61104],[244.59683 239.27667 264.60474 ... 246.56917 246.97234 255.03557],[198.14343 195.05272 213.80745 ... 201.98946 202.78014 211.67773],[0.         0.         0.01607661 ... 0.         0.0333103  0.        ],4,1,5,61
[0.24301933 0.06306895 0.11540272 ... 0.12760335 0.13018459 0.20175876],[244.86264 223.73077 239.67583 ... 237.5934  230.84065 241.     ],[244.86264 223.73077 239.67583 ... 237.5934  230.84065 241.     ],[203.48448 183.74405 196.86626 ... 199.67778 192.83832 202.21042],[0. 0. 0. ... 0. 0. 0.],4,1,5,62
"[ 0.25187498  0.1719934   0.09871288 ...  0.01488789 -0.00672348
  0.01270877]",[176.5693  159.06909 178.72653 ... 151.95087 154.21463 149.16612],[274.53207 266.20377 262.5019  ... 236.10567 228.14717 228.98112],[232.97375 228.01398 221.83153 ... 198.63582 192.88234 191.9115 ],[0. 0. 0. ... 0. 0. 0.],4,1,5,63
"[ 0.09273762  0.05464835  0.06881714 ... -0.05861139  0.09689648
  0.30732718]",[250.80928 252.67526 256.17526 ... 222.84537 240.13918 270.70102],[250.80928 252.67526 256.17526 ... 222.84537 240.13918 270.70102],[215.27704 218.60849 222.14214 ... 189.8045  206.87929 236.61664],[0.         0.         0.         ... 0.         0.05012834 0.        ],4,1,5,64
[0.1366922  0.         0.31947917 ... 0.18494183 0.10239715 0.11302431],[166.86505 146.70142 201.82144 ... 186.48816 166.9794  175.42438],[241.34944 220.9591  285.76953 ... 262.2565  245.81784 243.33829],[226.48854 206.1707  270.9542  ... 248.4285  231.64374 229.01752],[0. 0. 0. ... 0. 0. 0.],4,1,5,65
"[ 0.30353343  0.10006154  0.         ... -0.10239488  0.19592182
  0.14905071]",[252.94725 232.71704 218.6641  ... 194.1295  241.2874  224.98448],[261.16666 242.57658 228.40991 ... 201.33784 248.75226 232.4009 ],[229.68648 211.19388 197.09686 ... 168.75244 218.17783 201.03561],[0.        0.        0.        ... 0.0326709 0.        0.       ],4,1,5,66
"[ 0.09740762 -0.00862389  0.26098165 ...  0.0794595   0.04903265
  0.16243069]",[172.69308 150.77046 183.87184 ... 162.47992 150.11618 150.27925],[256.9565  240.08301 296.21738 ... 248.15414 236.49011 246.04742],[235.25893 218.86926 271.90668 ... 227.6811  214.08942 225.0758 ],[0.         0.02015667 0.         ... 0.         0.         0.        ],4,1,5,67
"[ 0.0719735  -0.00668145  0.2293483  ...  0.15264913  0.13757499
  0.07391503]",[218.7027  209.02162 252.15135 ... 241.29189 237.42162 225.2054 ],[218.7027  209.02162 252.15135 ... 241.29189 237.42162 225.2054 ],[192.1531  182.86737 225.76053 ... 214.80794 211.4216  198.62306],[0.         0.02087882 0.         ... 0.         0.         0.        ],4,1,5,68
[0.31698543 0.19371788 0.04765429 ... 0.18609872 0.15613884 0.0869398 ],[264.59738 251.19917 230.90402 ... 249.13431 240.60275 226.4707 ],[268.5304  252.25415 231.76796 ... 250.25415 241.62984 227.53038],[240.26433 223.97554 203.92595 ... 222.62334 215.78532 201.50902],[0. 0. 0. ... 0. 0. 0.],4,1,5,69
[0.08397643 0.15952088 0.17552483 ... 0.08224232 0.         0.0805675 ],[211.5312  222.7431  248.8567  ... 215.18039 202.35548 207.76071],[238.3561  259.59512 272.62927 ... 248.85365 228.05367 236.17561],[212.71872 234.39182 247.16312 ... 224.91548 203.23132 212.98888],[0. 0. 0. ... 0. 0. 0.],4,1,5,70
[0.06584752 0.1007266  0.14507599 ... 0.14615028 0.15762249 0.23702028],[242.20253 253.66455 269.1709  ... 266.6962  269.10126 279.1962 ],[242.20253 253.66455 269.1709  ... 266.6962  269.10126 279.1962 ],[203.42578 215.6995  230.86385 ... 232.50114 232.82909 243.80641],[0. 0. 0. ... 0. 0. 0.],4,1,5,71
"[ 0.25817698  0.1172349   0.06639125 ... -0.10885122  0.18939719
  0.17257369]",[243.79494 232.00383 230.83243 ... 206.42336 242.24898 230.75298],[251.10138 238.04608 236.79263 ... 214.52534 253.70045 239.84332],[220.11972 205.93687 206.07755 ... 183.66222 223.01541 211.66411],[0.         0.         0.         ... 0.03759682 0.         0.        ],4,1,5,72
"[ 0.16643101 -0.09119566  0.05252079 ...  0.13856973  0.20688297
  0.05424253]",[226.6272  199.08061 219.83109 ... 236.14487 259.3958  230.16965],[246.01508 215.74371 247.42714 ... 263.77386 276.7789  246.58292],[230.73596 201.15446 232.2507  ... 249.03258 261.54385 231.36116],[0. 0. 0. ... 0. 0. 0.],4,1,5,73
"[ 0.30439544  0.20780922  0.         ... -0.04219142  0.05722286
  0.03279537]",[270.72513 261.9052  237.25119 ... 218.63982 233.99525 222.17061],[270.72513 261.9052  237.25119 ... 218.63982 233.99525 222.17061],[223.56076 217.00156 192.22116 ... 174.30019 190.24136 178.71724],[0. 0. 0. ... 0. 0. 0.],4,1,5,74
"[ 0.21919031  0.24422823  0.1628446  ... -0.03197991  0.10068943
  0.02003615]",[280.56277 292.10822 279.48917 ... 232.13853 253.03464 235.81818],[280.56277 292.10822 279.48917 ... 232.13853 253.03464 235.81818],[246.3522  257.46225 244.56805 ... 199.19962 219.44144 201.37303],[0. 0. 0. ... 0. 0. 0.],4,1,5,75
[0.18086274 0.39555785 0.08251581 ... 0.11283262 0.05104633 0.12125082],[247.52055 292.82193 245.8048  ... 255.49658 239.89726 237.59589],[247.52055 292.82193 245.8048  ... 255.49658 239.89726 237.59589],[218.53244 262.93872 215.41272 ... 226.45943 212.57245 208.69693],[0. 0. 0. ... 0. 0. 0.],4,1,5,76
"[ 0.27987674  0.03024947 -0.0326976  ...  0.07227238  0.12737375
  0.06021858]",[283.45325 245.28058 236.59712 ... 254.58994 262.68704 249.30215],[283.45325 245.28058 236.59712 ... 254.58994 262.68704 249.30215],[247.75954 211.11836 201.36154 ... 219.79112 228.2481  215.68503],[0. 0. 0. ... 0. 0. 0.],4,1,5,77
[0.04260138 0.30045357 0.32538214 ... 0.17798732 0.04357628 0.18328907],[167.62218 209.63144 229.10333 ... 201.96889 184.45117 199.65604],[214.67857 268.40714 276.83572 ... 253.33571 229.05714 253.04286],[182.57854 238.04982 243.49493 ... 223.60808 197.79422 221.33763],[0. 0. 0. ... 0. 0. 0.],4,1,5,78
"[ 0.23296463  0.          0.00706119 ... -0.00545286  0.1103216
  0.20446314]",[252.35185 218.6358  221.69136 ... 211.90123 230.4321  243.06172],[252.35185 218.6358  221.69136 ... 211.90123 230.4321  243.06172],[227.5357  194.01324 195.94643 ... 187.91292 205.82608 218.63687],[0.        0.        0.        ... 0.        0.0269703 0.       ],4,1,5,79
[0.29866824 0.13917631 0.5176912  ... 0.11370633 0.09337629 0.21188127],[286.38333 259.99445 328.53333 ... 260.7611  256.47778 273.24445],[286.38333 259.99445 328.53333 ... 260.7611  256.47778 273.24445],[259.5493  231.97179 301.4972  ... 235.56467 231.19157 248.37614],[0.         0.         0.03332054 ... 0.         0.02211299 0.        ],4,1,5,80
[0.11496679 0.         0.094834   ... 0.03644781 0.05115509 0.02917749],[240.10902 218.93329 241.85965 ... 221.25877 227.17256 217.84048],[259.85236 240.12752 261.41275 ... 242.6745  246.21477 234.98993],[227.23462 206.40704 227.12825 ... 211.76184 214.43558 203.53372],[0. 0. 0. ... 0. 0. 0.],4,1,5,81
[0.03008916 0.03213621 0.09752737 ... 0.06674524 0.00375874 0.11915319],[238.53586 239.76372 251.38397 ... 243.35864 231.22784 241.42194],[238.53586 239.76372 251.38397 ... 243.35864 231.22784 241.42194],[209.67648 210.74841 223.30656 ... 216.09216 202.65294 214.75209],[0.         0.         0.         ... 0.         0.01968213 0.        ],4,1,5,82
"[ 0.30317     0.04661647  0.09949695 ...  0.          0.01999011
 -0.00506418]",[259.4737  238.34654 253.56761 ... 226.5284  226.44096 220.85611],[290.73914 255.62318 274.5942  ... 242.9529  246.05072 240.50362],[253.75426 220.5915  235.11574 ... 209.16504 211.92513 205.9989 ],[0. 0. 0. ... 0. 0. 0.],4,1,5,83
"[ 0.15295495  0.13800476  0.054688   ...  0.03545323 -0.02876624
  0.088388  ]",[246.375   246.42084 236.3875  ... 235.48334 222.27083 235.90834],[246.375   246.42084 236.3875  ... 235.48334 222.27083 235.90834],[212.5548  213.23921 203.27634 ... 202.95241 191.05727 204.2756 ],[0. 0. 0. ... 0. 0. 0.],4,1,5,84
[0.14934292 0.1581588  0.24230821 ... 0.06529066 0.09249924 0.        ],[192.17697 209.06264 225.5648  ... 195.47395 201.95688 185.00143],[242.5342  250.72223 271.22223 ... 243.17094 246.20512 220.38461],[210.503   218.85298 235.60619 ... 210.30423 212.47517 187.34187],[0. 0. 0. ... 0. 0. 0.],4,1,5,85
[0.27470186 0.01207219 0.021629   ... 0.10579983 0.0215365  0.0767203 ],[249.51898 217.19409 220.29114 ... 241.66667 223.87764 226.02954],[249.51898 217.19409 220.29114 ... 241.66667 223.87764 226.02954],[224.78743 192.65538 194.65851 ... 215.99783 199.22255 200.66042],[0. 0. 0. ... 0. 0. 0.],4,1,5,86
"[ 0.13261834  0.2496792   0.05538912 ...  0.07952935 -0.02536105
  0.1714993 ]",[225.3681  248.44171 221.60736 ... 233.19019 211.25154 244.07976],[225.3681  248.44171 221.60736 ... 233.19019 211.25154 244.07976],[197.71478 221.08467 193.60356 ... 204.77469 183.60876 215.72548],[0. 0. 0. ... 0. 0. 0.],4,1,5,87
[0.00261987 0.10936071 0.0893448  ... 0.01673165 0.1067763  0.05369603],[212.8108  234.41441 237.2027  ... 216.67117 231.8018  211.54504],[212.8108  234.41441 237.2027  ... 216.67117 231.8018  211.54504],[187.80338 209.8884  213.04156 ... 192.77014 207.89833 187.8196 ],[0. 0. 0. ... 0. 0. 0.],4,1,5,88
"[ 0.3006255   0.01946718  0.06202415 ...  0.09312881 -0.01080001
  0.07885294]",[277.50943 235.95155 249.51552 ... 245.09834 226.0426  238.99655],[278.1942  236.57439 250.16942 ... 245.71074 226.66528 239.71074],[255.74406 213.719   228.22923 ... 224.15703 204.58109 217.17503],[0.         0.         0.01960121 ... 0.         0.         0.        ],4,1,5,89
"[-0.02233944  0.01933573 -0.0370263  ...  0.03545976  0.
 -0.03803504]","[-5.2964425e-01  2.9644269e-01 -6.6798419e-01 ...  3.1249011e+02
  3.0708694e+02  2.9683795e+02]","[-5.2964425e-01  2.9644269e-01 -6.6798419e-01 ...  3.1249011e+02
  3.0708694e+02  2.9683795e+02]","[ -0.44530752   0.38543248  -0.7380709  ... 266.11755    256.99283
 249.63744   ]",[0. 0. 0. ... 0. 0. 0.],5,1,5,0
"[-0.01683684 -0.00021866 -0.01448171 ... -0.004652    0.
  0.00301517]","[ -0.55871886  -0.32384342  -0.48042706 ... 287.03558    288.19928
 289.27048   ]","[ -0.55871886  -0.32384342  -0.48042706 ... 287.03558    288.19928
 289.27048   ]","[ -0.3592144   -0.29633304  -0.5094538  ... 192.96718    193.84819
 194.4088    ]",[0. 0. 0. ... 0. 0. 0.],5,1,5,1
"[-0.02676301 -0.01326583  0.00883247 ...  0.06826129  0.13663588
  0.        ]",[nan nan nan ... nan nan nan],"[-4.6724892e-01 -3.5807860e-01  5.6768559e-02 ...  3.0819650e+02
  3.2575110e+02  2.9247162e+02]","[-5.2076399e-01 -2.5813127e-01  1.7186539e-01 ...  2.3561980e+02
  2.5244798e+02  2.2168137e+02]",[0.         0.         0.         ... 0.01653456 0.         0.        ],5,1,5,2
"[-0.01231361  0.01890933 -0.02897188 ...  0.04197443  0.08605652
 -0.01845299]","[-3.9354840e-01  2.3225807e-01 -7.6129031e-01 ...  2.8088388e+02
  2.8691614e+02  2.7004517e+02]","[-3.9354840e-01  2.3225807e-01 -7.6129031e-01 ...  2.8088388e+02
  2.8691614e+02  2.7004517e+02]","[ -0.23821506   0.3658136   -0.613957   ... 205.8201     216.92079
 196.75227   ]",[0. 0. 0. ... 0. 0. 0.],5,1,5,3
"[-1.1900062e-02 -1.9702522e-02 -1.2538054e-02 ... -4.7720065e-03
  1.8611157e-01 -4.0723229e-05]","[ -0.41006052  -0.5746388   -0.3951255  ... 285.0277     333.6912
 291.26868   ]","[ -0.43939394  -0.5050505   -0.41414142 ... 288.06564    336.601
 294.27777   ]","[ -0.28797612  -0.47679213  -0.3449084  ... 204.37093    248.87169
 205.47394   ]",[0. 0. 0. ... 0. 0. 0.],5,1,5,4
"[-0.03172878 -0.02915853 -0.03018596 ... -0.03208303 -0.21752867
 -0.12103231]","[ -0.6458333   -0.675       -0.68333334 ... 294.10416    252.73334
 274.53333   ]","[ -0.6458333   -0.675       -0.68333334 ... 294.10416    252.73334
 274.53333   ]","[ -0.64074767  -0.5888427   -0.60959107 ... 233.87633    191.19278
 214.93387   ]",[0. 0. 0. ... 0. 0. 0.],5,1,5,5
"[-0.0121999  -0.01406789 -0.01389767 ... -0.21509956  0.11420336
  0.06565647]","[ -0.36155793  -0.9063174   -0.46771315 ... 235.32675    310.8667
 293.96207   ]","[ -0.37391305  -0.59130436  -0.50869566 ... 265.56088    355.65652
 340.4913    ]","[-2.7588618e-01 -4.5630243e-01 -4.8547876e-01 ...  1.9850554e+02
  2.8932092e+02  2.7675040e+02]",[0. 0. 0. ... 0. 0. 0.],5,1,5,6
"[-0.02160011  0.00724301  0.004994   ... -0.04322004 -0.07720133
  0.00893194]","[-5.6363636e-01 -4.5454544e-03  2.7727273e-01 ...  2.9685455e+02
  2.9049545e+02  3.0691364e+02]","[-5.6363636e-01 -4.5454544e-03  2.7727273e-01 ...  2.9685455e+02
  2.9049545e+02  3.0691364e+02]","[-3.9929381e-01  1.3389227e-01  9.2317708e-02 ...  2.0125453e+02
  1.9588232e+02  2.1216290e+02]",[0. 0. 0. ... 0. 0. 0.],5,1,5,7
"[ 0.202453    0.         -0.02144043 ...  0.02772382 -0.03719405
 -0.09128553]","[ 4.0183177e+00 -1.6426846e-01 -4.6377555e-01 ...  2.7714737e+02
  2.6524689e+02  2.5509924e+02]","[ 4.0216451e+00 -1.2554112e-01 -4.5887446e-01 ...  2.9125540e+02
  2.7694806e+02  2.6521213e+02]","[ 3.7691350e+00 -6.0171504e-02 -4.7521687e-01 ...  2.2996083e+02
  2.1515144e+02  2.0454254e+02]",[0. 0. 0. ... 0. 0. 0.],5,1,5,8
"[-0.0200137  -0.0321221  -0.00464857 ...  0.09833477  0.0066466
 -0.11547903]","[ -0.6026786   -0.80803573  -0.4419643  ... 300.23215    277.7902
 251.16072   ]","[ -0.6026786   -0.80803573  -0.4419643  ... 300.23215    277.7902
 251.16072   ]","[ -0.48650607  -0.71629286  -0.3120831  ... 241.74957    220.9393
 193.22069   ]",[0. 0. 0. ... 0. 0. 0.],5,1,5,9
"[-0.02407002 -0.00300334 -0.03797479 ... -0.07887062  0.10334519
 -0.00845868]","[ -0.5824223   -0.38414183  -0.8320071  ... 259.6297     294.19006
 259.33478   ]","[-6.4285713e-01 -1.6517857e-01 -9.0178573e-01 ...  2.8586606e+02
  3.3569644e+02  3.0336160e+02]","[-5.1773763e-01 -6.4600885e-02 -8.6453474e-01 ...  2.2274536e+02
  2.7059485e+02  2.4120284e+02]",[0. 0. 0. ... 0. 0. 0.],5,1,5,10
"[-0.00277528 -0.00470064 -0.01695076 ... -0.14372918  0.07414673
 -0.11808099]","[-2.3863092e-01 -8.3348885e-02 -4.7709739e-01 ...  1.8271748e+02
  2.1461406e+02  1.8237735e+02]","[-1.09004736e-01 -2.03791469e-01 -4.17061597e-01 ...  2.83805695e+02
  3.35255920e+02  2.87270142e+02]","[-5.4983798e-02 -9.3129165e-02 -3.3582863e-01 ...  2.1422530e+02
  2.6800790e+02  2.1843556e+02]",[0. 0. 0. ... 0. 0. 0.],5,1,5,11
"[-0.03198355 -0.0173241  -0.03258617 ...  0.02650023 -0.05970461
 -0.05789544]","[ -0.6318182   -0.45909092  -0.7818182  ... 292.84546    274.55908
 273.1409    ]","[ -0.6318182   -0.45909092  -0.7818182  ... 292.84546    274.55908
 273.1409    ]","[ -0.53841907  -0.4094789   -0.7759933  ... 228.33919    208.69643
 209.10867   ]",[0. 0. 0. ... 0. 0. 0.],5,1,5,12
"[-0.0127436   0.00268983 -0.0100513  ...  0.09358719 -0.14000438
  0.04201701]","[-3.3438551e-01 -2.0702332e-01 -2.1903081e-01 ...  3.2492960e+02
  2.7178729e+02  3.1155798e+02]","[-3.4156379e-01  4.1152262e-03 -2.0576131e-01 ...  3.3423868e+02
  2.7731686e+02  3.1727573e+02]","[-2.4812044e-01  5.2371550e-02 -1.9570081e-01 ...  2.8981644e+02
  2.3167236e+02  2.7621811e+02]",[0. 0. 0. ... 0. 0. 0.],5,1,5,13
"[-0.01801479 -0.03463823 -0.03099467 ... -0.12049761 -0.0556002
 -0.09421808]","[ -0.33744857  -0.75308645  -0.74485594 ... 270.50616    285.55554
 276.20575   ]","[ -0.33744857  -0.75308645  -0.74485594 ... 270.50616    285.55554
 276.20575   ]","[ -0.34454024  -0.6624704   -0.6750422  ... 207.89742    223.35623
 213.93394   ]",[0. 0. 0. ... 0. 0. 0.],5,1,5,14
"[-0.01325375 -0.00626773 -0.02059695 ... -0.10272448 -0.05353122
  0.10623307]","[-2.0245399e-01 -1.0429448e-01 -4.2944786e-01 ...  2.4170552e+02
  2.5125768e+02  2.8874234e+02]","[-2.0245399e-01 -1.0429448e-01 -4.2944786e-01 ...  2.4170552e+02
  2.5125768e+02  2.8874234e+02]","[-2.0811348e-01 -9.8417327e-02 -3.6284009e-01 ...  1.9034354e+02
  2.0156697e+02  2.3742693e+02]",[0. 0. 0. ... 0. 0. 0.],5,1,5,15
"[-0.01674204  0.         -0.01660801 ...  0.01975084  0.08308675
 -0.08399902]","[-4.1807911e-01 -1.4124294e-01 -4.1807911e-01 ...  2.7530508e+02
  2.8182486e+02  2.4958192e+02]","[-4.1807911e-01 -1.4124294e-01 -4.1807911e-01 ...  2.7530508e+02
  2.8182486e+02  2.4958192e+02]","[-2.8342018e-01 -3.7534792e-02 -3.8112298e-01 ...  2.0626617e+02
  2.1706062e+02  1.8296803e+02]",[0. 0. 0. ... 0. 0. 0.],5,1,5,16
"[-0.02186139  0.07360878 -0.00596044 ... -0.03468621 -0.05403319
  0.06996801]","[-2.5891668e-01  1.0768838e+00 -5.1724873e-02 ...  2.3868895e+02
  2.3971179e+02  2.4822914e+02]","[-3.8938054e-01  1.1548673e+00 -2.6991150e-01 ...  2.6524338e+02
  2.6238495e+02  2.8883627e+02]","[ -0.35907397   1.2090262   -0.25700316 ... 220.13736    215.64423
 244.26318   ]",[0. 0. 0. ... 0. 0. 0.],5,1,5,17
"[-0.02368853 -0.01963895 -0.00847978 ... -0.02266549 -0.0645036
 -0.04524815]","[ -0.59310347  -0.51724136  -0.37931034 ... 255.95862    251.2
 252.21379   ]","[ -0.59310347  -0.51724136  -0.37931034 ... 255.95862    251.2
 252.21379   ]","[ -0.49911824  -0.41379347  -0.30858085 ... 199.47334    191.20808
 195.3136    ]",[0. 0. 0. ... 0. 0. 0.],5,1,5,18
"[-0.03221959  0.06070773 -0.0556537  ...  0.18041433  0.04435341
  0.01631431]","[ -0.7676129    1.2400575    0.96900725 ... 217.65884    193.39973
 186.96707   ]","[ -0.49264705   0.9705882   -1.         ... 270.90442    242.11029
 237.51471   ]","[ -0.5329666   1.0042086  -0.9803985 ... 238.75658   210.10886
 204.19327  ]",[0. 0. 0. ... 0. 0. 0.],5,1,5,19
"[-0.01180938 -0.02298972 -0.01057114 ...  0.05279397 -0.1050792
  0.05434964]","[ -0.41852927  -0.74458647  -0.5494511  ... 336.53506    287.6499
 332.92294   ]","[ -0.38271606  -0.7572017   -0.52674896 ... 339.96295    291.2181
 336.28394   ]","[-2.5864297e-01 -6.2605214e-01 -4.8853636e-01 ...  2.7149561e+02
  2.3059779e+02  2.6985767e+02]",[0. 0. 0. ... 0. 0. 0.],5,1,5,20
"[-0.00085576 -0.00446957 -0.00245412 ...  0.         -0.00444883
 -0.01923262]","[-2.4565436e-01 -3.0764094e-01 -2.2715700e-01 ...  2.3208234e+02
  2.2727823e+02  2.2713002e+02]","[-3.0769232e-01 -2.7403846e-01 -2.6442307e-01 ...  2.7080289e+02
  2.6862018e+02  2.6657693e+02]","[-1.8359615e-01 -2.4807692e-01 -2.2738461e-01 ...  2.1936269e+02
  2.1827835e+02  2.1549898e+02]",[0. 0. 0. ... 0. 0. 0.],5,1,5,21
"[-0.01529687 -0.00705362 -0.01737623 ...  0.0288296  -0.06461188
  0.0019359 ]","[ -0.41758242  -0.37362638  -0.53846157 ... 277.85715    261.23077
 272.33334   ]","[ -0.41758242  -0.37362638  -0.53846157 ... 277.85715    261.23077
 272.33334   ]","[ -0.28203803  -0.2895628   -0.48355955 ... 212.93594    191.88287
 206.8654    ]",[0. 0. 0. ... 0. 0. 0.],5,1,5,22
"[-0.00785114  0.02851151 -0.01108778 ...  0.03883306  0.04656404
  0.08598325]","[-3.2121211e-01  2.9696971e-01 -2.3636363e-01 ...  3.0195758e+02
  2.9893332e+02  3.0900000e+02]","[-3.2121211e-01  2.9696971e-01 -2.3636363e-01 ...  3.0195758e+02
  2.9893332e+02  3.0900000e+02]","[-1.3157906e-01  4.7783118e-01 -1.8582267e-01 ...  2.1802615e+02
  2.1964542e+02  2.2790179e+02]",[0. 0. 0. ... 0. 0. 0.],5,1,5,23
"[ 0.00906498 -0.06676821 -0.05270437 ... -0.10461893 -0.02234291
 -0.15465005]","[-3.9892918e-03 -1.2522528e+00 -1.1777618e+00 ...  1.8140767e+02
  1.8893224e+02  1.6901193e+02]","[  0.36805555  -1.4513888   -1.0625     ... 268.7986     285.1875
 258.06946   ]","[ 1.8330556e-01 -1.3501389e+00 -1.0657500e+00 ...  2.0802637e+02
  2.2701076e+02  1.9645595e+02]",[0. 0. 0. ... 0. 0. 0.],5,1,5,24
"[-0.02801031 -0.0310502   0.         ...  0.10811153 -0.04105331
 -0.01147663]","[-4.8728815e-01 -5.5932206e-01 -1.8644068e-01 ...  3.0144492e+02
  2.6280508e+02  2.6848306e+02]","[-4.8728815e-01 -5.5932206e-01 -1.8644068e-01 ...  3.0144492e+02
  2.6280508e+02  2.6848306e+02]","[-5.2459633e-01 -6.0536510e-01 -1.3417958e-01 ...  2.7262936e+02
  2.3036220e+02  2.3803719e+02]",[0. 0. 0. ... 0. 0. 0.],5,1,5,25
"[-0.03047994 -0.0131696   0.04965845 ...  0.12804246 -0.12668803
 -0.01947392]","[ -0.5527091  -0.3161407   0.9133713 ... 314.34918   255.31151
 278.8247   ]","[-5.9116024e-01 -2.9281768e-01  8.8950276e-01 ...  3.1644751e+02
  2.5850278e+02  2.8093372e+02]","[-5.6331617e-01 -2.4339445e-01  9.1776448e-01 ...  2.7127872e+02
  2.1089789e+02  2.3588715e+02]",[0. 0. 0. ... 0. 0. 0.],5,1,5,26
"[-0.02560622 -0.01833827  0.         ... -0.0626286  -0.04326735
 -0.08770966]","[-9.1847189e-02 -1.8248774e-01 -1.6329934e-01 ...  1.7848041e+02
  1.9327069e+02  1.6869699e+02]","[-5.7368422e-01 -3.6842105e-01 -7.3684208e-02 ...  2.7945264e+02
  2.8355789e+02  2.7512106e+02]","[-5.4345441e-01 -4.2535129e-01 -1.1158656e-01 ...  2.2114577e+02
  2.2766144e+02  2.1503201e+02]",[0. 0. 0. ... 0. 0. 0.],5,1,5,27
"[-0.01730045 -0.01825653 -0.01614099 ...  0.06100865 -0.0172337
  0.04997072]","[ -0.37050855  -0.5046296   -0.40324667 ... 278.17123    258.54276
 278.75385   ]","[ -0.4398148   -0.5046296   -0.41666666 ... 305.50464    290.8611
 300.83795   ]","[ -0.35043865  -0.36980507  -0.32695258 ... 235.48727    220.45415
 236.96036   ]",[0. 0. 0. ... 0. 0. 0.],5,1,5,28
"[-0.01952341 -0.02360024  0.19109109 ... -0.00467906  0.03281015
  0.00883127]","[ -0.43172476  -0.35601416   2.421352   ... 233.84729    244.48003
 239.7777    ]","[ -0.34246576  -0.4155251    2.7351599  ... 252.78539    261.8813
 258.64383   ]","[ -0.28056833  -0.33915588   2.7461445  ... 211.09511    219.50107
 214.91774   ]",[0.         0.01381049 0.         ... 0.         0.         0.        ],5,1,5,29
"[-0.00099183  0.05460738  0.01823451 ...  0.00900512 -0.00431126
 -0.1726882 ]","[-8.4831685e-02  8.7362927e-01  3.1761485e-01 ...  2.7779892e+02
  2.7580280e+02  2.4150153e+02]","[-7.20000e-02  8.92000e-01  3.48000e-01 ...  2.82348e+02  2.78160e+02
  2.43044e+02]","[-1.7338427e-02  9.5460659e-01  3.1876242e-01 ...  2.2680707e+02
  2.2368687e+02  1.8456851e+02]",[0. 0. 0. ... 0. 0. 0.],5,1,5,30
"[-0.02518489 -0.02411359  0.         ...  0.18462788  0.09394431
  0.00093523]","[ -0.6185567   -0.7113402   -0.39175257 ... 306.61856    289.2165
 268.86084   ]","[ -0.6185567   -0.7113402   -0.39175257 ... 306.61856    289.2165
 268.86084   ]","[ -0.48035884  -0.6502212   -0.2967189  ... 237.58691    218.4601
 198.46516   ]",[0. 0. 0. ... 0. 0. 0.],5,1,5,31
"[ 0.06187362 -0.01669747 -0.02431361 ...  0.08114228 -0.09824774
  0.18725988]","[ 1.2155774e+00 -2.8036296e-01 -2.9155868e-01 ...  2.6332092e+02
  2.3318880e+02  2.8482901e+02]","[ 1.1308411e+00 -2.7570093e-01 -5.5140185e-01 ...  3.1437851e+02
  2.7542990e+02  3.4151868e+02]","[  1.2076985   -0.3259144   -0.48427975 ... 259.94263    217.66902
 284.29324   ]",[0.         0.         0.         ... 0.         0.02984208 0.        ],5,1,5,32
"[-0.02461753 -0.01250151 -0.02790182 ... -0.01366604 -0.03541841
  0.1218662 ]","[-5.9009010e-01 -2.1621622e-01 -5.0450450e-01 ...  2.8542343e+02
  2.8078378e+02  3.1122522e+02]","[-5.9009010e-01 -2.1621622e-01 -5.0450450e-01 ...  2.8542343e+02
  2.8078378e+02  3.1122522e+02]","[-4.4151866e-01 -2.2421622e-01 -5.0042289e-01 ...  2.1915910e+02
  2.1251945e+02  2.4562326e+02]",[0. 0. 0. ... 0. 0. 0.],5,1,5,33
"[-0.00474478 -0.03014211  0.01977319 ...  0.         -0.12858663
  0.06619983]","[-3.6929461e-01 -4.8117679e-01  1.8243080e-01 ...  1.9734865e+02
  1.7902983e+02  2.2755733e+02]","[-1.7748918e-01 -5.5844158e-01  4.2857143e-01 ...  2.9823376e+02
  2.6739825e+02  3.1744589e+02]","[-9.4874099e-02 -6.0270506e-01  3.9537382e-01 ...  2.4545244e+02
  2.1493405e+02  2.6322568e+02]",[0. 0. 0. ... 0. 0. 0.],5,1,5,34
"[-0.02865094 -0.00900479  0.00679135 ...  0.          0.08031115
  0.        ]","[-7.5882351e-01 -3.7647060e-01 -1.7647060e-02 ...  2.8017648e+02
  2.9191763e+02  2.7993530e+02]","[-7.5882351e-01 -3.7647060e-01 -1.7647060e-02 ...  2.8017648e+02
  2.9191763e+02  2.7993530e+02]","[-5.9819537e-01 -1.8800870e-01  4.3544628e-02 ...  2.0278088e+02
  2.1983002e+02  2.0480656e+02]",[0. 0. 0. ... 0. 0. 0.],5,1,5,35
"[-0.02307132 -0.01644721 -0.01390661 ...  0.01624163 -0.07876105
 -0.06314671]","[ -0.47594106  -0.40965566  -0.32259357 ... 227.88582    209.38321
 228.41617   ]","[ -0.43362832  -0.47345132  -0.34955752 ... 278.93362    253.23009
 265.22568   ]","[ -0.45398346  -0.44646534  -0.53429586 ... 224.79774    201.3123
 208.84624   ]",[0. 0. 0. ... 0. 0. 0.],5,1,5,36
"[-0.03196853 -0.04740308 -0.01312376 ...  0.          0.04297601
 -0.14894952]","[-7.7706677e-01 -1.2008771e+00 -2.8065902e-01 ...  3.0197891e+02
  3.1351846e+02  2.6267502e+02]","[-8.0275232e-01 -1.1330276e+00 -2.9816514e-01 ...  3.0473395e+02
  3.1616055e+02  2.6540826e+02]","[ -0.7085766   -1.0506806   -0.29088587 ... 243.85255    254.78212
 205.97203   ]",[0. 0. 0. ... 0. 0. 0.],5,1,5,37
"[-0.05558403 -0.0347643  -0.00442161 ... -0.00867406 -0.02751844
 -0.00224558]","[-9.90547061e-01 -5.12941420e-01  1.16437376e-01 ...  2.29015640e+02
  2.27611710e+02  2.31540558e+02]","[-8.6144578e-01 -5.9036142e-01 -5.4216869e-02 ...  2.5472289e+02
  2.5127109e+02  2.5716867e+02]","[-8.3001721e-01 -5.1912338e-01 -6.6026390e-02 ...  2.0562936e+02
  2.0157451e+02  2.0628278e+02]",[0. 0. 0. ... 0. 0. 0.],5,1,5,38
"[-0.03014643 -0.02168091 -0.01180472 ...  0.09711885 -0.0029505
  0.0029505 ]","[ -0.6510067   -0.48322147  -0.590604   ... 309.4698     286.73154
 289.92618   ]","[ -0.6510067   -0.48322147  -0.590604   ... 309.4698     286.73154
 289.92618   ]","[ -0.54590166  -0.3926052   -0.5304387  ... 250.62177    227.71602
 228.39108   ]",[0. 0. 0. ... 0. 0. 0.],5,1,5,39
"[-0.03349257 -0.00406875 -0.02120536 ...  0.01618371 -0.14291817
  0.        ]","[-4.33330119e-01 -1.24126546e-01 -1.72652856e-01 ...  2.24086456e+02
  1.83318146e+02  2.12816513e+02]","[-6.0732985e-01 -1.4659686e-01 -4.0314135e-01 ...  2.8539267e+02
  2.4483769e+02  2.7483246e+02]","[-6.7403686e-01 -8.1883378e-02 -4.2675719e-01 ...  2.3361345e+02
  1.9214191e+02  2.2415445e+02]",[0. 0. 0. ... 0. 0. 0.],5,1,5,40
"[-0.03030203  0.00555825 -0.03633963 ... -0.14374198  0.03264678
  0.09964865]","[-6.65000e-01  4.50000e-02 -7.85000e-01 ...  2.68960e+02  3.07565e+02
  3.23515e+02]","[-6.65000e-01  4.50000e-02 -7.85000e-01 ...  2.68960e+02  3.07565e+02
  3.23515e+02]","[-5.9200412e-01  1.0859023e-01 -7.0995945e-01 ...  1.9860057e+02
  2.3844324e+02  2.5357761e+02]",[0. 0. 0. ... 0. 0. 0.],5,1,5,41
"[-0.04136243 -0.033172   -0.02313711 ...  0.08061317 -0.13433182
 -0.08737875]","[ -0.8339768   -0.74131274  -0.4864865  ... 299.39383    247.84557
 262.0695    ]","[ -0.8339768   -0.74131274  -0.4864865  ... 299.39383    247.84557
 262.0695    ]","[ -0.7457834   -0.6412724   -0.48434746 ... 230.32422    180.78862
 191.58551   ]",[0. 0. 0. ... 0. 0. 0.],5,1,5,42
"[-0.02563616 -0.0218579  -0.02320303 ... -0.03653266 -0.18447508
  0.07135233]","[ -0.53974897  -0.47698745  -0.63179916 ... 288.841      253.17574
 311.07114   ]","[ -0.53974897  -0.47698745  -0.63179916 ... 288.841      253.17574
 311.07114   ]","[ -0.50454736  -0.5086528   -0.5419467  ... 218.8225     187.12808
 243.46239   ]",[0. 0. 0. ... 0. 0. 0.],5,1,5,43
"[-0.02655561 -0.02628474 -0.00541774 ... -0.07266926 -0.17622763
  0.10092472]","[ -0.45713735  -0.53234416  -0.36013854 ... 241.11562    224.16426
 276.07486   ]","[ -0.6325301   -0.59638554  -0.5180723  ... 274.5723     246.81325
 310.9759    ]","[ -0.5758833   -0.57000935  -0.47098464 ... 217.17473    189.5759
 254.84068   ]",[0. 0. 0. ... 0. 0. 0.],5,1,5,44
"[-0.02360635 -0.00346622 -0.02013731 ... -0.08839896  0.10470691
 -0.0400952 ]","[-6.2114537e-01 -1.7621145e-01 -3.8766521e-01 ...  2.8284140e+02
  3.1130396e+02  2.7783701e+02]","[-6.2114537e-01 -1.7621145e-01 -3.8766521e-01 ...  2.8284140e+02
  3.1130396e+02  2.7783701e+02]","[-4.2831534e-01 -6.2891297e-02 -3.6537272e-01 ...  2.0225258e+02
  2.3121820e+02  1.9712148e+02]",[0. 0. 0. ... 0. 0. 0.],5,1,5,45
"[-0.01788155 -0.01558705 -0.01111709 ...  0.          0.16179198
  0.05942447]","[ -0.6         -0.52307695  -0.34615386 ... 286.96924    320.8154
 298.7923    ]","[ -0.6         -0.52307695  -0.34615386 ... 286.96924    320.8154
 298.7923    ]","[ -0.44882268  -0.39123118  -0.2790363  ... 229.32983    266.6007
 243.59715   ]",[0. 0. 0. ... 0. 0. 0.],5,1,5,46
"[-0.01765063 -0.04333939 -0.02376456 ...  0.1440818  -0.00734641
  0.201938  ]","[-2.7969348e-01 -6.8965518e-01 -3.8697317e-01 ...  3.3101151e+02
  2.9779309e+02  3.4440613e+02]","[-2.7969348e-01 -6.8965518e-01 -3.8697317e-01 ...  3.3101151e+02
  2.9779309e+02  3.4440613e+02]","[-2.8995720e-01 -7.1196169e-01 -3.9039442e-01 ...  2.8017993e+02
  2.4523683e+02  2.9138608e+02]",[0.       0.       0.       ... 0.       0.024685 0.      ],5,1,5,47
"[-0.0183312  -0.01524273 -0.01786947 ... -0.07605625  0.03472346
 -0.1265503 ]","[ -0.3511111   -0.36888888  -0.4311111  ... 259.1111     285.94223
 242.45334   ]","[ -0.3511111   -0.36888888  -0.4311111  ... 259.1111     285.94223
 242.45334   ]","[ -0.32082742  -0.26677382  -0.31274626 ... 202.76224    228.50536
 187.5723    ]",[0. 0. 0. ... 0. 0. 0.],5,1,5,48
"[-0.04173706 -0.01995011 -0.01369128 ...  0.04862769  0.23814714
 -0.00506424]","[-7.8995949e-01 -5.0683790e-01 -2.9212576e-01 ...  2.6870920e+02
  3.1875388e+02  2.5504094e+02]","[-8.5079366e-01 -4.4761905e-01 -2.6984128e-01 ...  3.2033017e+02
  3.6716507e+02  3.0458414e+02]","[-7.5035924e-01 -3.5866803e-01 -2.4614531e-01 ...  2.4667343e+02
  2.9260718e+02  2.3418524e+02]",[0.         0.         0.         ... 0.02649511 0.         0.        ],5,1,5,49
"[ 0.04762687 -0.02176896  0.00905425 ... -0.06405889 -0.00453056
 -0.0124145 ]","[ 5.5769229e-01 -3.6538461e-01  5.3846154e-02 ...  2.4423846e+02
  2.5521153e+02  2.5423462e+02]","[ 5.5769229e-01 -3.6538461e-01  5.3846154e-02 ...  2.4423846e+02
  2.5521153e+02  2.5423462e+02]","[ 5.98597765e-01 -2.73602992e-01  1.13798216e-01 ...  1.96085831e+02
  2.08321106e+02  2.05678040e+02]",[0. 0. 0. ... 0. 0. 0.],5,1,5,50
"[-0.02572807 -0.00350881  0.001628   ...  0.05683944 -0.0094207
  0.1044848 ]","[-3.6111110e-01 -1.5277778e-01 -6.9444448e-02 ...  2.5773611e+02
  2.4438426e+02  2.6642130e+02]","[-3.6111110e-01 -1.5277778e-01 -6.9444448e-02 ...  2.5773611e+02
  2.4438426e+02  2.6642130e+02]","[-2.9959103e-01 -1.3044420e-01 -8.9585766e-02 ...  2.0949600e+02
  1.9553389e+02  2.1897903e+02]",[0. 0. 0. ... 0. 0. 0.],5,1,5,51
"[-0.02447059  0.         -0.00117454 ... -0.06922628 -0.09237216
  0.00704104]","[ -0.34055322  -0.36578953  -0.3309984  ... 250.94649    246.22485
 274.16724   ]","[-3.6614174e-01 -2.6771653e-01 -2.7559054e-01 ...  2.9499606e+02
  2.9055511e+02  3.1270471e+02]","[-5.0340158e-01 -2.0439398e-01 -2.2855617e-01 ...  2.4260471e+02
  2.3616946e+02  2.6046600e+02]",[0. 0. 0. ... 0. 0. 0.],5,1,5,52
"[ 0.09932278 -0.00660713 -0.02039693 ... -0.15155289 -0.03420617
 -0.02455341]","[ 1.6323969e+00 -1.5379155e-02 -9.1281706e-01 ...  1.6101328e+02
  1.8148055e+02  1.8832474e+02]","[ 1.5981308e+00 -9.3457945e-02 -2.4766356e-01 ...  2.6377570e+02
  2.9096262e+02  2.9748132e+02]","[ 1.7488706e+00 -1.1633808e-01 -3.5914814e-01 ...  1.8601375e+02
  2.1296153e+02  2.1966507e+02]",[0. 0. 0. ... 0. 0. 0.],5,1,5,53
"[ 0.00023255 -0.0102086  -0.00630621 ... -0.02728338  0.1187432
 -0.10991722]",[nan nan nan ... nan nan nan],"[ 1.8032786e-01 -2.8415301e-01 -1.9672132e-01 ...  2.6608743e+02
  2.9808743e+02  2.4369398e+02]","[ 4.7416622e-03 -2.0815301e-01 -1.2858339e-01 ...  2.1145752e+02
  2.4467007e+02  1.9260889e+02]",[0. 0. 0. ... 0. 0. 0.],5,1,5,54
"[-0.03178219  0.08094718 -0.03934741 ...  0.05404856  0.10296599
 -0.05131492]","[ -0.54545456   1.4283959   -0.7299092  ... 272.63895    286.93915
 253.40805   ]","[ -0.5714286   1.4243697  -0.7605042 ... 278.55463   291.61343
 256.66806  ]","[ -0.56312156   1.4342343   -0.69716334 ... 218.41507    229.00499
 195.60541   ]",[0. 0. 0. ... 0. 0. 0.],5,1,5,55
"[-0.00946499 -0.03457426 -0.02615033 ... -0.02248256  0.06169966
  0.11918724]","[-2.5198323e-01 -4.3053436e-01 -3.1371203e-01 ...  2.6282828e+02
  2.7319034e+02  2.8430591e+02]","[-2.9714286e-01 -5.3714287e-01 -4.7714287e-01 ...  3.0643143e+02
  3.1479715e+02  3.3365714e+02]","[-1.22037254e-01 -5.67821741e-01 -4.59207505e-01 ...  1.78010590e+02
  1.92693787e+02  2.02720871e+02]",[0.         0.         0.         ... 0.         0.02035861 0.        ],5,1,5,56
"[ 0.06254553 -0.01779565 -0.01192823 ...  0.02929326 -0.03514845
 -0.1286935 ]","[  1.4295775   -0.48591548  -0.35211268 ... 295.2465     285.79578
 264.4507    ]","[  1.4295775   -0.48591548  -0.35211268 ... 295.2465     285.79578
 264.4507    ]","[  1.4758075  -0.4199014  -0.2814554 ... 224.61282   216.75049
 194.39502  ]",[0. 0. 0. ... 0. 0. 0.],5,1,5,57
"[-0.02944254 -0.01843797  0.05423054 ...  0.10528092 -0.14519358
  0.03101342]","[ -0.6727273   -0.38181818   0.8666667  ... 287.30304    234.54546
 271.31516   ]","[ -0.6727273   -0.38181818   0.8666667  ... 287.30304    234.54546
 271.31516   ]","[ -0.53407764  -0.33445847   0.88528395 ... 226.8985     173.76923
 211.85422   ]",[0. 0. 0. ... 0. 0. 0.],5,1,5,58
"[-0.04017714 -0.02360921 -0.00646054 ... -0.01980997  0.04558939
 -0.00573297]","[-7.5641024e-01 -5.3418803e-01 -1.3675214e-01 ...  2.8973932e+02
  3.0511966e+02  2.9234189e+02]","[-7.5641024e-01 -5.3418803e-01 -1.3675214e-01 ...  2.8973932e+02
  3.0511966e+02  2.9234189e+02]","[-7.9439247e-01 -4.6680722e-01 -1.2773941e-01 ...  2.1731822e+02
  2.3222067e+02  2.2052592e+02]",[0. 0. 0. ... 0. 0. 0.],5,1,5,59
"[-0.04200127 -0.01486386  0.02549421 ...  0.05939238  0.06531487
  0.03287633]","[-5.4924244e-01 -3.1818181e-01  2.3863636e-01 ...  2.6550000e+02
  2.6565909e+02  2.6123865e+02]","[-5.4924244e-01 -3.1818181e-01  2.3863636e-01 ...  2.6550000e+02
  2.6565909e+02  2.6123865e+02]","[ -0.61498505  -0.35772625   0.233199   ... 208.80368    210.07793
 203.03485   ]",[0. 0. 0. ... 0. 0. 0.],5,1,5,60
"[-0.00963569 -0.01674429  0.00496506 ...  0.1276821   0.04671599
  0.06101673]","[-8.2016103e-02 -3.8110465e-01  4.6668984e-02 ...  3.0324783e+02
  2.8611203e+02  2.9637445e+02]","[-1.2962963e-01 -3.6111110e-01  3.2407407e-02 ...  3.0500464e+02
  2.8877777e+02  2.9813889e+02]","[-1.6860215e-01 -2.9298592e-01  8.6876877e-02 ...  2.5274969e+02
  2.3437091e+02  2.4196429e+02]",[0. 0. 0. ... 0. 0. 0.],5,1,5,61
"[ 0.00676119 -0.01090655 -0.00323093 ... -0.02990744 -0.04493677
  0.07310967]","[ 5.1724140e-02 -2.7011493e-01 -1.1494253e-01 ...  2.5195976e+02
  2.4777586e+02  2.7412070e+02]","[ 5.1724140e-02 -2.7011493e-01 -1.1494253e-01 ...  2.5195976e+02
  2.4777586e+02  2.7412070e+02]","[ 1.1779240e-01 -1.9001214e-01 -5.6288745e-02 ...  2.1031677e+02
  2.0561095e+02  2.3349309e+02]",[0. 0. 0. ... 0. 0. 0.],5,1,5,62
"[-0.006086   -0.02146233 -0.00391736 ...  0.11825643 -0.08044438
  0.12320706]","[-1.1290322e-01 -5.9139782e-01 -3.3333334e-01 ...  2.9974731e+02
  2.5922043e+02  3.0274194e+02]","[-1.1290322e-01 -5.9139782e-01 -3.3333334e-01 ...  2.9974731e+02
  2.5922043e+02  3.0274194e+02]","[-2.5346959e-01 -5.8477837e-01 -2.7979350e-01 ...  2.5874106e+02
  2.1393587e+02  2.6114246e+02]",[0.        0.        0.        ... 0.        0.0220202 0.       ],5,1,5,63
"[-0.03130108  0.00664273 -0.01013823 ... -0.01186929  0.
 -0.05630064]","[-7.2185433e-01 -1.9867551e-02 -3.6423841e-01 ...  2.8247681e+02
  2.8599338e+02  2.7335760e+02]","[-7.2185433e-01 -1.9867551e-02 -3.6423841e-01 ...  2.8247681e+02
  2.8599338e+02  2.7335760e+02]","[-6.9982296e-01  6.4238578e-02 -3.1094638e-01 ...  2.2539690e+02
  2.2811244e+02  2.1633054e+02]",[0. 0. 0. ... 0. 0. 0.],5,1,5,64
"[-0.00509145 -0.0042995  -0.0029986  ...  0.02988908 -0.0021817
  0.03518002]","[-7.1881607e-02 -1.0696360e-01 -6.7735903e-02 ...  2.7128198e+02
  2.6833569e+02  2.7685107e+02]","[-1.1627907e-01 -1.1162791e-01 -1.3023256e-01 ...  2.7784650e+02
  2.7352557e+02  2.8046048e+02]","[-8.9127555e-02 -7.5264268e-02 -6.4939626e-02 ...  2.2309387e+02
  2.1604016e+02  2.2375404e+02]",[0. 0. 0. ... 0. 0. 0.],5,1,5,65
"[-0.03519894 -0.00055561  0.         ...  0.01007813  0.01665816
 -0.19282305]","[-8.8111889e-01 -2.7972028e-01 -3.3566433e-01 ...  2.9285315e+02
  2.9616083e+02  2.5056644e+02]","[-8.8111889e-01 -2.7972028e-01 -3.3566433e-01 ...  2.9285315e+02
  2.9616083e+02  2.5056644e+02]","[ -0.6875155   -0.24367146  -0.23281918 ... 218.0703     221.1549
 178.52733   ]",[0. 0. 0. ... 0. 0. 0.],5,1,5,66
"[-0.02111504 -0.02686753 -0.00271468 ... -0.02661435 -0.00860347
  0.        ]","[-5.6768560e-01 -6.5502185e-01 -2.2707424e-01 ...  2.8920523e+02
  2.9487772e+02  2.9322272e+02]","[-5.6768560e-01 -6.5502185e-01 -2.2707424e-01 ...  2.8920523e+02
  2.9487772e+02  2.9322272e+02]","[-4.6109736e-01 -5.8584535e-01 -1.3972129e-01 ...  2.2518489e+02
  2.2393637e+02  2.2584129e+02]",[0. 0. 0. ... 0. 0. 0.],5,1,5,67
"[-0.0175506  -0.01297958 -0.02674312 ...  0.18254569 -0.06518248
  0.1424581 ]","[ -0.4269006   -0.35672516  -0.5146199  ... 295.6491     243.8538
 289.21637   ]","[ -0.4269006   -0.35672516  -0.5146199  ... 295.6491     243.8538
 289.21637   ]","[ -0.3092521   -0.34329787  -0.61052895 ... 242.21785    189.10857
 234.31354   ]",[0. 0. 0. ... 0. 0. 0.],5,1,5,68
"[-0.03989382 -0.00495965  0.02549707 ...  0.07156463  0.
 -0.10634923]","[-7.1219510e-01 -1.0243902e-01  3.0731708e-01 ...  2.8939999e+02
  2.7755609e+02  2.5381952e+02]","[-7.1219510e-01 -1.0243902e-01  3.0731708e-01 ...  2.8939999e+02
  2.7755609e+02  2.5381952e+02]","[-6.4001691e-01 -7.9567738e-02  4.0904975e-01 ...  2.3931783e+02
  2.2363629e+02  2.0033263e+02]",[0. 0. 0. ... 0. 0. 0.],5,1,5,69
"[ 0.00258319 -0.00468649 -0.01596906 ... -0.06134839 -0.00157728
  0.22485952]","[-1.0488453e-01 -3.5132146e-01 -4.5860991e-01 ...  2.5764426e+02
  2.7832932e+02  3.3258224e+02]","[-7.6142132e-02 -3.2994923e-01 -4.4162437e-01 ...  2.7082742e+02
  2.8424872e+02  3.3833502e+02]","[ 5.3391099e-02 -2.3691678e-01 -4.7011277e-01 ...  2.1634125e+02
  2.2947191e+02  2.8455945e+02]",[0.         0.         0.         ... 0.         0.03210412 0.        ],5,1,5,70
"[-0.02711253 -0.03449039  0.09609989 ... -0.1777182   0.22237977
 -0.03562634]","[ -0.6315789  -0.8486842   2.2368422 ... 245.45395   331.55264
 268.44736  ]","[ -0.6315789  -0.8486842   2.2368422 ... 245.45395   331.55264
 268.44736  ]","[ -0.6265291  -0.7970202   2.2207215 ... 180.95412   267.89478
 208.21428  ]",[0. 0. 0. ... 0. 0. 0.],5,1,5,71
"[-0.03212492 -0.0226242  -0.02232821 ...  0.00387005  0.03118946
  0.02862428]","[ -0.33083594  -0.49649274  -0.4756488  ... 241.72975    236.92451
 230.09276   ]","[ -0.40343347  -0.42060086  -0.52360517 ... 278.41202    277.65665
 279.88412   ]","[ -0.45129573  -0.31782812  -0.43640405 ... 212.6714     214.93169
 217.99773   ]",[0. 0. 0. ... 0. 0. 0.],5,1,5,72
"[-0.00918914  0.03224276 -0.01505172 ... -0.14188844 -0.13610148
  0.        ]","[-2.9333332e-01  6.1333334e-01 -4.9333334e-01 ...  2.6975333e+02
  2.6389999e+02  2.9527335e+02]","[-2.9333332e-01  6.1333334e-01 -4.9333334e-01 ...  2.6975333e+02
  2.6389999e+02  2.9527335e+02]","[-1.9454348e-01  6.8261248e-01 -3.7576395e-01 ...  2.1429735e+02
  2.1166306e+02  2.4145180e+02]",[0. 0. 0. ... 0. 0. 0.],5,1,5,73
"[-0.03768983 -0.00788073 -0.02182435 ... -0.03453334  0.16285719
  0.10787959]","[ -0.79268295  -0.4390244   -0.5934959  ... 270.34146    316.84146
 302.5935    ]","[ -0.79268295  -0.4390244   -0.5934959  ... 270.34146    316.84146
 302.5935    ]","[ -0.667936    -0.35932034  -0.63267815 ... 211.26552    256.37555
 243.81143   ]",[0.         0.         0.         ... 0.02710495 0.         0.        ],5,1,5,74
"[-0.02176438 -0.03222145 -0.00141627 ... -0.06886149  0.11786252
 -0.05914761]","[-4.4444445e-01 -7.7777779e-01 -9.2592590e-02 ...  2.6938272e+02
  3.0558643e+02  2.7067285e+02]","[-4.4444445e-01 -7.7777779e-01 -9.2592590e-02 ...  2.6938272e+02
  3.0558643e+02  2.7067285e+02]","[-4.5955750e-01 -6.8035984e-01 -1.6427749e-01 ...  1.9442726e+02
  2.3306642e+02  1.9642668e+02]",[0. 0. 0. ... 0. 0. 0.],5,1,5,75
"[-0.01882914 -0.03030855 -0.0331429  ...  0.00088523  0.0287694
 -0.0798525 ]","[ -0.29575658  -0.5508731   -0.66417056 ... 261.2247     266.19244
 237.96329   ]","[ -0.36888888  -0.60444444  -0.73333335 ... 266.02222    271.56
 246.94667   ]","[ -0.34620878  -0.5294256   -0.6434059  ... 218.41779    224.96696
 200.05737   ]",[0. 0. 0. ... 0. 0. 0.],5,1,5,76
"[-0.05991725 -0.00738132  0.09598444 ... -0.0298949  -0.02752863
  0.05100686]","[-1.0000000e+00 -2.0888889e-01  1.1733333e+00 ...  2.6021335e+02
  2.6086221e+02  2.7256445e+02]","[-1.0000000e+00 -2.0888889e-01  1.1733333e+00 ...  2.6021335e+02
  2.6086221e+02  2.7256445e+02]","[-7.8391403e-01 -9.6571900e-02  1.1592191e+00 ...  1.8304002e+02
  1.8350484e+02  1.9889384e+02]",[0. 0. 0. ... 0. 0. 0.],5,1,5,77
"[-0.01285348  0.0323185  -0.00114297 ...  0.0225791   0.0015401
  0.00463386]","[ -0.3257143    0.40571427  -0.2857143  ... 280.48572    271.05713
 273.52      ]","[ -0.3257143    0.40571427  -0.2857143  ... 280.48572    271.05713
 273.52      ]","[-1.9705258e-01  4.9546462e-01 -9.6827954e-02 ...  2.0060928e+02
  1.9638956e+02  1.9730945e+02]",[0. 0. 0. ... 0. 0. 0.],5,1,5,78
"[-0.00999484 -0.02541614  0.11687824 ... -0.05283147  0.1660198
  0.00265337]","[ -0.37587115  -0.3924245    1.7799054  ... 219.40431    254.7773
 231.11006   ]","[-2.2580644e-01 -4.4354838e-01  1.8306452e+00 ...  2.9091934e+02
  3.4070969e+02  3.0344354e+02]","[-1.7927071e-01 -4.5587209e-01  1.9170949e+00 ...  2.2333290e+02
  2.7474811e+02  2.3587421e+02]",[0. 0. 0. ... 0. 0. 0.],5,1,5,79
"[-0.00175019  0.05008437 -0.04615957 ...  0.00415701 -0.01050332
  0.05640408]","[-1.5807560e-01  6.6323024e-01 -8.1786942e-01 ...  2.7862543e+02
  2.6999313e+02  2.8557733e+02]","[-1.5807560e-01  6.6323024e-01 -8.1786942e-01 ...  2.7862543e+02
  2.6999313e+02  2.8557733e+02]","[-2.6445337e-02  7.5677550e-01 -6.9747162e-01 ...  2.1754004e+02
  2.1217111e+02  2.2671420e+02]",[0. 0. 0. ... 0. 0. 0.],5,1,5,80
"[-0.02911723  0.05782385 -0.00278003 ... -0.22755961 -0.05820364
  0.03407962]","[-6.0975611e-01  1.2764227e+00 -4.0650405e-02 ...  2.3298373e+02
  2.7168292e+02  2.9095935e+02]","[-6.0975611e-01  1.2764227e+00 -4.0650405e-02 ...  2.3298373e+02
  2.7168292e+02  2.9095935e+02]","[-6.8704689e-01  1.3644050e+00 -6.5597281e-02 ...  1.7066087e+02
  2.0702774e+02  2.2684431e+02]",[0. 0. 0. ... 0. 0. 0.],5,1,5,81
"[-0.01390715 -0.03134705  0.02061726 ... -0.12301051  0.17898162
 -0.09084431]","[-2.8900737e-01 -7.9271662e-01  3.0900794e-01 ...  2.6780475e+02
  3.3955814e+02  2.6796671e+02]","[-3.0555555e-01 -6.4583331e-01  3.1250000e-01 ...  2.7492014e+02
  3.4411459e+02  2.7850696e+02]","[-2.3814127e-01 -5.3677619e-01  3.5304287e-01 ...  2.1302518e+02
  2.8436526e+02  2.2060782e+02]",[0. 0. 0. ... 0. 0. 0.],5,1,5,82
"[ 0.02151576 -0.01686834  0.00404068 ...  0.0534619  -0.1466216
  0.15089862]",[nan nan nan ... nan nan nan],"[ 3.5078534e-01 -4.1884816e-01  9.9476442e-02 ...  2.8583771e+02
  2.3747644e+02  3.0713614e+02]","[ 4.3532783e-01 -3.4129670e-01  8.1755035e-02 ...  2.2824883e+02
  1.8221915e+02  2.5066289e+02]",[0.         0.         0.         ... 0.         0.02674312 0.        ],5,1,5,83
"[-0.03619229 -0.0108915  -0.0063397  ...  0.         -0.13261881
  0.0143417 ]","[ -0.7052498    0.920784    -0.47024205 ... 236.65938    204.89699
 242.76805   ]","[-7.4261606e-01 -2.3206751e-01 -2.3206751e-01 ...  2.7372574e+02
  2.4497469e+02  2.8158228e+02]","[-6.3501495e-01 -2.5964528e-01 -1.7978135e-01 ...  2.1844588e+02
  1.9133354e+02  2.2595889e+02]",[0. 0. 0. ... 0. 0. 0.],5,1,5,84
"[-0.01071576  0.00271252  0.00961799 ...  0.08309    -0.0537328
 -0.11840539]","[-2.8122193e-01  2.7330944e-02  9.1472976e-02 ...  2.8663672e+02
  2.5688089e+02  2.4395029e+02]","[-2.6086956e-01 -1.4492754e-02  1.0628019e-01 ...  2.8842511e+02
  2.5898550e+02  2.4576811e+02]","[-1.8714616e-01  4.7373042e-02  1.6797414e-01 ...  2.3418120e+02
  2.0371718e+02  1.8931764e+02]",[0. 0. 0. ... 0. 0. 0.],5,1,5,85
"[-0.00625229 -0.0105412   0.00410441 ...  0.04083297 -0.06250194
 -0.05962691]","[-2.2900763e-01 -3.5114503e-01 -3.0534351e-02 ...  2.8641220e+02
  2.6617557e+02  2.6724426e+02]","[-2.2900763e-01 -3.5114503e-01 -3.0534351e-02 ...  2.8641220e+02
  2.6617557e+02  2.6724426e+02]","[-1.4987876e-01 -2.5269163e-01  3.5169065e-02 ...  2.1451355e+02
  1.9246326e+02  1.9623576e+02]",[0. 0. 0. ... 0. 0. 0.],5,1,5,86
"[-0.04126716 -0.04009966 -0.02662025 ... -0.06317384 -0.08956762
  0.        ]","[ -0.7975734   -0.730415    -0.65634763 ... 257.67258    252.94211
 266.98804   ]","[ -0.8442623   -0.795082    -0.73770493 ... 267.63934    262.14343
 281.61887   ]","[ -0.71884245  -0.6985054   -0.6466378  ... 218.70113    212.41463
 233.74281   ]",[0. 0. 0. ... 0. 0. 0.],5,1,5,87
"[ 0.03761817 -0.03083815 -0.01937503 ...  0.05923988 -0.03499285
 -0.00287208]","[  0.3669611  -0.5674902  -0.6156367 ... 236.49136   210.2047
 236.54941  ]","[  0.6269231  -0.8769231  -0.5769231 ... 315.18076   288.01538
 299.28845  ]","[  0.7695451   -0.8809293   -0.64643127 ... 236.93939    214.7782
 222.32848   ]",[0. 0. 0. ... 0. 0. 0.],5,1,5,88
"[-0.01220625 -0.02849399 -0.02029005 ...  0.13083708  0.06496039
 -0.06054892]","[-2.2746781e-01 -5.1502144e-01 -6.3948500e-01 ...  3.2207724e+02
  3.0704721e+02  2.8435193e+02]","[-2.2746781e-01 -5.1502144e-01 -6.3948500e-01 ...  3.2207724e+02
  3.0704721e+02  2.8435193e+02]","[-2.1867409e-01 -5.1046759e-01 -5.8216876e-01 ...  2.6119818e+02
  2.4843126e+02  2.2137776e+02]",[0. 0. 0. ... 0. 0. 0.],5,1,5,89
"[ 0.19833599 -0.0259484  -0.02606289 ... -0.08101962 -0.04697873
  0.01367241]","[  2.7638888  -0.4097222  -0.4861111 ... 240.9375    247.70139
 257.70834  ]","[  2.7638888  -0.4097222  -0.4861111 ... 240.9375    247.70139
 257.70834  ]","[  2.8897438   -0.37806666  -0.38193557 ... 176.72296    183.18564
 192.0971    ]",[0. 0. 0. ... 0. 0. 0.],5,1,5,90
"[-0.00664002 -0.04323871 -0.01617266 ...  0.          0.17828311
  0.01551953]","[-1.2307692e-01 -6.0512823e-01 -4.0000001e-01 ...  3.2625128e+02
  3.7383591e+02  3.4431284e+02]","[-1.2307692e-01 -6.0512823e-01 -4.0000001e-01 ...  3.2625128e+02
  3.7383591e+02  3.4431284e+02]","[-1.1071391e-01 -7.2095013e-01 -3.1410959e-01 ...  2.4525749e+02
  2.9295209e+02  2.5836212e+02]",[0. 0. 0. ... 0. 0. 0.],5,1,5,91
"[-0.053245    0.09164529 -0.00569248 ...  0.05115381  0.11844609
 -0.03089219]","[-1.0573249e+00  1.5159236e+00 -8.9171976e-02 ...  2.6364969e+02
  2.7737579e+02  2.4642676e+02]","[-1.0573249e+00  1.5159236e+00 -8.9171976e-02 ...  2.6364969e+02
  2.7737579e+02  2.4642676e+02]","[-9.0287137e-01  1.5540221e+00 -9.6526898e-02 ...  2.1001021e+02
  2.2269177e+02  1.9319666e+02]",[0. 0. 0. ... 0. 0. 0.],5,1,5,92
"[-0.03487721 -0.02906961  0.03124436 ... -0.01207967  0.07445654
 -0.0336974 ]","[ -0.6533865   -0.55378485   0.4302789  ... 275.95218    291.6733
 270.5458    ]","[ -0.6533865   -0.55378485   0.4302789  ... 275.95218    291.6733
 270.5458    ]","[ -0.5586366   -0.46561489   0.43685874 ... 211.93864    231.38544
 208.21507   ]",[0. 0. 0. ... 0. 0. 0.],5,1,5,93
"[-0.04042989 -0.03416628 -0.00652004 ...  0.01179461  0.03221153
  0.16053982]","[ -0.6236559   -0.65591395  -0.49462366 ... 293.05017    289.1828
 323.9068    ]","[ -0.6236559   -0.65591395  -0.49462366 ... 293.05017    289.1828
 323.9068    ]","[ -0.6687828  -0.5651715  -0.4232678 ... 229.1994    233.95386
 263.9542   ]",[0.         0.         0.         ... 0.         0.02578016 0.        ],5,1,5,94
"[ 0.0885107  -0.03961807 -0.02616862 ...  0.09445515  0.05791554
 -0.06511429]","[  1.7511312   -0.78280544  -0.4524887  ... 303.44797    289.77374
 267.54752   ]","[  1.7511312   -0.78280544  -0.4524887  ... 303.44797    289.77374
 267.54752   ]","[  1.6498698   -0.7384945   -0.48779216 ... 244.20323    233.22966
 205.24533   ]",[0. 0. 0. ... 0. 0. 0.],5,1,5,95
"[ 0.00299379  0.00523512 -0.04368443 ...  0.1345298   0.15319686
  0.07468016]","[-2.4390243e-02  9.7560976e-03 -6.6341466e-01 ...  2.8514145e+02
  2.9317560e+02  2.7382440e+02]","[-2.4390243e-02  9.7560976e-03 -6.6341466e-01 ...  2.8514145e+02
  2.9317560e+02  2.7382440e+02]","[ 4.5427937e-02  7.9437919e-02 -6.6286916e-01 ...  2.4882864e+02
  2.5483302e+02  2.3727975e+02]",[0. 0. 0. ... 0. 0. 0.],5,1,5,96
"[-0.02771476  0.15902121 -0.03743211 ...  0.24759181 -0.16771656
 -0.09593446]","[ -0.55397445   2.7858927   -0.78949374 ... 318.054      231.54276
 248.44682   ]","[ -0.52597404   2.8961039   -0.77272725 ... 320.46103    234.38312
 250.8961    ]","[ -0.5123689   2.9398608  -0.6920158 ... 260.16003   173.48975
 188.23994  ]",[0. 0. 0. ... 0. 0. 0.],5,1,5,97
"[-0.01177516 -0.00302514 -0.00924227 ... -0.14543192 -0.23183343
  0.10295276]","[-2.6136363e-01 -2.6704547e-01 -4.7727272e-01 ...  2.5215909e+02
  2.3511932e+02  3.0565341e+02]","[-2.6136363e-01 -2.6704547e-01 -4.7727272e-01 ...  2.5215909e+02
  2.3511932e+02  3.0565341e+02]","[-2.4517263e-01 -1.7043325e-01 -3.6286822e-01 ...  1.8395390e+02
  1.6528595e+02  2.3768184e+02]",[0. 0. 0. ... 0. 0. 0.],5,1,5,98
"[ 0.13842174 -0.03704005  0.02721217 ... -0.07027316  0.05151105
  0.04468133]","[ 1.3942857e+00 -3.2571429e-01  1.9714285e-01 ...  2.4640572e+02
  2.6878857e+02  2.6561716e+02]","[ 1.3942857e+00 -3.2571429e-01  1.9714285e-01 ...  2.4640572e+02
  2.6878857e+02  2.6561716e+02]","[  1.5169277   -0.4059123    0.29821113 ... 187.59477    213.11145
 211.67484   ]",[0. 0. 0. ... 0. 0. 0.],5,1,5,99
"[-0.04367431  0.01258385 -0.03488889 ... -0.11094502 -0.00516213
 -0.01000857]","[-6.4705884e-01  9.0561382e-02 -5.7854378e-01 ...  2.1861958e+02
  2.4222829e+02  2.4577652e+02]","[-6.0000002e-01  1.2340426e-01 -5.3191489e-01 ...  2.3365958e+02
  2.5314468e+02  2.5353192e+02]","[-5.3332394e-01  1.5366621e-01 -4.8269764e-01 ...  1.7909277e+02
  1.9961876e+02  1.9750073e+02]",[0. 0. 0. ... 0. 0. 0.],5,1,5,100
"[-0.02352525  0.14016242 -0.01380751 ...  0.00182679  0.00141338
 -0.02712906]","[ -0.4349776    2.3318386   -0.30941704 ... 279.16592    279.98206
 270.8027    ]","[ -0.4349776    2.3318386   -0.30941704 ... 279.16592    279.98206
 270.8027    ]","[ -0.4061232    2.4196641   -0.23836309 ... 211.39018    211.69579
 205.10501   ]",[0. 0. 0. ... 0. 0. 0.],5,1,5,101
"[-0.01713608 -0.0429619  -0.01122805 ... -0.07202256 -0.13601835
  0.10951301]","[-3.7912089e-01 -8.0769229e-01 -2.6373628e-01 ...  2.4841209e+02
  2.3550000e+02  2.8321429e+02]","[-3.7912089e-01 -8.0769229e-01 -2.6373628e-01 ...  2.4841209e+02
  2.3550000e+02  2.8321429e+02]","[-2.5112292e-01 -6.2959057e-01 -1.6454291e-01 ...  1.6938237e+02
  1.5725856e+02  2.0375777e+02]",[0. 0. 0. ... 0. 0. 0.],5,1,5,102
"[ 0.09971286 -0.02128085 -0.02048969 ... -0.10067639  0.07915546
  0.        ]","[  1.2009345   -0.39252338  -0.3084112  ... 242.54672    274.22897
 258.1916    ]","[  1.2009345   -0.39252338  -0.3084112  ... 242.54672    274.22897
 258.1916    ]","[  1.3506787   -0.28826365  -0.2775468  ... 183.06421    218.6107
 202.7167    ]",[0. 0. 0. ... 0. 0. 0.],5,1,5,103
"[ 0.06296676 -0.0466848  -0.03876351 ... -0.0219157   0.0626111
 -0.06975262]","[  0.7745098   -0.74019605  -0.86764705 ... 250.9951     269.42648
 242.68628   ]","[  0.7745098   -0.74019605  -0.86764705 ... 250.9951     269.42648
 242.68628   ]","[  0.82138103  -0.6264955   -0.7915947  ... 199.2344     217.05405
 189.37898   ]",[0. 0. 0. ... 0. 0. 0.],5,1,5,104
"[-0.01621394 -0.02833066 -0.00754002 ... -0.01401003  0.
 -0.05847141]","[-2.4848485e-01 -4.1212121e-01 -2.2424242e-01 ...  2.7539999e+02
  2.7659393e+02  2.6155151e+02]","[-2.4848485e-01 -4.1212121e-01 -2.2424242e-01 ...  2.7539999e+02
  2.7659393e+02  2.6155151e+02]","[-3.2922342e-01 -5.7525283e-01 -1.5309983e-01 ...  2.2623517e+02
  2.2703236e+02  2.1255843e+02]",[0. 0. 0. ... 0. 0. 0.],5,1,5,105
"[-0.01444983 -0.04458678 -0.00317096 ... -0.07314463 -0.04855762
  0.08730569]","[-2.0851064e-01 -8.4680849e-01 -1.2765957e-01 ...  2.4665958e+02
  2.5636169e+02  2.8404254e+02]","[-2.0851064e-01 -8.4680849e-01 -1.2765957e-01 ...  2.4665958e+02
  2.5636169e+02  2.8404254e+02]","[-2.3903733e-01 -7.3758012e-01 -5.2455768e-02 ...  1.8055797e+02
  1.8581831e+02  2.1384656e+02]",[0. 0. 0. ... 0. 0. 0.],5,1,5,106
"[-0.01523242 -0.07041505 -0.01603549 ... -0.01062408 -0.00200996
  0.1534728 ]","[ -0.31383297  -1.3819029   -0.61960995 ... 135.90802    142.78574
 168.49185   ]","[ -0.32317072  -1.7073171   -0.6585366  ... 248.91463    252.25
 286.45123   ]","[ -0.2973686  -1.642416   -0.6104148 ... 222.97748   224.93283
 260.54636  ]",[0.         0.         0.         ... 0.         0.02233685 0.        ],5,1,5,107
"[-0.02289295  0.01439682 -0.03366573 ... -0.01694081 -0.10065389
 -0.01443332]","[-2.6006192e-01  9.5975235e-02 -4.2724457e-01 ...  2.6416098e+02
  2.4494737e+02  2.6032819e+02]","[-2.6006192e-01  9.5975235e-02 -4.2724457e-01 ...  2.6416098e+02
  2.4494737e+02  2.6032819e+02]","[-2.4513043e-01  1.5415655e-01 -3.6048195e-01 ...  1.9806342e+02
  1.8047406e+02  1.9528111e+02]",[0. 0. 0. ... 0. 0. 0.],5,1,5,108
"[-0.05615624 -0.0229427  -0.00852872 ...  0.18708484 -0.06756929
 -0.15939875]","[ -1.1287553   -0.5622318   -0.40772533 ... 340.17166    280.73392
 265.33478   ]","[ -1.1287553   -0.5622318   -0.40772533 ... 340.17166    280.73392
 265.33478   ]","[ -1.0473996  -0.5517485  -0.3127857 ... 280.8712    221.25876
 203.92612  ]",[0. 0. 0. ... 0. 0. 0.],5,1,5,109
"[-0.02482245 -0.01320559 -0.01521778 ...  0.0242505   0.09135804
 -0.033645  ]","[-6.0101008e-01 -1.8181819e-01 -4.4444445e-01 ...  2.8478284e+02
  2.9387878e+02  2.6623233e+02]","[-6.0101008e-01 -1.8181819e-01 -4.4444445e-01 ...  2.8478284e+02
  2.9387878e+02  2.6623233e+02]","[ -0.4669874   -0.26498184  -0.38314852 ... 211.31337    225.82607
 199.03062   ]",[0. 0. 0. ... 0. 0. 0.],5,1,5,110
"[-0.00169455  0.04006994 -0.02103142 ... -0.09042577 -0.03616586
  0.11912485]","[-1.05882354e-01  4.78431374e-01 -3.68627459e-01 ...  2.42960785e+02
  2.52054901e+02  2.83058838e+02]","[-1.05882354e-01  4.78431374e-01 -3.68627459e-01 ...  2.42960785e+02
  2.52054901e+02  2.83058838e+02]","[-2.3752041e-02  5.6164950e-01 -2.9479176e-01 ...  1.7910352e+02
  1.8992236e+02  2.2088876e+02]",[0.         0.         0.         ... 0.         0.01857692 0.        ],5,1,5,111
"[-0.03948017  0.11000066  0.2161155  ...  0.0083312  -0.13085744
 -0.06394045]","[ -0.62532735   1.819516     3.809653   ... 255.72351    220.83365
 237.32587   ]","[ -0.7009346   1.8317757   3.827103  ... 267.68692   230.16356
 249.3458   ]","[ -0.6758012   1.8829347   3.6993542 ... 221.10608   184.71907
 204.45662  ]",[0. 0. 0. ... 0. 0. 0.],5,1,5,112
"[ 0.04988756 -0.01553235 -0.01634683 ... -0.00836599  0.05949104
 -0.03496455]","[  0.6         -0.28275862  -0.3034483  ... 268.7483     281.1276
 260.4207    ]","[  0.6         -0.28275862  -0.3034483  ... 268.7483     281.1276
 260.4207    ]","[ 7.1974438e-01 -2.2409043e-01 -3.1220472e-01 ...  2.1832111e+02
  2.3160626e+02  2.1050325e+02]",[0. 0. 0. ... 0. 0. 0.],5,1,5,113
"[-0.04671356  0.09340344 -0.01259864 ... -0.02484656  0.07075329
 -0.03437603]","[-7.2083336e-01  1.0875000e+00 -2.5833333e-01 ...  2.5349583e+02
  2.7088751e+02  2.5190834e+02]","[-7.2083336e-01  1.0875000e+00 -2.5833333e-01 ...  2.5349583e+02
  2.7088751e+02  2.5190834e+02]","[-5.9832138e-01  1.1963395e+00 -1.6136721e-01 ...  1.7125146e+02
  1.8859509e+02  1.6952634e+02]",[0. 0. 0. ... 0. 0. 0.],5,1,5,114
"[-0.01302768 -0.00462099 -0.00257281 ... -0.08228276  0.03017943
 -0.09989189]","[ -0.44148937  -0.4574468   -0.40957448 ... 269.31915    307.23935
 266.53723   ]","[ -0.44148937  -0.4574468   -0.40957448 ... 269.31915    307.23935
 266.53723   ]","[ -0.27286696  -0.26905358  -0.2879078  ... 187.5909     221.57367
 183.84763   ]",[0. 0. 0. ... 0. 0. 0.],5,1,5,115
"[-0.0423888  -0.01359486 -0.01270642 ... -0.11820054 -0.06017162
 -0.03779001]","[ -0.7225131   -0.591623    -0.27748692 ... 247.80629    256.02618
 254.28796   ]","[ -0.7225131   -0.591623    -0.27748692 ... 247.80629    256.02618
 254.28796   ]","[ -0.7136878   -0.44494653  -0.42998812 ... 170.62567    181.61336
 175.55885   ]",[0. 0. 0. ... 0. 0. 0.],5,1,5,116
"[ 0.00391657  0.02948541  0.0217755  ... -0.1155766  -0.00439007
  0.02209325]","[-5.9907835e-02  5.1152074e-01  3.1336406e-01 ...  2.4469124e+02
  2.6586636e+02  2.7102304e+02]","[-5.9907835e-02  5.1152074e-01  3.1336406e-01 ...  2.4469124e+02
  2.6586636e+02  2.7102304e+02]","[5.7427153e-02 4.3233338e-01 3.1928590e-01 ... 1.8580382e+02 2.0888329e+02
 2.1438054e+02]",[0. 0. 0. ... 0. 0. 0.],5,1,5,117
"[-0.03738145 -0.01847379 -0.01461595 ... -0.0325615  -0.1803532
  0.06695259]",[ -1.01   -0.585  -0.495 ... 272.155 236.905 292.04 ],[ -1.01   -0.585  -0.495 ... 272.155 236.905 292.04 ],"[ -0.8711598   -0.55004144  -0.51123667 ... 206.25742    173.96448
 229.5286    ]",[0. 0. 0. ... 0. 0. 0.],5,1,5,118
"[-0.05496765 -0.03348402  0.01443149 ... -0.04335605 -0.01468098
 -0.00171949]","[-6.3374484e-01 -4.4444445e-01  1.3168724e-01 ...  2.3842798e+02
  2.4401234e+02  2.4476543e+02]","[-6.3374484e-01 -4.4444445e-01  1.3168724e-01 ...  2.3842798e+02
  2.4401234e+02  2.4476543e+02]","[-5.9137839e-01 -3.6024332e-01  1.5526356e-01 ...  1.8195155e+02
  1.8556897e+02  1.8811935e+02]",[0. 0. 0. ... 0. 0. 0.],5,1,5,119
"[-0.01632243  0.00902717 -0.01029811 ...  0.03980065  0.05621441
 -0.12062862]","[-4.2207792e-01  1.3636364e-01 -2.4025974e-01 ...  2.8301947e+02
  2.8615585e+02  2.4764935e+02]","[-4.2207792e-01  1.3636364e-01 -2.4025974e-01 ...  2.8301947e+02
  2.8615585e+02  2.4764935e+02]","[-3.0381337e-01  1.6802502e-01 -1.9168125e-01 ...  2.3558345e+02
  2.3910130e+02  2.0043262e+02]",[0. 0. 0. ... 0. 0. 0.],5,1,5,120
